disaster,population,mobile_count
Harvey,4708,0
Harvey,2849,0
Harvey,1999,0
Harvey,1773,0
Harvey,5286,0
Harvey,2593,0
Harvey,2280,4
Harvey,7409,104
Harvey,2667,80
Harvey,8442,117
Harvey,1448,28
Harvey,18134,0
Harvey,3258,0
Harvey,3549,0
Harvey,2431,0
Harvey,3978,0
Harvey,1532,207
Harvey,1666,54
Harvey,6387,63
Harvey,5257,108
Harvey,1669,150
Harvey,2948,100
Harvey,8130,124
Harvey,5203,130
Harvey,13015,256
Harvey,5826,167
Harvey,5071,106
Harvey,3579,59
Harvey,5882,117
Harvey,4104,240
Harvey,3448,562
Harvey,8977,296
Harvey,6070,110
Harvey,1510,92
Harvey,5569,216
Harvey,4380,149
Harvey,7375,52
Harvey,4997,87
Harvey,3371,81
Harvey,4221,54
Harvey,2954,127
Harvey,12600,250
Harvey,3955,84
Harvey,5122,109
Harvey,11484,202
Harvey,2459,42
Harvey,4341,0
Harvey,3010,139
Harvey,1481,42
Harvey,5451,208
Harvey,4343,172
Harvey,1657,180
Harvey,6875,79
Harvey,3342,79
Harvey,4041,65
Harvey,3048,101
Harvey,4387,70
Harvey,3037,80
Harvey,3423,92
Harvey,6061,85
Harvey,3834,105
Harvey,7729,115
Harvey,3868,109
Harvey,6885,145
Harvey,5148,110
Harvey,5505,156
Harvey,2783,108
Harvey,4844,105
Harvey,4465,111
Harvey,7276,103
Harvey,7316,181
Harvey,4596,43
Harvey,4725,95
Harvey,2410,74
Harvey,8836,212
Harvey,8069,129
Harvey,2313,81
Harvey,0,129
Harvey,5046,159
Harvey,5994,419
Harvey,8792,240
Harvey,6913,169
Harvey,6095,109
Harvey,2452,183
Harvey,3431,133
Harvey,6774,189
Harvey,7753,200
Harvey,13715,532
Harvey,13096,376
Harvey,6686,584
Harvey,7059,301
Harvey,11257,212
Harvey,9133,113
Harvey,4724,3
Harvey,7023,215
Harvey,4090,101
Harvey,80,31
Harvey,0,51
Harvey,0,13
Harvey,4679,81
Harvey,6176,124
Harvey,5183,152
Harvey,2908,124
Harvey,6771,286
Harvey,10880,187
Harvey,3782,211
Harvey,3293,231
Harvey,4175,91
Harvey,4988,59
Harvey,3728,59
Harvey,2504,204
Harvey,2789,55
Harvey,3627,475
Harvey,1261,33
Harvey,2084,48
Harvey,7024,76
Harvey,6041,60
Harvey,1860,60
Harvey,3722,67
Harvey,2496,90
Harvey,5391,76
Harvey,5854,81
Harvey,1160,43
Harvey,2879,61
Harvey,2747,97
Harvey,2817,56
Harvey,5825,222
Harvey,3407,51
Harvey,2395,21
Harvey,6134,88
Harvey,3845,58
Harvey,4311,86
Harvey,7879,107
Harvey,5623,131
Harvey,6787,126
Harvey,4591,158
Harvey,2368,135
Harvey,6409,123
Harvey,5323,70
Harvey,2727,96
Harvey,6957,186
Harvey,6899,190
Harvey,5653,152
Harvey,4891,194
Harvey,7043,126
Harvey,2590,27
Harvey,9469,238
Harvey,0,46
Harvey,2906,39
Harvey,7888,112
Harvey,4309,56
Harvey,5979,131
Harvey,14051,254
Harvey,5448,160
Harvey,11399,315
Harvey,6668,102
Harvey,14085,280
Harvey,6859,165
Harvey,16658,405
Harvey,5019,234
Harvey,12773,266
Harvey,4328,103
Harvey,0,0
Harvey,4888,300
Harvey,4225,52
Harvey,8159,42
Harvey,5325,81
Harvey,2358,203
Harvey,9417,85
Harvey,6089,223
Harvey,5157,24
Harvey,4614,11
Harvey,4857,0
Harvey,3051,2
Harvey,5597,0
Harvey,4577,0
Harvey,21039,0
Harvey,9406,0
Harvey,0,43
Harvey,0,0
Harvey,0,153
Harvey,3720,35
Harvey,4259,62
Harvey,7513,128
Harvey,4124,121
Harvey,6205,55
Harvey,5764,644
Harvey,4276,232
Harvey,3880,503
Harvey,13746,467
Harvey,12804,289
Harvey,6010,153
Harvey,6527,409
Harvey,4403,195
Harvey,1896,53
Harvey,7227,521
Harvey,12841,619
Harvey,12185,647
Harvey,11845,217
Harvey,4131,236
Harvey,6727,268
Harvey,3506,36
Harvey,5992,165
Harvey,805,37
Harvey,896,28
Harvey,8067,27
Harvey,4296,93
Harvey,3268,128
Harvey,2717,98
Harvey,3170,85
Harvey,4109,310
Harvey,2024,89
Harvey,4020,90
Harvey,2096,97
Harvey,690,45
Harvey,3204,50
Harvey,3812,75
Harvey,6693,127
Harvey,7230,105
Harvey,5561,378
Harvey,6842,91
Harvey,5025,56
Harvey,4542,91
Harvey,5083,63
Harvey,2748,78
Harvey,5010,208
Harvey,3692,169
Harvey,3861,96
Harvey,7033,284
Harvey,3624,70
Harvey,3070,100
Harvey,5733,79
Harvey,7098,39
Harvey,2810,56
Harvey,3187,72
Harvey,2124,25
Harvey,2328,60
Harvey,2920,66
Harvey,3903,16
Harvey,4826,128
Harvey,6300,171
Harvey,4123,182
Harvey,6633,104
Harvey,3320,51
Harvey,9711,172
Harvey,2027,30
Harvey,13016,210
Harvey,6290,192
Harvey,9045,235
Harvey,5395,193
Harvey,8197,136
Harvey,1608,121
Harvey,4027,57
Harvey,3565,43
Harvey,2508,105
Harvey,8278,208
Harvey,8650,279
Harvey,2216,60
Harvey,1871,42
Harvey,5953,145
Harvey,5179,86
Harvey,2912,114
Harvey,2385,64
Harvey,8861,120
Harvey,9123,77
Harvey,2838,110
Harvey,5442,63
Harvey,7811,156
Harvey,3778,6
Harvey,1526,100
Harvey,1458,64
Harvey,1036,38
Harvey,1885,46
Harvey,5718,87
Harvey,3316,72
Harvey,2762,64
Harvey,2611,97
Harvey,2341,104
Harvey,3716,52
Harvey,4143,231
Harvey,3031,161
Harvey,12148,336
Harvey,4133,122
Harvey,4210,205
Harvey,3690,274
Harvey,3898,170
Harvey,2336,182
Harvey,15808,394
Harvey,7720,427
Harvey,7193,406
Harvey,4205,141
Harvey,2922,21
Harvey,3009,205
Harvey,3507,99
Harvey,6023,158
Harvey,8252,363
Harvey,7706,83
Harvey,12108,248
Harvey,2648,180
Harvey,6682,161
Harvey,5006,171
Harvey,8496,200
Harvey,3124,64
Harvey,3907,63
Harvey,7018,115
Harvey,11782,259
Harvey,9689,164
Harvey,4666,171
Harvey,10456,224
Harvey,7548,141
Harvey,5433,290
Harvey,1688,98
Harvey,5306,205
Harvey,8554,120
Harvey,7595,85
Harvey,4684,94
Harvey,4824,142
Harvey,1252,29
Harvey,1851,121
Harvey,1491,43
Harvey,2545,71
Harvey,6142,50
Harvey,7326,51
Harvey,3707,136
Harvey,9104,561
Harvey,7213,44
Harvey,4323,129
Harvey,3492,80
Harvey,4512,205
Harvey,6015,197
Harvey,5463,122
Harvey,3552,116
Harvey,8122,65
Harvey,4710,38
Harvey,5514,71
Harvey,5239,157
Harvey,3310,98
Harvey,2705,150
Harvey,2354,180
Harvey,3872,76
Harvey,2226,39
Harvey,2679,117
Harvey,3287,135
Harvey,5850,157
Harvey,2223,68
Harvey,8338,231
Harvey,4177,184
Harvey,4556,139
Harvey,6573,288
Harvey,1785,23
Harvey,8632,473
Harvey,2083,79
Harvey,6425,307
Harvey,2556,205
Harvey,7187,269
Harvey,8370,146
Harvey,4131,385
Harvey,3622,84
Harvey,7676,72
Harvey,2495,45
Harvey,5569,99
Harvey,4426,202
Harvey,3723,84
Harvey,6058,155
Harvey,2550,209
Harvey,1888,17
Harvey,2594,129
Harvey,5801,206
Harvey,1740,60
Harvey,3909,198
Harvey,3766,171
Harvey,6728,207
Harvey,1903,71
Harvey,6818,155
Harvey,3000,86
Harvey,3064,67
Harvey,2763,53
Harvey,1314,34
Harvey,4249,42
Harvey,4519,38
Harvey,3473,82
Harvey,4626,106
Harvey,3767,61
Harvey,3169,275
Harvey,4622,151
Harvey,3648,91
Harvey,5695,66
Harvey,6337,285
Harvey,5381,139
Harvey,2746,192
Harvey,5224,105
Harvey,3896,98
Harvey,3381,156
Harvey,6329,261
Harvey,4252,146
Harvey,6309,151
Harvey,5774,215
Harvey,9593,237
Harvey,2629,73
Harvey,6322,124
Harvey,4804,75
Harvey,4744,41
Harvey,5660,113
Harvey,4727,115
Harvey,4571,70
Harvey,3580,38
Harvey,3033,109
Harvey,5931,139
Harvey,5517,196
Harvey,3675,39
Harvey,1963,68
Harvey,2600,67
Harvey,1242,13
Harvey,4472,119
Harvey,4750,75
Harvey,7305,136
Harvey,11071,74
Harvey,5054,136
Harvey,3062,130
Harvey,2226,76
Harvey,5325,138
Harvey,6406,181
Harvey,4476,123
Harvey,4454,75
Harvey,4243,70
Harvey,6281,169
Harvey,2897,176
Harvey,5076,102
Harvey,8262,131
Harvey,7249,173
Harvey,2770,93
Harvey,1989,21
Harvey,5398,83
Harvey,3377,55
Harvey,9917,79
Harvey,5991,96
Harvey,8398,82
Harvey,4091,73
Harvey,5151,52
Harvey,5062,80
Harvey,6011,228
Harvey,2763,24
Harvey,4107,73
Harvey,7450,29
Harvey,9370,164
Harvey,8908,368
Harvey,3854,232
Harvey,4032,146
Harvey,5138,127
Harvey,5407,89
Harvey,4570,57
Harvey,1455,54
Harvey,2466,57
Harvey,4432,120
Harvey,454,221
Harvey,2338,286
Harvey,1407,20
Harvey,3247,58
Harvey,2774,46
Harvey,7566,76
Harvey,3497,36
Harvey,6989,125
Harvey,5295,76
Harvey,5261,83
Harvey,7789,140
Harvey,3868,59
Harvey,3793,9
Harvey,6943,93
Harvey,3128,212
Harvey,2301,0
Harvey,5219,82
Harvey,7171,117
Harvey,2047,54
Harvey,3436,64
Harvey,1288,23
Harvey,2743,36
Harvey,2098,43
Harvey,3094,33
Harvey,5121,36
Harvey,4196,26
Harvey,3549,163
Harvey,4841,186
Harvey,4652,141
Harvey,5171,191
Harvey,7933,341
Harvey,6946,153
Harvey,6724,112
Harvey,2983,66
Harvey,9465,204
Harvey,5467,145
Harvey,6239,283
Harvey,11351,314
Harvey,4255,102
Harvey,2474,20
Harvey,7406,90
Harvey,6010,331
Harvey,6244,103
Harvey,7875,282
Harvey,7696,146
Harvey,2734,150
Harvey,3949,46
Harvey,9503,188
Harvey,5351,301
Harvey,6260,234
Harvey,2388,56
Harvey,4260,147
Harvey,4492,120
Harvey,5077,148
Harvey,1419,24
Harvey,1561,22
Harvey,1833,19
Harvey,2353,87
Harvey,3489,147
Harvey,5448,153
Harvey,4801,75
Harvey,1784,130
Harvey,2523,364
Harvey,5352,166
Harvey,6480,171
Harvey,3393,161
Harvey,8512,115
Harvey,6915,181
Harvey,7435,168
Harvey,9462,165
Harvey,3316,180
Harvey,3019,19
Harvey,7088,179
Harvey,4696,217
Harvey,3130,32
Harvey,2352,114
Harvey,3192,52
Harvey,1680,86
Harvey,987,25
Harvey,1241,101
Harvey,3359,85
Harvey,2328,123
Harvey,1023,31
Harvey,3874,84
Harvey,2607,43
Harvey,4835,833
Harvey,3077,260
Harvey,3268,200
Harvey,3461,130
Harvey,3428,73
Harvey,15,76
Harvey,2292,46
Harvey,5437,98
Harvey,9147,259
Harvey,4488,134
Harvey,3246,71
Harvey,7563,195
Harvey,3358,47
Harvey,5548,205
Harvey,6227,199
Harvey,5019,216
Harvey,4207,200
Harvey,3563,175
Harvey,5043,227
Harvey,7852,561
Harvey,10006,441
Harvey,4009,111
Harvey,4672,89
Harvey,4005,42
Harvey,8692,377
Harvey,3413,208
Harvey,6092,204
Harvey,7166,199
Harvey,9500,298
Harvey,3214,238
Harvey,7602,255
Harvey,7004,272
Harvey,8400,66
Harvey,5905,125
Harvey,7526,215
Harvey,21422,435
Harvey,10446,309
Harvey,9646,335
Harvey,4329,169
Harvey,20762,317
Harvey,10506,430
Harvey,8319,254
Harvey,8475,153
Harvey,6962,127
Harvey,5701,121
Harvey,2021,40
Harvey,3774,108
Harvey,5519,85
Harvey,6243,129
Harvey,5710,82
Harvey,8630,83
Harvey,6164,195
Harvey,6194,77
Harvey,3686,62
Harvey,5166,127
Harvey,7269,77
Harvey,3946,195
Harvey,5914,104
Harvey,4467,85
Harvey,2302,154
Harvey,8746,108
Harvey,2766,98
Harvey,5494,80
Harvey,2373,61
Harvey,9264,188
Harvey,5031,248
Harvey,8647,50
Harvey,7200,123
Harvey,2436,56
Harvey,2971,45
Harvey,8921,112
Harvey,4152,64
Harvey,4445,123
Harvey,4327,183
Harvey,2716,56
Harvey,8162,253
Harvey,4912,69
Harvey,4623,133
Harvey,3431,117
Harvey,2154,76
Harvey,7112,68
Harvey,4607,122
Harvey,4812,85
Harvey,908,94
Harvey,6659,128
Harvey,5474,225
Harvey,4396,191
Harvey,2724,53
Harvey,7126,189
Harvey,2967,105
Harvey,3663,13
Harvey,4317,134
Harvey,3231,246
Harvey,2734,176
Harvey,3278,132
Harvey,3597,159
Harvey,3426,131
Harvey,3895,141
Harvey,4354,167
Harvey,10395,83
Harvey,3866,235
Harvey,3435,90
Harvey,3608,103
Harvey,3821,148
Harvey,3084,182
Harvey,6392,74
Harvey,4818,173
Harvey,3311,110
Harvey,5112,206
Harvey,4521,180
Harvey,6725,184
Harvey,5450,19
Harvey,3969,54
Harvey,3825,60
Harvey,4521,35
Harvey,6886,92
Harvey,1741,63
Harvey,3686,71
Harvey,6395,41
Harvey,5917,76
Harvey,3332,43
Harvey,3749,72
Harvey,3068,23
Harvey,4013,0
Harvey,2726,52
Harvey,5681,81
Harvey,3960,84
Harvey,4449,38
Harvey,3979,94
Harvey,3675,100
Harvey,613,8
Harvey,4406,164
Harvey,4459,19
Harvey,1423,57
Harvey,5219,150
Harvey,1474,85
Harvey,4688,84
Harvey,1395,48
Harvey,2789,67
Harvey,2597,70
Harvey,1990,41
Harvey,2641,46
Harvey,4556,147
Harvey,5143,158
Harvey,7386,128
Harvey,5648,78
Harvey,3604,59
Harvey,3775,55
Harvey,2424,76
Harvey,3181,70
Harvey,1728,76
Harvey,4237,151
Harvey,4350,98
Harvey,7644,58
Harvey,2650,63
Harvey,5747,200
Harvey,3344,146
Harvey,5866,106
Harvey,7930,83
Harvey,2810,59
Harvey,3926,35
Harvey,4253,55
Harvey,5422,59
Harvey,3030,88
Harvey,3398,81
Harvey,4295,58
Harvey,2467,39
Harvey,12064,279
Harvey,4466,235
Harvey,5515,56
Harvey,9351,212
Harvey,2450,130
Harvey,11041,94
Harvey,4542,159
Harvey,2509,40
Harvey,1283,23
Harvey,2707,17
Harvey,4298,141
Harvey,1824,29
Harvey,2002,115
Harvey,4073,112
Harvey,4363,90
Harvey,4293,104
Harvey,3002,246
Harvey,7749,61
Harvey,7749,765
Harvey,1789,71
Harvey,1353,25
Harvey,4326,23
Harvey,3100,110
Harvey,2465,86
Harvey,3677,39
Harvey,1586,49
Harvey,2394,53
Harvey,3409,88
Harvey,5287,76
Harvey,4510,128
Harvey,3781,96
Harvey,5817,98
Harvey,7237,71
Harvey,3143,100
Harvey,7644,54
Harvey,4589,84
Harvey,6824,75
Harvey,3768,61
Harvey,2308,64
Harvey,8321,72
Harvey,11974,174
Harvey,6375,87
Harvey,9778,224
Harvey,2540,48
Harvey,7134,163
Harvey,2920,275
Harvey,3108,113
Harvey,4400,92
Harvey,4124,110
Harvey,2577,106
Harvey,4438,37
Harvey,5399,139
Harvey,6263,206
Harvey,4727,135
Harvey,4627,125
Harvey,8742,206
Harvey,7500,157
Harvey,4994,196
Harvey,7217,217
Harvey,6068,97
Harvey,2651,51
Harvey,8374,177
Harvey,9985,140
Harvey,5755,311
Harvey,4623,279
Harvey,1623,35
Harvey,3531,74
Harvey,8616,120
Harvey,7506,133
Harvey,3831,65
Harvey,6037,174
Harvey,5372,106
Harvey,5335,123
Harvey,4536,206
Harvey,2728,167
Harvey,3260,66
Harvey,5943,184
Harvey,7450,211
Harvey,10199,349
Harvey,2281,8
Harvey,5007,247
Harvey,2149,111
Harvey,2197,208
Harvey,8010,422
Harvey,7778,229
Harvey,1337,46
Harvey,4129,0
Harvey,4750,78
Harvey,4253,94
Harvey,5158,0
Harvey,3859,142
Harvey,6326,207
Harvey,5928,232
Harvey,6725,169
Harvey,5029,140
Harvey,873,143
Harvey,6710,156
Harvey,3611,190
Harvey,2392,31
Harvey,5132,24
Harvey,1935,35
Harvey,2499,46
Harvey,2935,44
Harvey,2902,49
Harvey,1360,11
Harvey,4163,104
Harvey,1860,23
Harvey,3659,93
Harvey,2094,183
Harvey,5105,148
Harvey,3937,105
Harvey,5777,121
Harvey,11993,272
Harvey,4628,10
Harvey,1940,144
Harvey,4066,34
Harvey,3839,165
Harvey,3199,111
Harvey,4906,149
Harvey,4345,107
Harvey,2240,47
Harvey,1930,122
Harvey,6850,77
Harvey,2055,115
Harvey,4576,182
Harvey,2447,185
Harvey,6536,215
Harvey,5474,198
Harvey,2583,160
Harvey,2492,65
Harvey,6553,189
Harvey,1410,63
Harvey,8484,306
Harvey,7565,156
Harvey,4615,325
Harvey,6966,484
Harvey,4275,485
Harvey,4451,193
Harvey,7619,142
Harvey,5645,149
Harvey,4203,277
Harvey,7314,360
Harvey,4183,327
Harvey,4750,267
Harvey,10962,179
Harvey,7280,234
Harvey,12817,116
Harvey,7929,261
Harvey,7564,311
Harvey,9393,265
Harvey,11883,633
Harvey,72041,1738
Harvey,17783,1159
Harvey,8960,401
Harvey,12026,175
Harvey,13281,482
Harvey,23361,507
Harvey,3737,429
Harvey,2110,74
Harvey,4984,84
Harvey,5060,157
Harvey,3428,2
Harvey,3051,76
Harvey,1926,70
Harvey,1772,27
Harvey,1034,63
Harvey,2419,211
Harvey,4236,40
Harvey,1339,92
Harvey,8109,251
Harvey,2583,72
Harvey,3324,155
Harvey,7126,220
Harvey,2549,150
Harvey,3586,80
Harvey,4419,89
Harvey,4945,152
Harvey,10980,225
Harvey,2941,51
Harvey,5857,156
Harvey,4390,98
Harvey,3364,96
Harvey,4557,114
Harvey,4606,140
Harvey,7250,197
Harvey,2203,83
Harvey,7466,128
Harvey,2459,140
Harvey,13628,214
Harvey,4157,140
Harvey,5401,272
Harvey,4476,263
Harvey,5597,178
Harvey,7057,395
Harvey,10209,282
Harvey,9431,138
Harvey,2338,76
Harvey,6478,96
Harvey,5790,233
Harvey,2334,79
Harvey,5631,157
Harvey,4943,147
Harvey,5244,314
Harvey,5384,58
Harvey,5090,215
Harvey,3022,92
Harvey,3721,151
Harvey,6686,348
Harvey,3500,142
Harvey,2115,158
Harvey,5199,140
Harvey,5065,83
Harvey,3408,133
Harvey,2611,82
Harvey,3380,36
Harvey,1231,61
Harvey,1448,35
Harvey,2085,6
Harvey,1608,41
Harvey,6898,187
Harvey,6377,145
Harvey,3704,147
Harvey,3621,152
Harvey,4886,114
Harvey,4031,17
Harvey,4393,39
Harvey,5955,280
Harvey,2825,45
Harvey,6774,231
Harvey,0,2
Harvey,4894,136
Harvey,5427,163
Harvey,2268,202
Harvey,8588,215
Harvey,6386,128
Harvey,8014,129
Harvey,5437,54
Harvey,3440,45
Harvey,5516,102
Harvey,5671,64
Harvey,3683,40
Harvey,7948,112
Harvey,4472,56
Harvey,5455,50
Harvey,6255,51
Harvey,4743,69
Harvey,3788,78
Harvey,6031,63
Harvey,5711,116
Harvey,3868,121
Harvey,4297,86
Harvey,4503,61
Harvey,4718,78
Harvey,1937,91
Harvey,3329,80
Harvey,3635,111
Harvey,3611,150
Harvey,4700,166
Harvey,4265,61
Harvey,4753,144
Harvey,5984,63
Harvey,4036,67
Harvey,4890,69
Harvey,6464,81
Harvey,3042,36
Harvey,6203,47
Harvey,5722,39
Harvey,4138,60
Harvey,5461,74
Harvey,3013,62
Harvey,2826,113
Harvey,7611,153
Harvey,3728,121
Harvey,4272,87
Harvey,7032,221
Harvey,5013,160
Harvey,9350,204
Harvey,4612,170
Harvey,7269,173
Harvey,7947,234
Harvey,3642,201
Harvey,2468,91
Harvey,4184,59
Harvey,5217,0
Harvey,5904,108
Harvey,2558,81
Harvey,8387,0
Harvey,4112,45
Harvey,5700,327
Harvey,4281,83
Harvey,3762,100
Harvey,5845,89
Harvey,3260,62
Harvey,6897,135
Harvey,2600,0
Harvey,8519,52
Harvey,6022,0
Harvey,7958,0
Harvey,9469,0
Harvey,9006,0
Harvey,5057,0
Harvey,3738,0
Harvey,8956,0
Harvey,5024,0
Harvey,5116,0
Harvey,1813,0
Harvey,4879,81
Harvey,4363,68
Harvey,7950,156
Harvey,9200,192
Harvey,5126,86
Harvey,4106,58
Harvey,4601,51
Harvey,6083,268
Harvey,11496,291
Harvey,11948,348
Harvey,9870,83
Harvey,4490,139
Harvey,3907,34
Harvey,3844,9
Harvey,6374,104
Harvey,7252,226
Harvey,7110,168
Harvey,11020,44
Harvey,6033,143
Harvey,3689,19
Harvey,7416,244
Harvey,3648,32
Harvey,7218,294
Harvey,7252,203
Harvey,3184,74
Harvey,5532,192
Harvey,4044,117
Harvey,4623,246
Harvey,7336,241
Harvey,4885,317
Harvey,3667,86
Harvey,5061,77
Harvey,3017,54
Harvey,4263,96
Harvey,2824,84
Harvey,6027,26
Harvey,3005,127
Harvey,1263,28
Harvey,3761,107
Harvey,5107,211
Harvey,237,8
Harvey,1804,11
Harvey,1901,64
Harvey,5187,122
Harvey,3749,239
Harvey,3254,69
Harvey,7526,93
Harvey,2648,92
Harvey,3045,163
Harvey,3505,221
Harvey,5734,157
Harvey,6069,163
Harvey,8567,39
Harvey,2792,274
Harvey,2546,181
Harvey,3730,73
Harvey,5777,46
Harvey,4759,250
Harvey,6266,176
Harvey,6002,25
Harvey,2402,238
Harvey,10887,164
Harvey,6233,367
Harvey,9270,272
Harvey,14935,209
Harvey,2716,187
Harvey,6911,167
Harvey,3527,131
Harvey,2512,49
Harvey,3521,46
Harvey,7822,105
Harvey,2484,53
Harvey,5556,237
Harvey,4716,48
Harvey,4657,102
Harvey,6677,55
Harvey,4938,107
Harvey,3973,88
Harvey,6674,73
Harvey,5566,40
Harvey,1642,35
Harvey,12106,65
Harvey,8310,79
Harvey,6190,541
Harvey,4853,209
Harvey,12139,178
Harvey,18252,187
Harvey,5144,362
Harvey,2362,523
Harvey,3315,24
Harvey,1534,35
Harvey,2241,83
Harvey,3487,175
Harvey,2546,63
Harvey,9899,166
Harvey,2982,40
Harvey,9458,141
Harvey,1661,72
Harvey,8318,320
Harvey,2768,102
Harvey,6056,176
Harvey,0,206
Harvey,0,16
Harvey,4860,217
Harvey,4378,49
Harvey,5167,20
Harvey,2374,180
Harvey,8636,238
Harvey,8184,51
Harvey,0,66
Harvey,6977,19
Harvey,3653,98
Harvey,5968,59
Harvey,2613,27
Harvey,3538,49
Harvey,3059,54
Harvey,3759,75
Harvey,3641,50
Harvey,7069,112
Harvey,6903,144
Harvey,6825,98
Harvey,4147,148
Harvey,2034,46
Harvey,2553,75
Harvey,1243,26
Harvey,774,67
Harvey,4061,123
Harvey,5919,206
Harvey,5843,39
Harvey,2213,141
Harvey,4397,88
Harvey,4022,196
Harvey,5937,256
Harvey,6681,140
Harvey,8720,213
Harvey,4955,146
Harvey,6157,153
Harvey,6837,180
Harvey,11388,447
Harvey,13587,313
Harvey,4064,72
Harvey,5011,93
Harvey,4799,156
Harvey,2301,129
Harvey,6226,175
Harvey,5218,92
Harvey,1188,97
Harvey,8110,110
Harvey,7309,196
Harvey,5397,53
Harvey,7512,56
Harvey,5777,214
Harvey,4101,45
Harvey,8236,144
Harvey,2122,68
Harvey,3514,56
Harvey,3736,54
Harvey,4715,48
Harvey,5294,74
Harvey,6816,95
Harvey,5415,100
Harvey,4933,45
Harvey,5955,200
Harvey,7546,106
Harvey,4755,51
Harvey,5355,73
Harvey,4334,79
Harvey,5804,80
Harvey,5423,39
Harvey,3347,91
Harvey,2548,32
Harvey,2433,72
Harvey,6049,73
Harvey,10485,213
Harvey,8020,236
Harvey,3668,59
Harvey,1939,40
Harvey,8023,118
Harvey,5390,88
Harvey,4978,111
Harvey,6259,24
Harvey,8129,23
Harvey,5340,120
Harvey,10116,135
Harvey,10829,176
Harvey,12629,181
Harvey,5254,106
Harvey,3868,150
Harvey,9965,143
Harvey,8596,126
Harvey,5365,109
Harvey,4797,140
Harvey,6147,96
Harvey,9031,74
Harvey,5605,149
Harvey,13840,99
Harvey,3513,39
Harvey,7309,16
Harvey,4742,123
Harvey,5961,38
Harvey,4775,174
Harvey,7206,327
Harvey,2279,39
Harvey,3546,99
Harvey,1999,118
Harvey,1957,45
Harvey,2556,56
Harvey,1886,66
Harvey,2634,54
Harvey,2404,15
Harvey,5898,104
Harvey,4033,54
Harvey,9101,130
Harvey,4938,87
Harvey,6518,108
Harvey,6154,261
Harvey,4245,83
Harvey,5212,80
Harvey,1142,19
Harvey,3319,82
Harvey,5072,41
Harvey,7800,290
Harvey,4652,69
Harvey,6133,98
Harvey,1760,32
Harvey,6065,88
Harvey,2171,40
Harvey,917,130
Harvey,3762,21
Harvey,4172,24
Harvey,3576,102
Harvey,4648,122
Harvey,5310,93
Harvey,1983,53
Harvey,5502,73
Harvey,3781,224
Harvey,1977,66
Harvey,4246,21
Harvey,2769,336
Harvey,5841,24
Harvey,4083,107
Harvey,3139,17
Harvey,4943,271
Harvey,7339,162
Harvey,7442,75
Harvey,3140,165
Harvey,5268,105
Harvey,8027,238
Harvey,4240,104
Harvey,3716,108
Harvey,551,4
Harvey,2887,71
Harvey,2898,36
Harvey,6875,113
Harvey,4556,200
Harvey,3475,63
Harvey,3324,122
Harvey,4559,92
Harvey,2172,62
Harvey,2174,82
Harvey,4751,35
Harvey,3550,32
Harvey,3991,46
Harvey,6773,102
Harvey,2286,103
Harvey,3933,72
Harvey,2585,74
Harvey,3794,119
Harvey,1884,82
Harvey,1336,94
Harvey,3509,57
Harvey,5863,189
Harvey,3428,84
Harvey,558,36
Harvey,3353,80
Harvey,2189,57
Harvey,8233,160
Harvey,4892,158
Harvey,4387,135
Harvey,2072,53
Harvey,6036,47
Harvey,1086,41
Harvey,2934,72
Harvey,3997,126
Harvey,1436,46
Harvey,2250,12
Harvey,2689,47
Harvey,5263,138
Harvey,2379,112
Harvey,3332,45
Harvey,4248,80
Harvey,1918,42
Harvey,6870,70
Harvey,3310,73
Harvey,3985,51
Harvey,3588,40
Harvey,5939,61
Harvey,5231,77
Harvey,7250,76
Harvey,9590,91
Harvey,5394,80
Harvey,3034,41
Harvey,9056,109
Harvey,4500,136
Harvey,3129,91
Harvey,2266,99
Harvey,5761,122
Harvey,6860,115
Harvey,3532,97
Harvey,11243,97
Harvey,6256,88
Harvey,1832,52
Harvey,6286,149
Harvey,6956,77
Harvey,2589,53
Harvey,4829,126
Harvey,2945,60
Harvey,3290,154
Harvey,6776,166
Harvey,4218,165
Harvey,2848,84
Harvey,1703,65
Harvey,4209,209
Harvey,3866,45
Harvey,2274,106
Harvey,4453,34
Harvey,5538,50
Harvey,4658,151
Harvey,5855,117
Harvey,5667,80
Harvey,5088,216
Harvey,6895,151
Harvey,2897,282
Harvey,5598,76
Harvey,2692,337
Harvey,12785,398
Harvey,4855,67
Harvey,5010,170
Harvey,2299,110
Harvey,2790,42
Harvey,5670,165
Harvey,0,3
Harvey,0,22
Harvey,1033,7
Harvey,0,88
Harvey,0,77
Harvey,7193,349
Harvey,5011,125
Harvey,2812,55
Harvey,1904,43
Harvey,7234,116
Harvey,4625,84
Harvey,4128,153
Harvey,2668,0
Harvey,4367,0
Harvey,4042,0
Harvey,2651,0
Harvey,4079,0
Harvey,2396,0
Harvey,2839,0
Harvey,3190,0
Harvey,3180,79
Harvey,2455,42
Harvey,2333,95
Harvey,4714,133
Harvey,2904,76
Harvey,2687,81
Harvey,1284,58
Harvey,2787,77
Harvey,4395,134
Harvey,1819,63
Harvey,5720,192
Harvey,6215,157
Harvey,2189,124
Harvey,2542,81
Harvey,5366,17
Harvey,2678,82
Harvey,2672,141
Harvey,6889,113
Harvey,6074,159
Harvey,6908,138
Harvey,5090,135
Harvey,4243,69
Harvey,6467,113
Harvey,4589,94
Harvey,7296,163
Harvey,5029,166
Harvey,6988,359
Harvey,4105,113
Harvey,2788,53
Harvey,5226,130
Harvey,4749,132
Harvey,2949,136
Harvey,5560,117
Harvey,4217,100
Harvey,12938,133
Harvey,12014,290
Harvey,9255,104
Harvey,4121,58
Harvey,4674,77
Harvey,5334,129
Harvey,2555,75
Harvey,7825,39
Harvey,4161,86
Harvey,4992,175
Harvey,4458,61
Harvey,7115,115
Harvey,5550,87
Harvey,5414,98
Harvey,3036,43
Harvey,2510,44
Harvey,2762,107
Harvey,3043,112
Harvey,5372,243
Harvey,2604,71
Harvey,3661,78
Harvey,10332,220
Harvey,5093,149
Harvey,4593,108
Harvey,5582,133
Harvey,4490,107
Harvey,4129,109
Harvey,5075,152
Harvey,4348,194
Harvey,5392,91
Harvey,7419,135
Harvey,5236,64
Harvey,8375,81
Harvey,8417,5
Harvey,5709,18
Harvey,3577,106
Harvey,8745,446
Harvey,3310,209
Harvey,7320,100
Harvey,2498,23
Harvey,9104,195
Harvey,6009,263
Harvey,2027,135
Harvey,5015,210
Harvey,7880,230
Harvey,3343,92
Harvey,5117,182
Harvey,4891,217
Harvey,5616,155
Harvey,6881,124
Harvey,1738,96
Harvey,5883,130
Harvey,3176,351
Harvey,5438,710
Harvey,5583,219
Harvey,3372,97
Harvey,2741,43
Harvey,2753,47
Harvey,5447,42
Harvey,4271,79
Harvey,3585,111
Harvey,5951,206
Harvey,4179,158
Harvey,3366,85
Harvey,3632,83
Harvey,7440,301
Harvey,3934,135
Harvey,5643,144
Harvey,5100,58
Harvey,4149,93
Harvey,3922,164
Harvey,3225,61
Harvey,3661,136
Harvey,9370,116
Harvey,11289,274
Harvey,7860,116
Harvey,6485,98
Harvey,8620,86
Harvey,8077,48
Harvey,4216,89
Harvey,6037,139
Harvey,4542,159
Harvey,3741,48
Harvey,3913,75
Harvey,3575,47
Harvey,7897,93
Harvey,2856,78
Harvey,3515,79
Harvey,1965,51
Harvey,2813,39
Harvey,4361,42
Harvey,8612,193
Harvey,4522,57
Harvey,4323,152
Harvey,7851,79
Harvey,4560,61
Harvey,3476,118
Harvey,6209,166
Harvey,4642,115
Harvey,5289,75
Harvey,2783,74
Harvey,2500,99
Harvey,1923,171
Harvey,2640,71
Harvey,1830,176
Harvey,4640,93
Harvey,2676,137
Harvey,4699,110
Harvey,6163,174
Harvey,7623,248
Harvey,4299,134
Harvey,6359,108
Harvey,7473,214
Harvey,4885,293
Harvey,5016,177
Harvey,5046,299
Harvey,2969,86
Harvey,6267,453
Harvey,3829,164
Harvey,2964,356
Harvey,5781,308
Harvey,5281,263
Harvey,4778,199
Harvey,3729,91
Harvey,6684,107
Harvey,5081,235
Harvey,2403,76
Harvey,3519,127
Harvey,3688,40
Harvey,3143,171
Harvey,4965,117
Harvey,2765,54
Harvey,3188,44
Harvey,6140,211
Harvey,2873,86
Harvey,9506,304
Harvey,4417,115
Harvey,5337,44
Harvey,6763,91
Harvey,11948,106
Harvey,5486,164
Harvey,9469,215
Harvey,7809,281
Harvey,3997,41
Harvey,2164,59
Harvey,5007,139
Harvey,3160,250
Harvey,2811,260
Harvey,0,43
Harvey,0,57
Harvey,3029,111
Harvey,6767,40
Harvey,1874,57
Harvey,3620,141
Harvey,4068,359
Harvey,4876,114
Harvey,996,18
Harvey,3746,60
Harvey,0,27
Harvey,2411,97
Harvey,2363,38
Harvey,3876,75
Harvey,6966,65
Harvey,1951,188
Harvey,1177,85
Harvey,1158,42
Harvey,2572,65
Harvey,6212,248
Harvey,11243,155
Harvey,2897,57
Harvey,2887,27
Harvey,8754,255
Harvey,9390,199
Harvey,4960,68
Harvey,4719,40
Harvey,4412,45
Harvey,4934,102
Harvey,3820,90
Harvey,5018,73
Harvey,3183,161
Harvey,5463,31
Harvey,1087,58
Harvey,8737,107
Harvey,6540,61
Harvey,4231,63
Harvey,6762,160
Harvey,1946,62
Harvey,4691,94
Harvey,5949,161
Harvey,3746,83
Harvey,7675,174
Harvey,3642,177
Harvey,2963,158
Harvey,5161,284
Harvey,1750,117
Harvey,7077,176
Harvey,3455,308
Harvey,2817,139
Harvey,5238,247
Harvey,13098,194
Harvey,7454,402
Harvey,6339,388
Harvey,7379,21
Harvey,4966,47
Harvey,12065,207
Harvey,3967,113
Harvey,3113,70
Harvey,6011,623
Harvey,7898,86
Harvey,8759,300
Harvey,6383,155
Harvey,5175,165
Harvey,8107,83
Harvey,5121,68
Harvey,8434,197
Harvey,6731,343
Harvey,3640,41
Harvey,3608,81
Harvey,6053,102
Harvey,4001,56
Harvey,2239,20
Harvey,2765,8
Harvey,2428,5
Harvey,2764,21
Harvey,3817,45
Harvey,3625,94
Harvey,1764,28
Harvey,1495,33
Harvey,3373,28
Harvey,2744,67
Harvey,2513,21
Harvey,2885,21
Harvey,3439,42
Harvey,3474,12
Harvey,3903,53
Harvey,6856,33
Harvey,4276,45
Harvey,2241,42
Harvey,2409,97
Harvey,2822,5
Harvey,7990,88
Harvey,6862,170
Harvey,6403,195
Harvey,5902,153
Harvey,5015,87
Harvey,5936,104
Harvey,6289,175
Harvey,1403,62
Harvey,5889,121
Harvey,3222,7
Harvey,5167,0
Harvey,2086,0
Harvey,1758,0
Harvey,4216,0
Harvey,3929,27
Harvey,4164,0
Harvey,3016,0
Harvey,2364,57
Harvey,6300,154
Harvey,6510,157
Harvey,2885,60
Harvey,2796,163
Harvey,3381,89
Harvey,4541,0
Harvey,1496,122
Harvey,3543,47
Harvey,1403,117
Harvey,5090,101
Harvey,4891,151
Harvey,4827,355
Harvey,7645,135
Harvey,10990,106
Harvey,6280,393
Harvey,10367,229
Harvey,7276,389
Harvey,7096,216
Harvey,7048,243
Harvey,2626,39
Harvey,4349,37
Harvey,7695,94
Harvey,8695,228
Harvey,4149,26
Harvey,3726,101
Harvey,6367,64
Harvey,3932,90
Harvey,2853,98
Harvey,5333,79
Harvey,5239,85
Harvey,2701,69
Harvey,1489,98
Harvey,4422,70
Harvey,2646,43
Harvey,8011,51
Harvey,1229,44
Harvey,3298,89
Harvey,2785,75
Harvey,5595,63
Harvey,6892,107
Harvey,5890,100
Harvey,4173,222
Harvey,6930,231
Harvey,3468,138
Harvey,3974,87
Harvey,6004,20
Harvey,2711,27
Harvey,2698,108
Harvey,3802,92
Harvey,4779,344
Harvey,2026,41
Harvey,4612,110
Harvey,2915,216
Harvey,3091,90
Harvey,4427,50
Harvey,9529,219
Harvey,3621,61
Harvey,4219,114
Harvey,7259,228
Harvey,4058,75
Harvey,4980,47
Harvey,6766,138
Harvey,4755,120
Harvey,4619,92
Harvey,7071,99
Harvey,5739,110
Harvey,3272,188
Harvey,6195,9
Harvey,2047,70
Harvey,4301,207
Harvey,5295,126
Harvey,4764,104
Harvey,1773,55
Harvey,3401,64
Harvey,1757,35
Harvey,7114,227
Harvey,8485,548
Harvey,6103,259
Harvey,3387,142
Harvey,6022,113
Harvey,5546,111
Harvey,2715,26
Harvey,2825,87
Harvey,6595,87
Harvey,11882,321
Harvey,5185,51
Harvey,2732,72
Harvey,1845,64
Harvey,3409,127
Harvey,2624,196
Harvey,4867,79
Harvey,1185,21
Harvey,5139,88
Harvey,4295,64
Harvey,7401,99
Harvey,2874,93
Harvey,5508,102
Harvey,5808,63
Harvey,5017,101
Harvey,9781,171
Harvey,4063,72
Harvey,8973,97
Harvey,7617,91
Harvey,4773,89
Harvey,6018,91
Harvey,6586,273
Harvey,6949,282
Harvey,3319,68
Harvey,3316,162
Harvey,1973,68
Harvey,4189,94
Harvey,2122,55
Harvey,1362,27
Harvey,1620,78
Harvey,5472,64
Harvey,4932,190
Harvey,3625,213
Harvey,4161,162
Harvey,4925,82
Harvey,8288,157
Harvey,4680,93
Harvey,7963,206
Harvey,10161,227
Harvey,8374,283
Harvey,9130,367
Harvey,6408,272
Harvey,5147,167
Harvey,3070,101
Harvey,3445,91
Harvey,3589,142
Harvey,8033,263
Harvey,7151,198
Harvey,3413,128
Harvey,6146,208
Harvey,6777,224
Harvey,5748,206
Harvey,8534,179
Harvey,6403,175
Harvey,5409,117
Harvey,4113,90
Harvey,4690,128
Harvey,5499,208
Harvey,14009,254
Harvey,6994,443
Harvey,8852,553
Harvey,4065,56
Harvey,3880,139
Harvey,7934,188
Harvey,4460,187
Harvey,6007,164
Harvey,4858,191
Harvey,3590,47
Harvey,3160,121
Harvey,3881,51
Harvey,6400,168
Harvey,7100,161
Harvey,4645,141
Harvey,4926,100
Harvey,6522,91
Harvey,3267,126
Harvey,2963,91
Harvey,4202,35
Harvey,5333,48
Harvey,5873,158
Harvey,7598,258
Harvey,4573,198
Harvey,1085,196
Harvey,2316,78
Harvey,4937,169
Harvey,2887,50
Harvey,12559,227
Harvey,2264,52
Harvey,4445,76
Harvey,2526,75
Harvey,7066,227
Harvey,4986,213
Harvey,3435,170
Harvey,1535,87
Harvey,4868,181
Harvey,11213,283
Harvey,6764,317
Harvey,3563,141
Harvey,7387,238
Harvey,4465,248
Harvey,11529,313
Harvey,19122,302
Harvey,8832,204
Harvey,11304,310
Harvey,3556,73
Harvey,3929,104
Harvey,5541,190
Harvey,8553,163
Harvey,1898,78
Harvey,3336,131
Harvey,4562,84
Harvey,5921,93
Harvey,6655,245
Harvey,9916,186
Harvey,4108,154
Harvey,5644,204
Harvey,6807,239
Harvey,4711,242
Harvey,7045,272
Harvey,5148,154
Harvey,4888,59
Harvey,2885,36
Harvey,5908,39
Harvey,4305,95
Harvey,3630,105
Harvey,1477,79
Harvey,2540,95
Harvey,4061,64
Harvey,6528,150
Harvey,2710,60
Harvey,2941,27
Harvey,2635,29
Harvey,4857,6
Harvey,5767,300
Harvey,1415,32
Harvey,5057,43
Harvey,3296,70
Harvey,4910,102
Harvey,2471,22
Harvey,3547,20
Harvey,3807,63
Harvey,15741,250
Harvey,12663,83
Harvey,15813,92
Harvey,8777,64
Harvey,6808,142
Harvey,9680,170
Harvey,11739,164
Harvey,1972,97
Harvey,5450,280
Harvey,5399,62
Harvey,9195,98
Harvey,13362,91
Harvey,4216,39
Harvey,11769,248
Harvey,8654,164
Harvey,8161,199
Harvey,2088,124
Harvey,7734,146
Harvey,6389,112
Harvey,3679,52
Harvey,4132,74
Harvey,2194,42
Harvey,6335,176
Harvey,7383,187
Harvey,4166,111
Harvey,1320,15
Harvey,2211,56
Harvey,4437,44
Harvey,6419,45
Harvey,4214,39
Harvey,6461,80
Harvey,10019,220
Harvey,623,138
Harvey,5184,113
Harvey,2971,62
Harvey,7408,365
Harvey,3052,94
Harvey,5749,58
Harvey,4672,62
Harvey,4671,149
Harvey,6006,71
Harvey,6449,85
Harvey,1754,126
Harvey,4111,70
Harvey,3042,88
Harvey,1650,77
Harvey,6482,153
Harvey,2182,56
Harvey,3809,38
Harvey,6743,167
Harvey,2112,88
Harvey,7334,79
Harvey,4608,3
Harvey,7010,78
Harvey,11274,97
Harvey,1943,56
Harvey,2298,74
Harvey,2830,97
Harvey,6051,162
Harvey,4013,135
Harvey,5249,127
Harvey,6813,44
Harvey,4461,146
Harvey,8485,151
Harvey,5244,263
Harvey,8150,195
Harvey,7088,66
Harvey,5533,132
Harvey,4796,89
Harvey,4268,109
Harvey,2452,85
Harvey,3384,49
Harvey,5572,114
Harvey,5100,126
Harvey,7500,84
Harvey,6055,89
Harvey,3355,59
Harvey,4605,129
Harvey,4358,95
Harvey,5194,62
Harvey,6774,106
Harvey,5004,103
Harvey,6509,144
Harvey,1833,44
Harvey,2048,81
Harvey,3207,107
Harvey,8931,210
Harvey,4088,92
Harvey,3491,143
Harvey,6522,481
Harvey,5645,335
Harvey,11141,214
Harvey,8745,238
Harvey,5809,435
Harvey,13777,259
Harvey,4416,233
Harvey,4716,163
Harvey,4156,299
Harvey,13653,188
Harvey,13671,240
Harvey,5711,150
Harvey,6492,266
Harvey,3924,115
Harvey,2274,76
Harvey,2366,205
Harvey,11179,312
Harvey,7064,0
Harvey,2081,0
Harvey,4521,0
Harvey,4802,93
Harvey,4491,132
Harvey,1457,55
Harvey,3076,250
Harvey,7417,135
Harvey,2840,65
Harvey,2268,57
Harvey,8154,30
Harvey,6908,107
Harvey,8529,346
Harvey,6699,271
Harvey,4334,184
Harvey,12482,86
Harvey,8864,29
Harvey,2342,126
Harvey,3322,71
Harvey,6467,117
Harvey,2648,97
Harvey,5322,56
Harvey,2792,33
Harvey,2210,65
Harvey,4635,205
Harvey,4652,49
Harvey,5393,97
Harvey,2334,86
Harvey,4830,94
Harvey,3962,76
Harvey,3766,186
Harvey,1930,45
Harvey,3831,89
Harvey,2803,51
Harvey,6356,45
Harvey,2071,48
Harvey,4047,90
Harvey,2138,44
Harvey,2575,48
Harvey,4089,37
Harvey,4507,46
Harvey,5497,82
Harvey,5006,98
Harvey,4547,62
Harvey,5232,92
Harvey,5408,171
Harvey,8282,267
Harvey,2091,59
Harvey,6491,134
Harvey,5064,94
Harvey,3968,99
Harvey,3894,110
Harvey,6846,238
Harvey,2250,66
Harvey,4272,83
Harvey,2526,55
Harvey,7953,281
Harvey,6545,158
Harvey,8012,164
Harvey,11230,266
Harvey,7174,119
Harvey,3259,128
Harvey,2086,69
Harvey,9645,128
Harvey,5435,90
Harvey,0,83
Harvey,7275,72
Harvey,1585,187
Harvey,3199,61
Harvey,5590,5
Harvey,4181,67
Harvey,3254,56
Harvey,3723,10
Harvey,4520,51
Harvey,5454,5
Harvey,5274,142
Harvey,5251,11
Harvey,3824,135
Harvey,4024,82
Harvey,3953,102
Harvey,2758,34
Harvey,5407,220
Harvey,8779,415
Harvey,3366,10
Harvey,4481,86
Harvey,3435,53
Harvey,6871,77
Harvey,2902,133
Harvey,2662,111
Harvey,3875,85
Harvey,6549,49
Harvey,7609,221
Harvey,9193,65
Harvey,5813,403
Harvey,2681,94
Harvey,793,37
Harvey,9771,142
Harvey,1211,27
Harvey,7875,38
Harvey,7106,172
Harvey,5279,113
Harvey,10234,139
Harvey,17384,333
Harvey,8048,237
Harvey,4610,115
Harvey,8902,66
Harvey,3758,4
Harvey,4429,136
Harvey,2337,11
Harvey,3019,47
Harvey,2335,48
Harvey,5515,110
Harvey,3206,43
Harvey,3834,52
Harvey,3700,42
Harvey,3943,13
Harvey,3129,116
Harvey,7879,114
Harvey,5167,133
Harvey,3456,157
Harvey,2510,62
Harvey,3518,108
Harvey,2775,46
Harvey,3356,35
Harvey,15351,263
Harvey,9590,268
Harvey,9038,311
Harvey,5223,93
Harvey,4647,111
Harvey,6143,170
Harvey,3031,119
Harvey,0,153
Harvey,4082,304
Harvey,5507,94
Harvey,8810,75
Harvey,5785,137
Harvey,1625,50
Harvey,3539,118
Harvey,6061,195
Harvey,2789,70
Harvey,7232,246
Harvey,1668,92
Harvey,6550,460
Harvey,7100,199
Harvey,6032,147
Harvey,5486,134
Harvey,7148,193
Harvey,6536,128
Harvey,6427,119
Harvey,3375,100
Harvey,2781,92
Harvey,5997,97
Harvey,6726,103
Harvey,4290,129
Harvey,3952,107
Harvey,5973,107
Harvey,5236,113
Harvey,4488,99
Harvey,3953,550
Harvey,7508,86
Harvey,4711,108
Harvey,9103,310
Harvey,19493,419
Harvey,5222,97
Harvey,6953,181
Harvey,7820,81
Harvey,4819,49
Harvey,7755,87
Harvey,6850,378
Harvey,6196,97
Harvey,3351,86
Harvey,4456,121
Harvey,6963,60
Harvey,3851,98
Harvey,2881,71
Harvey,4812,181
Harvey,5060,117
Harvey,4732,320
Harvey,3175,93
Harvey,11099,400
Harvey,12443,627
Harvey,4391,136
Harvey,7246,186
Harvey,9188,152
Harvey,10163,248
Harvey,8710,163
Harvey,7112,528
Harvey,9509,295
Harvey,3555,75
Harvey,4603,129
Harvey,8180,45
Harvey,5152,171
Harvey,2219,52
Harvey,5151,123
Harvey,7654,284
Harvey,7706,264
Harvey,6797,281
Harvey,2198,65
Harvey,7604,202
Harvey,2939,49
Harvey,2323,27
Harvey,3454,143
Harvey,1829,49
Harvey,4496,108
Harvey,647,28
Harvey,5887,188
Harvey,3821,58
Harvey,3745,106
Harvey,2071,100
Harvey,2254,56
Harvey,2016,78
Harvey,5347,240
Harvey,6125,102
Harvey,6204,240
Harvey,8617,326
Harvey,10753,294
Harvey,3207,58
Harvey,3777,250
Harvey,6385,159
Harvey,3010,131
Harvey,3953,113
Harvey,3080,42
Harvey,13312,246
Harvey,7314,218
Harvey,6293,202
Harvey,4349,323
Harvey,6290,258
Harvey,8183,174
Harvey,4942,119
Harvey,6849,146
Harvey,5127,213
Harvey,9203,226
Harvey,3622,99
Harvey,6415,259
Harvey,3514,84
Harvey,2972,57
Harvey,4677,61
Harvey,6590,76
Harvey,6410,226
Harvey,6006,46
Harvey,3952,82
Harvey,2555,26
Harvey,6185,156
Harvey,4889,203
Harvey,2305,19
Harvey,7465,236
Harvey,3377,14
Harvey,8496,196
Harvey,5725,183
Harvey,4673,156
Harvey,3132,25
Harvey,6078,149
Harvey,6724,212
Harvey,5508,255
Harvey,2884,49
Harvey,5153,62
Harvey,5109,180
Harvey,5427,102
Harvey,5528,89
Harvey,6610,247
Harvey,5992,88
Harvey,5149,195
Harvey,6599,68
Harvey,2586,41
Harvey,6837,135
Harvey,2975,125
Harvey,2881,66
Harvey,3911,81
Harvey,5124,97
Harvey,3595,74
Harvey,7360,100
Harvey,7160,63
Harvey,4648,62
Harvey,4868,84
Harvey,5327,196
Harvey,6416,266
Harvey,6553,202
Harvey,4845,73
Harvey,3327,78
Harvey,2263,70
Harvey,6090,153
Harvey,5911,134
Harvey,4362,85
Harvey,6766,85
Harvey,6452,202
Harvey,3993,147
Harvey,4922,85
Harvey,3921,168
Harvey,5569,163
Harvey,3469,95
Harvey,6709,160
Harvey,4943,93
Harvey,5758,91
Harvey,3796,210
Harvey,6095,213
Harvey,7782,325
Harvey,5054,197
Harvey,5245,51
Harvey,7096,292
Harvey,11313,139
Harvey,2950,177
Harvey,4370,72
Harvey,2968,61
Harvey,2381,224
Harvey,2625,66
Harvey,5471,87
Harvey,2939,52
Harvey,6129,123
Harvey,6455,70
Harvey,5394,80
Harvey,4591,76
Harvey,5057,67
Harvey,7789,204
Harvey,4563,104
Harvey,5657,146
Harvey,8497,240
Harvey,3360,50
Harvey,2636,90
Harvey,5246,125
Harvey,5206,107
Harvey,4234,84
Harvey,4298,136
Harvey,1700,59
Harvey,2741,158
Harvey,1272,10
Harvey,3854,157
Harvey,4155,66
Harvey,4650,48
Harvey,2412,104
Harvey,2794,67
Harvey,3020,72
Harvey,2921,111
Harvey,4875,128
Harvey,7226,70
Harvey,3384,109
Harvey,7322,97
Harvey,749,72
Harvey,9961,19
Harvey,5157,122
Harvey,4937,138
Harvey,1403,17
Harvey,4371,155
Harvey,6264,131
Harvey,8290,43
Harvey,2506,179
Harvey,3056,233
Harvey,4006,143
Harvey,4404,206
Harvey,6383,173
Harvey,4244,162
Harvey,5878,27
Harvey,6704,81
Harvey,5367,57
Harvey,3119,304
Harvey,5249,105
Harvey,7030,212
Harvey,7575,69
Harvey,2149,127
Harvey,11429,366
Harvey,4283,208
Harvey,2344,83
Harvey,2340,131
Harvey,5624,192
Harvey,2581,241
Harvey,2432,172
Harvey,7720,128
Harvey,5038,591
Harvey,5110,100
Harvey,6196,209
Harvey,7845,61
Harvey,15144,91
Harvey,3602,24
Harvey,5037,271
Harvey,9163,164
Harvey,5691,287
Harvey,2944,36
Harvey,4960,230
Harvey,3631,148
Harvey,6205,2
Harvey,6980,121
Harvey,7535,222
Harvey,5892,159
Harvey,4480,148
Harvey,7595,231
Harvey,6934,124
Harvey,6969,98
Harvey,3223,62
Harvey,2189,7
Harvey,2273,42
Harvey,2085,47
Harvey,1628,29
Harvey,2123,45
Harvey,2826,56
Harvey,3066,148
Harvey,5669,45
Harvey,6356,163
Harvey,6654,256
Harvey,11802,216
Harvey,4924,114
Harvey,3353,90
Harvey,2241,35
Harvey,2132,122
Harvey,4809,145
Harvey,3514,178
Harvey,904,74
Harvey,14555,49
Harvey,3852,507
Harvey,5173,120
Harvey,12618,271
Harvey,7688,278
Harvey,7258,143
Harvey,2547,99
Harvey,2210,152
Harvey,2491,140
Harvey,4649,155
Harvey,4795,188
Harvey,6967,181
Harvey,2149,46
Harvey,3796,66
Harvey,3675,66
Harvey,4762,103
Harvey,9279,0
Harvey,4495,0
Harvey,4697,0
Harvey,4079,0
Harvey,2993,37
Harvey,3917,16
Harvey,3963,56
Harvey,3758,57
Harvey,4363,0
Harvey,3914,94
Harvey,6981,75
Harvey,4259,70
Harvey,1595,4
Harvey,5313,163
Harvey,2715,99
Harvey,2616,100
Harvey,4634,5
Harvey,8785,155
Harvey,10491,7
Harvey,7209,360
Harvey,9228,111
Harvey,1560,61
Harvey,8046,72
Harvey,5777,361
Harvey,4223,95
Harvey,5380,201
Harvey,8634,126
Harvey,2304,80
Harvey,10991,301
Harvey,4905,188
Harvey,2119,43
Harvey,1843,43
Harvey,7077,274
Harvey,7054,169
Harvey,8501,235
Harvey,2620,101
Harvey,4922,32
Harvey,4030,168
Harvey,3998,34
Harvey,7291,136
Harvey,6765,94
Harvey,11307,139
Harvey,5123,94
Harvey,8052,111
Harvey,9579,67
Harvey,7766,135
Harvey,5866,132
Harvey,2008,66
Harvey,6418,191
Harvey,10051,162
Harvey,4323,114
Harvey,3953,73
Harvey,4523,81
Harvey,2329,72
Harvey,4599,101
Harvey,2085,51
Harvey,7924,108
Harvey,6357,110
Harvey,2217,28
Harvey,5199,89
Harvey,6977,101
Harvey,2025,74
Harvey,11658,226
Harvey,9005,30
Harvey,6662,193
Harvey,6245,139
Harvey,6078,205
Harvey,6460,204
Harvey,4626,120
Harvey,2004,44
Harvey,5325,96
Harvey,8118,85
Harvey,3950,90
Harvey,6094,154
Harvey,3453,76
Harvey,2842,70
Harvey,4751,256
Harvey,2212,26
Harvey,3183,66
Harvey,7092,196
Harvey,4277,162
Harvey,1308,41
Harvey,3127,109
Harvey,4910,191
Harvey,2630,96
Harvey,1796,51
Harvey,2605,237
Harvey,4597,121
Harvey,8815,193
Harvey,9993,198
Harvey,11251,13
Harvey,2467,67
Harvey,1653,42
Harvey,2073,32
Harvey,4009,126
Harvey,7458,210
Harvey,2116,83
Harvey,4327,132
Harvey,5010,74
Harvey,3000,46
Harvey,3091,82
Harvey,16474,144
Harvey,5609,71
Harvey,15920,229
Harvey,26770,220
Harvey,4210,147
Harvey,7773,279
Harvey,11366,177
Harvey,8050,202
Harvey,9636,209
Harvey,9033,174
Harvey,6620,308
Harvey,4060,77
Harvey,3138,48
Harvey,9796,518
Harvey,4453,114
Harvey,6604,113
Harvey,6935,71
Harvey,1261,73
Harvey,3644,196
Harvey,4977,146
Harvey,4073,98
Harvey,5372,83
Harvey,5797,145
Harvey,7961,201
Harvey,2762,118
Harvey,13005,555
Harvey,15574,650
Harvey,49119,798
Harvey,5290,100
Harvey,3246,189
Harvey,1226,279
Harvey,8903,182
Harvey,2337,27
Harvey,0,21
Harvey,3240,83
Harvey,5323,66
Harvey,8865,37
Harvey,5798,303
Harvey,5021,411
Harvey,4647,34
Harvey,1249,63
Harvey,1375,97
Harvey,2421,46
Harvey,5177,47
Harvey,3015,74
Harvey,1830,36
Harvey,2240,115
Harvey,7227,279
Harvey,3186,38
Harvey,5321,60
Harvey,3846,70
Harvey,5576,114
Harvey,8473,67
Harvey,4350,100
Harvey,1577,36
Harvey,2453,73
Harvey,1462,18
Harvey,5731,196
Harvey,2349,48
Harvey,2473,82
Harvey,2810,62
Harvey,4805,57
Harvey,2048,175
Harvey,3359,149
Harvey,4658,63
Harvey,4040,193
Harvey,4535,90
Harvey,7578,135
Harvey,1910,171
Harvey,2359,91
Harvey,7581,197
Harvey,10250,365
Harvey,5391,215
Harvey,2998,57
Harvey,5239,29
Harvey,6881,374
Harvey,7631,106
Harvey,14703,60
Harvey,1546,29
Harvey,5356,60
Harvey,3989,97
Harvey,3878,138
Harvey,5214,43
Harvey,6728,147
Harvey,4643,260
Harvey,3977,104
Harvey,2896,169
Harvey,6467,300
Harvey,4376,280
Harvey,7044,163
Harvey,3352,206
Harvey,4951,117
Harvey,4815,92
Harvey,2907,60
Harvey,3946,53
Harvey,4979,40
Harvey,9329,273
Harvey,5391,194
Harvey,8737,165
Harvey,4019,42
Harvey,2433,75
Harvey,4001,63
Harvey,2768,94
Harvey,7519,211
Harvey,4146,153
Harvey,2742,69
Harvey,1696,112
Harvey,3980,139
Harvey,5456,75
Harvey,3060,83
Harvey,5652,84
Harvey,4178,170
Harvey,2779,228
Harvey,1161,185
Harvey,9725,260
Harvey,7238,141
Harvey,3828,190
Harvey,4438,117
Harvey,4982,104
Harvey,9966,131
Harvey,3637,38
Harvey,10258,99
Harvey,3165,48
Harvey,4374,51
Harvey,13121,266
Harvey,2224,239
Harvey,19893,288
Harvey,11985,425
Harvey,2379,173
Harvey,8255,347
Harvey,5030,97
Harvey,29605,298
Harvey,9990,342
Harvey,14796,509
Harvey,8639,165
Harvey,4,127
Harvey,519,433
Harvey,4552,105
Harvey,3569,26
Harvey,4822,128
Harvey,3452,59
Harvey,3074,245
Harvey,4139,94
Harvey,6341,233
Harvey,3607,34
Harvey,6686,73
Harvey,3889,27
Harvey,5075,367
Harvey,2121,156
Harvey,2385,68
Harvey,8535,214
Harvey,5531,98
Harvey,2131,41
Harvey,5104,73
Harvey,0,98
Harvey,19,152
Harvey,3917,56
Harvey,4225,43
Harvey,3432,8
Harvey,11682,259
Harvey,8221,470
Harvey,7374,85
Harvey,4300,78
Harvey,6755,232
Harvey,7372,221
Harvey,6695,141
Harvey,7188,248
Harvey,10687,279
Harvey,7515,182
Harvey,3834,126
Harvey,2400,67
Harvey,5933,140
Harvey,6716,143
Harvey,4144,180
Harvey,5225,199
Harvey,5623,135
Harvey,5020,218
Harvey,4055,123
Harvey,2448,180
Harvey,5013,73
Harvey,4465,119
Harvey,4932,195
Harvey,7230,255
Harvey,8233,254
Harvey,3888,282
Harvey,1510,83
Harvey,6032,249
Harvey,5096,260
Harvey,4982,175
Harvey,6382,155
Harvey,9697,427
Harvey,11899,354
Harvey,6617,322
Harvey,13198,220
Harvey,2985,231
Harvey,21863,669
Harvey,11872,425
Harvey,6921,457
Harvey,9742,459
Harvey,25820,404
Harvey,18766,511
Harvey,7977,192
Harvey,2335,148
Harvey,6610,94
Harvey,4986,92
Harvey,2609,58
Harvey,5062,90
Harvey,4412,121
Harvey,6521,224
Harvey,4849,121
Harvey,7889,165
Harvey,6800,94
Harvey,8355,265
Harvey,2334,83
Harvey,3792,65
Harvey,5017,201
Harvey,10172,213
Harvey,5947,173
Harvey,2890,27
Harvey,2760,183
Harvey,5426,52
Harvey,3087,51
Harvey,4587,137
Harvey,6757,170
Harvey,11691,121
Harvey,4868,138
Harvey,4341,111
Harvey,7198,171
Harvey,4484,114
Harvey,8729,208
Harvey,4184,178
Harvey,5528,184
Harvey,3980,121
Harvey,4670,215
Harvey,5036,159
Harvey,1950,229
Harvey,3198,217
Harvey,5448,175
Harvey,2948,47
Harvey,2514,344
Harvey,7089,211
Harvey,7451,125
Harvey,4681,177
Harvey,1632,54
Harvey,5346,333
Harvey,5726,854
Harvey,8544,79
Harvey,2088,44
Harvey,1474,143
Harvey,4101,152
Harvey,8566,9
Harvey,6144,164
Harvey,2833,21
Harvey,5218,138
Harvey,7672,171
Harvey,3299,70
Harvey,5220,65
Harvey,3899,38
Harvey,6785,56
Harvey,4892,55
Harvey,3076,83
Harvey,3883,93
Harvey,3436,91
Harvey,17635,265
Harvey,1652,45
Harvey,4226,128
Harvey,3198,84
Harvey,2827,35
Harvey,2183,53
Harvey,7126,97
Harvey,5928,94
Harvey,7339,187
Harvey,8259,128
Harvey,5467,36
Harvey,5146,135
Harvey,1696,51
Harvey,2071,93
Harvey,1327,162
Harvey,98,353
Harvey,10997,249
Harvey,4601,148
Harvey,6194,132
Harvey,3228,32
Harvey,4583,63
Harvey,6467,129
Harvey,8987,190
Harvey,5129,339
Harvey,4551,101
Harvey,7333,219
Harvey,4663,144
Harvey,5945,170
Harvey,3736,160
Harvey,5127,97
Harvey,6680,51
Harvey,6780,104
Harvey,6472,132
Harvey,5383,120
Harvey,4866,47
Harvey,6613,66
Harvey,5295,7416
Harvey,4065,44
Harvey,2835,123
Harvey,3892,55
Harvey,2162,71
Harvey,1160,65
Harvey,3177,113
Harvey,5697,174
Harvey,1972,75
Harvey,6803,217
Harvey,2363,117
Harvey,2132,54
Harvey,4172,64
Harvey,1864,59
Harvey,9747,191
Harvey,7519,115
Harvey,8427,283
Harvey,6827,147
Harvey,8293,337
Harvey,3694,60
Harvey,2313,83
Harvey,2460,26
Harvey,2317,40
Harvey,2837,48
Harvey,4263,53
Harvey,2207,36
Harvey,8300,55
Harvey,4101,93
Harvey,7056,72
Harvey,12358,320
Harvey,5346,83
Harvey,4840,82
Harvey,7543,59
Harvey,2454,53
Harvey,3470,124
Harvey,2491,41
Harvey,4863,72
Harvey,9550,98
Harvey,7002,129
Harvey,8547,83
Harvey,4115,35
Harvey,10222,120
Harvey,11520,169
Harvey,8000,171
Harvey,4590,278
Harvey,5037,155
Harvey,6756,142
Harvey,3890,50
Harvey,4665,74
Harvey,4639,114
Harvey,16345,597
Harvey,13044,397
Harvey,6353,188
Harvey,15028,406
Harvey,6045,250
Harvey,17986,656
Harvey,4605,146
Harvey,9459,287
Harvey,9256,575
Harvey,4788,202
Harvey,2667,83
Harvey,6068,167
Harvey,7292,44
Harvey,5842,199
Harvey,16851,322
Harvey,14466,215
Harvey,15448,686
Harvey,8299,384
Harvey,10379,739
Harvey,3994,173
Harvey,5479,67
Harvey,3980,123
Harvey,5157,105
Harvey,6619,119
Harvey,1139,48
Harvey,9319,177
Harvey,5127,53
Harvey,5558,18
Harvey,3815,95
Harvey,11239,80
Harvey,7851,103
Harvey,9472,137
Harvey,4629,71
Harvey,3237,53
Harvey,6438,83
Harvey,2777,130
Harvey,3289,74
Harvey,9583,205
Harvey,2279,125
Harvey,6755,131
Harvey,4790,51
Harvey,2607,204
Harvey,4076,102
Harvey,7085,154
Harvey,7058,124
Harvey,12109,190
Harvey,4196,48
Harvey,2101,78
Harvey,4568,104
Harvey,7439,211
Harvey,2101,125
Harvey,3026,130
Harvey,12231,165
Harvey,15983,278
Harvey,8719,187
Harvey,6917,144
Harvey,15257,223
Harvey,1301,78
Harvey,7926,325
Harvey,6004,350
Harvey,7224,290
Harvey,5457,253
Harvey,5376,158
Harvey,3834,116
Harvey,4824,207
Harvey,5262,124
Harvey,4883,134
Harvey,7622,206
Harvey,4522,91
Harvey,4158,175
Harvey,4739,192
Harvey,4319,187
Harvey,5636,157
Harvey,11387,371
Harvey,5208,297
Harvey,3572,184
Harvey,4403,138
Harvey,4490,169
Harvey,11689,229
Harvey,1429,87
Harvey,4440,127
Harvey,3703,210
Harvey,3394,248
Harvey,5182,148
Harvey,3637,124
Harvey,2976,157
Harvey,3683,142
Harvey,3545,100
Harvey,2158,59
Harvey,2780,99
Harvey,3596,152
Harvey,3839,113
Harvey,4590,36
Harvey,6309,231
Harvey,5902,220
Harvey,2322,105
Harvey,9099,300
Harvey,10128,289
Harvey,6151,172
Harvey,5333,207
Harvey,9402,117
Harvey,4593,556
Harvey,3505,127
Harvey,10263,284
Harvey,7856,303
Harvey,10228,244
Harvey,5195,610
Harvey,7580,294
Harvey,9060,516
Harvey,9694,380
Harvey,11073,257
Harvey,5257,74
Harvey,7029,186
Harvey,5166,165
Harvey,1874,73
Harvey,2386,130
Harvey,6812,129
Harvey,5667,93
Harvey,5066,159
Harvey,3979,195
Harvey,4912,225
Harvey,5488,186
Harvey,5045,163
Harvey,10383,388
Harvey,41538,234
Harvey,14737,124
Harvey,5375,197
Harvey,3190,1
Harvey,10639,283
Harvey,4490,104
Harvey,3888,46
Harvey,1361,122
Harvey,5763,481
Harvey,1605,72
Harvey,6693,36
Harvey,2756,58
Harvey,4924,170
Harvey,11151,383
Harvey,3831,76
Harvey,3825,124
Harvey,5278,360
Harvey,6135,93
Harvey,4479,138
Harvey,7531,304
Harvey,6937,322
Harvey,5186,285
Harvey,3456,281
Harvey,5225,146
Harvey,6973,74
Harvey,6345,230
Harvey,12489,162
Harvey,4541,115
Harvey,8512,185
Harvey,5584,161
Harvey,4943,123
Harvey,5449,75
Harvey,17901,61
Harvey,7687,208
Harvey,3758,278
Harvey,5653,81
Harvey,3840,167
Harvey,6072,140
Harvey,3107,55
Harvey,4467,97
Harvey,3393,177
Harvey,5392,187
Harvey,3820,38
Harvey,3515,83
Harvey,7569,336
Harvey,9398,450
Harvey,6942,293
Harvey,5164,220
Harvey,12020,395
Harvey,11900,460
Harvey,5708,256
Harvey,6256,215
Harvey,11222,491
Harvey,5212,316
Harvey,10237,201
Harvey,3535,239
Harvey,4251,93
Harvey,5479,104
Harvey,5589,260
Harvey,4297,100
Harvey,10026,189
Harvey,4809,38
Harvey,3677,124
Harvey,3593,39
Harvey,3835,35
Harvey,6390,133
Harvey,3187,94
Harvey,3552,46
Harvey,2861,62
Harvey,4838,63
Harvey,6851,116
Harvey,5986,157
Harvey,3160,711
Harvey,7551,160
Harvey,6281,145
Harvey,9259,211
Harvey,3878,67
Harvey,3377,48
Harvey,5850,174
Harvey,4555,72
Harvey,4363,90
Harvey,3474,93
Harvey,2320,86
Harvey,4814,41
Harvey,3982,156
Harvey,7532,501
Harvey,3763,82
Harvey,8155,194
Harvey,5611,166
Harvey,1980,87
Harvey,11643,371
Harvey,7896,134
Harvey,3763,159
Harvey,2796,37
Harvey,7339,57
Harvey,4053,91
Harvey,5898,144
Harvey,11220,146
Harvey,5930,141
Harvey,3774,138
Harvey,4629,108
Harvey,4170,47
Harvey,8307,61
Harvey,975,37
Harvey,4648,83
Harvey,7052,253
Harvey,2316,64
Harvey,3004,53
Harvey,5692,92
Harvey,6394,131
Harvey,5497,414
Harvey,3325,104
Harvey,3399,87
Harvey,2175,55
Harvey,6064,238
Harvey,3122,84
Harvey,5548,161
Harvey,3995,99
Harvey,6679,130
Harvey,5846,132
Harvey,4240,37
Harvey,4081,130
Harvey,2301,218
Harvey,4804,217
Harvey,4191,68
Harvey,6175,119
Harvey,5124,120
Harvey,7196,140
Harvey,7680,315
Harvey,3323,28
Harvey,2483,36
Harvey,5483,112
Harvey,6390,85
Harvey,4072,82
Harvey,2563,45
Harvey,2454,66
Harvey,8067,164
Harvey,4113,262
Harvey,3168,175
Harvey,5278,66
Harvey,11346,233
Harvey,8858,201
Harvey,13814,393
Harvey,8854,361
Harvey,8698,165
Harvey,1845,93
Harvey,5556,140
Harvey,2128,68
Harvey,2658,65
Harvey,9366,16
Harvey,7081,119
Harvey,11144,151
Harvey,9183,126
Harvey,1319,66
Harvey,9717,0
Harvey,5110,94
Harvey,2344,111
Harvey,3733,130
Harvey,3113,78
Harvey,6034,171
Harvey,5399,67
Harvey,2927,189
Harvey,13024,356
Harvey,2709,248
Harvey,8331,268
Harvey,7385,170
Harvey,4197,61
Harvey,3119,97
Harvey,4824,91
Harvey,4081,65
Harvey,11090,198
Harvey,3023,147
Harvey,5790,130
Harvey,4911,132
Harvey,2049,95
Harvey,6492,131
Harvey,4564,143
Harvey,3180,118
Harvey,5838,125
Harvey,4387,218
Harvey,5259,179
Harvey,4197,203
Harvey,3503,192
Harvey,5104,154
Harvey,4814,251
Harvey,5177,212
Harvey,6587,150
Harvey,9239,166
Harvey,7577,155
Harvey,9789,440
Harvey,5706,131
Harvey,3266,49
Harvey,6268,1260
Harvey,4846,246
Harvey,1950,110
Harvey,3385,114
Harvey,5787,66
Harvey,4940,31
Harvey,4269,51
Harvey,5593,88
Harvey,8242,56
Harvey,1656,39
Harvey,8058,136
Harvey,5349,115
Harvey,5399,257
Harvey,0,30
Harvey,4110,121
Harvey,3917,53
Harvey,3360,357
Harvey,3476,84
Harvey,22332,745
Harvey,5048,253
Harvey,8360,537
Harvey,6046,385
Harvey,17436,304
Harvey,5890,265
Harvey,7349,151
Harvey,5932,309
Harvey,4288,264
Harvey,5072,96
Harvey,5084,254
Harvey,3118,51
Harvey,5535,80
Harvey,4685,110
Harvey,593,26
Harvey,5992,51
Harvey,4165,55
Harvey,5807,29
Harvey,5979,78
Harvey,5073,90
Harvey,8429,281
Harvey,6613,171
Harvey,4308,184
Harvey,9676,176
Harvey,15277,409
Harvey,7918,166
Harvey,12040,208
Harvey,3124,413
Harvey,3938,72
Harvey,8690,209
Harvey,6149,344
Harvey,1155,131
Harvey,8059,181
Harvey,3316,46
Harvey,3876,169
Harvey,5036,121
Harvey,7289,307
Harvey,4969,51
Harvey,5807,252
Harvey,2527,59
Harvey,4152,18
Harvey,3352,42
Harvey,4845,73
Harvey,7878,97
Harvey,2053,63
Harvey,5900,53
Harvey,1576,41
Harvey,5354,205
Harvey,6419,52
Harvey,2599,34
Harvey,4561,120
Harvey,138,12
Harvey,2214,234
Harvey,8592,238
Harvey,2525,110
Harvey,2642,91
Harvey,1919,129
Harvey,3594,105
Harvey,5801,109
Harvey,2749,52
Harvey,5518,83
Harvey,6579,128
Harvey,9030,245
Harvey,6236,106
Harvey,4452,67
Harvey,6731,270
Harvey,5576,138
Harvey,4618,210
Harvey,3298,78
Harvey,4487,152
Harvey,7583,197
Harvey,4345,4
Harvey,7167,0
Harvey,4556,0
Harvey,2096,0
Harvey,3518,0
Harvey,1815,0
Harvey,12498,0
Harvey,5021,0
Harvey,7351,177
Harvey,5000,89
Harvey,4628,82
Harvey,2842,92
Harvey,1740,40
Harvey,5293,117
Harvey,2024,80
Harvey,6934,177
Harvey,6917,185
Harvey,5642,132
Harvey,3335,31
Harvey,6326,144
Harvey,4838,29
Harvey,7511,28
Harvey,6501,61
Harvey,4501,40
Harvey,4438,88
Harvey,6346,72
Harvey,5288,131
Harvey,4968,76
Harvey,4194,62
Harvey,3319,139
Harvey,4803,161
Harvey,5953,84
Harvey,5947,99
Harvey,3744,93
Harvey,7136,209
Harvey,5529,181
Harvey,4455,66
Harvey,2620,59
Harvey,5334,145
Harvey,4505,147
Harvey,4639,29
Harvey,6490,174
Harvey,4572,58
Harvey,4401,96
Harvey,10647,243
Harvey,3001,139
Harvey,6946,149
Harvey,4030,89
Harvey,2535,156
Harvey,2867,92
Harvey,5050,353
Harvey,5924,83
Harvey,4968,54
Harvey,5135,156
Harvey,3714,46
Harvey,2689,1157
Harvey,2313,19
Harvey,2956,89
Harvey,4613,179
Harvey,2257,147
Harvey,3669,170
Harvey,3119,40
Harvey,3688,240
Harvey,7134,239
Harvey,1506,230
Harvey,1931,23
Harvey,2743,115
Harvey,6663,173
Harvey,5045,131
Harvey,5453,109
Harvey,2024,59
Harvey,4974,174
Harvey,4284,97
Harvey,4467,140
Harvey,5946,113
Harvey,3508,102
Harvey,5762,84
Harvey,6928,150
Harvey,3612,81
Harvey,2893,79
Harvey,8186,170
Harvey,4559,98
Harvey,3995,68
Harvey,5692,45
Harvey,1920,0
Harvey,2295,0
Harvey,1949,2
Harvey,1937,0
Harvey,1355,85
Harvey,6046,163
Harvey,5072,41
Harvey,5106,39
Harvey,3430,95
Harvey,4019,75
Harvey,4822,26
Harvey,1199,42
Harvey,7291,73
Harvey,3872,66
Harvey,5824,49
Harvey,5544,92
Harvey,3808,49
Harvey,6815,0
Harvey,709,0
Harvey,6795,0
Harvey,6920,153
Harvey,9965,201
Harvey,7054,269
Harvey,6875,309
Harvey,5535,80
Harvey,7487,161
Harvey,6051,162
Harvey,9780,262
Harvey,1972,32
Harvey,6538,139
Harvey,4593,83
Harvey,4063,157
Harvey,3226,49
Harvey,4127,47
Harvey,5438,61
Harvey,5251,234
Harvey,4449,246
Harvey,5726,47
Harvey,3760,409
Harvey,5419,196
Harvey,7832,416
Harvey,5165,80
Harvey,4154,54
Harvey,2987,107
Harvey,6178,192
Harvey,8514,176
Harvey,6007,218
Harvey,6190,67
Harvey,2732,104
Harvey,4082,114
Harvey,6165,94
Harvey,6070,139
Harvey,8254,227
Harvey,2658,49
Harvey,7410,792
Harvey,6631,32
Harvey,1420,100
Harvey,3315,161
Harvey,4498,85
Harvey,3826,117
Harvey,3827,37
Harvey,2181,42
Harvey,5778,59
Harvey,2060,53
Harvey,2105,163
Harvey,1877,98
Harvey,2095,24
Harvey,2251,25
Harvey,3720,27
Harvey,2324,54
Harvey,5873,115
Harvey,1914,96
Harvey,3407,53
Harvey,1833,58
Harvey,7229,45
Harvey,5606,56
Harvey,2374,68
Harvey,4993,65
Harvey,6766,214
Harvey,2993,48
Harvey,10118,139
Harvey,5540,210
Harvey,2822,143
Harvey,8646,427
Harvey,2344,173
Harvey,3766,101
Harvey,3111,204
Harvey,4083,53
Harvey,1776,55
Harvey,1650,19
Harvey,194,97
Harvey,0,4
Harvey,5321,131
Harvey,6676,109
Harvey,5713,152
Harvey,4337,163
Harvey,6061,331
Harvey,6330,99
Harvey,4314,187
Harvey,5581,176
Harvey,7391,102
Harvey,2339,64
Harvey,11269,325
Harvey,6264,270
Harvey,10275,390
Harvey,14140,588
Harvey,2453,48
Harvey,5676,142
Harvey,2949,104
Harvey,5159,157
Harvey,6721,165
Harvey,4146,69
Harvey,8796,206
Harvey,8608,181
Harvey,0,1
Harvey,3535,57
Harvey,7878,226
Harvey,2181,126
Harvey,5898,171
Harvey,0,6
Harvey,4301,310
Harvey,4530,88
Harvey,3580,176
Harvey,5837,127
Harvey,8403,423
Harvey,27588,882
Harvey,2001,50
Harvey,3952,59
Harvey,4022,52
Harvey,3184,92
Harvey,2529,84
Harvey,4366,52
Harvey,4947,191
Harvey,2193,1439
Harvey,1814,165
Harvey,4909,60
Harvey,5785,125
Harvey,4206,56
Harvey,2760,101
Harvey,1893,136
Harvey,7329,149
Harvey,7440,226
Harvey,1995,206
Harvey,3590,27
Harvey,4900,118
Harvey,6805,110
Harvey,4811,127
Harvey,4899,213
Harvey,2425,90
Harvey,5447,133
Harvey,3540,50
Harvey,4155,110
Harvey,7173,118
Harvey,5433,72
Harvey,11024,235
Harvey,10255,157
Harvey,5743,111
Harvey,8851,75
Harvey,4915,79
Harvey,1912,85
Harvey,2056,12
Harvey,8469,154
Harvey,1319,158
Harvey,2574,177
Harvey,2660,60
Harvey,4391,153
Harvey,3513,228
Harvey,3219,141
Harvey,6596,189
Harvey,2360,102
Harvey,7673,231
Harvey,7579,260
Harvey,18826,335
Harvey,5401,288
Harvey,4296,225
Harvey,10237,11
Harvey,927,87
Harvey,10698,230
Harvey,4752,313
Harvey,3446,203
Harvey,2858,69
Harvey,4998,85
Harvey,3933,196
Harvey,841,81
Harvey,2514,51
Harvey,3231,112
Harvey,2704,104
Harvey,3862,125
Harvey,2444,36
Harvey,5190,133
Harvey,5758,103
Harvey,4302,60
Harvey,1469,17
Harvey,2267,70
Harvey,1639,41
Harvey,4199,23
Harvey,6059,146
Harvey,4915,92
Harvey,2825,90
Harvey,2774,72
Harvey,3070,23
Harvey,3211,146
Harvey,2983,46
Harvey,5120,47
Harvey,6148,127
Harvey,5647,103
Harvey,8041,307
Harvey,5576,35
Harvey,5798,145
Harvey,6400,161
Harvey,8161,161
Harvey,9563,158
Harvey,7864,166
Harvey,4034,108
Harvey,6932,119
Harvey,7084,59
Harvey,5329,45
Harvey,4132,101
Harvey,5615,87
Harvey,3898,103
Harvey,3096,92
Harvey,3533,79
Harvey,2514,92
Harvey,4918,190
Harvey,3844,121
Harvey,3930,138
Harvey,4582,219
Harvey,14849,170
Harvey,11208,106
Harvey,4411,87
Harvey,4431,79
Harvey,2407,168
Harvey,7548,190
Harvey,1388,336
Harvey,1794,43
Harvey,16,63
Harvey,5286,143
Harvey,4159,173
Harvey,10787,302
Harvey,1255,169
Harvey,1063,0
Harvey,4115,0
Harvey,3050,36
Harvey,6118,244
Harvey,9536,78
Harvey,5273,51
Harvey,4141,79
Harvey,4896,71
Harvey,6422,58
Harvey,12309,287
Harvey,4068,157
Harvey,4650,57
Harvey,7346,101
Harvey,7581,61
Harvey,3910,159
Harvey,4263,79
Harvey,7122,147
Harvey,7423,169
Harvey,12999,227
Harvey,11084,89
Harvey,4246,46
Harvey,1633,112
Harvey,8636,65
Harvey,5453,108
Harvey,9589,136
Harvey,13816,251
Harvey,4295,66
Harvey,7359,59
Harvey,5587,75
Harvey,7283,87
Harvey,7790,92
Harvey,6174,114
Harvey,4915,121
Harvey,7503,160
Harvey,5758,172
Harvey,3329,9
Harvey,2476,186
Harvey,3637,67
Harvey,5556,171
Harvey,2211,174
Harvey,7809,413
Harvey,6544,32
Harvey,7718,27
Harvey,6460,117
Harvey,10778,38
Harvey,5670,0
Harvey,4483,161
Harvey,9494,185
Harvey,683,6
Harvey,9107,41
Harvey,1560,22
Harvey,4844,26
Harvey,6106,57
Harvey,3221,5
Harvey,34,13
Harvey,0,0
Harvey,3094,22
Harvey,7651,127
Harvey,0,17
Harvey,6991,188
Harvey,5542,191
Harvey,4823,191
Harvey,3196,88
Harvey,3715,108
Harvey,5499,104
Harvey,9097,137
Harvey,7923,583
Harvey,8677,62
Harvey,2893,55
Harvey,7272,62
Harvey,2960,70
Harvey,6694,67
Harvey,3942,67
Harvey,6350,111
Harvey,3048,80
Harvey,2604,51
Harvey,5598,95
Harvey,0,206
Harvey,3720,55
Harvey,2430,69
Harvey,3746,72
Harvey,3482,41
Harvey,2811,130
Harvey,3544,101
Harvey,4496,114
Harvey,3256,82
Harvey,4805,131
Harvey,6301,150
Harvey,6121,167
Harvey,6197,228
Harvey,7181,199
Harvey,4491,119
Harvey,7961,297
Harvey,5201,149
Harvey,6820,236
Harvey,4559,162
Harvey,6125,198
Harvey,6564,156
Harvey,5365,185
Harvey,3392,131
Harvey,4919,101
Harvey,5696,189
Harvey,7435,125
Harvey,9604,105
Harvey,7288,159
Harvey,2420,79
Harvey,5402,136
Harvey,13145,320
Harvey,4709,82
Harvey,3971,168
Harvey,6359,157
Harvey,8862,209
Harvey,3696,70
Harvey,4849,87
Harvey,3751,85
Harvey,2364,156
Harvey,5301,150
Harvey,5325,171
Harvey,6017,306
Harvey,5516,159
Harvey,5829,214
Harvey,9104,45
Harvey,20160,386
Harvey,9214,280
Harvey,6257,180
Harvey,6191,59
Harvey,7554,198
Harvey,2507,98
Harvey,24015,776
Harvey,3691,80
Harvey,4387,174
Harvey,4571,263
Harvey,6435,312
Harvey,3554,205
Harvey,2643,58
Harvey,6568,112
Harvey,2138,147
Harvey,2958,131
Harvey,5147,184
Harvey,2530,100
Harvey,3945,67
Harvey,9940,205
Harvey,8360,79
Harvey,10185,256
Harvey,5124,152
Harvey,3069,84
Harvey,1452,11
Harvey,6581,68
Harvey,7215,93
Harvey,2368,90
Harvey,4342,222
Harvey,9742,237
Harvey,8046,119
Harvey,8291,66
Harvey,1645,60
Harvey,2593,94
Harvey,5218,57
Harvey,4761,60
Harvey,2249,41
Harvey,6874,175
Harvey,4506,91
Harvey,8046,393
Harvey,5497,232
Harvey,3847,157
Harvey,8685,300
Harvey,12749,196
Harvey,7943,244
Harvey,7927,245
Harvey,8898,363
Harvey,15754,387
Harvey,6264,373
Harvey,4734,43
Harvey,3646,156
Harvey,4616,287
Harvey,7767,159
Harvey,7798,155
Harvey,5188,95
Harvey,4004,168
Harvey,4806,55
Harvey,6156,144
Harvey,6056,107
Harvey,2977,253
Harvey,4844,235
Harvey,5850,220
Harvey,2457,127
Harvey,3717,82
Harvey,7312,175
Harvey,1949,44
Harvey,5811,163
Harvey,4595,78
Harvey,5339,59
Harvey,9720,136
Harvey,4298,57
Harvey,6221,85
Harvey,9093,55
Harvey,5786,227
Harvey,7517,115
Harvey,9369,464
Harvey,5534,158
Harvey,4727,145
Harvey,4915,150
Harvey,7556,256
Harvey,5744,100
Harvey,4650,141
Harvey,4918,112
Harvey,3544,80
Harvey,4124,117
Harvey,2126,93
Harvey,2090,3
Harvey,3438,25
Harvey,3305,39
Harvey,7911,161
Harvey,11976,156
Harvey,11641,383
Harvey,12679,391
Harvey,22829,353
Harvey,2987,125
Harvey,9303,299
Harvey,3054,103
Harvey,5594,82
Harvey,7254,96
Harvey,4273,161
Harvey,16835,374
Harvey,2524,73
Harvey,6932,195
Harvey,9285,124
Harvey,2223,126
Harvey,2580,47
Harvey,5235,47
Harvey,4229,103
Harvey,5581,69
Harvey,5644,117
Harvey,3726,75
Harvey,3173,165
Harvey,6239,77
Harvey,18107,541
Harvey,4632,75
Harvey,6714,106
Harvey,7713,153
Harvey,3011,119
Harvey,3198,58
Harvey,9493,249
Harvey,4940,106
Harvey,3400,71
Harvey,3304,56
Harvey,3703,90
Harvey,8590,276
Harvey,3789,67
Harvey,5209,133
Harvey,3910,108
Harvey,4743,116
Harvey,5642,100
Harvey,4200,116
Harvey,3772,156
Harvey,1384,27
Harvey,1918,53
Harvey,1938,27
Harvey,4968,29
Harvey,2968,97
Harvey,1201,44
Harvey,4530,56
Harvey,8987,198
Harvey,5158,144
Harvey,6184,168
Harvey,5495,187
Harvey,3212,161
Harvey,4652,128
Harvey,6067,201
Harvey,5471,159
Harvey,9749,299
Harvey,4159,81
Harvey,7711,294
Harvey,6074,94
Harvey,5201,13
Harvey,2069,55
Harvey,2736,33
Harvey,2811,62
Harvey,4825,89
Harvey,6124,70
Harvey,8570,267
Harvey,8159,56
Harvey,10803,105
Harvey,5201,117
Harvey,4332,161
Harvey,8912,433
Harvey,21439,357
Harvey,4208,234
Harvey,6647,186
Harvey,5813,174
Harvey,3430,74
Harvey,2643,29
Harvey,3923,55
Harvey,5741,106
Harvey,4585,44
Harvey,3890,252
Harvey,4830,45
Harvey,5157,89
Harvey,4030,80
Harvey,6913,69
Harvey,1803,86
Harvey,6833,104
Harvey,4781,71
Harvey,4007,76
Harvey,15030,383
Harvey,6245,182
Harvey,7477,143
Harvey,5779,114
Harvey,4331,128
Harvey,4007,64
Harvey,2114,76
Harvey,5453,197
Harvey,2187,130
Harvey,9042,276
Harvey,4929,207
Harvey,4620,112
Harvey,1489,165
Harvey,10281,218
Harvey,3541,115
Harvey,7727,197
Harvey,4633,97
Harvey,3176,163
Harvey,6981,128
Harvey,5545,191
Harvey,5780,145
Harvey,3137,172
Harvey,3088,181
Harvey,5382,157
Harvey,5265,174
Harvey,6571,85
Harvey,2635,61
Harvey,5340,116
Harvey,5548,65
Harvey,5327,48
Harvey,4142,40
Harvey,5036,50
Harvey,2728,29
Harvey,5464,120
Harvey,8113,97
Harvey,15630,321
Harvey,4759,62
Harvey,3728,52
Harvey,2805,46
Harvey,4474,73
Harvey,3057,108
Harvey,3416,82
Harvey,3460,51
Harvey,3396,151
Harvey,3644,74
Harvey,5065,46
Harvey,3055,73
Harvey,8145,45
Harvey,3046,84
Harvey,5874,101
Harvey,3803,74
Harvey,5771,110
Harvey,6977,111
Harvey,9043,94
Harvey,16988,293
Harvey,5064,93
Harvey,2404,73
Harvey,4631,191
Harvey,1701,34
Harvey,3223,106
Harvey,3397,78
Harvey,4762,243
Harvey,6744,199
Harvey,5075,117
Harvey,7253,80
Harvey,19362,271
Harvey,7825,185
Harvey,5629,143
Harvey,4745,53
Harvey,17725,343
Harvey,8145,197
Harvey,22116,39
Harvey,5256,192
Harvey,21369,211
Harvey,5668,138
Harvey,9551,354
Harvey,8248,153
Harvey,15585,113
Harvey,8405,103
Harvey,8448,232
Harvey,4084,109
Harvey,11143,285
Harvey,9366,619
Harvey,9524,121
Harvey,7669,184
Harvey,9186,123
Harvey,6300,112
Harvey,4234,88
Harvey,59947,416
Harvey,28707,207
Harvey,6782,247
Harvey,2819,44
Harvey,3207,99
Harvey,7111,96
Harvey,4727,62
Harvey,5516,296
Harvey,3690,61
Harvey,3372,54
Harvey,5342,247
Harvey,6359,155
Harvey,5006,196
Harvey,4899,107
Harvey,1781,112
Harvey,3739,117
Harvey,4973,103
Harvey,2836,269
Harvey,7063,94
Harvey,7833,81
Harvey,2556,45
Harvey,2954,44
Harvey,4494,87
Harvey,2023,181
Harvey,7329,94
Harvey,3862,126
Harvey,7684,80
Harvey,3784,99
Harvey,4453,94
Harvey,12205,244
Harvey,3870,97
Harvey,3542,97
Harvey,3363,111
Harvey,5621,97
Harvey,3544,67
Harvey,2382,63
Harvey,2932,38
Harvey,3627,73
Harvey,5967,104
Harvey,2522,114
Harvey,3471,75
Harvey,7952,60
Harvey,6924,198
Harvey,2212,66
Harvey,6764,11
Harvey,4623,199
Harvey,4045,25
Harvey,1965,240
Harvey,8304,44
Harvey,3929,197
Harvey,4404,182
Harvey,2018,82
Harvey,4635,107
Harvey,6390,283
Harvey,1756,54
Harvey,4806,69
Harvey,4094,89
Harvey,4066,66
Harvey,5011,44
Harvey,6996,78
Harvey,13284,296
Harvey,2949,39
Harvey,4268,182
Harvey,3902,137
Harvey,3437,110
Harvey,3682,112
Harvey,3918,102
Harvey,2044,92
Harvey,5301,105
Harvey,2709,81
Harvey,6098,100
Harvey,10505,324
Harvey,5821,124
Harvey,4192,112
Harvey,5589,198
Harvey,5527,117
Harvey,5843,84
Harvey,6983,77
Harvey,8148,116
Harvey,3786,206
Harvey,10003,319
Harvey,7011,135
Harvey,2910,54
Harvey,4414,688
Harvey,3965,31
Harvey,2704,43
Harvey,6408,278
Harvey,3447,69
Harvey,2389,55
Harvey,3074,166
Harvey,1937,128
Harvey,4295,104
Harvey,4844,272
Harvey,1342,64
Harvey,3081,51
Harvey,2599,215
Harvey,4791,196
Harvey,3059,172
Harvey,4192,146
Harvey,1280,25
Harvey,1960,16
Harvey,2653,62
Harvey,4970,108
Harvey,7293,112
Harvey,9728,232
Harvey,2715,160
Harvey,4197,117
Harvey,5474,270
Harvey,7885,328
Harvey,12609,542
Harvey,8173,139
Harvey,5752,0
Harvey,5112,0
Harvey,6112,101
Harvey,2311,0
Harvey,10755,71
Harvey,4743,0
Harvey,1408,101
Harvey,7002,0
Harvey,15022,512
Harvey,3739,129
Harvey,4226,151
Harvey,5461,218
Harvey,1453,58
Harvey,3946,26
Harvey,5458,222
Harvey,5431,148
Harvey,6320,236
Harvey,4663,177
Harvey,6867,121
Harvey,5296,96
Harvey,2364,195
Harvey,3097,16
Harvey,4052,0
Harvey,5897,218
Harvey,5161,159
Harvey,5771,69
Harvey,5936,1
Harvey,3391,143
Harvey,4801,0
Harvey,2588,40
Harvey,6417,43
Harvey,6268,124
Harvey,6332,89
Harvey,4411,54
Harvey,1322,0
Harvey,5347,51
Harvey,6770,0
Harvey,5064,0
Harvey,4249,0
Harvey,2776,126
Harvey,3274,87
Harvey,5433,121
Harvey,3442,68
Harvey,4665,45
Harvey,2511,73
Harvey,7347,103
Harvey,2454,150
Harvey,5712,0
Harvey,2581,4
Harvey,3385,0
Harvey,8116,126
Harvey,5374,88
Harvey,1593,83
Harvey,5366,124
Harvey,10939,223
Harvey,2816,201
Harvey,4310,253
Harvey,4626,212
Harvey,4751,160
Harvey,5026,100
Harvey,4891,86
Harvey,9856,169
Harvey,5098,103
Harvey,5420,209
Harvey,7746,70
Harvey,4938,199
Harvey,4326,91
Harvey,7679,84
Harvey,4800,148
Harvey,5949,54
Harvey,3443,121
Harvey,5258,192
Harvey,6374,111
Harvey,6230,203
Harvey,6788,151
Harvey,7022,232
Harvey,4884,39
Harvey,4296,83
Harvey,4065,114
Harvey,4344,68
Harvey,3221,95
Harvey,2616,26
Harvey,3471,106
Harvey,2245,39
Harvey,3945,181
Harvey,6680,176
Harvey,2696,55
Harvey,1500,78
Harvey,9247,70
Harvey,5521,67
Harvey,4356,62
Harvey,2146,55
Harvey,2683,60
Harvey,2088,79
Harvey,5047,113
Harvey,3383,121
Harvey,4292,118
Harvey,3925,336
Harvey,3477,27
Harvey,4808,97
Harvey,4499,228
Harvey,3498,80
Harvey,6166,123
Harvey,8955,195
Harvey,4324,183
Harvey,3136,111
Harvey,4307,79
Harvey,4235,130
Harvey,6479,178
Harvey,6648,231
Harvey,5833,162
Harvey,4813,86
Harvey,4090,160
Harvey,9127,198
Harvey,7843,148
Harvey,10168,187
Harvey,3387,113
Harvey,6681,448
Harvey,5639,330
Harvey,4224,31
Harvey,10393,318
Harvey,4657,56
Harvey,5544,106
Harvey,4880,22
Harvey,5599,52
Harvey,5645,159
Harvey,1129,135
Harvey,7628,121
Harvey,5588,86
Harvey,4959,65
Harvey,8115,84
Harvey,5501,139
Harvey,18624,266
Harvey,8368,102
Harvey,3392,47
Harvey,4736,64
Harvey,4929,120
Harvey,4866,23
Harvey,2654,91
Harvey,4553,99
Harvey,5447,90
Harvey,4489,99
Harvey,5026,116
Harvey,7556,168
Harvey,5201,107
Harvey,2561,73
Harvey,8153,113
Harvey,4090,210
Harvey,3998,102
Harvey,5367,294
Harvey,5059,213
Harvey,8406,120
Harvey,6041,260
Harvey,5395,86
Harvey,3780,58
Harvey,3467,127
Harvey,5601,252
Harvey,4163,179
Harvey,4377,167
Harvey,4245,151
Harvey,4415,89
Harvey,4634,82
Harvey,5565,32
Harvey,2571,143
Harvey,4066,155
Harvey,7406,152
Harvey,2937,149
Harvey,5642,142
Harvey,3051,141
Harvey,6174,142
Harvey,7488,125
Harvey,5975,78
Harvey,4205,152
Harvey,5750,61
Harvey,5291,110
Harvey,5601,118
Harvey,4538,134
Harvey,3016,107
Harvey,10627,196
Harvey,8973,140
Harvey,11609,211
Harvey,4052,175
Harvey,3939,49
Harvey,4669,86
Harvey,1334,28
Harvey,10302,727
Harvey,4047,64
Harvey,6357,262
Harvey,2652,59
Harvey,4009,68
Harvey,3484,135
Harvey,4207,37
Harvey,4478,151
Harvey,4136,121
Harvey,5569,152
Harvey,15742,176
Harvey,5983,141
Harvey,14053,62
Harvey,4068,89
Harvey,5139,184
Harvey,4066,45
Harvey,4032,73
Harvey,10104,132
Harvey,5211,79
Harvey,3041,178
Harvey,4987,53
Harvey,5776,172
Harvey,8737,63
Harvey,5035,57
Harvey,5724,110
Harvey,3815,140
Harvey,3257,97
Harvey,4914,266
Harvey,2417,53
Harvey,2630,41
Harvey,6266,251
Harvey,3097,39
Harvey,6770,205
Harvey,12033,469
Harvey,4514,83
Harvey,4732,92
Harvey,6523,181
Harvey,7969,159
Harvey,2902,35
Harvey,4290,144
Harvey,6447,197
Harvey,3848,212
Harvey,2231,61
Harvey,4657,129
Harvey,4643,176
Harvey,7389,171
Harvey,2958,168
Harvey,6815,239
Harvey,5360,280
Harvey,1435,78
Harvey,5936,248
Harvey,3605,53
Harvey,4967,95
Harvey,7122,233
Harvey,11353,440
Harvey,10766,260
Harvey,9112,362
Harvey,8758,188
Harvey,5647,179
Harvey,5287,186
Harvey,9083,369
Harvey,8394,285
Harvey,6761,241
Harvey,2061,206
Harvey,9090,292
Harvey,3887,137
Harvey,10478,371
Harvey,3545,104
Harvey,5934,437
Harvey,2815,170
Harvey,7518,346
Harvey,4476,226
Harvey,4967,210
Harvey,5415,286
Harvey,5226,10
Harvey,2919,138
Harvey,6414,262
Harvey,2903,251
Harvey,5038,284
Harvey,4044,52
Harvey,5754,118
Harvey,4200,68
Harvey,3843,148
Harvey,4376,125
Harvey,4529,63
Harvey,5399,3
Harvey,5482,58
Harvey,7452,68
Harvey,6675,291
Harvey,6366,150
Harvey,3978,50
Harvey,2959,44
Harvey,4927,91
Harvey,4866,87
Harvey,6580,287
Harvey,8125,95
Harvey,7067,83
Harvey,3680,37
Harvey,4795,165
Harvey,6199,169
Harvey,4012,127
Harvey,7124,209
Harvey,3327,64
Harvey,10771,286
Harvey,4771,236
Harvey,3773,85
Harvey,5115,73
Harvey,3785,88
Harvey,4110,179
Harvey,8057,190
Harvey,5342,276
Harvey,4133,176
Harvey,5134,177
Harvey,9067,280
Harvey,6376,187
Harvey,3974,45
Harvey,3783,41
Harvey,4368,114
Harvey,3709,58
Harvey,1639,195
Harvey,3855,198
Harvey,6209,52
Harvey,9104,10
Harvey,2747,53
Harvey,2687,184
Harvey,13,19
Harvey,0,34
Harvey,5514,53
Harvey,2377,121
Harvey,6565,165
Harvey,2827,40
Harvey,2060,40
Harvey,3960,91
Harvey,2041,68
Harvey,3528,110
Harvey,3055,88
Harvey,3387,94
Harvey,2168,67
Harvey,5317,321
Harvey,5553,272
Harvey,4050,91
Harvey,1856,41
Harvey,4310,167
Harvey,3313,44
Harvey,2118,18
Harvey,5023,175
Harvey,2781,89
Harvey,5876,325
Harvey,6777,123
Harvey,4009,83
Harvey,568,22
Harvey,2997,72
Harvey,4389,97
Harvey,4383,107
Harvey,6339,116
Harvey,6810,130
Harvey,1876,32
Harvey,8430,247
Harvey,7484,150
Harvey,5207,109
Harvey,8871,206
Harvey,9238,122
Harvey,5548,130
Harvey,5843,312
Harvey,8741,92
Harvey,6476,74
Harvey,3270,84
Harvey,7022,320
Harvey,7234,111
Harvey,2316,11
Harvey,4179,163
Harvey,3644,39
Harvey,2426,28
Harvey,2055,74
Harvey,7781,307
Harvey,7292,73
Harvey,12013,83
Harvey,8188,276
Harvey,4153,150
Harvey,8656,276
Harvey,7640,58
Harvey,13896,317
Harvey,7430,247
Harvey,3648,142
Harvey,4689,104
Harvey,3384,244
Harvey,3539,153
Harvey,4038,141
Harvey,4538,176
Harvey,7594,170
Harvey,5832,193
Harvey,3676,91
Harvey,4293,90
Harvey,1186,0
Harvey,6949,259
Harvey,6627,120
Harvey,5998,138
Harvey,8365,273
Harvey,8291,109
Harvey,3136,95
Harvey,5822,164
Harvey,4339,223
Harvey,6546,270
Harvey,4617,133
Harvey,4611,216
Harvey,11370,503
Harvey,16616,405
Harvey,22489,512
Harvey,7818,207
Harvey,6879,63
Harvey,11864,75
Harvey,2466,42
Harvey,1755,54
Harvey,6473,96
Harvey,2327,42
Harvey,5527,43
Harvey,3319,27
Harvey,4496,80
Harvey,3350,42
Harvey,7278,81
Harvey,2554,96
Harvey,3959,107
Harvey,9412,154
Harvey,11011,331
Harvey,9617,201
Harvey,2728,198
Harvey,4664,193
Harvey,4511,169
Harvey,3246,53
Harvey,7408,73
Harvey,5169,83
Harvey,3983,55
Harvey,6520,86
Harvey,4924,141
Harvey,4893,96
Harvey,4718,64
Harvey,4330,38
Harvey,4796,161
Harvey,3993,103
Harvey,5345,98
Harvey,5747,135
Harvey,2410,51
Harvey,7568,192
Harvey,5461,53
Harvey,7369,95
Harvey,1893,56
Harvey,5662,79
Harvey,4245,130
Harvey,5493,197
Harvey,24521,253
Harvey,5841,340
Harvey,5299,464
Harvey,6803,64
Harvey,6149,172
Harvey,8107,237
Harvey,9537,293
Harvey,4504,494
Harvey,7363,70
Harvey,5319,38
Harvey,4083,79
Harvey,4089,59
Harvey,3609,64
Harvey,3640,48
Harvey,4420,67
Harvey,3590,116
Harvey,4974,34
Harvey,3883,52
Harvey,6993,222
Harvey,6348,103
Harvey,4507,240
Harvey,11308,162
Harvey,5772,190
Harvey,7590,101
Harvey,6745,162
Harvey,4569,139
Harvey,3215,188
Harvey,6012,222
Harvey,4287,72
Harvey,3543,134
Harvey,4365,173
Harvey,3302,67
Harvey,4995,132
Harvey,4595,121
Harvey,8041,117
Harvey,5646,137
Harvey,5637,82
Harvey,3778,84
Harvey,6346,77
Harvey,1112,20
Harvey,3675,73
Harvey,1891,85
Harvey,3510,186
Harvey,5584,441
Harvey,6414,220
Harvey,5442,161
Harvey,2537,79
Harvey,3664,59
Harvey,3536,49
Harvey,4617,76
Harvey,2999,45
Harvey,5319,55
Harvey,4543,49
Harvey,4070,50
Harvey,1859,115
Harvey,3177,45
Harvey,4940,62
Harvey,2588,27
Harvey,5931,117
Harvey,4699,42
Harvey,3005,17
Harvey,5242,107
Harvey,7283,225
Harvey,4164,99
Harvey,6203,126
Harvey,5762,277
Harvey,7801,91
Harvey,3696,55
Harvey,4407,148
Harvey,8911,166
Harvey,7459,199
Harvey,1849,85
Harvey,5230,61
Harvey,5415,287
Harvey,1960,29
Harvey,2796,140
Harvey,1953,115
Harvey,5665,230
Harvey,3151,187
Harvey,3145,42
Harvey,6689,171
Harvey,6665,282
Harvey,4336,225
Harvey,6073,91
Harvey,5449,90
Harvey,5790,73
Harvey,6468,184
Harvey,2801,52
Harvey,5310,109
Harvey,3735,206
Harvey,4199,178
Harvey,3218,157
Harvey,5360,48
Harvey,4214,74
Harvey,6202,95
Harvey,5883,96
Harvey,2350,114
Harvey,6152,168
Harvey,6155,134
Harvey,8910,208
Harvey,5442,132
Harvey,6560,124
Harvey,4318,119
Harvey,5473,71
Harvey,13714,80
Harvey,4053,137
Harvey,4172,148
Harvey,11498,421
Harvey,9256,457
Harvey,4085,176
Harvey,7741,140
Harvey,8061,312
Harvey,6811,396
Harvey,4647,147
Harvey,3449,176
Harvey,3774,208
Harvey,6288,195
Harvey,7468,244
Harvey,8305,307
Harvey,3563,157
Harvey,5155,116
Harvey,3228,206
Harvey,5209,213
Harvey,7963,187
Harvey,3409,212
Harvey,5945,438
Harvey,7984,674
Harvey,5899,390
Harvey,10293,203
Harvey,4949,268
Harvey,6005,66
Harvey,7440,185
Harvey,3767,98
Harvey,2837,76
Harvey,3250,61
Harvey,2350,76
Harvey,6271,103
Harvey,2219,35
Harvey,2303,140
Harvey,6653,165
Harvey,9087,22
Harvey,8800,138
Harvey,5588,74
Harvey,10861,237
Harvey,6991,86
Harvey,8030,57
Harvey,5247,55
Harvey,13329,190
Harvey,9887,118
Harvey,12023,149
Harvey,5133,57
Harvey,9111,83
Harvey,4340,339
Harvey,5201,476
Harvey,5645,67
Harvey,6130,210
Harvey,4277,164
Harvey,1314,63
Harvey,6440,92
Harvey,4509,162
Harvey,4757,116
Harvey,2961,99
Harvey,4846,133
Harvey,3938,133
Harvey,3829,100
Harvey,3631,86
Harvey,5621,142
Harvey,3107,112
Harvey,5342,119
Harvey,2149,65
Harvey,4552,93
Harvey,27645,749
Harvey,20730,737
Harvey,8493,3
Harvey,7639,231
Harvey,15733,124
Harvey,13811,184
Harvey,11442,157
Harvey,6982,123
Harvey,3178,104
Harvey,6537,111
Harvey,8792,178
Harvey,3972,189
Harvey,8597,138
Harvey,1328,128
Harvey,3028,90
Harvey,6643,166
Harvey,4126,186
Harvey,2939,60
Harvey,5061,68
Harvey,5378,141
Harvey,6388,204
Harvey,2185,113
Harvey,6547,72
Harvey,3068,76
Harvey,2117,48
Harvey,9403,87
Harvey,3134,138
Harvey,5347,50
Harvey,7696,27
Harvey,6889,428
Harvey,6605,203
Harvey,9816,188
Harvey,1887,100
Harvey,3678,50
Harvey,4439,64
Harvey,1667,44
Harvey,4895,92
Harvey,7594,181
Harvey,4493,63
Harvey,6452,221
Harvey,2542,98
Harvey,7119,69
Harvey,8611,82
Harvey,5081,192
Harvey,5337,90
Harvey,5946,88
Harvey,2606,160
Harvey,4743,26
Harvey,2601,161
Harvey,5295,160
Harvey,7471,154
Harvey,5852,91
Harvey,2063,40
Harvey,4992,104
Harvey,1785,62
Harvey,3858,272
Harvey,9271,448
Harvey,5739,138
Harvey,6403,444
Harvey,11660,336
Harvey,6372,389
Harvey,3666,141
Harvey,4855,213
Harvey,2877,276
Harvey,4265,128
Harvey,2428,123
Harvey,4597,122
Harvey,5656,174
Harvey,4831,97
Harvey,6820,149
Harvey,6414,169
Harvey,4438,258
Harvey,5059,182
Harvey,4136,218
Harvey,1961,73
Harvey,4539,111
Harvey,8253,115
Harvey,9232,354
Harvey,7340,71
Harvey,4604,77
Harvey,4436,137
Harvey,3804,160
Harvey,5931,217
Harvey,7160,98
Harvey,4217,130
Harvey,9029,295
Harvey,5422,207
Harvey,3066,74
Harvey,4468,187
Harvey,4267,277
Harvey,5793,195
Harvey,5124,193
Harvey,4357,206
Harvey,6446,275
Harvey,5272,196
Harvey,7844,214
Harvey,5953,176
Harvey,7470,291
Harvey,6353,289
Harvey,26455,479
Harvey,18730,710
Harvey,3909,265
Harvey,5427,294
Harvey,4079,151
Harvey,27285,500
Harvey,17979,641
Harvey,10988,361
Harvey,9343,527
Harvey,18944,449
Harvey,17188,382
Harvey,28891,1032
Harvey,9922,188
Harvey,4751,150
Harvey,6356,126
Harvey,4350,61
Harvey,4624,86
Harvey,9923,141
Harvey,9577,143
Harvey,6403,191
Harvey,4344,99
Harvey,4948,112
Harvey,3124,199
Harvey,5840,74
Harvey,11356,142
Harvey,5485,96
Harvey,4291,99
Harvey,8388,193
Harvey,3399,70
Harvey,5167,125
Harvey,5411,133
Harvey,7147,212
Harvey,3718,230
Harvey,10171,197
Harvey,6596,304
Harvey,12444,343
Harvey,5696,298
Harvey,7082,345
Harvey,3157,133
Harvey,3385,54
Harvey,2750,125
Harvey,3378,128
Harvey,6070,195
Harvey,3314,55
Harvey,2540,99
Harvey,5143,359
Harvey,2107,132
Harvey,3485,43
Harvey,2897,79
Harvey,0,1051
Harvey,3653,187
Harvey,3540,77
Harvey,10457,194
Harvey,0,41
Harvey,4691,51
Harvey,4386,85
Harvey,3734,187
Harvey,5422,177
Harvey,2635,76
Harvey,0,71
Harvey,3127,67
Harvey,7033,72
Harvey,3930,93
Harvey,3375,81
Harvey,4093,103
Harvey,6029,95
Harvey,1820,91
Harvey,6716,241
Harvey,8013,69
Harvey,3931,154
Harvey,8481,138
Harvey,4911,56
Harvey,5173,178
Harvey,9421,171
Harvey,2201,63
Harvey,3990,96
Harvey,2663,52
Harvey,11546,381
Harvey,2077,134
Harvey,2050,82
Harvey,7543,39
Harvey,1935,31
Harvey,4367,67
Harvey,5649,94
Harvey,4301,130
Harvey,3832,53
Harvey,3231,65
Harvey,4267,73
Harvey,6916,82
Harvey,2781,49
Harvey,2468,34
Harvey,5374,177
Harvey,5173,150
Harvey,2464,59
Harvey,3360,55
Harvey,1902,75
Harvey,2218,77
Harvey,1320,80
Harvey,2095,72
Harvey,3178,115
Harvey,1856,50
Harvey,5535,138
Harvey,6794,142
Harvey,4896,108
Harvey,1804,51
Harvey,3085,58
Harvey,2239,142
Harvey,3303,74
Harvey,2620,46
Harvey,6773,122
Harvey,4718,78
Harvey,5929,89
Harvey,4397,37
Harvey,3949,89
Harvey,7785,100
Harvey,1476,38
Harvey,2479,129
Harvey,1180,100
Harvey,8298,125
Harvey,2131,115
Harvey,3878,120
Harvey,1275,34
Harvey,11831,424
Harvey,8913,364
Harvey,7738,222
Harvey,18149,258
Harvey,26079,918
Harvey,4848,139
Harvey,5453,174
Harvey,21684,583
Harvey,3828,149
Harvey,5045,297
Harvey,35550,863
Harvey,15069,137
Harvey,4520,228
Harvey,15966,242
Harvey,10179,302
Harvey,7720,201
Harvey,6114,147
Harvey,4974,140
Harvey,13717,133
Harvey,9373,286
Harvey,4579,198
Harvey,9375,548
Harvey,16034,302
Harvey,5500,74
Harvey,2054,81
Harvey,2802,102
Harvey,3369,27
Harvey,4202,106
Harvey,4324,120
Harvey,2203,40
Harvey,5293,154
Harvey,2400,107
Harvey,4092,100
Harvey,8354,162
Harvey,4446,18
Harvey,10785,284
Harvey,10297,267
Harvey,5392,113
Harvey,2682,103
Harvey,9552,145
Harvey,5651,153
Harvey,7480,175
Harvey,8975,170
Harvey,7239,104
Harvey,5727,105
Harvey,2414,53
Harvey,9157,91
Harvey,13923,137
Harvey,12032,207
Harvey,10330,158
Harvey,4219,235
Harvey,9197,266
Harvey,10965,173
Harvey,10617,326
Harvey,8131,38
Harvey,8863,184
Harvey,4511,312
Harvey,5692,192
Harvey,8215,245
Harvey,5025,121
Harvey,11688,274
Harvey,8977,295
Harvey,8994,290
Harvey,11124,594
Harvey,1805,20
Harvey,8078,135
Harvey,7676,324
Harvey,8141,276
Harvey,3714,189
Harvey,12940,289
Harvey,8279,176
Harvey,5094,272
Harvey,2832,93
Harvey,2961,112
Harvey,4197,49
Harvey,2656,0
Harvey,9576,44
Harvey,5845,156
Harvey,6092,145
Harvey,10771,0
Harvey,6364,0
Harvey,3622,0
Harvey,1428,64
Harvey,2175,72
Harvey,5850,101
Harvey,5995,141
Harvey,4507,127
Harvey,4014,120
Harvey,1765,20
Harvey,1538,90
Harvey,4218,177
Harvey,8013,427
Harvey,5704,186
Harvey,4345,141
Harvey,4205,97
Harvey,3259,133
Harvey,4456,134
Harvey,2546,154
Harvey,3838,89
Harvey,5622,176
Harvey,1310,28
Harvey,2583,55
Harvey,4316,17
Harvey,2790,31
Harvey,8151,193
Harvey,7799,188
Harvey,2693,74
Harvey,2047,63
Harvey,2392,101
Harvey,9953,121
Harvey,3513,67
Harvey,8037,246
Harvey,2397,51
Harvey,4582,55
Harvey,5754,66
Harvey,5304,71
Harvey,4049,166
Harvey,2536,50
Harvey,4381,119
Harvey,5370,99
Harvey,4477,76
Harvey,6345,63
Harvey,4461,113
Harvey,5001,117
Harvey,6103,91
Harvey,2972,84
Harvey,8234,152
Harvey,6311,162
Harvey,4357,149
Harvey,6142,196
Harvey,4911,153
Harvey,4402,175
Harvey,4582,126
Harvey,4195,271
Harvey,4257,167
Harvey,6305,169
Harvey,5677,166
Harvey,2155,78
Harvey,4517,154
Harvey,4203,96
Harvey,4413,113
Harvey,4776,125
Harvey,9656,285
Harvey,2441,96
Harvey,7613,181
Harvey,1351,41
Harvey,6674,174
Harvey,4329,113
Harvey,7626,407
Harvey,3974,72
Harvey,6475,62
Harvey,2764,27
Harvey,2134,96
Harvey,2470,199
Harvey,5659,314
Harvey,4987,190
Harvey,9178,109
Harvey,3032,163
Harvey,4416,284
Harvey,5416,245
Harvey,5501,157
Harvey,1889,2
Harvey,2512,128
Harvey,1969,97
Harvey,5754,204
Harvey,7109,46
Harvey,3285,55
Harvey,5269,30
Harvey,3848,346
Harvey,1546,37
Harvey,1052,94
Harvey,1901,157
Harvey,2786,159
Harvey,1217,70
Harvey,4480,98
Harvey,2451,57
Harvey,6864,218
Harvey,8368,262
Harvey,8703,25
Harvey,2213,77
Harvey,4336,116
Harvey,2398,68
Harvey,5757,92
Harvey,1966,20
Harvey,2742,124
Harvey,5348,124
Harvey,4013,232
Harvey,5678,282
Harvey,2726,101
Harvey,4145,11
Harvey,2148,70
Harvey,5796,185
Harvey,11162,283
Harvey,1171,58
Harvey,4242,98
Harvey,8109,323
Harvey,2763,63
Harvey,2525,84
Harvey,1465,151
Harvey,5926,163
Harvey,3752,88
Harvey,4120,60
Harvey,3518,68
Harvey,3390,142
Harvey,3401,89
Harvey,20191,361
Harvey,0,12
Harvey,9246,598
Harvey,2715,193
Harvey,3754,50
Harvey,3708,83
Harvey,2688,107
Harvey,6137,184
Harvey,10628,170
Harvey,25740,629
Harvey,16690,280
Harvey,14366,362
Harvey,7768,333
Harvey,17355,163
Harvey,5133,122
Harvey,5814,106
Harvey,9524,36
Harvey,4738,73
Harvey,5398,80
Harvey,4383,151
Harvey,6383,84
Harvey,3983,196
Harvey,8641,61
Harvey,7698,193
Harvey,4532,40
Harvey,2251,93
Harvey,1794,104
Harvey,2056,32
Harvey,5006,102
Harvey,2264,34
Harvey,3741,54
Harvey,7175,191
Harvey,2246,23
Harvey,6035,220
Harvey,2734,70
Harvey,3097,147
Harvey,2811,73
Harvey,3985,110
Harvey,3450,45
Harvey,13007,370
Harvey,4420,343
Harvey,4726,375
Harvey,8423,444
Harvey,4614,149
Harvey,6588,168
Harvey,10037,175
Harvey,4531,118
Harvey,2806,35
Harvey,1261,41
Harvey,3631,66
Harvey,4889,133
Harvey,4946,71
Harvey,4003,80
Harvey,4885,104
Harvey,7331,365
Harvey,6287,231
Harvey,4540,69
Harvey,6987,48
Harvey,4245,80
Harvey,4092,120
Harvey,6595,580
Harvey,3180,100
Harvey,2074,82
Harvey,4525,436
Harvey,4058,87
Harvey,8577,295
Harvey,3965,161
Harvey,3311,46
Harvey,6370,164
Harvey,3998,76
Harvey,11202,60
Harvey,3606,108
Harvey,2120,86
Harvey,3745,133
Harvey,3456,59
Harvey,3467,133
Harvey,4536,168
Harvey,4240,57
Harvey,2474,68
Harvey,2376,92
Harvey,5612,156
Harvey,4229,96
Harvey,4342,163
Harvey,3361,174
Harvey,7099,86
Harvey,5029,173
Harvey,2619,77
Harvey,5269,180
Harvey,37,86
Harvey,6021,168
Harvey,4926,89
Harvey,4126,60
Harvey,7644,118
Harvey,14644,184
Harvey,5452,105
Harvey,6991,65
Harvey,4382,68
Harvey,6046,45
Harvey,7599,106
Harvey,11643,135
Harvey,5498,64
Harvey,14337,33
Harvey,6717,192
Harvey,9296,154
Harvey,6076,84
Harvey,4307,19
Harvey,8967,126
Harvey,6480,147
Harvey,3558,83
Harvey,0,76
Harvey,4802,102
Harvey,3540,86
Harvey,7584,115
Harvey,4589,406
Harvey,7662,272
Harvey,6436,213
Harvey,13619,773
Harvey,8150,434
Harvey,2549,130
Harvey,5079,86
Harvey,4284,67
Harvey,7217,132
Harvey,1920,41
Harvey,3889,66
Harvey,4649,74
Harvey,3911,43
Harvey,3374,81
Harvey,3496,50
Harvey,2623,71
Harvey,2088,79
Harvey,3598,70
Harvey,11351,95
Harvey,4360,110
Harvey,0,198
Harvey,3262,84
Harvey,3250,91
Irma,2812,43
Irma,4709,148
Irma,5005,121
Irma,6754,64
Irma,3021,77
Irma,2599,12
Irma,2079,46
Irma,0,2
Irma,0,0
Irma,4215,94
Irma,7032,169
Irma,4019,96
Irma,5477,104
Irma,3916,115
Irma,4673,88
Irma,8212,246
Irma,3385,66
Irma,3496,148
Irma,7173,87
Irma,6009,126
Irma,6089,75
Irma,7535,155
Irma,3926,125
Irma,3271,43
Irma,3158,83
Irma,3034,182
Irma,8319,285
Irma,810,16
Irma,7933,323
Irma,3532,73
Irma,8088,208
Irma,5120,219
Irma,4661,114
Irma,4700,22
Irma,7707,203
Irma,9812,145
Irma,4715,214
Irma,5767,277
Irma,2567,84
Irma,7787,125
Irma,3533,147
Irma,10983,108
Irma,3679,105
Irma,6346,205
Irma,6336,89
Irma,5080,83
Irma,4339,120
Irma,3163,232
Irma,5428,205
Irma,5767,298
Irma,7099,156
Irma,3990,309
Irma,5337,146
Irma,12318,363
Irma,7997,229
Irma,3412,238
Irma,6932,197
Irma,8879,220
Irma,7651,197
Irma,3960,143
Irma,6656,73
Irma,2583,205
Irma,2724,135
Irma,7540,257
Irma,5245,189
Irma,1656,49
Irma,3777,137
Irma,7877,91
Irma,10668,235
Irma,6430,258
Irma,3190,159
Irma,5370,108
Irma,6886,281
Irma,2914,21
Irma,6040,290
Irma,5202,69
Irma,3407,128
Irma,5232,120
Irma,5189,256
Irma,7657,140
Irma,3824,145
Irma,8439,213
Irma,8075,250
Irma,4983,86
Irma,5495,14
Irma,8072,285
Irma,3417,186
Irma,4118,87
Irma,2493,310
Irma,7354,206
Irma,1255,39
Irma,3603,104
Irma,6835,101
Irma,1502,71
Irma,3718,242
Irma,4664,59
Irma,4622,189
Irma,3021,66
Irma,5623,40
Irma,3415,83
Irma,4888,14
Irma,4264,107
Irma,2327,147
Irma,8571,224
Irma,1472,68
Irma,6686,170
Irma,807,14
Irma,2455,19
Irma,2556,112
Irma,1788,28
Irma,7086,176
Irma,3422,59
Irma,4205,71
Irma,2575,61
Irma,4469,99
Irma,5418,90
Irma,6545,115
Irma,7577,275
Irma,11991,573
Irma,3462,120
Irma,4591,92
Irma,2542,179
Irma,1947,72
Irma,5674,144
Irma,3232,25
Irma,3570,155
Irma,11951,406
Irma,3014,201
Irma,4440,206
Irma,2920,42
Irma,195,22
Irma,5545,102
Irma,5708,91
Irma,3872,193
Irma,3451,150
Irma,2886,101
Irma,6325,294
Irma,872,175
Irma,2343,89
Irma,4812,154
Irma,1904,65
Irma,2654,64
Irma,3419,57
Irma,3288,87
Irma,4900,167
Irma,6200,175
Irma,2052,114
Irma,7966,215
Irma,4561,129
Irma,5031,218
Irma,8266,196
Irma,6859,208
Irma,10221,199
Irma,4308,225
Irma,4747,158
Irma,11573,455
Irma,8028,234
Irma,8057,223
Irma,20123,206
Irma,5535,248
Irma,5278,142
Irma,5441,173
Irma,3478,103
Irma,4867,72
Irma,9353,334
Irma,4762,114
Irma,5396,266
Irma,7155,187
Irma,3544,217
Irma,4280,121
Irma,4926,149
Irma,4362,81
Irma,4296,134
Irma,3245,115
Irma,4893,123
Irma,6524,213
Irma,4125,145
Irma,3672,143
Irma,6275,110
Irma,2165,119
Irma,7042,165
Irma,2643,57
Irma,2550,109
Irma,5006,60
Irma,5717,225
Irma,9069,97
Irma,6256,138
Irma,6505,69
Irma,5703,148
Irma,5161,192
Irma,4963,63
Irma,3355,149
Irma,2442,83
Irma,3604,87
Irma,2418,44
Irma,1727,79
Irma,5431,91
Irma,19398,280
Irma,9857,278
Irma,15101,173
Irma,5079,107
Irma,7871,86
Irma,7009,92
Irma,4904,39
Irma,6851,269
Irma,5512,205
Irma,5311,120
Irma,7219,158
Irma,3818,85
Irma,4445,86
Irma,6644,117
Irma,8850,106
Irma,24985,18
Irma,9548,148
Irma,29497,3071
Irma,2206,63
Irma,7649,250
Irma,1218,85
Irma,31263,345
Irma,8118,743
Irma,11141,450
Irma,10899,298
Irma,3378,90
Irma,5230,190
Irma,7130,317
Irma,8562,201
Irma,5590,160
Irma,3575,104
Irma,1963,92
Irma,2450,68
Irma,3587,100
Irma,2882,76
Irma,1442,45
Irma,2065,67
Irma,1844,87
Irma,1061,59
Irma,3012,141
Irma,7679,82
Irma,5610,133
Irma,4123,167
Irma,2317,57
Irma,3739,133
Irma,2085,114
Irma,3713,127
Irma,2552,97
Irma,4539,180
Irma,13662,307
Irma,3369,108
Irma,0,36
Irma,0,4
Irma,0,3
Irma,2263,100
Irma,4126,188
Irma,4816,118
Irma,4732,110
Irma,2804,110
Irma,3848,98
Irma,3029,80
Irma,4574,87
Irma,5598,133
Irma,4667,111
Irma,4800,132
Irma,10612,384
Irma,1515,67
Irma,14266,407
Irma,7266,72
Irma,10425,371
Irma,5926,175
Irma,4738,160
Irma,6972,176
Irma,6999,222
Irma,4249,3
Irma,2082,129
Irma,13074,246
Irma,6300,313
Irma,5155,229
Irma,3560,120
Irma,4806,105
Irma,3948,285
Irma,6550,223
Irma,0,6
Irma,0,1
Irma,4456,200
Irma,2099,73
Irma,5674,265
Irma,6364,239
Irma,5802,296
Irma,2757,129
Irma,1156,72
Irma,2740,42
Irma,4904,163
Irma,6535,138
Irma,4864,256
Irma,3665,111
Irma,7403,388
Irma,8437,66
Irma,5156,154
Irma,5700,181
Irma,4258,198
Irma,6102,139
Irma,5715,168
Irma,8699,241
Irma,8902,230
Irma,6155,159
Irma,4737,98
Irma,7769,104
Irma,5858,55
Irma,7548,95
Irma,6580,49
Irma,6409,110
Irma,3829,54
Irma,2497,142
Irma,6650,71
Irma,4135,40
Irma,6935,138
Irma,6294,82
Irma,5476,107
Irma,7117,115
Irma,837,74
Irma,2705,114
Irma,5101,157
Irma,5730,161
Irma,6046,45
Irma,10046,166
Irma,2691,111
Irma,3276,134
Irma,5418,76
Irma,2886,125
Irma,4559,101
Irma,9438,196
Irma,6367,37
Irma,3784,168
Irma,4344,114
Irma,4986,109
Irma,1080,20
Irma,2563,131
Irma,4456,64
Irma,2660,104
Irma,1694,77
Irma,5726,89
Irma,6920,359
Irma,3926,350
Irma,7858,43
Irma,3498,106
Irma,2955,134
Irma,6232,95
Irma,5645,205
Irma,10715,191
Irma,4293,92
Irma,2766,63
Irma,2640,79
Irma,3791,97
Irma,4690,96
Irma,5217,113
Irma,4926,110
Irma,6182,116
Irma,3773,108
Irma,2735,97
Irma,4688,183
Irma,4515,90
Irma,3598,137
Irma,2662,105
Irma,2629,226
Irma,3568,217
Irma,5622,105
Irma,7236,111
Irma,3221,83
Irma,5729,190
Irma,4338,88
Irma,2092,75
Irma,2779,44
Irma,3169,117
Irma,4553,121
Irma,2129,82
Irma,5690,89
Irma,3350,104
Irma,2595,60
Irma,1386,145
Irma,3254,77
Irma,7650,153
Irma,8790,420
Irma,1408,66
Irma,2476,61
Irma,5138,117
Irma,6073,186
Irma,1687,54
Irma,3943,108
Irma,4453,110
Irma,3941,151
Irma,7443,239
Irma,4795,74
Irma,3943,131
Irma,3100,129
Irma,1014,43
Irma,3651,107
Irma,15938,116
Irma,22583,542
Irma,5222,414
Irma,6088,208
Irma,5227,158
Irma,3505,230
Irma,3393,68
Irma,2631,16
Irma,4350,95
Irma,1283,208
Irma,2964,192
Irma,2549,251
Irma,1668,41
Irma,2890,150
Irma,2765,74
Irma,1515,130
Irma,3559,107
Irma,3886,127
Irma,4649,71
Irma,5133,165
Irma,3496,78
Irma,4519,160
Irma,7522,351
Irma,4544,196
Irma,6571,100
Irma,4197,63
Irma,4954,50
Irma,6545,43
Irma,3873,64
Irma,5241,73
Irma,4674,58
Irma,4536,79
Irma,5681,53
Irma,4995,51
Irma,7164,114
Irma,4444,66
Irma,5418,159
Irma,4908,48
Irma,4676,80
Irma,4896,153
Irma,6005,74
Irma,4509,101
Irma,6678,65
Irma,6687,129
Irma,5394,140
Irma,6236,99
Irma,6775,256
Irma,0,11
Irma,0,17
Irma,0,11
Irma,81,25
Irma,9067,265
Irma,12187,313
Irma,4143,262
Irma,4515,531
Irma,4563,188
Irma,6491,200
Irma,4122,107
Irma,7959,243
Irma,12294,245
Irma,3088,77
Irma,6265,230
Irma,2294,102
Irma,7297,224
Irma,2415,95
Irma,2257,71
Irma,5881,211
Irma,4886,222
Irma,1353,51
Irma,2422,80
Irma,5015,180
Irma,2235,69
Irma,2157,74
Irma,3413,99
Irma,4650,158
Irma,5399,74
Irma,5501,84
Irma,6332,149
Irma,7541,176
Irma,3444,58
Irma,3924,53
Irma,5075,87
Irma,6941,139
Irma,5124,73
Irma,1632,57
Irma,3672,39
Irma,7268,11
Irma,4762,145
Irma,2464,133
Irma,6369,292
Irma,3179,91
Irma,5608,180
Irma,6308,87
Irma,5766,202
Irma,4136,86
Irma,7397,322
Irma,2787,161
Irma,4441,113
Irma,8373,129
Irma,16751,111
Irma,14535,203
Irma,4311,119
Irma,4268,143
Irma,4730,102
Irma,5695,143
Irma,8181,247
Irma,4074,112
Irma,8512,129
Irma,6975,148
Irma,3654,94
Irma,2171,102
Irma,1693,85
Irma,4765,91
Irma,2561,146
Irma,4571,193
Irma,4620,138
Irma,4178,193
Irma,5269,109
Irma,2983,119
Irma,4383,105
Irma,3088,101
Irma,3972,127
Irma,4928,171
Irma,2910,169
Irma,3830,134
Irma,5570,149
Irma,3206,113
Irma,4192,144
Irma,3343,158
Irma,4920,231
Irma,3460,64
Irma,1526,57
Irma,4295,129
Irma,2075,118
Irma,3617,92
Irma,8255,273
Irma,1856,179
Irma,10326,194
Irma,8826,159
Irma,1918,179
Irma,7249,225
Irma,3252,113
Irma,3549,171
Irma,3594,111
Irma,6390,164
Irma,7079,149
Irma,1857,11
Irma,8582,149
Irma,1442,180
Irma,4516,97
Irma,3958,198
Irma,6196,204
Irma,4322,282
Irma,4036,107
Irma,1051,193
Irma,965,78
Irma,3836,79
Irma,1129,98
Irma,3057,98
Irma,3043,127
Irma,10939,216
Irma,2251,86
Irma,2596,16
Irma,3228,124
Irma,5524,73
Irma,4593,102
Irma,6970,224
Irma,0,1
Irma,11362,310
Irma,5739,251
Irma,6929,227
Irma,3100,142
Irma,9555,231
Irma,8710,345
Irma,8182,233
Irma,3772,156
Irma,4791,65
Irma,3295,80
Irma,3750,48
Irma,2260,140
Irma,6149,172
Irma,2062,50
Irma,3443,58
Irma,4596,35
Irma,9371,174
Irma,7093,66
Irma,6576,239
Irma,7360,166
Irma,2774,89
Irma,5995,204
Irma,7073,154
Irma,6651,18
Irma,10328,140
Irma,6895,100
Irma,5715,193
Irma,6364,107
Irma,12858,250
Irma,3090,173
Irma,5108,88
Irma,9537,117
Irma,4440,107
Irma,2816,128
Irma,2319,289
Irma,6627,92
Irma,4674,173
Irma,5796,94
Irma,6975,98
Irma,5522,241
Irma,10592,109
Irma,3113,177
Irma,5286,166
Irma,4711,204
Irma,3758,71
Irma,6617,168
Irma,8129,233
Irma,5042,145
Irma,4046,123
Irma,6392,161
Irma,4124,94
Irma,4217,115
Irma,3574,48
Irma,7367,86
Irma,10232,166
Irma,2872,128
Irma,2754,59
Irma,6120,185
Irma,6812,150
Irma,4907,131
Irma,4214,51
Irma,5342,98
Irma,6818,172
Irma,7258,126
Irma,8504,238
Irma,15448,391
Irma,4960,122
Irma,9870,209
Irma,6882,117
Irma,6716,201
Irma,6855,84
Irma,6255,124
Irma,3408,55
Irma,5877,210
Irma,7973,228
Irma,3092,63
Irma,2964,27
Irma,6132,94
Irma,2801,116
Irma,5375,178
Irma,2786,213
Irma,1783,50
Irma,3403,189
Irma,6059,123
Irma,3664,57
Irma,6009,125
Irma,4414,140
Irma,5660,126
Irma,2793,79
Irma,2826,59
Irma,4494,118
Irma,4464,34
Irma,3668,203
Irma,3538,142
Irma,5407,61
Irma,1891,27
Irma,5452,126
Irma,4011,78
Irma,3632,115
Irma,2042,66
Irma,3787,70
Irma,997,95
Irma,2153,124
Irma,1461,99
Irma,6860,219
Irma,5480,240
Irma,2270,41
Irma,2792,90
Irma,2261,22
Irma,2078,67
Irma,4096,144
Irma,4555,71
Irma,5931,101
Irma,6361,46
Irma,6624,174
Irma,6533,131
Irma,5859,110
Irma,8215,32
Irma,8288,224
Irma,13940,78
Irma,6546,383
Irma,3462,65
Irma,8331,160
Irma,10100,252
Irma,5819,121
Irma,4557,65
Irma,1668,58
Irma,2582,41
Irma,2193,103
Irma,2094,80
Irma,3914,140
Irma,5199,491
Irma,2605,349
Irma,4752,42
Irma,3624,116
Irma,2865,99
Irma,6712,77
Irma,2681,97
Irma,4978,178
Irma,4042,141
Irma,7257,155
Irma,8646,141
Irma,7111,136
Irma,3460,86
Irma,1903,61
Irma,10347,150
Irma,3323,68
Irma,1817,55
Irma,2990,48
Irma,4924,86
Irma,880,48
Irma,4083,126
Irma,5698,157
Irma,4613,139
Irma,2751,127
Irma,4305,208
Irma,5902,171
Irma,3632,163
Irma,2759,49
Irma,3317,63
Irma,2322,45
Irma,0,59
Irma,0,0
Irma,0,0
Irma,2840,62
Irma,2473,80
Irma,1557,1
Irma,1227,69
Irma,2349,34
Irma,2263,67
Irma,2082,82
Irma,3438,55
Irma,2792,24
Irma,2061,70
Irma,2339,96
Irma,2576,57
Irma,2209,86
Irma,2634,69
Irma,1961,70
Irma,3007,104
Irma,2766,76
Irma,1548,57
Irma,4320,119
Irma,1866,105
Irma,2362,64
Irma,2941,76
Irma,2936,89
Irma,3497,122
Irma,3074,145
Irma,5245,85
Irma,2638,133
Irma,5024,98
Irma,3077,110
Irma,3672,76
Irma,2444,141
Irma,2625,88
Irma,5406,177
Irma,2784,81
Irma,3865,82
Irma,5968,165
Irma,6247,118
Irma,11516,430
Irma,11928,388
Irma,4331,300
Irma,4861,256
Irma,3445,121
Irma,2809,86
Irma,1599,52
Irma,2576,88
Irma,1451,169
Irma,6778,194
Irma,1792,59
Irma,949,95
Irma,7257,123
Irma,3445,234
Irma,2767,134
Irma,3768,165
Irma,4039,144
Irma,1664,40
Irma,7360,160
Irma,6082,25
Irma,8099,260
Irma,3299,146
Irma,1606,312
Irma,2246,208
Irma,1652,65
Irma,4026,246
Irma,8279,95
Irma,4981,46
Irma,7148,149
Irma,2317,167
Irma,3823,136
Irma,3641,76
Irma,6385,105
Irma,1831,63
Irma,4705,210
Irma,2068,65
Irma,7992,165
Irma,13152,266
Irma,4618,142
Irma,5522,201
Irma,7580,148
Irma,2570,292
Irma,5063,122
Irma,1366,29
Irma,2786,86
Irma,3493,139
Irma,1240,207
Irma,10982,2488
Irma,6318,27
Irma,4288,309
Irma,7881,700
Irma,9874,356
Irma,14259,223
Irma,4335,180
Irma,15566,310
Irma,10325,295
Irma,1530,66
Irma,4823,131
Irma,4539,105
Irma,3818,125
Irma,3460,115
Irma,2472,106
Irma,2794,136
Irma,2955,69
Irma,5240,107
Irma,5135,234
Irma,2251,56
Irma,6501,128
Irma,2670,103
Irma,5783,105
Irma,2175,85
Irma,3822,63
Irma,2401,58
Irma,2687,82
Irma,2346,36
Irma,2540,40
Irma,5263,87
Irma,8962,287
Irma,4378,180
Irma,3238,106
Irma,4584,104
Irma,4793,239
Irma,1331,47
Irma,9885,2390
Irma,4820,89
Irma,4153,72
Irma,4358,107
Irma,932,41
Irma,2132,74
Irma,4045,138
Irma,3388,102
Irma,1976,345
Irma,5410,152
Irma,7228,273
Irma,7091,119
Irma,6586,172
Irma,5845,238
Irma,11706,171
Irma,4968,104
Irma,4978,153
Irma,3381,26
Irma,3479,79
Irma,6318,206
Irma,3966,111
Irma,3865,94
Irma,3475,36
Irma,3314,125
Irma,3962,44
Irma,3280,112
Irma,5829,8
Irma,3001,129
Irma,6765,236
Irma,6291,103
Irma,6590,296
Irma,3846,132
Irma,0,1
Irma,5544,334
Irma,3860,113
Irma,20669,262
Irma,8849,476
Irma,19039,416
Irma,3329,243
Irma,4563,167
Irma,8051,325
Irma,14262,330
Irma,12516,282
Irma,4273,174
Irma,7252,188
Irma,3904,306
Irma,2001,47
Irma,7775,185
Irma,365,56
Irma,1372,162
Irma,1386,111
Irma,1550,77
Irma,2509,70
Irma,1972,29
Irma,1588,7
Irma,4623,105
Irma,4347,166
Irma,4408,122
Irma,2369,125
Irma,4288,139
Irma,2128,112
Irma,3013,130
Irma,1028,51
Irma,2956,86
Irma,1707,118
Irma,1595,108
Irma,2783,123
Irma,1563,143
Irma,2615,130
Irma,5320,145
Irma,2626,123
Irma,2411,63
Irma,2904,97
Irma,1888,64
Irma,3046,186
Irma,3254,133
Irma,2983,84
Irma,2491,110
Irma,4104,89
Irma,1790,150
Irma,3690,115
Irma,3740,154
Irma,1213,311
Irma,1500,136
Irma,8333,117
Irma,4784,276
Irma,2175,164
Irma,2595,89
Irma,4135,80
Irma,7539,105
Irma,3301,50
Irma,2489,46
Irma,4534,119
Irma,4403,103
Irma,2804,279
Irma,4973,158
Irma,9267,348
Irma,1137,38
Irma,4025,76
Irma,3362,148
Irma,2995,107
Irma,4269,51
Irma,11587,22
Irma,6355,99
Irma,4799,216
Irma,2655,99
Irma,2825,60
Irma,5268,60
Irma,4896,68
Irma,5546,86
Irma,9106,188
Irma,5687,142
Irma,1840,37
Irma,6746,77
Irma,6159,238
Irma,5857,105
Irma,3858,58
Irma,5715,158
Irma,3832,640
Irma,2148,61
Irma,2610,62
Irma,4609,114
Irma,3143,71
Irma,4786,136
Irma,1451,17
Irma,0,1
Irma,3437,29
Irma,1637,55
Irma,4572,152
Irma,2903,8
Irma,2222,116
Irma,2345,88
Irma,4506,80
Irma,2946,90
Irma,3487,285
Irma,4460,248
Irma,5094,122
Irma,6769,261
Irma,9120,222
Irma,7267,128
Irma,5023,108
Irma,9219,144
Irma,3385,101
Irma,4917,144
Irma,2701,55
Irma,6639,73
Irma,3779,62
Irma,3362,61
Irma,3659,84
Irma,5346,70
Irma,4343,100
Irma,2371,73
Irma,5850,38
Irma,8295,167
Irma,7700,268
Irma,4451,71
Irma,3144,113
Irma,2156,165
Irma,4319,109
Irma,2708,58
Irma,4028,97
Irma,5088,135
Irma,4250,168
Irma,18939,466
Irma,5564,156
Irma,6568,197
Irma,4782,283
Irma,7688,247
Irma,3980,246
Irma,6716,408
Irma,3095,107
Irma,2543,77
Irma,5810,153
Irma,3013,101
Irma,2512,76
Irma,6525,77
Irma,2458,66
Irma,3300,50
Irma,3119,252
Irma,7042,117
Irma,3119,57
Irma,7569,119
Irma,2507,0
Irma,1695,0
Irma,3758,0
Irma,1104,0
Irma,3218,0
Irma,927,102
Irma,4843,0
Irma,3762,10
Irma,6237,0
Irma,4855,72
Irma,4519,104
Irma,3009,119
Irma,3732,111
Irma,3077,192
Irma,5432,112
Irma,5031,224
Irma,7412,237
Irma,5944,291
Irma,6883,158
Irma,3607,82
Irma,2178,73
Irma,5262,126
Irma,3607,71
Irma,4309,76
Irma,2832,90
Irma,3058,57
Irma,4643,109
Irma,5383,76
Irma,3841,78
Irma,2450,78
Irma,2323,66
Irma,5711,48
Irma,3942,72
Irma,4062,191
Irma,5990,149
Irma,4562,356
Irma,2655,58
Irma,6441,111
Irma,6333,81
Irma,4893,73
Irma,7504,119
Irma,2851,175
Irma,5082,154
Irma,4469,132
Irma,10608,173
Irma,3699,115
Irma,2915,64
Irma,2919,49
Irma,3224,34
Irma,3474,35
Irma,6623,157
Irma,1040,45
Irma,2311,119
Irma,8219,91
Irma,3474,72
Irma,3550,74
Irma,2638,79
Irma,3656,166
Irma,2050,105
Irma,2101,107
Irma,4728,20
Irma,5611,301
Irma,6107,265
Irma,0,34
Irma,6964,189
Irma,4080,75
Irma,4071,227
Irma,5289,208
Irma,6182,347
Irma,10002,204
Irma,8779,384
Irma,6413,374
Irma,4326,32
Irma,4504,179
Irma,4769,274
Irma,7435,254
Irma,8093,427
Irma,4297,25
Irma,3023,65
Irma,2540,336
Irma,6152,79
Irma,2295,63
Irma,6391,295
Irma,3181,77
Irma,2809,66
Irma,7740,129
Irma,2768,33
Irma,4160,72
Irma,1956,75
Irma,10300,23
Irma,3667,169
Irma,1759,93
Irma,3978,183
Irma,3866,200
Irma,5967,132
Irma,5510,300
Irma,12535,554
Irma,3919,599
Irma,10535,1298
Irma,0,349
Irma,4446,174
Irma,2576,85
Irma,2110,96
Irma,3321,145
Irma,4294,95
Irma,1759,40
Irma,2935,85
Irma,1990,56
Irma,1494,102
Irma,1254,51
Irma,2576,61
Irma,7686,319
Irma,11295,288
Irma,2561,135
Irma,1728,137
Irma,3479,93
Irma,3754,149
Irma,3006,67
Irma,766,4
Irma,1883,74
Irma,2385,254
Irma,3969,67
Irma,3230,139
Irma,1940,111
Irma,2854,259
Irma,2464,14
Irma,2375,167
Irma,2692,81
Irma,3914,204
Irma,4959,162
Irma,5529,101
Irma,6855,291
Irma,5032,57
Irma,3080,148
Irma,3919,130
Irma,3610,111
Irma,2954,31
Irma,8412,89
Irma,13562,622
Irma,6610,28
Irma,5896,230
Irma,8361,1
Irma,2903,51
Irma,4963,254
Irma,3726,55
Irma,3972,69
Irma,4213,426
Irma,4673,140
Irma,3171,73
Irma,2109,182
Irma,4068,188
Irma,4025,154
Irma,923,41
Irma,1543,31
Irma,5738,247
Irma,7078,92
Irma,3109,72
Irma,5385,134
Irma,2329,67
Irma,5530,174
Irma,7657,103
Irma,8344,83
Irma,6710,149
Irma,5351,93
Irma,5633,119
Irma,4038,54
Irma,6672,124
Irma,4396,100
Irma,5056,155
Irma,7966,147
Irma,2713,19
Irma,7012,104
Irma,2190,47
Irma,7936,154
Irma,5704,126
Irma,5229,124
Irma,5571,67
Irma,6022,118
Irma,3029,23
Irma,3825,300
Irma,7185,84
Irma,6990,190
Irma,4449,122
Irma,10714,226
Irma,1752,37
Irma,5530,184
Irma,9590,155
Irma,6146,198
Irma,6588,122
Irma,5810,145
Irma,8155,178
Irma,4360,175
Irma,2398,327
Irma,1822,70
Irma,2613,48
Irma,4897,74
Irma,4250,147
Irma,3422,13
Irma,4205,105
Irma,6032,125
Irma,3300,37
Irma,2716,72
Irma,3153,109
Irma,7354,210
Irma,5184,130
Irma,5238,101
Irma,2249,151
Irma,1374,41
Irma,2255,78
Irma,4556,207
Irma,8124,290
Irma,6221,191
Irma,4404,47
Irma,5770,107
Irma,1561,89
Irma,3666,65
Irma,2711,74
Irma,2258,63
Irma,3290,200
Irma,7646,137
Irma,6566,104
Irma,3047,98
Irma,4908,124
Irma,7243,89
Irma,6675,139
Irma,6157,159
Irma,2949,114
Irma,3175,109
Irma,2457,62
Irma,5865,108
Irma,4775,77
Irma,3893,51
Irma,4117,74
Irma,3014,57
Irma,3244,68
Irma,3776,73
Irma,5786,136
Irma,4916,231
Irma,5712,201
Irma,5848,167
Irma,5938,90
Irma,5583,183
Irma,6462,122
Irma,0,13
Irma,8162,110
Irma,5413,143
Irma,5015,144
Irma,6080,159
Irma,5968,64
Irma,2599,103
Irma,1792,49
Irma,4163,43
Irma,6933,104
Irma,7025,176
Irma,1083,50
Irma,5905,37
Irma,6158,138
Irma,4174,1
Irma,4591,228
Irma,3285,255
Irma,2438,97
Irma,5980,58
Irma,1353,16
Irma,8614,304
Irma,5487,26
Irma,3930,95
Irma,3733,29
Irma,4416,91
Irma,6874,138
Irma,13221,258
Irma,10824,321
Irma,6054,197
Irma,3806,118
Irma,6682,54
Irma,8105,81
Irma,0,54
Irma,0,33
Irma,3585,56
Irma,1271,99
Irma,6141,144
Irma,3551,109
Irma,2308,277
Irma,5740,0
Irma,3720,0
Irma,3184,0
Irma,2522,0
Irma,2083,0
Irma,1394,0
Irma,1567,84
Irma,2435,156
Irma,5918,87
Irma,4854,61
Irma,4078,103
Irma,1169,115
Irma,3311,94
Irma,3557,202
Irma,3975,157
Irma,1447,41
Irma,3546,32
Irma,2918,140
Irma,5461,197
Irma,1631,92
Irma,3663,67
Irma,8383,82
Irma,7239,48
Irma,8014,195
Irma,7390,123
Irma,9157,503
Irma,4491,223
Irma,8235,355
Irma,9270,8
Irma,0,59
Irma,0,0
Irma,0,1
Irma,3474,112
Irma,1574,130
Irma,8471,258
Irma,4483,3176
Irma,5481,123
Irma,2564,110
Irma,6467,112
Irma,3882,127
Irma,6597,133
Irma,4902,116
Irma,2838,82
Irma,4780,162
Irma,5050,190
Irma,6580,229
Irma,8034,180
Irma,3420,106
Irma,7823,141
Irma,3589,142
Irma,6344,280
Irma,5752,202
Irma,4896,314
Irma,3858,341
Irma,3256,94
Irma,2873,104
Irma,2227,93
Irma,7373,77
Irma,4091,52
Irma,5976,200
Irma,0,64
Irma,2911,166
Irma,3607,68
Irma,2418,98
Irma,5834,105
Irma,4639,66
Irma,3690,133
Irma,4919,79
Irma,4662,114
Irma,4419,85
Irma,7808,422
Irma,3919,268
Irma,2548,116
Irma,8175,168
Irma,3709,143
Irma,4736,256
Irma,4769,189
Irma,3331,58
Irma,11035,558
Irma,1697,123
Irma,5739,142
Irma,4346,137
Irma,3256,175
Irma,1965,76
Irma,6477,322
Irma,3765,114
Irma,4097,141
Irma,3119,129
Irma,1695,72
Irma,6219,193
Irma,6996,171
Irma,5103,63
Irma,8157,201
Irma,5464,196
Irma,4749,169
Irma,2911,44
Irma,3466,64
Irma,2426,67
Irma,6196,205
Irma,4793,98
Irma,4662,133
Irma,3648,156
Irma,4973,107
Irma,3596,37
Irma,4415,137
Irma,6878,97
Irma,1911,92
Irma,4126,119
Irma,3519,94
Irma,4690,47
Irma,2140,169
Irma,2492,237
Irma,1978,136
Irma,3238,115
Irma,4272,165
Irma,4387,153
Irma,312,0
Irma,8514,106
Irma,2765,14
Irma,4923,99
Irma,3445,131
Irma,4864,95
Irma,4579,109
Irma,8460,158
Irma,6133,137
Irma,6448,100
Irma,5834,173
Irma,9482,362
Irma,13848,73
Irma,7723,23
Irma,6282,373
Irma,6073,190
Irma,4699,131
Irma,2580,17
Irma,2944,55
Irma,2905,153
Irma,7450,82
Irma,5920,75
Irma,4769,158
Irma,4088,73
Irma,4471,115
Irma,6063,66
Irma,2574,47
Irma,4729,153
Irma,6367,181
Irma,7765,124
Irma,8480,204
Irma,4999,132
Irma,7553,471
Irma,4478,157
Irma,6394,121
Irma,3560,99
Irma,4561,115
Irma,7875,173
Irma,4723,146
Irma,5996,202
Irma,5048,143
Irma,2600,222
Irma,6823,213
Irma,3609,89
Irma,3831,146
Irma,4778,239
Irma,2083,81
Irma,2013,102
Irma,4094,73
Irma,6149,51
Irma,6396,257
Irma,6344,183
Irma,3117,286
Irma,4697,92
Irma,2833,63
Irma,2577,61
Irma,2730,67
Irma,1301,211
Irma,8198,120
Irma,4643,112
Irma,4673,92
Irma,9392,146
Irma,4208,222
Irma,4560,99
Irma,4996,77
Irma,5016,77
Irma,5986,65
Irma,6378,65
Irma,19,24
Irma,0,315
Irma,0,29
Irma,0,0
Irma,0,4
Irma,3491,111
Irma,2530,128
Irma,1540,117
Irma,3422,98
Irma,2651,115
Irma,4922,344
Irma,4103,96
Irma,4445,207
Irma,6061,226
Irma,4727,180
Irma,8062,344
Irma,7494,141
Irma,4385,204
Irma,6583,169
Irma,8962,200
Irma,11612,214
Irma,5179,81
Irma,2914,73
Irma,5710,196
Irma,3910,249
Irma,4686,94
Irma,9275,275
Irma,4881,156
Irma,8876,202
Irma,6634,221
Irma,5969,109
Irma,3868,122
Irma,5376,188
Irma,4515,132
Irma,4975,58
Irma,6020,184
Irma,4717,81
Irma,3926,129
Irma,5920,232
Irma,4003,95
Irma,4238,45
Irma,0,8
Irma,1800,82
Irma,1392,81
Irma,9948,226
Irma,5900,150
Irma,4776,230
Irma,4797,136
Irma,5879,149
Irma,4688,156
Irma,2607,67
Irma,2765,73
Irma,4098,174
Irma,4643,179
Irma,4110,127
Irma,7607,171
Irma,3823,159
Irma,6415,245
Irma,4470,61
Irma,4462,218
Irma,1377,75
Irma,6372,167
Irma,3459,46
Irma,5079,103
Irma,4362,202
Irma,2605,46
Irma,4540,109
Irma,4563,133
Irma,2979,43
Irma,7067,212
Irma,2827,27
Irma,3379,458
Irma,2743,51
Irma,1324,59
Irma,4789,193
Irma,2966,107
Irma,6724,55
Irma,4712,241
Irma,5657,96
Irma,4098,524
Irma,1484,59
Irma,6066,98
Irma,2179,40
Irma,7469,170
Irma,6975,121
Irma,3826,70
Irma,2650,95
Irma,2779,98
Irma,4922,80
Irma,792,72
Irma,5660,240
Irma,1733,172
Irma,7135,159
Irma,0,2
Irma,2362,173
Irma,7031,144
Irma,16937,207
Irma,5897,265
Irma,13603,703
Irma,19348,284
Irma,20252,385
Irma,3665,144
Irma,6171,86
Irma,2825,333
Irma,7553,139
Irma,10335,307
Irma,4728,90
Irma,3744,105
Irma,4911,126
Irma,4599,104
Irma,3318,219
Irma,4915,220
Irma,7442,83
Irma,3700,212
Irma,4994,98
Irma,4214,70
Irma,4582,146
Irma,2404,59
Irma,2490,107
Irma,5446,236
Irma,3895,76
Irma,2705,117
Irma,1913,110
Irma,4146,125
Irma,2576,122
Irma,4196,105
Irma,4210,40
Irma,3678,194
Irma,6876,25
Irma,1783,54
Irma,39928,796
Irma,3719,84
Irma,877,276
Irma,19762,751
Irma,2093,20
Irma,10273,404
Irma,5247,243
Irma,0,1
Irma,2775,428
Irma,4362,119
Irma,1844,113
Irma,6559,109
Irma,0,7
Irma,6686,210
Irma,12048,335
Irma,5788,445
Irma,17892,524
Irma,34230,708
Irma,3481,261
Irma,6121,185
Irma,15492,223
Irma,7258,259
Irma,3281,210
Irma,5157,91
Irma,4964,87
Irma,6815,128
Irma,3797,144
Irma,2200,30
Irma,4230,187
Irma,4892,70
Irma,2425,134
Irma,4723,65
Irma,3776,164
Irma,4526,170
Irma,3587,93
Irma,3171,115
Irma,3835,171
Irma,2951,123
Irma,3064,72
Irma,24226,901
Irma,11532,213
Irma,3926,143
Irma,4139,119
Irma,3457,269
Irma,12987,495
Irma,2542,141
Irma,4834,141
Irma,5913,109
Irma,3294,119
Irma,2912,128
Irma,6399,81
Irma,3651,89
Irma,3056,149
Irma,5693,51
Irma,4924,59
Irma,2970,55
Irma,6693,207
Irma,5940,149
Irma,6681,93
Irma,10658,189
Irma,7957,292
Irma,5347,192
Irma,3423,278
Irma,6438,168
Irma,2152,107
Irma,2292,81
Irma,1972,74
Irma,4989,142
Irma,6168,27
Irma,6223,72
Irma,3846,54
Irma,4321,63
Irma,4277,60
Irma,10169,64
Irma,5841,102
Irma,2243,20
Irma,3668,68
Irma,4037,114
Irma,8824,130
Irma,7600,130
Irma,8715,108
Irma,2073,115
Irma,7096,231
Irma,16844,135
Irma,3351,53
Irma,2788,60
Irma,6139,117
Irma,8639,198
Irma,5585,210
Irma,5971,42
Irma,4569,235
Irma,10561,305
Irma,5512,29
Irma,9628,340
Irma,8283,149
Irma,8422,185
Irma,10280,267
Irma,6343,111
Irma,9846,583
Irma,4117,179
Irma,5654,181
Irma,8663,327
Irma,7988,169
Irma,6246,386
Irma,8729,4
Irma,7050,146
Irma,6720,184
Irma,3509,121
Irma,5735,150
Irma,4491,108
Irma,6889,230
Irma,4148,134
Irma,12992,282
Irma,8630,200
Irma,3627,65
Irma,6707,58
Irma,5509,58
Irma,0,18
Irma,0,3
Irma,2232,105
Irma,4320,42
Irma,7810,124
Irma,4043,160
Irma,4137,149
Irma,3154,134
Irma,2508,154
Irma,4747,78
Irma,7557,71
Irma,5619,157
Irma,1968,231
Irma,7631,141
Irma,5975,230
Irma,6009,254
Irma,6927,283
Irma,5971,87
Irma,3531,160
Irma,2841,65
Irma,2864,194
Irma,0,0
Irma,2770,54
Irma,4065,137
Irma,4090,111
Irma,7342,89
Irma,5509,106
Irma,4301,119
Irma,4304,44
Irma,4324,4
Irma,6703,149
Irma,5075,216
Irma,910,285
Irma,8606,123
Irma,5520,126
Irma,6997,152
Irma,5588,136
Irma,3899,72
Irma,4500,159
Irma,5119,168
Irma,7218,172
Irma,4202,145
Irma,7541,74
Irma,2410,33
Irma,3565,41
Irma,1895,65
Irma,7403,31
Irma,7177,69
Irma,7781,265
Irma,6274,149
Irma,5133,100
Irma,1615,40
Irma,1813,80
Irma,7268,168
Irma,3716,121
Irma,6908,172
Irma,13130,297
Irma,4778,101
Irma,4320,96
Irma,6300,81
Irma,9399,267
Irma,6230,100
Irma,2476,60
Irma,5981,195
Irma,9621,249
Irma,7566,175
Irma,9619,144
Irma,6462,2970
Irma,10158,1634
Irma,6033,363
Irma,0,1
Irma,0,0
Irma,6148,98
Irma,3324,67
Irma,2529,165
Irma,2675,27
Irma,4159,241
Irma,5258,26
Irma,5871,259
Irma,6950,182
Irma,8908,284
Irma,10244,258
Irma,8866,84
Irma,5338,343
Irma,7987,256
Irma,5030,161
Irma,1979,100
Irma,24866,582
Irma,24205,615
Irma,13191,276
Irma,7231,437
Irma,15061,420
Irma,9075,370
Irma,14472,367
Irma,6129,37
Irma,0,52
Irma,0,0
Irma,6528,189
Irma,2046,60
Irma,2990,63
Irma,1006,155
Irma,2923,12
Irma,2024,150
Irma,4413,118
Irma,2493,325
Irma,1739,175
Irma,3380,180
Irma,2488,104
Irma,6478,134
Irma,8551,192
Irma,4738,174
Irma,3066,122
Irma,7949,343
Irma,7396,256
Irma,5352,215
Irma,5744,111
Irma,5507,157
Irma,4178,326
Irma,1492,100
Irma,5820,127
Irma,4685,216
Irma,1727,46
Irma,2987,138
Irma,3473,213
Irma,6281,192
Irma,3381,143
Irma,5292,107
Irma,2563,115
Irma,3060,104
Irma,2999,194
Irma,3614,77
Irma,2944,136
Irma,4367,208
Irma,2898,146
Irma,5005,111
Irma,1729,90
Irma,1811,55
Irma,1834,63
Irma,1602,84
Irma,904,22
Irma,7179,121
Irma,3674,185
Irma,3957,112
Irma,1002,55
Irma,5395,109
Irma,1766,23
Irma,971,12
Irma,3446,63
Irma,2795,79
Irma,1804,35
Irma,3603,123
Irma,4232,115
Irma,6590,205
Irma,4761,112
Irma,4646,112
Irma,5592,279
Irma,3643,195
Irma,5499,103
Irma,5336,68
Irma,1729,116
Irma,6309,158
Irma,3030,96
Irma,4568,125
Irma,5583,152
Irma,5815,70
Irma,1522,117
Irma,6544,163
Irma,3022,102
Irma,1560,25
Irma,5695,126
Irma,4247,63
Irma,5598,161
Irma,5576,265
Irma,4698,77
Irma,1716,49
Irma,3281,95
Irma,3890,103
Irma,4327,142
Irma,5742,127
Irma,3908,144
Irma,4603,184
Irma,2451,85
Irma,3873,118
Irma,8624,238
Irma,3650,155
Irma,7119,173
Irma,6337,84
Irma,6019,489
Irma,5601,75
Irma,2881,178
Irma,5394,47
Irma,6347,99
Irma,5776,153
Irma,2646,60
Irma,6111,77
Irma,6900,78
Irma,5761,82
Irma,2190,78
Irma,3424,123
Irma,3824,123
Irma,4056,155
Irma,4586,121
Irma,11137,113
Irma,2578,109
Irma,2274,52
Irma,3897,73
Irma,4786,102
Irma,5066,78
Irma,7296,142
Irma,4349,192
Irma,1416,168
Irma,6981,37
Irma,4233,160
Irma,3906,64
Irma,3137,79
Irma,5666,97
Irma,4690,110
Irma,3865,60
Irma,9957,189
Irma,4381,73
Irma,2236,188
Irma,5094,110
Irma,4331,183
Irma,3833,171
Irma,1751,71
Irma,5606,156
Irma,6905,125
Irma,4810,120
Irma,1327,129
Irma,1346,86
Irma,5422,146
Irma,2701,46
Irma,1592,46
Irma,4075,78
Irma,6162,98
Irma,3666,91
Irma,2899,108
Irma,5526,160
Irma,1319,33
Irma,4513,144
Irma,6319,240
Irma,16254,552
Irma,5443,76
Irma,1903,47
Irma,7228,114
Irma,4405,63
Irma,7678,113
Irma,6739,200
Irma,3762,285
Irma,10000,201
Irma,6373,258
Irma,6945,320
Irma,7308,255
Irma,5188,154
Irma,12570,180
Irma,6293,93
Irma,3729,113
Irma,4299,171
Irma,6014,192
Irma,7307,134
Irma,4973,127
Irma,4449,93
Irma,5366,138
Irma,3671,80
Irma,5880,165
Irma,9058,29
Irma,3296,249
Irma,3952,122
Irma,5158,159
Irma,3703,83
Irma,2149,40
Irma,3585,49
Irma,2254,65
Irma,2249,48
Irma,2802,82
Irma,2355,58
Irma,2193,72
Irma,2261,76
Irma,6236,176
Irma,1909,118
Irma,1653,60
Irma,4755,94
Irma,4552,72
Irma,2334,65
Irma,5056,92
Irma,4174,80
Irma,9014,278
Irma,16306,218
Irma,5525,339
Irma,6832,279
Irma,10128,84
Irma,6701,40
Irma,2912,120
Irma,6064,113
Irma,2099,92
Irma,5567,134
Irma,9313,381
Irma,4791,232
Irma,5722,111
Irma,4450,156
Irma,3310,85
Irma,4957,119
Irma,3508,65
Irma,2064,71
Irma,6298,153
Irma,8633,163
Irma,5278,198
Irma,4856,115
Irma,6928,110
Irma,3872,117
Irma,1584,168
Irma,1552,72
Irma,6669,136
Irma,3452,68
Irma,10886,159
Irma,2023,46
Irma,4361,96
Irma,2943,69
Irma,2632,66
Irma,1729,62
Irma,3509,83
Irma,4212,109
Irma,6054,62
Irma,2725,36
Irma,6752,102
Irma,8947,254
Irma,6795,203
Irma,4701,124
Irma,4489,19
Irma,4471,198
Irma,5597,77
Irma,2719,106
Irma,2049,157
Irma,0,0
Irma,0,59
Irma,2096,82
Irma,3497,240
Irma,3210,84
Irma,0,71
Irma,4207,650
Irma,3256,137
Irma,0,169
Irma,8725,222
Irma,1394,55
Irma,3851,33
Irma,3799,98
Irma,8127,154
Irma,3492,80
Irma,7909,190
Irma,6094,216
Irma,3068,85
Irma,4188,56
Irma,6702,140
Irma,4584,136
Irma,7685,105
Irma,5448,117
Irma,4806,221
Irma,8489,91
Irma,7953,341
Irma,3220,59
Irma,1513,112
Irma,5828,134
Irma,7237,208
Irma,3390,73
Irma,1967,190
Irma,3230,114
Irma,1402,130
Irma,6959,54
Irma,3208,232
Irma,2289,0
Irma,2692,0
Irma,4178,0
Irma,2572,0
Irma,676,0
Irma,9615,271
Irma,4924,108
Irma,5534,82
Irma,4968,170
Irma,7424,173
Irma,5510,79
Irma,7047,260
Irma,7188,122
Irma,4304,80
Irma,4115,147
Irma,6927,157
Irma,7720,170
Irma,12192,253
Irma,6811,141
Irma,2593,107
Irma,1827,189
Irma,1610,57
Irma,2710,204
Irma,1840,54
Irma,3557,72
Irma,2843,133
Irma,2160,64
Irma,8732,362
Irma,3702,151
Irma,2884,72
Irma,7035,159
Irma,2882,65
Irma,2194,108
Irma,2686,206
Irma,8931,13
Irma,4755,117
Irma,5039,123
Irma,4465,77
Irma,2462,9
Irma,2886,41
Irma,35818,737
Irma,9730,21
Irma,7255,137
Irma,7027,184
Irma,4110,178
Irma,4747,117
Irma,1295,25
Irma,4216,69
Irma,4174,82
Irma,2665,378
Irma,5873,131
Irma,3917,137
Irma,3813,122
Irma,4068,129
Irma,8097,240
Irma,3810,5
Irma,5497,106
Irma,4727,173
Irma,3063,280
Irma,6169,301
Irma,811,77
Irma,1664,77
Irma,1559,174
Irma,1701,46
Irma,3000,130
Irma,1836,123
Irma,2653,110
Irma,0,42
Irma,2580,103
Irma,0,123
Irma,2304,86
Irma,3675,168
Irma,3074,120
Irma,7286,116
Irma,299,10
Irma,425,13
Irma,4280,219
Irma,21311,361
Irma,1390,91
Irma,358,29
Irma,1706,239
Irma,13799,261
Irma,6335,214
Irma,4224,51
Irma,4927,141
Irma,6595,170
Irma,6394,160
Irma,2423,145
Irma,4968,127
Irma,6427,118
Irma,2468,79
Irma,4430,60
Irma,4591,210
Irma,4363,124
Irma,4148,120
Irma,3783,151
Irma,2566,32
Irma,4407,87
Irma,3572,101
Irma,3079,123
Irma,5969,150
Irma,6173,157
Irma,2821,65
Irma,3417,120
Irma,2377,50
Irma,3201,101
Irma,5933,176
Irma,2892,111
Irma,4836,142
Irma,5687,127
Irma,5131,61
Irma,4506,123
Irma,5000,63
Irma,4455,96
Irma,5822,75
Irma,5692,114
Irma,4816,117
Irma,3233,77
Irma,6668,171
Irma,6290,140
Irma,3755,118
Irma,6866,96
Irma,1975,65
Irma,3377,54
Irma,4609,118
Irma,2888,113
Irma,5546,198
Irma,4152,101
Irma,4820,82
Irma,7578,116
Irma,3157,46
Irma,5880,52
Irma,2950,143
Irma,2751,130
Irma,6899,191
Irma,5799,134
Irma,4040,83
Irma,3932,97
Irma,5040,96
Irma,3896,97
Irma,11355,409
Irma,7285,274
Irma,3460,103
Irma,8574,123
Irma,7662,201
Irma,4504,183
Irma,7301,266
Irma,5657,396
Irma,7229,68
Irma,5211,130
Irma,6527,70
Irma,3165,61
Irma,5875,94
Irma,9307,109
Irma,4141,149
Irma,5908,102
Irma,2837,121
Irma,5836,36
Irma,2991,47
Irma,3713,104
Irma,4873,93
Irma,4509,83
Irma,5875,70
Irma,6768,62
Irma,5115,68
Irma,4837,59
Irma,3860,5
Irma,5457,165
Irma,4047,185
Irma,5284,205
Irma,6684,190
Irma,3648,59
Irma,2396,124
Irma,3683,86
Irma,5472,153
Irma,7536,85
Irma,3825,48
Irma,6691,83
Irma,5238,132
Irma,5142,114
Irma,6190,122
Irma,6195,99
Irma,2314,32
Irma,6207,80
Irma,6130,128
Irma,3310,132
Irma,2433,64
Irma,4939,176
Irma,2898,169
Irma,6681,158
Irma,8321,121
Irma,8953,112
Irma,6873,139
Irma,6809,136
Irma,7425,184
Irma,3667,81
Irma,3299,174
Irma,5308,57
Irma,6789,114
Irma,5680,157
Irma,9471,141
Irma,4540,51
Irma,8979,157
Irma,6075,219
Irma,5704,86
Irma,7971,113
Irma,3558,149
Irma,4765,63
Irma,5188,108
Irma,2581,64
Irma,3880,130
Irma,5214,177
Irma,4595,97
Irma,4767,202
Irma,5071,209
Irma,7186,237
Irma,8428,237
Irma,7506,170
Irma,6611,32
Irma,3900,75
Irma,9855,166
Irma,11924,265
Irma,7475,289
Irma,4783,271
Irma,4891,30
Irma,4762,103
Irma,3875,171
Irma,5170,184
Irma,4496,189
Irma,3880,122
Irma,3997,243
Irma,4449,96
Irma,4913,162
Irma,4753,129
Irma,4541,93
Irma,5285,92
Irma,3351,153
Irma,5319,132
Irma,2998,88
Irma,4911,155
Irma,5737,146
Irma,5773,146
Irma,5270,133
Irma,4322,105
Irma,3952,71
Irma,5236,156
Irma,5626,65
Irma,2351,155
Irma,4841,130
Irma,8609,127
Irma,3390,284
Irma,4043,192
Irma,3667,58
Irma,6260,94
Irma,4284,107
Irma,3059,67
Irma,2453,102
Irma,4162,231
Irma,3677,146
Irma,6463,112
Irma,3002,81
Irma,2596,89
Irma,2623,69
Irma,6760,101
Irma,6073,162
Irma,3696,134
Irma,5679,218
Irma,4605,213
Irma,6880,271
Irma,7480,300
Irma,4554,51
Irma,4206,147
Irma,5269,128
Irma,2892,72
Irma,2198,196
Irma,7910,122
Irma,4506,106
Irma,5052,92
Irma,3880,59
Irma,2965,1
Irma,3755,123
Irma,6046,214
Irma,6000,248
Irma,5163,1154
Irma,16411,439
Irma,5710,114
Irma,3749,35
Irma,6011,52
Irma,9417,138
Irma,3033,67
Irma,2253,39
Irma,3683,68
Irma,1963,219
Irma,6077,178
Irma,4042,158
Irma,16335,785
Irma,6442,279
Irma,5989,269
Irma,6292,171
Irma,3852,175
Irma,7810,171
Irma,3040,81
Irma,7851,242
Irma,5756,183
Irma,4061,184
Irma,3980,130
Irma,5754,146
Irma,3137,87
Irma,3206,170
Irma,2564,94
Irma,1915,170
Irma,3320,145
Irma,1548,118
Irma,2150,187
Irma,2590,250
Irma,2967,194
Irma,3327,89
Irma,6670,227
Irma,7068,19
Irma,0,0
Irma,4416,217
Irma,3574,77
Irma,5086,203
Irma,5631,106
Irma,4394,116
Irma,2232,193
Irma,7132,284
Irma,668,60
Irma,3972,143
Irma,13090,435
Irma,6634,182
Irma,3396,100
Irma,8192,122
Irma,7575,130
Irma,9343,285
Irma,2830,295
Irma,9106,247
Irma,5281,260
Irma,2799,109
Irma,4005,151
Irma,6504,211
Irma,4437,180
Irma,3768,23
Irma,7357,12
Irma,2558,224
Irma,2303,92
Irma,5879,82
Irma,3352,41
Irma,4344,73
Irma,6439,72
Irma,5608,275
Irma,6184,64
Irma,4343,51
Irma,7202,112
Irma,3951,79
Irma,4273,125
Irma,2485,123
Irma,4940,42
Irma,3402,212
Irma,4931,169
Irma,3354,53
Irma,2932,141
Irma,4685,84
Irma,3605,95
Irma,4377,210
Irma,2592,157
Irma,3153,100
Irma,3634,179
Irma,7042,227
Irma,2953,104
Irma,4131,104
Irma,4095,122
Irma,5669,223
Irma,1742,69
Irma,7872,227
Irma,2450,84
Irma,2140,120
Irma,4321,257
Irma,1320,50
Irma,3335,36
Irma,3063,71
Irma,3607,255
Irma,4934,123
Irma,3698,92
Irma,4772,115
Irma,5619,397
Irma,3543,80
Irma,4638,123
Irma,5875,115
Irma,2741,32
Irma,2558,89
Irma,4332,141
Irma,5344,69
Irma,3033,81
Irma,2104,115
Irma,3548,97
Irma,3362,146
Irma,6078,183
Irma,4410,124
Irma,3251,87
Irma,11074,152
Irma,2538,2
Irma,7219,111
Irma,5483,120
Irma,2308,48
Irma,3351,146
Irma,6655,132
Irma,7703,209
Irma,3988,134
Irma,7005,186
Irma,3374,64
Irma,7608,64
Irma,6793,179
Irma,6505,150
Irma,4594,54
Irma,7792,403
Irma,3840,86
Irma,7829,77
Irma,2756,61
Irma,5360,95
Irma,5258,72
Irma,5101,106
Irma,4663,52
Irma,6876,117
Irma,6630,33
Irma,4635,101
Irma,15342,286
Irma,9947,215
Irma,5942,68
Irma,6797,116
Irma,6145,44
Irma,9305,175
Irma,3179,75
Irma,8698,290
Irma,10598,155
Irma,6061,209
Irma,5756,180
Irma,8533,103
Irma,5533,146
Irma,5834,169
Irma,4111,169
Irma,17354,138
Irma,21907,297
Irma,3946,172
Irma,10763,215
Irma,7460,131
Irma,21835,313
Irma,7800,164
Irma,14853,596
Irma,8670,305
Irma,7597,140
Irma,16355,218
Irma,6210,117
Irma,3506,145
Irma,7612,188
Irma,2668,87
Irma,3471,233
Irma,7857,224
Irma,7557,299
Irma,1562,321
Irma,3702,167
Irma,4652,65
Irma,5804,212
Irma,12036,446
Irma,6254,247
Irma,4646,168
Irma,3859,174
Irma,3244,42
Irma,3677,53
Irma,6485,235
Irma,6954,288
Irma,7121,68
Irma,3440,141
Irma,0,1
Irma,0,11
Irma,4755,91
Irma,0,33
Irma,0,355
Irma,0,0
Irma,1054,59
Irma,0,33
Irma,0,9
Irma,2723,286
Irma,5723,115
Irma,5060,53
Irma,2122,154
Irma,9243,278
Irma,861,53
Irma,1380,80
Irma,6894,148
Irma,1610,153
Irma,3018,137
Irma,5914,317
Irma,5104,115
Irma,1582,88
Irma,0,51
Irma,0,116
Irma,787,213
Irma,3642,52
Irma,6354,74
Irma,6669,161
Irma,6159,70
Irma,4052,222
Irma,8563,226
Irma,10301,391
Irma,6888,208
Irma,4534,94
Irma,3494,18
Irma,5208,184
Irma,3763,57
Irma,3848,81
Irma,5177,114
Irma,2655,79
Irma,3455,63
Irma,3274,86
Irma,2253,69
Irma,9171,84
Irma,6562,271
Irma,4066,150
Irma,8549,184
Irma,2721,209
Irma,5638,265
Irma,8186,136
Irma,1989,77
Irma,4376,143
Irma,3519,22
Irma,5419,191
Irma,6833,192
Irma,2086,226
Irma,8353,149
Irma,3136,185
Irma,8752,194
Irma,1412,226
Irma,1757,303
Irma,1442,2
Irma,3186,195
Irma,5436,311
Irma,2533,350
Irma,2551,661
Irma,6300,330
Irma,2369,492
Irma,0,0
Irma,4281,60
Irma,3305,123
Irma,3632,179
Irma,6640,86
Irma,5951,218
Irma,5649,157
Irma,3669,139
Irma,3195,81
Irma,4530,133
Irma,14271,163
Irma,4631,124
Irma,6215,73
Irma,5597,285
Irma,1962,18
Irma,249,22
Irma,6450,63
Irma,2816,94
Irma,3105,157
Irma,7195,84
Irma,4818,150
Irma,5612,94
Irma,3122,56
Irma,4132,211
Irma,5641,91
Irma,9262,21
Irma,2603,270
Irma,7764,469
Irma,8329,158
Irma,5030,173
Irma,8502,105
Irma,2774,90
Irma,3469,106
Irma,8336,185
Irma,2179,133
Irma,3615,39
Irma,1025,62
Irma,6956,193
Irma,5483,167
Irma,4189,182
Irma,6030,466
Irma,10146,165
Irma,5386,249
Irma,16774,564
Irma,5059,107
Irma,4915,194
Irma,6304,250
Irma,9685,239
Irma,5245,666
Irma,13096,368
Irma,0,2
Irma,4087,121
Irma,4019,128
Irma,1849,68
Irma,1838,118
Irma,4460,154
Irma,2982,16
Irma,3816,74
Irma,6543,95
Irma,3816,98
Irma,6780,231
Irma,2644,96
Irma,2741,90
Irma,5894,125
Irma,3623,225
Irma,4925,40
Irma,5799,63
Irma,4931,24
Irma,4756,191
Irma,7604,195
Irma,4235,131
Irma,4467,134
Irma,4485,159
Irma,4794,112
Irma,6648,80
Irma,3641,101
Irma,3955,90
Irma,4844,106
Irma,3005,125
Irma,2578,224
Irma,1886,60
Irma,4965,126
Irma,5637,250
Irma,8597,122
Irma,7180,191
Irma,6967,211
Irma,7317,214
Irma,4772,40
Irma,5025,221
Irma,3231,79
Irma,8455,221
Irma,5192,314
Irma,6100,138
Irma,8420,309
Irma,2726,108
Irma,3965,142
Irma,6512,104
Irma,5418,214
Irma,4990,391
Irma,7979,119
Irma,8525,276
Irma,6355,168
Irma,6266,215
Irma,1540,99
Irma,1651,70
Irma,4705,71
Irma,4560,188
Irma,10365,329
Irma,3175,61
Irma,4523,207
Irma,3111,151
Irma,1411,125
Irma,3395,135
Irma,5395,127
Irma,8133,243
Irma,8097,110
Irma,5289,165
Irma,4082,122
Irma,3524,110
Irma,4295,123
Irma,5071,190
Irma,6211,66
Irma,5692,185
Irma,3966,166
Irma,6267,186
Irma,4271,23
Irma,5761,320
Irma,4730,12
Irma,7423,218
Irma,2735,90
Irma,3855,42
Irma,3213,30
Irma,1275,93
Irma,3640,49
Irma,5537,138
Irma,6746,19
Irma,4306,40
Irma,0,96
Irma,3166,93
Irma,2575,67
Irma,3871,70
Irma,3772,101
Irma,6956,199
Irma,6105,85
Irma,5178,127
Irma,7141,203
Irma,7293,296
Irma,11212,101
Irma,9024,308
Irma,4824,91
Irma,4833,120
Irma,6009,138
Irma,6095,78
Irma,6309,155
Irma,5738,117
Irma,6088,116
Irma,6055,112
Irma,6094,100
Irma,4605,90
Irma,4819,118
Irma,7615,246
Irma,2690,115
Irma,6343,271
Irma,1247,124
Irma,5336,128
Irma,4251,104
Irma,5343,148
Irma,1617,21
Irma,2174,6
Irma,3550,67
Irma,1648,25
Irma,16443,11
Irma,2359,8
Irma,5093,1410
Irma,4387,177
Irma,2466,15
Irma,6474,29
Irma,9233,301
Irma,6119,658
Irma,1277,45
Irma,2112,27
Irma,10157,514
Irma,5977,168
Irma,4786,64
Irma,3712,91
Irma,4672,127
Irma,4056,155
Irma,4591,73
Irma,4010,454
Irma,1127,41
Irma,4433,83
Irma,9507,418
Irma,4431,24
Irma,0,0
Irma,1769,111
Irma,4156,55
Irma,4795,148
Irma,1935,140
Irma,2887,53
Irma,3949,144
Irma,3498,49
Irma,2544,64
Irma,2851,31
Irma,6319,134
Irma,4766,244
Irma,3974,82
Irma,4412,165
Irma,6244,147
Irma,7377,321
Irma,2861,136
Irma,7668,226
Irma,4616,150
Irma,4194,75
Irma,5927,158
Irma,3031,70
Irma,2643,155
Irma,7339,127
Irma,4636,60
Irma,3200,140
Irma,4781,72
Irma,4481,130
Irma,5826,89
Irma,1593,0
Irma,0,165
Irma,0,1
Irma,1071,0
Irma,3309,0
Irma,1624,0
Irma,1563,0
Irma,2105,0
Irma,3105,0
Irma,19,1
Irma,0,0
Irma,0,0
Irma,7408,245
Irma,2888,213
Irma,7163,212
Irma,1850,188
Irma,3842,156
Irma,6661,151
Irma,4157,76
Irma,0,0
Irma,9416,181
Irma,6444,147
Irma,6793,300
Irma,5097,191
Irma,3892,105
Irma,4250,107
Irma,4224,174
Irma,3770,103
Irma,1491,404
Irma,4538,238
Irma,4748,138
Irma,2921,229
Irma,2095,247
Irma,3273,551
Irma,13643,341
Irma,9686,112
Irma,2310,27
Irma,1889,45
Irma,1497,84
Irma,8121,102
Irma,4198,79
Irma,10301,541
Irma,2752,147
Irma,5695,8
Irma,2157,50
Irma,9575,90
Irma,4569,99
Irma,1516,93
Irma,4949,70
Irma,3798,171
Irma,3633,117
Irma,1478,121
Irma,5671,351
Irma,7453,206
Irma,7051,153
Irma,2245,195
Irma,5927,78
Irma,16637,459
Irma,2916,205
Irma,8007,383
Irma,19513,466
Irma,6353,152
Irma,11358,418
Irma,19587,470
Irma,21441,242
Irma,3281,82
Irma,4780,225
Irma,6027,146
Irma,2845,133
Irma,3016,117
Irma,5063,187
Irma,873,49
Irma,1640,111
Irma,1830,77
Irma,1703,116
Irma,7126,254
Irma,5608,138
Irma,6841,217
Irma,3921,201
Irma,6667,108
Irma,3066,70
Irma,8643,92
Irma,1618,116
Irma,8714,323
Irma,6404,132
Irma,6028,120
Irma,5628,108
Irma,6462,129
Irma,4643,121
Irma,5710,115
Irma,2460,130
Irma,3583,96
Irma,2516,54
Irma,4804,124
Irma,5159,72
Irma,2524,83
Irma,5070,131
Irma,7359,179
Irma,9245,119
Irma,5235,89
Irma,4157,44
Irma,6116,92
Irma,4750,78
Irma,7506,138
Irma,5783,96
Irma,6651,201
Irma,3978,90
Irma,5553,129
Irma,3262,86
Irma,4880,190
Irma,4304,70
Irma,3933,66
Irma,4126,117
Irma,3632,114
Irma,7307,110
Irma,5605,63
Irma,3761,148
Irma,4186,100
Irma,4094,80
Irma,5145,77
Irma,4248,12
Irma,2784,79
Irma,4753,69
Irma,3818,103
Irma,2983,88
Irma,5674,246
Irma,8190,185
Irma,6828,44
Irma,3892,191
Irma,4979,203
Irma,16587,345
Irma,5587,250
Irma,8048,277
Irma,5957,388
Irma,3666,71
Irma,7049,293
Irma,2735,185
Irma,4612,105
Irma,3637,360
Irma,3851,104
Irma,5049,94
Irma,3974,85
Irma,4647,132
Irma,4176,136
Irma,4388,87
Irma,5846,132
Irma,3263,86
Irma,5057,246
Irma,4526,24
Irma,1911,65
Irma,664,48
Irma,4281,183
Irma,6475,276
Irma,5365,211
Irma,5841,171
Irma,5868,87
Irma,3955,125
Irma,6123,145
Irma,5166,332
Irma,11231,86
Irma,5946,204
Irma,8403,179
Irma,6808,98
Irma,4060,245
Irma,6506,89
Irma,4608,70
Irma,6479,233
Irma,3370,80
Irma,4557,144
Irma,1594,82
Irma,10071,266
Irma,8507,296
Irma,3537,112
Irma,1218,39
Irma,3179,200
Irma,3811,229
Irma,5122,6
Irma,11741,308
Irma,2411,89
Irma,3305,92
Irma,3675,226
Irma,5490,178
Irma,4418,66
Irma,3276,81
Irma,4253,62
Irma,4931,60
Irma,3157,117
Irma,5213,129
Irma,3883,106
Irma,3602,90
Irma,6648,93
Irma,3341,69
Irma,2839,126
Irma,7247,169
Irma,5519,120
Irma,5936,80
Irma,4935,330
Irma,1138,40
Irma,4838,162
Irma,2314,71
Irma,2635,89
Irma,9980,252
Irma,6275,105
Irma,3240,347
Irma,5562,1535
Irma,1980,60
Irma,2423,84
Irma,3145,46
Irma,4583,199
Irma,12274,64
Irma,4367,126
Irma,4652,920
Irma,3495,156
Irma,5240,200
Irma,3287,85
Irma,2700,155
Irma,3260,173
Irma,6575,70
Irma,4039,160
Irma,8451,139
Irma,7607,121
Irma,5336,112
Irma,2702,59
Irma,4499,152
Irma,3857,91
Irma,6428,213
Irma,3399,93
Irma,4138,80
Irma,5559,147
Irma,3329,90
Irma,3064,64
Irma,5520,144
Irma,8791,111
Irma,7836,434
Irma,4057,62
Irma,4461,107
Irma,4624,241
Irma,2477,73
Irma,4989,287
Irma,4851,82
Irma,3273,196
Irma,4898,146
Irma,2568,87
Irma,5111,129
Irma,4370,71
Irma,2839,97
Irma,5243,64
Irma,2457,78
Irma,6817,160
Irma,6079,99
Irma,2279,123
Irma,4105,49
Irma,5976,119
Irma,4187,92
Irma,5345,197
Irma,4031,142
Irma,6006,341
Irma,8031,175
Irma,8427,270
Irma,4952,257
Irma,3058,202
Irma,2614,116
Irma,2834,113
Irma,3333,132
Irma,2774,94
Irma,2771,69
Irma,5767,101
Irma,2632,82
Irma,1368,70
Irma,2347,37
Irma,4545,66
Irma,3457,182
Irma,3475,63
Irma,3015,277
Irma,4560,285
Irma,18593,292
Irma,8960,691
Irma,2481,97
Irma,11077,166
Irma,33907,769
Irma,5963,242
Irma,6934,256
Irma,8765,284
Irma,9153,220
Irma,6603,285
Irma,5040,70
Irma,7306,144
Irma,3395,133
Irma,9821,241
Irma,5545,170
Irma,2997,51
Irma,6476,111
Irma,5673,82
Irma,5872,118
Irma,5617,125
Irma,5450,246
Irma,6025,124
Irma,5276,127
Irma,6763,54
Irma,4143,65
Irma,4601,111
Irma,3928,85
Irma,10133,124
Irma,4151,127
Irma,4067,59
Irma,7441,198
Irma,6230,155
Irma,3718,83
Irma,6604,292
Irma,6569,90
Irma,8353,233
Irma,6021,176
Irma,2615,76
Irma,6124,138
Irma,4009,66
Irma,7699,105
Irma,4197,209
Irma,3162,130
Irma,2273,36
Irma,1930,52
Irma,1318,61
Irma,3255,42
Irma,3578,70
Irma,0,1
Irma,7263,150
Irma,2931,25
Irma,1316,27
Irma,8139,80
Irma,7086,102
Irma,6007,69
Irma,3881,113
Irma,8275,76
Irma,2617,200
Irma,12005,189
Irma,7091,126
Irma,1890,150
Irma,3489,102
Irma,2259,81
Irma,17140,261
Irma,3299,200
Irma,10122,347
Irma,9179,157
Irma,3742,22
Irma,5640,47
Irma,15771,204
Irma,2984,155
Irma,1998,177
Irma,7044,55
Irma,10517,1284
Irma,7546,289
Irma,14452,578
Irma,7705,396
Irma,8909,405
Irma,3214,105
Irma,3270,111
Irma,7152,185
Irma,3873,82
Irma,5303,137
Irma,1566,28
Irma,6822,200
Irma,2221,117
Irma,4072,60
Irma,2010,67
Irma,7544,122
Irma,3743,148
Irma,4792,146
Irma,2040,39
Irma,5928,121
Irma,3238,64
Irma,1673,77
Irma,5617,135
Irma,4632,103
Irma,4446,144
Irma,3788,82
Irma,2195,70
Irma,2955,98
Irma,3415,91
Irma,1449,91
Irma,3100,62
Irma,2324,74
Irma,7738,78
Irma,4082,135
Irma,4430,102
Irma,5285,137
Irma,3681,151
Irma,6843,174
Irma,5974,35
Irma,7567,476
Irma,2204,29
Irma,2967,98
Irma,2385,55
Irma,2661,91
Irma,17597,211
Irma,4158,133
Irma,2408,142
Irma,10102,245
Irma,8399,127
Irma,7543,147
Irma,4513,98
Irma,4267,32
Irma,2918,79
Irma,2750,176
Irma,6502,177
Irma,7172,179
Irma,4769,198
Irma,5480,130
Irma,4545,116
Irma,11157,378
Irma,4217,86
Irma,5644,406
Irma,4578,23
Irma,8171,76
Irma,3477,25
Irma,8389,102
Irma,9016,226
Irma,5400,25
Irma,9516,493
Irma,3249,86
Irma,4321,52
Irma,3233,51
Irma,4652,35
Irma,3368,98
Irma,7523,372
Irma,4155,56
Irma,3176,42
Irma,2938,117
Irma,10899,208
Irma,5044,68
Irma,8745,544
Irma,3280,89
Irma,7378,108
Irma,3504,70
Irma,1556,102
Irma,5263,82
Irma,1852,30
Irma,4717,41
Irma,5228,89
Irma,3146,71
Irma,4091,38
Irma,2749,105
Irma,3300,144
Irma,6682,182
Irma,1221,30
Irma,4783,123
Irma,10391,339
Irma,1816,36
Irma,6113,215
Irma,4697,32
Irma,3404,57
Irma,5222,132
Irma,1918,124
Irma,6301,166
Irma,4863,160
Irma,4819,154
Irma,1531,77
Irma,2080,66
Irma,7061,259
Irma,1852,171
Irma,4017,80
Irma,1806,50
Irma,5473,151
Irma,1792,131
Irma,4473,77
Irma,3782,93
Irma,7645,226
Irma,4452,109
Irma,3416,150
Irma,10671,26
Irma,3111,54
Irma,5090,153
Irma,6197,261
Irma,6011,90
Irma,4199,65
Irma,8768,60
Irma,4103,57
Irma,1892,64
Irma,8394,162
Irma,3430,82
Irma,3305,65
Irma,4562,116
Irma,2544,69
Irma,6230,111
Irma,2834,38
Irma,7235,413
Irma,2450,77
Irma,2227,34
Irma,4731,57
Irma,8590,198
Irma,2558,66
Irma,7967,144
Irma,3485,106
Irma,5244,114
Irma,1844,67
Irma,7192,75
Irma,2331,109
Irma,4461,45
Irma,7228,152
Irma,8677,117
Irma,5788,84
Irma,7113,114
Irma,5739,285
Irma,4124,216
Irma,5108,121
Irma,4206,36
Irma,7361,271
Irma,4149,39
Irma,7355,147
Irma,3881,113
Irma,2001,31
Irma,9678,323
Irma,6756,176
Irma,7302,106
Irma,4948,93
Irma,4322,157
Irma,1234,14
Irma,7299,193
Irma,10177,191
Irma,2459,152
Irma,9057,177
Irma,10808,90
Irma,5310,39
Irma,9064,256
Irma,13018,242
Irma,7818,291
Irma,1905,126
Irma,7154,94
Irma,4007,47
Irma,4623,175
Irma,2240,70
Irma,2503,33
Irma,3877,76
Irma,4895,12
Irma,5065,59
Irma,7620,144
Irma,5953,107
Irma,4524,137
Irma,8447,113
Irma,7200,226
Irma,7531,230
Irma,7941,253
Irma,7190,150
Irma,6906,144
Irma,6025,120
Irma,3962,153
Irma,2997,247
Irma,3842,186
Irma,4764,202
Irma,6502,119
Irma,6226,277
Irma,3395,87
Irma,4744,93
Irma,3779,196
Irma,7656,117
Irma,3396,49
Irma,2843,180
Irma,3243,112
Irma,6387,313
Irma,4668,125
Irma,2747,206
Irma,4613,157
Irma,3004,152
Irma,4591,113
Irma,5428,163
Irma,1254,76
Irma,3214,105
Irma,4939,9
Irma,1177,119
Irma,4980,241
Irma,1562,86
Irma,6863,119
Irma,2850,173
Irma,3946,31
Irma,3849,212
Irma,3318,128
Irma,7125,101
Irma,3706,58
Irma,2968,207
Irma,3313,89
Irma,4504,85
Irma,5218,97
Irma,7166,109
Irma,6525,170
Irma,6012,128
Irma,3801,89
Irma,6916,227
Irma,3342,108
Irma,3255,70
Irma,3168,105
Irma,3216,221
Irma,1648,66
Irma,3887,141
Irma,3073,62
Irma,4613,222
Irma,0,107
Irma,2183,108
Irma,1668,65
Irma,3740,146
Irma,1390,43
Irma,4610,204
Irma,5808,175
Irma,4783,188
Irma,6587,127
Irma,3959,125
Irma,7005,171
Irma,5340,147
Irma,6647,249
Irma,2658,52
Irma,8499,175
Irma,2989,191
Irma,7577,125
Irma,4563,278
Irma,7293,168
Irma,7412,206
Irma,5111,227
Irma,5076,22
Irma,4329,239
Irma,0,0
Irma,0,15
Irma,7180,175
Irma,2983,43
Irma,6646,260
Irma,2496,152
Irma,3606,122
Irma,3464,127
Irma,2169,69
Irma,3312,77
Irma,3688,95
Irma,4103,71
Irma,5477,125
Irma,7236,138
Irma,6378,119
Irma,4810,140
Irma,3237,57
Irma,4799,56
Irma,2846,37
Irma,4760,91
Irma,5727,104
Irma,4191,97
Irma,2833,75
Irma,2905,44
Irma,5955,144
Irma,5373,181
Irma,6152,91
Irma,4070,116
Irma,4983,79
Irma,6188,82
Irma,4470,153
Irma,5279,87
Irma,5161,209
Irma,6726,170
Irma,2335,72
Irma,4818,140
Irma,3202,124
Irma,5695,123
Irma,5430,188
Irma,3392,60
Irma,5394,179
Irma,4826,40
Irma,4315,87
Irma,6927,105
Irma,4335,156
Irma,4812,377
Irma,5750,324
Irma,4484,106
Irma,5422,134
Irma,3354,93
Irma,3786,163
Irma,2538,69
Irma,6477,179
Irma,9264,300
Irma,7014,156
Irma,7099,288
Irma,5344,133
Irma,5503,90
Irma,4834,134
Irma,6953,172
Irma,3666,66
Irma,3487,97
Irma,14304,459
Irma,4814,136
Irma,3179,2
Irma,3546,145
Irma,5190,200
Irma,2938,55
Irma,4718,224
Irma,6974,230
Irma,2372,109
Irma,2854,67
Irma,11244,151
Irma,4101,187
Irma,6437,259
Irma,4579,96
Irma,2715,74
Irma,4002,134
Irma,3938,67
Irma,12032,247
Irma,5758,194
Irma,5943,162
Irma,5951,99
Irma,4851,241
Irma,1533,59
Irma,3322,140
Irma,3918,322
Irma,8772,283
Irma,5065,166
Irma,8142,127
Irma,4198,90
Irma,3382,185
Irma,6589,172
Irma,3953,75
Irma,4537,53
Irma,6575,40
Irma,2399,94
Irma,2614,151
Irma,4111,38
Irma,8300,247
Irma,3142,140
Irma,2790,443
Irma,5659,78
Irma,4002,88
Irma,4618,158
Irma,5407,112
Irma,4398,111
Irma,4878,62
Irma,4114,146
Irma,6954,249
Irma,6109,149
Irma,5113,194
Irma,3063,131
Irma,4559,117
Irma,4124,125
Irma,4324,122
Irma,2673,107
Irma,3132,3
Irma,3421,229
Irma,3152,138
Irma,1836,40
Irma,3221,96
Irma,1981,44
Irma,2536,99
Irma,6579,106
Irma,1806,166
Irma,3365,67
Irma,2719,3
Irma,4572,104
Irma,2379,74
Irma,1922,78
Irma,2505,48
Irma,3086,99
Irma,4151,104
Irma,1939,47
Irma,2631,92
Irma,3219,105
Irma,2561,30
Irma,2524,33
Irma,1980,157
Irma,3954,109
Irma,2993,57
Irma,4741,84
Irma,4397,48
Irma,4901,46
Irma,1731,40
Irma,4315,48
Irma,3872,44
Irma,4123,47
Irma,2833,64
Irma,2334,159
Irma,4251,172
Irma,2374,59
Irma,3726,77
Irma,3890,104
Irma,3335,110
Irma,5466,172
Irma,9049,57
Irma,5769,129
Irma,6520,140
Irma,3896,103
Irma,4597,187
Irma,6042,108
Irma,4208,62
Irma,3385,97
Irma,9927,42
Irma,3788,156
Irma,2347,83
Irma,1179,12
Irma,2597,83
Irma,2699,76
Irma,2233,88
Irma,4366,58
Irma,2413,103
Irma,3771,18
Irma,0,1
Irma,5685,200
Irma,3489,50
Irma,3612,155
Irma,0,6
Irma,4921,20
Irma,22550,389
Irma,3417,148
Irma,6097,187
Irma,18709,15
Irma,1620,144
Irma,5026,56
Irma,4392,76
Irma,4532,51
Irma,4330,29
Irma,6226,82
Irma,8257,78
Irma,6216,119
Irma,6713,55
Irma,5650,72
Irma,6717,86
Irma,2610,82
Irma,4983,99
Irma,4494,119
Irma,3013,66
Irma,5480,102
Irma,6066,81
Irma,3880,49
Irma,3175,36
Irma,4055,166
Irma,8734,200
Irma,6021,144
Irma,6727,166
Irma,6184,141
Irma,1908,123
Irma,5396,93
Irma,3170,143
Irma,4317,54
Irma,4312,190
Irma,6130,116
Irma,2900,87
Irma,4018,128
Irma,3099,142
Irma,3904,3
Irma,5952,211
Irma,5545,204
Irma,2356,48
Irma,6448,106
Irma,4942,162
Irma,1543,65
Irma,4651,208
Irma,5263,217
Irma,5000,130
Irma,6000,2
Irma,4129,94
Irma,4751,259
Irma,2536,73
Irma,4641,85
Irma,1911,23
Irma,1238,65
Irma,3922,45
Irma,2694,59
Irma,13908,410
Irma,4961,161
Irma,3990,89
Irma,3144,48
Irma,8459,266
Irma,5127,109
Irma,2617,94
Irma,2097,167
Irma,5905,131
Irma,6925,208
Irma,4305,49
Irma,4576,95
Irma,2247,126
Irma,3672,68
Irma,2748,71
Irma,3604,121
Irma,4387,178
Irma,4140,143
Irma,1993,68
Irma,0,0
Irma,4778,125
Irma,6513,92
Irma,3821,64
Irma,7511,105
Irma,5128,215
Irma,6444,204
Irma,5743,216
Irma,6462,162
Irma,7930,285
Irma,2926,107
Irma,6966,262
Irma,3032,77
Irma,3673,21
Irma,1699,58
Irma,5233,176
Irma,3723,67
Irma,6020,64
Irma,2937,32
Irma,6648,72
Irma,7852,138
Irma,928,51
Irma,3672,134
Irma,5839,187
Irma,5510,165
Irma,6992,234
Irma,5480,46
Irma,8864,20
Irma,3547,25
Irma,12802,459
Irma,5423,6
Irma,6219,131
Irma,7819,167
Irma,4745,230
Irma,12429,896
Irma,2467,133
Irma,1869,36
Irma,4384,143
Irma,12272,243
Irma,2949,90
Irma,26870,32
Irma,5427,77
Irma,1677,71
Irma,8522,203
Irma,2723,158
Irma,4385,192
Irma,2402,44
Irma,3024,69
Irma,5308,115
Irma,4242,185
Irma,8008,67
Irma,8749,149
Irma,3752,114
Irma,3714,235
Irma,3014,172
Irma,6915,243
Irma,5574,153
Irma,3543,71
Irma,10224,156
Irma,9248,35
Irma,8050,153
Irma,4206,131
Irma,4823,112
Irma,4214,101
Irma,4766,99
Irma,5521,112
Irma,2520,112
Irma,5325,23
Irma,4821,262
Irma,2565,79
Irma,1987,54
Irma,4888,74
Irma,3427,88
Irma,5383,112
Irma,2273,117
Irma,5001,101
Irma,3217,84
Irma,6430,105
Irma,3101,158
Irma,3795,106
Irma,3356,114
Irma,4424,66
Irma,2185,56
Irma,1859,53
Irma,5932,210
Irma,3124,71
Irma,7132,97
Irma,3831,174
Irma,1726,85
Irma,7138,112
Irma,7798,96
Irma,5355,119
Irma,4426,149
Irma,2319,69
Irma,2526,198
Irma,3430,119
Irma,1287,58
Irma,1689,122
Irma,4919,145
Irma,2908,22
Irma,13576,193
Irma,839,26
Irma,6841,120
Irma,2372,68
Irma,6311,138
Irma,5089,93
Irma,6415,137
Irma,7231,134
Irma,3283,111
Irma,4720,128
Irma,3697,118
Irma,3701,68
Irma,2971,139
Irma,3343,107
Irma,4334,85
Irma,4508,118
Irma,6487,183
Irma,5157,119
Irma,3251,78
Irma,5621,153
Irma,5984,126
Irma,8932,169
Irma,6498,126
Irma,8064,207
Irma,4107,85
Irma,4975,109
Irma,2758,115
Irma,3227,125
Irma,3608,65
Irma,3746,42
Irma,4188,93
Irma,2688,32
Irma,3909,216
Irma,7526,198
Irma,8181,59
Irma,6852,225
Irma,7141,93
Irma,6037,226
Irma,2639,70
Irma,6156,434
Irma,6690,277
Irma,3725,116
Irma,7612,73
Irma,5066,8
Irma,4914,115
Irma,1056,30
Irma,7897,98
Irma,3120,236
Irma,6124,83
Irma,6571,128
Irma,4243,105
Irma,2302,95
Irma,4534,98
Irma,2318,311
Irma,8688,230
Irma,2072,190
Irma,3707,130
Irma,3400,171
Irma,4728,102
Irma,1148,34
Irma,7325,147
Irma,3229,47
Irma,0,0
Irma,0,5
Irma,6177,108
Irma,2699,117
Irma,977,63
Irma,4082,69
Irma,1397,222
Irma,4331,72
Irma,4157,77
Irma,3199,173
Irma,2930,75
Irma,2313,71
Irma,4348,117
Irma,2723,121
Irma,3789,193
Irma,4237,88
Irma,2834,142
Irma,4213,139
Irma,4207,118
Irma,4862,176
Irma,4118,48
Irma,7643,195
Irma,5468,149
Irma,2840,95
Irma,2352,68
Irma,5137,68
Irma,5602,166
Irma,6167,146
Irma,7986,426
Irma,5258,101
Irma,7523,26
Irma,3498,90
Irma,4239,84
Irma,2341,84
Irma,6954,197
Irma,2402,114
Irma,3144,180
Irma,7874,68
Irma,6554,172
Irma,2087,115
Irma,1416,142
Irma,3945,150
Irma,2917,101
Irma,6236,183
Irma,3075,153
Irma,5262,108
Irma,9283,322
Irma,2850,55
Irma,2443,65
Irma,0,0
Irma,6439,222
Irma,6433,483
Irma,3991,166
Irma,10422,73
Irma,7036,89
Irma,4174,194
Irma,7525,179
Irma,4519,61
Irma,9338,142
Irma,8228,151
Irma,7428,154
Irma,4622,103
Irma,3591,116
Irma,6856,70
Irma,2768,64
Irma,1303,32
Irma,2375,71
Irma,6233,154
Irma,5148,180
Irma,5178,51
Irma,6002,131
Irma,4566,29
Irma,5313,97
Irma,4048,1071
Irma,5710,97
Irma,5449,117
Irma,5922,77
Irma,4118,375
Irma,8118,63
Irma,3540,118
Irma,4297,177
Irma,4939,94
Irma,19012,99
Irma,5302,13
Irma,3752,112
Irma,3481,155
Irma,2359,237
Irma,5830,173
Irma,4768,398
Irma,3898,38
Irma,3134,88
Irma,6480,201
Irma,3743,147
Irma,4411,109
Irma,3965,155
Irma,8735,155
Irma,5960,115
Irma,3364,171
Irma,2406,125
Irma,5239,114
Irma,1445,43
Irma,2378,81
Irma,9259,327
Irma,2870,62
Irma,4591,174
Irma,4170,229
Irma,2816,174
Irma,7784,297
Irma,2279,179
Irma,9951,114
Irma,7240,133
Irma,2758,84
Irma,3849,45
Irma,1729,37
Irma,3405,75
Irma,6218,104
Irma,17246,440
Irma,6030,169
Irma,3805,56
Irma,3227,172
Irma,2757,48
Irma,4843,139
Irma,3331,116
Irma,8766,172
Irma,4322,303
Irma,2698,105
Irma,6092,122
Irma,3768,74
Irma,4070,138
Irma,1396,41
Irma,1154,18
Irma,1951,308
Irma,6465,159
Irma,6227,139
Irma,5310,138
Irma,5973,133
Irma,6199,49
Irma,5331,116
Irma,3163,121
Irma,5878,114
Irma,2849,91
Irma,7502,230
Irma,1802,133
Irma,6108,130
Irma,3935,81
Irma,7911,140
Irma,5140,212
Irma,5587,182
Irma,8200,164
Irma,7776,139
Irma,2946,75
Irma,2508,90
Irma,5914,92
Irma,6161,103
Irma,5348,158
Irma,6375,374
Irma,6727,124
Irma,6004,278
Irma,6341,159
Irma,5349,168
Irma,5139,136
Irma,4266,223
Irma,3201,146
Irma,3049,307
Irma,2062,161
Irma,1677,107
Irma,3438,64
Irma,4608,84
Irma,2243,48
Irma,0,1
Irma,0,0
Irma,1470,107
Irma,4128,114
Irma,1830,116
Irma,4149,58
Irma,3989,79
Irma,3565,62
Irma,3720,28
Irma,1469,62
Irma,6357,165
Irma,6384,78
Irma,4702,91
Irma,3342,202
Irma,1969,1
Irma,7896,401
Irma,6189,78
Irma,4727,200
Irma,3562,136
Irma,3927,180
Irma,2062,86
Irma,3073,121
Irma,1588,101
Irma,3074,55
Irma,2268,121
Irma,2653,82
Irma,6143,115
Irma,3193,108
Irma,4458,121
Irma,4982,319
Irma,8711,139
Irma,3554,227
Irma,6529,181
Irma,6020,117
Irma,8420,115
Irma,4018,95
Irma,11143,249
Irma,6266,199
Irma,4151,180
Irma,3183,29
Irma,7015,109
Irma,12739,134
Irma,12018,281
Irma,4183,150
Irma,4512,99
Irma,4340,238
Irma,5414,129
Irma,6047,87
Irma,5744,93
Irma,2982,56
Irma,1538,124
Irma,4437,87
Irma,3096,55
Irma,2355,9
Irma,1461,42
Irma,1804,138
Irma,3874,89
Irma,3251,58
Irma,10127,116
Irma,5610,75
Irma,7148,76
Irma,10815,109
Irma,7440,145
Irma,7808,94
Irma,4719,166
Irma,7699,85
Irma,4769,151
Irma,5427,76
Irma,7818,211
Irma,11727,158
Irma,4058,75
Irma,2747,112
Irma,6857,165
Irma,7030,117
Irma,6201,127
Irma,2145,61
Irma,4419,87
Irma,2261,76
Irma,2422,112
Irma,4547,134
Irma,2622,185
Irma,2494,163
Irma,4221,283
Irma,1716,158
Irma,4234,70
Irma,1190,55
Irma,1213,2
Irma,6180,476
Irma,11,40
Irma,0,0
Irma,18,99
Irma,6437,126
Irma,4686,163
Irma,2301,134
Irma,2038,200
Irma,1565,97
Irma,1942,78
Irma,1002,75
Irma,2448,198
Irma,1588,108
Irma,2691,169
Irma,1548,89
Irma,1463,108
Irma,3215,8
Irma,2011,205
Irma,4244,210
Irma,1622,172
Irma,1302,88
Irma,1632,93
Irma,3004,170
Irma,5725,187
Irma,1693,10
Irma,3817,104
Irma,1988,106
Irma,2210,181
Irma,2441,176
Irma,2912,33
Irma,4965,181
Irma,2387,123
Irma,2415,188
Irma,1223,216
Irma,2119,90
Irma,2761,123
Irma,3577,235
Irma,4200,144
Irma,2239,3
Irma,2358,58
Irma,1906,70
Irma,4037,243
Irma,3810,177
Irma,1994,121
Irma,7698,125
Irma,8363,170
Irma,2196,87
Irma,5020,133
Irma,3485,80
Irma,7916,163
Irma,8202,267
Irma,4847,15
Irma,6253,95
Irma,2655,83
Irma,4751,141
Irma,7700,136
Irma,3636,313
Irma,7824,213
Irma,3668,463
Irma,6353,147
Irma,2662,77
Irma,1931,120
Irma,6045,6
Irma,4143,72
Irma,3259,63
Irma,6508,58
Irma,11379,270
Irma,6977,111
Irma,6684,316
Irma,8665,104
Irma,2500,102
Irma,7005,139
Irma,3395,151
Irma,6320,163
Irma,2442,193
Irma,3133,91
Irma,15742,267
Irma,5723,142
Irma,10342,294
Irma,8960,140
Irma,5083,266
Imelda,4708,39
Imelda,2849,56
Imelda,1999,18
Imelda,1773,24
Imelda,5286,96
Imelda,2593,42
Imelda,2280,2
Imelda,7409,45
Imelda,2667,41
Imelda,8442,83
Imelda,1448,9
Imelda,18134,200
Imelda,3258,39
Imelda,3549,15
Imelda,2431,27
Imelda,3978,30
Imelda,1532,114
Imelda,1666,22
Imelda,6387,50
Imelda,5257,44
Imelda,1669,51
Imelda,2948,31
Imelda,8130,74
Imelda,5203,104
Imelda,13015,170
Imelda,5826,89
Imelda,5071,46
Imelda,3579,42
Imelda,5882,95
Imelda,4104,148
Imelda,3448,292
Imelda,8977,182
Imelda,6070,52
Imelda,1510,42
Imelda,5569,134
Imelda,4380,124
Imelda,7375,43
Imelda,4997,45
Imelda,3371,68
Imelda,4221,47
Imelda,2954,49
Imelda,12600,112
Imelda,3955,47
Imelda,5122,50
Imelda,11484,100
Imelda,2459,27
Imelda,4341,30
Imelda,3010,30
Imelda,1481,14
Imelda,5451,189
Imelda,4343,101
Imelda,1657,87
Imelda,6875,39
Imelda,3342,40
Imelda,4041,34
Imelda,3048,52
Imelda,4387,39
Imelda,3037,61
Imelda,3423,52
Imelda,6061,51
Imelda,3834,51
Imelda,7729,70
Imelda,3868,69
Imelda,6885,69
Imelda,5148,105
Imelda,5505,99
Imelda,2783,49
Imelda,4844,63
Imelda,4465,64
Imelda,7276,102
Imelda,7316,130
Imelda,4596,39
Imelda,4725,39
Imelda,2410,38
Imelda,8836,106
Imelda,8069,56
Imelda,2313,44
Imelda,0,135
Imelda,5046,58
Imelda,5994,210
Imelda,8792,139
Imelda,6913,104
Imelda,6095,54
Imelda,2452,146
Imelda,3431,63
Imelda,6774,101
Imelda,7753,93
Imelda,13715,342
Imelda,13096,250
Imelda,6686,274
Imelda,7059,163
Imelda,11257,141
Imelda,9133,54
Imelda,4724,1
Imelda,7023,131
Imelda,4090,53
Imelda,80,20
Imelda,0,33
Imelda,0,17
Imelda,4679,37
Imelda,6176,42
Imelda,5183,53
Imelda,2908,56
Imelda,6771,140
Imelda,10880,115
Imelda,3782,56
Imelda,3293,90
Imelda,4175,32
Imelda,4988,21
Imelda,3728,41
Imelda,2504,74
Imelda,2789,31
Imelda,3627,301
Imelda,1261,16
Imelda,2084,26
Imelda,7024,37
Imelda,6041,35
Imelda,1860,24
Imelda,3722,45
Imelda,2496,27
Imelda,5391,44
Imelda,5854,32
Imelda,1160,15
Imelda,2879,36
Imelda,2747,31
Imelda,2817,35
Imelda,5825,61
Imelda,3407,35
Imelda,2395,7
Imelda,6134,32
Imelda,3845,18
Imelda,4311,40
Imelda,7879,46
Imelda,5623,44
Imelda,6787,65
Imelda,4591,86
Imelda,2368,73
Imelda,6409,53
Imelda,5323,46
Imelda,2727,61
Imelda,6957,83
Imelda,6899,93
Imelda,5653,86
Imelda,4891,129
Imelda,7043,77
Imelda,2590,14
Imelda,9469,149
Imelda,0,25
Imelda,2906,36
Imelda,7888,72
Imelda,4309,55
Imelda,5979,87
Imelda,14051,143
Imelda,5448,76
Imelda,11399,168
Imelda,6668,68
Imelda,14085,187
Imelda,6859,103
Imelda,16658,229
Imelda,5019,148
Imelda,12773,171
Imelda,4328,63
Imelda,0,1
Imelda,4888,157
Imelda,4225,31
Imelda,8159,23
Imelda,5325,48
Imelda,2358,119
Imelda,9417,49
Imelda,6089,130
Imelda,5157,22
Imelda,4614,37
Imelda,4857,49
Imelda,3051,0
Imelda,5597,11
Imelda,4577,52
Imelda,21039,61
Imelda,9406,99
Imelda,0,35
Imelda,0,27
Imelda,0,102
Imelda,3720,30
Imelda,4259,62
Imelda,7513,47
Imelda,4124,55
Imelda,6205,35
Imelda,5764,269
Imelda,4276,91
Imelda,3880,173
Imelda,13746,192
Imelda,12804,164
Imelda,6010,70
Imelda,6527,228
Imelda,4403,113
Imelda,1896,25
Imelda,7227,271
Imelda,12841,238
Imelda,12185,372
Imelda,11845,117
Imelda,4131,116
Imelda,6727,123
Imelda,3506,28
Imelda,5992,72
Imelda,805,20
Imelda,896,12
Imelda,8067,23
Imelda,4296,74
Imelda,3268,112
Imelda,2717,97
Imelda,3170,59
Imelda,4109,176
Imelda,2024,55
Imelda,4020,51
Imelda,2096,58
Imelda,690,38
Imelda,3204,52
Imelda,3812,46
Imelda,6693,84
Imelda,7230,70
Imelda,5561,164
Imelda,6842,52
Imelda,5025,34
Imelda,4542,97
Imelda,5083,54
Imelda,2748,59
Imelda,5010,157
Imelda,3692,95
Imelda,3861,56
Imelda,7033,165
Imelda,3624,45
Imelda,3070,38
Imelda,5733,27
Imelda,7098,34
Imelda,2810,43
Imelda,3187,42
Imelda,2124,18
Imelda,2328,48
Imelda,2920,30
Imelda,3903,15
Imelda,4826,89
Imelda,6300,126
Imelda,4123,124
Imelda,6633,69
Imelda,3320,34
Imelda,9711,89
Imelda,2027,23
Imelda,13016,141
Imelda,6290,67
Imelda,9045,134
Imelda,5395,81
Imelda,8197,49
Imelda,1608,74
Imelda,4027,36
Imelda,3565,23
Imelda,2508,38
Imelda,8278,160
Imelda,8650,131
Imelda,2216,45
Imelda,1871,33
Imelda,5953,54
Imelda,5179,38
Imelda,2912,61
Imelda,2385,25
Imelda,8861,91
Imelda,9123,36
Imelda,2838,59
Imelda,5442,34
Imelda,7811,80
Imelda,3778,1
Imelda,1526,33
Imelda,1458,22
Imelda,1036,16
Imelda,1885,21
Imelda,5718,43
Imelda,3316,20
Imelda,2762,22
Imelda,2611,25
Imelda,2341,23
Imelda,3716,31
Imelda,4143,95
Imelda,3031,56
Imelda,12148,144
Imelda,4133,58
Imelda,4210,94
Imelda,3690,130
Imelda,3898,75
Imelda,2336,72
Imelda,15808,156
Imelda,7720,191
Imelda,7193,157
Imelda,4205,51
Imelda,2922,4
Imelda,3009,80
Imelda,3507,36
Imelda,6023,59
Imelda,8252,152
Imelda,7706,41
Imelda,12108,96
Imelda,2648,64
Imelda,6682,84
Imelda,5006,86
Imelda,8496,103
Imelda,3124,42
Imelda,3907,36
Imelda,7018,44
Imelda,11782,194
Imelda,9689,82
Imelda,4666,101
Imelda,10456,162
Imelda,7548,84
Imelda,5433,202
Imelda,1688,71
Imelda,5306,131
Imelda,8554,72
Imelda,7595,51
Imelda,4684,55
Imelda,4824,86
Imelda,1252,15
Imelda,1851,76
Imelda,1491,31
Imelda,2545,46
Imelda,6142,29
Imelda,7326,25
Imelda,3707,54
Imelda,9104,315
Imelda,7213,39
Imelda,4323,85
Imelda,3492,35
Imelda,4512,84
Imelda,6015,91
Imelda,5463,68
Imelda,3552,67
Imelda,8122,41
Imelda,4710,33
Imelda,5514,69
Imelda,5239,90
Imelda,3310,57
Imelda,2705,93
Imelda,2354,151
Imelda,3872,24
Imelda,2226,41
Imelda,2679,65
Imelda,3287,67
Imelda,5850,80
Imelda,2223,30
Imelda,8338,98
Imelda,4177,53
Imelda,4556,52
Imelda,6573,102
Imelda,1785,12
Imelda,8632,172
Imelda,2083,17
Imelda,6425,77
Imelda,2556,60
Imelda,7187,87
Imelda,8370,110
Imelda,4131,218
Imelda,3622,64
Imelda,7676,36
Imelda,2495,41
Imelda,5569,45
Imelda,4426,87
Imelda,3723,38
Imelda,6058,82
Imelda,2550,129
Imelda,1888,4
Imelda,2594,69
Imelda,5801,104
Imelda,1740,40
Imelda,3909,127
Imelda,3766,98
Imelda,6728,140
Imelda,1903,42
Imelda,6818,75
Imelda,3000,42
Imelda,3064,46
Imelda,2763,29
Imelda,1314,14
Imelda,4249,35
Imelda,4519,9
Imelda,3473,39
Imelda,4626,67
Imelda,3767,49
Imelda,3169,166
Imelda,4622,130
Imelda,3648,50
Imelda,5695,31
Imelda,6337,94
Imelda,5381,55
Imelda,2746,78
Imelda,5224,35
Imelda,3896,48
Imelda,3381,60
Imelda,6329,120
Imelda,4252,64
Imelda,6309,56
Imelda,5774,95
Imelda,9593,82
Imelda,2629,31
Imelda,6322,41
Imelda,4804,36
Imelda,4744,35
Imelda,5660,73
Imelda,4727,57
Imelda,4571,44
Imelda,3580,23
Imelda,3033,45
Imelda,5931,43
Imelda,5517,59
Imelda,3675,22
Imelda,1963,39
Imelda,2600,42
Imelda,1242,9
Imelda,4472,68
Imelda,4750,45
Imelda,7305,133
Imelda,11071,60
Imelda,5054,78
Imelda,3062,59
Imelda,2226,39
Imelda,5325,71
Imelda,6406,90
Imelda,4476,40
Imelda,4454,45
Imelda,4243,34
Imelda,6281,69
Imelda,2897,120
Imelda,5076,49
Imelda,8262,70
Imelda,7249,87
Imelda,2770,60
Imelda,1989,15
Imelda,5398,41
Imelda,3377,28
Imelda,9917,42
Imelda,5991,55
Imelda,8398,52
Imelda,4091,47
Imelda,5151,38
Imelda,5062,47
Imelda,6011,118
Imelda,2763,11
Imelda,4107,50
Imelda,7450,13
Imelda,9370,83
Imelda,8908,250
Imelda,3854,138
Imelda,4032,83
Imelda,5138,64
Imelda,5407,57
Imelda,4570,32
Imelda,1455,13
Imelda,2466,24
Imelda,4432,51
Imelda,454,90
Imelda,2338,118
Imelda,1407,15
Imelda,3247,33
Imelda,2774,23
Imelda,7566,47
Imelda,3497,21
Imelda,6989,77
Imelda,5295,33
Imelda,5261,42
Imelda,7789,62
Imelda,3868,24
Imelda,3793,12
Imelda,6943,44
Imelda,3128,125
Imelda,2301,3
Imelda,5219,45
Imelda,7171,44
Imelda,2047,23
Imelda,3436,34
Imelda,1288,8
Imelda,2743,21
Imelda,2098,29
Imelda,3094,20
Imelda,5121,38
Imelda,4196,17
Imelda,3549,102
Imelda,4841,120
Imelda,4652,77
Imelda,5171,114
Imelda,7933,203
Imelda,6946,91
Imelda,6724,81
Imelda,2983,33
Imelda,9465,105
Imelda,5467,69
Imelda,6239,154
Imelda,11351,223
Imelda,4255,86
Imelda,2474,7
Imelda,7406,60
Imelda,6010,192
Imelda,6244,68
Imelda,7875,157
Imelda,7696,90
Imelda,2734,103
Imelda,3949,38
Imelda,9503,100
Imelda,5351,165
Imelda,6260,161
Imelda,2388,36
Imelda,4260,108
Imelda,4492,56
Imelda,5077,107
Imelda,1419,11
Imelda,1561,12
Imelda,1833,5
Imelda,2353,44
Imelda,3489,54
Imelda,5448,70
Imelda,4801,44
Imelda,1784,27
Imelda,2523,148
Imelda,5352,48
Imelda,6480,68
Imelda,3393,62
Imelda,8512,42
Imelda,6915,103
Imelda,7435,103
Imelda,9462,75
Imelda,3316,89
Imelda,3019,15
Imelda,7088,131
Imelda,4696,109
Imelda,3130,16
Imelda,2352,84
Imelda,3192,36
Imelda,1680,74
Imelda,987,17
Imelda,1241,49
Imelda,3359,44
Imelda,2328,61
Imelda,1023,18
Imelda,3874,51
Imelda,2607,29
Imelda,4835,543
Imelda,3077,214
Imelda,3268,147
Imelda,3461,77
Imelda,3428,54
Imelda,15,45
Imelda,2292,21
Imelda,5437,60
Imelda,9147,148
Imelda,4488,78
Imelda,3246,47
Imelda,7563,91
Imelda,3358,23
Imelda,5548,71
Imelda,6227,89
Imelda,5019,89
Imelda,4207,101
Imelda,3563,76
Imelda,5043,77
Imelda,7852,287
Imelda,10006,194
Imelda,4009,51
Imelda,4672,56
Imelda,4005,37
Imelda,8692,133
Imelda,3413,90
Imelda,6092,85
Imelda,7166,69
Imelda,9500,120
Imelda,3214,112
Imelda,7602,123
Imelda,7004,86
Imelda,8400,24
Imelda,5905,51
Imelda,7526,93
Imelda,21422,239
Imelda,10446,195
Imelda,9646,141
Imelda,4329,75
Imelda,20762,203
Imelda,10506,243
Imelda,8319,127
Imelda,8475,76
Imelda,6962,83
Imelda,5701,55
Imelda,2021,27
Imelda,3774,39
Imelda,5519,52
Imelda,6243,69
Imelda,5710,98
Imelda,8630,53
Imelda,6164,129
Imelda,6194,55
Imelda,3686,39
Imelda,5166,68
Imelda,7269,64
Imelda,3946,85
Imelda,5914,60
Imelda,4467,37
Imelda,2302,102
Imelda,8746,72
Imelda,2766,59
Imelda,5494,40
Imelda,2373,37
Imelda,9264,124
Imelda,5031,97
Imelda,8647,36
Imelda,7200,68
Imelda,2436,33
Imelda,2971,40
Imelda,8921,78
Imelda,4152,52
Imelda,4445,72
Imelda,4327,101
Imelda,2716,25
Imelda,8162,149
Imelda,4912,48
Imelda,4623,48
Imelda,3431,72
Imelda,2154,55
Imelda,7112,47
Imelda,4607,46
Imelda,4812,48
Imelda,908,36
Imelda,6659,66
Imelda,5474,76
Imelda,4396,53
Imelda,2724,21
Imelda,7126,70
Imelda,2967,35
Imelda,3663,7
Imelda,4317,50
Imelda,3231,96
Imelda,2734,67
Imelda,3278,53
Imelda,3597,54
Imelda,3426,44
Imelda,3895,49
Imelda,4354,63
Imelda,10395,34
Imelda,3866,88
Imelda,3435,34
Imelda,3608,57
Imelda,3821,54
Imelda,3084,72
Imelda,6392,34
Imelda,4818,69
Imelda,3311,42
Imelda,5112,65
Imelda,4521,72
Imelda,6725,64
Imelda,5450,15
Imelda,3969,35
Imelda,3825,29
Imelda,4521,20
Imelda,6886,55
Imelda,1741,23
Imelda,3686,47
Imelda,6395,25
Imelda,5917,24
Imelda,3332,21
Imelda,3749,47
Imelda,3068,10
Imelda,4013,25
Imelda,2726,25
Imelda,5681,47
Imelda,3960,26
Imelda,4449,20
Imelda,3979,44
Imelda,3675,54
Imelda,613,7
Imelda,4406,74
Imelda,4459,12
Imelda,1423,29
Imelda,5219,79
Imelda,1474,57
Imelda,4688,59
Imelda,1395,21
Imelda,2789,54
Imelda,2597,62
Imelda,1990,51
Imelda,2641,42
Imelda,4556,65
Imelda,5143,75
Imelda,7386,88
Imelda,5648,45
Imelda,3604,24
Imelda,3775,29
Imelda,2424,59
Imelda,3181,37
Imelda,1728,57
Imelda,4237,86
Imelda,4350,47
Imelda,7644,33
Imelda,2650,47
Imelda,5747,93
Imelda,3344,71
Imelda,5866,58
Imelda,7930,60
Imelda,2810,20
Imelda,3926,18
Imelda,4253,34
Imelda,5422,26
Imelda,3030,27
Imelda,3398,30
Imelda,4295,24
Imelda,2467,20
Imelda,12064,124
Imelda,4466,148
Imelda,5515,39
Imelda,9351,104
Imelda,2450,79
Imelda,11041,60
Imelda,4542,95
Imelda,2509,14
Imelda,1283,20
Imelda,2707,16
Imelda,4298,74
Imelda,1824,16
Imelda,2002,107
Imelda,4073,62
Imelda,4363,59
Imelda,4293,76
Imelda,3002,186
Imelda,7749,23
Imelda,7749,321
Imelda,1789,52
Imelda,1353,21
Imelda,4326,20
Imelda,3100,79
Imelda,2465,47
Imelda,3677,16
Imelda,1586,35
Imelda,2394,21
Imelda,3409,43
Imelda,5287,38
Imelda,4510,60
Imelda,3781,47
Imelda,5817,53
Imelda,7237,42
Imelda,3143,48
Imelda,7644,32
Imelda,4589,44
Imelda,6824,51
Imelda,3768,40
Imelda,2308,33
Imelda,8321,41
Imelda,11974,90
Imelda,6375,66
Imelda,9778,80
Imelda,2540,34
Imelda,7134,70
Imelda,2920,133
Imelda,3108,44
Imelda,4400,31
Imelda,4124,27
Imelda,2577,64
Imelda,4438,40
Imelda,5399,52
Imelda,6263,59
Imelda,4727,51
Imelda,4627,70
Imelda,8742,80
Imelda,7500,83
Imelda,4994,96
Imelda,7217,101
Imelda,6068,47
Imelda,2651,34
Imelda,8374,65
Imelda,9985,73
Imelda,5755,89
Imelda,4623,88
Imelda,1623,15
Imelda,3531,45
Imelda,8616,72
Imelda,7506,62
Imelda,3831,28
Imelda,6037,86
Imelda,5372,53
Imelda,5335,42
Imelda,4536,55
Imelda,2728,72
Imelda,3260,36
Imelda,5943,102
Imelda,7450,110
Imelda,10199,149
Imelda,2281,3
Imelda,5007,144
Imelda,2149,62
Imelda,2197,99
Imelda,8010,239
Imelda,7778,130
Imelda,1337,35
Imelda,4129,52
Imelda,4750,50
Imelda,4253,55
Imelda,5158,86
Imelda,3859,115
Imelda,6326,98
Imelda,5928,116
Imelda,6725,66
Imelda,5029,65
Imelda,873,80
Imelda,6710,51
Imelda,3611,62
Imelda,2392,19
Imelda,5132,26
Imelda,1935,17
Imelda,2499,28
Imelda,2935,25
Imelda,2902,26
Imelda,1360,6
Imelda,4163,58
Imelda,1860,18
Imelda,3659,38
Imelda,2094,148
Imelda,5105,84
Imelda,3937,73
Imelda,5777,83
Imelda,11993,148
Imelda,4628,7
Imelda,1940,82
Imelda,4066,18
Imelda,3839,92
Imelda,3199,77
Imelda,4906,98
Imelda,4345,52
Imelda,2240,38
Imelda,1930,59
Imelda,6850,59
Imelda,2055,76
Imelda,4576,51
Imelda,2447,56
Imelda,6536,66
Imelda,5474,55
Imelda,2583,46
Imelda,2492,19
Imelda,6553,40
Imelda,1410,16
Imelda,8484,89
Imelda,7565,64
Imelda,4615,94
Imelda,6966,166
Imelda,4275,161
Imelda,4451,73
Imelda,7619,55
Imelda,5645,106
Imelda,4203,101
Imelda,7314,121
Imelda,4183,133
Imelda,4750,95
Imelda,10962,116
Imelda,7280,132
Imelda,12817,71
Imelda,7929,140
Imelda,7564,135
Imelda,9393,162
Imelda,11883,299
Imelda,72041,861
Imelda,17783,544
Imelda,8960,164
Imelda,12026,102
Imelda,13281,262
Imelda,23361,300
Imelda,3737,227
Imelda,2110,34
Imelda,4984,57
Imelda,5060,85
Imelda,3428,1
Imelda,3051,39
Imelda,1926,44
Imelda,1772,15
Imelda,1034,50
Imelda,2419,115
Imelda,4236,31
Imelda,1339,59
Imelda,8109,103
Imelda,2583,72
Imelda,3324,125
Imelda,7126,157
Imelda,2549,76
Imelda,3586,34
Imelda,4419,38
Imelda,4945,62
Imelda,10980,82
Imelda,2941,19
Imelda,5857,44
Imelda,4390,36
Imelda,3364,25
Imelda,4557,36
Imelda,4606,28
Imelda,7250,67
Imelda,2203,28
Imelda,7466,48
Imelda,2459,46
Imelda,13628,146
Imelda,4157,55
Imelda,5401,124
Imelda,4476,99
Imelda,5597,71
Imelda,7057,248
Imelda,10209,144
Imelda,9431,67
Imelda,2338,36
Imelda,6478,59
Imelda,5790,142
Imelda,2334,23
Imelda,5631,80
Imelda,4943,57
Imelda,5244,151
Imelda,5384,28
Imelda,5090,100
Imelda,3022,33
Imelda,3721,63
Imelda,6686,182
Imelda,3500,65
Imelda,2115,62
Imelda,5199,67
Imelda,5065,42
Imelda,3408,79
Imelda,2611,55
Imelda,3380,16
Imelda,1231,32
Imelda,1448,19
Imelda,2085,6
Imelda,1608,24
Imelda,6898,101
Imelda,6377,82
Imelda,3704,119
Imelda,3621,96
Imelda,4886,85
Imelda,4031,19
Imelda,4393,23
Imelda,5955,136
Imelda,2825,30
Imelda,6774,128
Imelda,0,0
Imelda,4894,83
Imelda,5427,101
Imelda,2268,125
Imelda,8588,112
Imelda,6386,58
Imelda,8014,100
Imelda,5437,33
Imelda,3440,21
Imelda,5516,56
Imelda,5671,37
Imelda,3683,15
Imelda,7948,54
Imelda,4472,33
Imelda,5455,23
Imelda,6255,23
Imelda,4743,30
Imelda,3788,44
Imelda,6031,34
Imelda,5711,46
Imelda,3868,51
Imelda,4297,42
Imelda,4503,22
Imelda,4718,28
Imelda,1937,25
Imelda,3329,30
Imelda,3635,38
Imelda,3611,71
Imelda,4700,105
Imelda,4265,27
Imelda,4753,53
Imelda,5984,37
Imelda,4036,21
Imelda,4890,30
Imelda,6464,51
Imelda,3042,14
Imelda,6203,26
Imelda,5722,13
Imelda,4138,30
Imelda,5461,26
Imelda,3013,34
Imelda,2826,64
Imelda,7611,51
Imelda,3728,63
Imelda,4272,40
Imelda,7032,108
Imelda,5013,69
Imelda,9350,108
Imelda,4612,53
Imelda,7269,63
Imelda,7947,68
Imelda,3642,65
Imelda,2468,29
Imelda,4184,32
Imelda,5217,54
Imelda,5904,48
Imelda,2558,41
Imelda,8387,82
Imelda,4112,34
Imelda,5700,169
Imelda,4281,48
Imelda,3762,43
Imelda,5845,49
Imelda,3260,30
Imelda,6897,60
Imelda,2600,2
Imelda,8519,44
Imelda,6022,57
Imelda,7958,26
Imelda,9469,84
Imelda,9006,145
Imelda,5057,90
Imelda,3738,55
Imelda,8956,189
Imelda,5024,2
Imelda,5116,89
Imelda,1813,35
Imelda,4879,47
Imelda,4363,41
Imelda,7950,78
Imelda,9200,95
Imelda,5126,36
Imelda,4106,29
Imelda,4601,40
Imelda,6083,174
Imelda,11496,130
Imelda,11948,220
Imelda,9870,66
Imelda,4490,111
Imelda,3907,23
Imelda,3844,7
Imelda,6374,83
Imelda,7252,158
Imelda,7110,80
Imelda,11020,36
Imelda,6033,87
Imelda,3689,14
Imelda,7416,125
Imelda,3648,35
Imelda,7218,159
Imelda,7252,103
Imelda,3184,71
Imelda,5532,129
Imelda,4044,73
Imelda,4623,133
Imelda,7336,151
Imelda,4885,158
Imelda,3667,61
Imelda,5061,66
Imelda,3017,46
Imelda,4263,93
Imelda,2824,68
Imelda,6027,22
Imelda,3005,91
Imelda,1263,17
Imelda,3761,60
Imelda,5107,128
Imelda,237,4
Imelda,1804,11
Imelda,1901,22
Imelda,5187,60
Imelda,3749,121
Imelda,3254,33
Imelda,7526,42
Imelda,2648,61
Imelda,3045,88
Imelda,3505,95
Imelda,5734,77
Imelda,6069,57
Imelda,8567,26
Imelda,2792,176
Imelda,2546,114
Imelda,3730,40
Imelda,5777,18
Imelda,4759,135
Imelda,6266,87
Imelda,6002,23
Imelda,2402,109
Imelda,10887,98
Imelda,6233,246
Imelda,9270,164
Imelda,14935,120
Imelda,2716,84
Imelda,6911,72
Imelda,3527,58
Imelda,2512,24
Imelda,3521,35
Imelda,7822,87
Imelda,2484,34
Imelda,5556,149
Imelda,4716,29
Imelda,4657,48
Imelda,6677,35
Imelda,4938,67
Imelda,3973,51
Imelda,6674,58
Imelda,5566,46
Imelda,1642,18
Imelda,12106,28
Imelda,8310,46
Imelda,6190,256
Imelda,4853,104
Imelda,12139,83
Imelda,18252,78
Imelda,5144,165
Imelda,2362,206
Imelda,3315,8
Imelda,1534,19
Imelda,2241,39
Imelda,3487,84
Imelda,2546,44
Imelda,9899,66
Imelda,2982,37
Imelda,9458,97
Imelda,1661,49
Imelda,8318,187
Imelda,2768,76
Imelda,6056,61
Imelda,0,133
Imelda,0,8
Imelda,4860,89
Imelda,4378,32
Imelda,5167,14
Imelda,2374,75
Imelda,8636,119
Imelda,8184,30
Imelda,0,45
Imelda,6977,7
Imelda,3653,68
Imelda,5968,56
Imelda,2613,19
Imelda,3538,34
Imelda,3059,43
Imelda,3759,38
Imelda,3641,16
Imelda,7069,52
Imelda,6903,59
Imelda,6825,47
Imelda,4147,43
Imelda,2034,16
Imelda,2553,39
Imelda,1243,20
Imelda,774,30
Imelda,4061,68
Imelda,5919,109
Imelda,5843,21
Imelda,2213,81
Imelda,4397,69
Imelda,4022,103
Imelda,5937,145
Imelda,6681,87
Imelda,8720,107
Imelda,4955,70
Imelda,6157,65
Imelda,6837,111
Imelda,11388,226
Imelda,13587,99
Imelda,4064,35
Imelda,5011,48
Imelda,4799,74
Imelda,2301,50
Imelda,6226,74
Imelda,5218,54
Imelda,1188,33
Imelda,8110,44
Imelda,7309,79
Imelda,5397,66
Imelda,7512,35
Imelda,5777,133
Imelda,4101,37
Imelda,8236,76
Imelda,2122,32
Imelda,3514,22
Imelda,3736,35
Imelda,4715,26
Imelda,5294,42
Imelda,6816,38
Imelda,5415,39
Imelda,4933,26
Imelda,5955,95
Imelda,7546,66
Imelda,4755,35
Imelda,5355,35
Imelda,4334,32
Imelda,5804,44
Imelda,5423,32
Imelda,3347,36
Imelda,2548,15
Imelda,2433,52
Imelda,6049,34
Imelda,10485,134
Imelda,8020,128
Imelda,3668,28
Imelda,1939,18
Imelda,8023,47
Imelda,5390,55
Imelda,4978,47
Imelda,6259,139
Imelda,8129,45
Imelda,5340,85
Imelda,10116,91
Imelda,10829,134
Imelda,12629,102
Imelda,5254,63
Imelda,3868,80
Imelda,9965,83
Imelda,8596,85
Imelda,5365,77
Imelda,4797,88
Imelda,6147,71
Imelda,9031,60
Imelda,5605,88
Imelda,13840,89
Imelda,3513,39
Imelda,7309,14
Imelda,4742,76
Imelda,5961,34
Imelda,4775,122
Imelda,7206,115
Imelda,2279,25
Imelda,3546,51
Imelda,1999,62
Imelda,1957,20
Imelda,2556,31
Imelda,1886,37
Imelda,2634,22
Imelda,2404,7
Imelda,5898,69
Imelda,4033,27
Imelda,9101,82
Imelda,4938,49
Imelda,6518,93
Imelda,6154,164
Imelda,4245,69
Imelda,5212,61
Imelda,1142,16
Imelda,3319,61
Imelda,5072,15
Imelda,7800,149
Imelda,4652,31
Imelda,6133,57
Imelda,1760,23
Imelda,6065,60
Imelda,2171,19
Imelda,917,43
Imelda,3762,18
Imelda,4172,20
Imelda,3576,56
Imelda,4648,62
Imelda,5310,50
Imelda,1983,26
Imelda,5502,41
Imelda,3781,125
Imelda,1977,51
Imelda,4246,8
Imelda,2769,164
Imelda,5841,11
Imelda,4083,67
Imelda,3139,9
Imelda,4943,153
Imelda,7339,63
Imelda,7442,23
Imelda,3140,71
Imelda,5268,77
Imelda,8027,105
Imelda,4240,41
Imelda,3716,48
Imelda,551,1
Imelda,2887,38
Imelda,2898,15
Imelda,6875,53
Imelda,4556,67
Imelda,3475,28
Imelda,3324,45
Imelda,4559,36
Imelda,2172,36
Imelda,2174,32
Imelda,4751,28
Imelda,3550,28
Imelda,3991,29
Imelda,6773,64
Imelda,2286,59
Imelda,3933,37
Imelda,2585,28
Imelda,3794,54
Imelda,1884,53
Imelda,1336,55
Imelda,3509,34
Imelda,5863,134
Imelda,3428,46
Imelda,558,16
Imelda,3353,43
Imelda,2189,23
Imelda,8233,86
Imelda,4892,100
Imelda,4387,72
Imelda,2072,22
Imelda,6036,23
Imelda,1086,19
Imelda,2934,39
Imelda,3997,54
Imelda,1436,24
Imelda,2250,13
Imelda,2689,32
Imelda,5263,70
Imelda,2379,68
Imelda,3332,31
Imelda,4248,33
Imelda,1918,37
Imelda,6870,44
Imelda,3310,43
Imelda,3985,38
Imelda,3588,36
Imelda,5939,37
Imelda,5231,24
Imelda,7250,27
Imelda,9590,56
Imelda,5394,63
Imelda,3034,32
Imelda,9056,70
Imelda,4500,43
Imelda,3129,24
Imelda,2266,38
Imelda,5761,66
Imelda,6860,77
Imelda,3532,36
Imelda,11243,52
Imelda,6256,41
Imelda,1832,26
Imelda,6286,60
Imelda,6956,43
Imelda,2589,35
Imelda,4829,66
Imelda,2945,44
Imelda,3290,99
Imelda,6776,71
Imelda,4218,92
Imelda,2848,48
Imelda,1703,28
Imelda,4209,121
Imelda,3866,30
Imelda,2274,79
Imelda,4453,19
Imelda,5538,17
Imelda,4658,83
Imelda,5855,44
Imelda,5667,48
Imelda,5088,109
Imelda,6895,90
Imelda,2897,208
Imelda,5598,42
Imelda,2692,91
Imelda,12785,127
Imelda,4855,37
Imelda,5010,82
Imelda,2299,32
Imelda,2790,19
Imelda,5670,35
Imelda,0,4
Imelda,0,10
Imelda,1033,7
Imelda,0,52
Imelda,0,35
Imelda,7193,176
Imelda,5011,53
Imelda,2812,43
Imelda,1904,23
Imelda,7234,64
Imelda,4625,39
Imelda,4128,60
Imelda,2668,27
Imelda,4367,42
Imelda,4042,20
Imelda,2651,37
Imelda,4079,32
Imelda,2396,28
Imelda,2839,42
Imelda,3190,19
Imelda,3180,51
Imelda,2455,24
Imelda,2333,40
Imelda,4714,81
Imelda,2904,41
Imelda,2687,57
Imelda,1284,31
Imelda,2787,39
Imelda,4395,84
Imelda,1819,25
Imelda,5720,87
Imelda,6215,91
Imelda,2189,75
Imelda,2542,34
Imelda,5366,28
Imelda,2678,69
Imelda,2672,118
Imelda,6889,56
Imelda,6074,83
Imelda,6908,73
Imelda,5090,74
Imelda,4243,33
Imelda,6467,58
Imelda,4589,34
Imelda,7296,48
Imelda,5029,42
Imelda,6988,134
Imelda,4105,27
Imelda,2788,23
Imelda,5226,58
Imelda,4749,54
Imelda,2949,28
Imelda,5560,40
Imelda,4217,71
Imelda,12938,85
Imelda,12014,182
Imelda,9255,68
Imelda,4121,42
Imelda,4674,53
Imelda,5334,86
Imelda,2555,48
Imelda,7825,30
Imelda,4161,43
Imelda,4992,104
Imelda,4458,31
Imelda,7115,84
Imelda,5550,62
Imelda,5414,56
Imelda,3036,16
Imelda,2510,23
Imelda,2762,47
Imelda,3043,50
Imelda,5372,139
Imelda,2604,36
Imelda,3661,16
Imelda,10332,100
Imelda,5093,56
Imelda,4593,34
Imelda,5582,39
Imelda,4490,36
Imelda,4129,40
Imelda,5075,45
Imelda,4348,66
Imelda,5392,38
Imelda,7419,94
Imelda,5236,15
Imelda,8375,80
Imelda,8417,7
Imelda,5709,22
Imelda,3577,61
Imelda,8745,219
Imelda,3310,162
Imelda,7320,51
Imelda,2498,22
Imelda,9104,102
Imelda,6009,78
Imelda,2027,63
Imelda,5015,68
Imelda,7880,78
Imelda,3343,42
Imelda,5117,55
Imelda,4891,69
Imelda,5616,58
Imelda,6881,79
Imelda,1738,49
Imelda,5883,30
Imelda,3176,130
Imelda,5438,275
Imelda,5583,80
Imelda,3372,68
Imelda,2741,22
Imelda,2753,35
Imelda,5447,33
Imelda,4271,66
Imelda,3585,66
Imelda,5951,165
Imelda,4179,73
Imelda,3366,41
Imelda,3632,51
Imelda,7440,132
Imelda,3934,67
Imelda,5643,84
Imelda,5100,37
Imelda,4149,38
Imelda,3922,84
Imelda,3225,34
Imelda,3661,87
Imelda,9370,86
Imelda,11289,130
Imelda,7860,56
Imelda,6485,54
Imelda,8620,63
Imelda,8077,26
Imelda,4216,35
Imelda,6037,61
Imelda,4542,47
Imelda,3741,23
Imelda,3913,32
Imelda,3575,19
Imelda,7897,42
Imelda,2856,37
Imelda,3515,25
Imelda,1965,22
Imelda,2813,22
Imelda,4361,15
Imelda,8612,100
Imelda,4522,25
Imelda,4323,112
Imelda,7851,46
Imelda,4560,28
Imelda,3476,49
Imelda,6209,74
Imelda,4642,38
Imelda,5289,53
Imelda,2783,24
Imelda,2500,34
Imelda,1923,65
Imelda,2640,34
Imelda,1830,55
Imelda,4640,39
Imelda,2676,45
Imelda,4699,25
Imelda,6163,70
Imelda,7623,100
Imelda,4299,47
Imelda,6359,32
Imelda,7473,116
Imelda,4885,136
Imelda,5016,71
Imelda,5046,125
Imelda,2969,51
Imelda,6267,205
Imelda,3829,84
Imelda,2964,164
Imelda,5781,133
Imelda,5281,114
Imelda,4778,81
Imelda,3729,39
Imelda,6684,57
Imelda,5081,104
Imelda,2403,46
Imelda,3519,75
Imelda,3688,25
Imelda,3143,117
Imelda,4965,86
Imelda,2765,39
Imelda,3188,32
Imelda,6140,108
Imelda,2873,45
Imelda,9506,175
Imelda,4417,72
Imelda,5337,36
Imelda,6763,46
Imelda,11948,58
Imelda,5486,102
Imelda,9469,117
Imelda,7809,161
Imelda,3997,29
Imelda,2164,25
Imelda,5007,85
Imelda,3160,126
Imelda,2811,132
Imelda,0,32
Imelda,0,32
Imelda,3029,85
Imelda,6767,27
Imelda,1874,46
Imelda,3620,66
Imelda,4068,151
Imelda,4876,55
Imelda,996,10
Imelda,3746,33
Imelda,0,10
Imelda,2411,43
Imelda,2363,25
Imelda,3876,25
Imelda,6966,43
Imelda,1951,115
Imelda,1177,29
Imelda,1158,20
Imelda,2572,42
Imelda,6212,90
Imelda,11243,88
Imelda,2897,37
Imelda,2887,19
Imelda,8754,101
Imelda,9390,130
Imelda,4960,40
Imelda,4719,38
Imelda,4412,43
Imelda,4934,57
Imelda,3820,44
Imelda,5018,37
Imelda,3183,79
Imelda,5463,34
Imelda,1087,39
Imelda,8737,65
Imelda,6540,42
Imelda,4231,32
Imelda,6762,85
Imelda,1946,30
Imelda,4691,47
Imelda,5949,116
Imelda,3746,37
Imelda,7675,72
Imelda,3642,103
Imelda,2963,48
Imelda,5161,111
Imelda,1750,30
Imelda,7077,59
Imelda,3455,120
Imelda,2817,40
Imelda,5238,92
Imelda,13098,92
Imelda,7454,132
Imelda,6339,150
Imelda,7379,22
Imelda,4966,29
Imelda,12065,102
Imelda,3967,55
Imelda,3113,30
Imelda,6011,369
Imelda,7898,46
Imelda,8759,137
Imelda,6383,78
Imelda,5175,67
Imelda,8107,42
Imelda,5121,37
Imelda,8434,88
Imelda,6731,176
Imelda,3640,38
Imelda,3608,32
Imelda,6053,61
Imelda,4001,53
Imelda,2239,8
Imelda,2765,3
Imelda,2428,0
Imelda,2764,14
Imelda,3817,37
Imelda,3625,96
Imelda,1764,19
Imelda,1495,25
Imelda,3373,30
Imelda,2744,41
Imelda,2513,17
Imelda,2885,25
Imelda,3439,83
Imelda,3474,0
Imelda,3903,33
Imelda,6856,21
Imelda,4276,38
Imelda,2241,22
Imelda,2409,54
Imelda,2822,3
Imelda,7990,43
Imelda,6862,83
Imelda,6403,109
Imelda,5902,69
Imelda,5015,55
Imelda,5936,50
Imelda,6289,72
Imelda,1403,45
Imelda,5889,61
Imelda,3222,9
Imelda,5167,14
Imelda,2086,28
Imelda,1758,3
Imelda,4216,17
Imelda,3929,49
Imelda,4164,29
Imelda,3016,72
Imelda,2364,33
Imelda,6300,85
Imelda,6510,108
Imelda,2885,45
Imelda,2796,88
Imelda,3381,43
Imelda,4541,106
Imelda,1496,73
Imelda,3543,22
Imelda,1403,86
Imelda,5090,63
Imelda,4891,82
Imelda,4827,212
Imelda,7645,94
Imelda,10990,61
Imelda,6280,239
Imelda,10367,148
Imelda,7276,215
Imelda,7096,142
Imelda,7048,182
Imelda,2626,20
Imelda,4349,28
Imelda,7695,46
Imelda,8695,107
Imelda,4149,23
Imelda,3726,49
Imelda,6367,28
Imelda,3932,38
Imelda,2853,47
Imelda,5333,53
Imelda,5239,73
Imelda,2701,28
Imelda,1489,27
Imelda,4422,42
Imelda,2646,35
Imelda,8011,35
Imelda,1229,40
Imelda,3298,30
Imelda,2785,40
Imelda,5595,45
Imelda,6892,52
Imelda,5890,42
Imelda,4173,59
Imelda,6930,82
Imelda,3468,55
Imelda,3974,44
Imelda,6004,11
Imelda,2711,15
Imelda,2698,40
Imelda,3802,53
Imelda,4779,137
Imelda,2026,24
Imelda,4612,60
Imelda,2915,94
Imelda,3091,41
Imelda,4427,21
Imelda,9529,131
Imelda,3621,26
Imelda,4219,39
Imelda,7259,203
Imelda,4058,37
Imelda,4980,22
Imelda,6766,55
Imelda,4755,61
Imelda,4619,38
Imelda,7071,40
Imelda,5739,44
Imelda,3272,135
Imelda,6195,8
Imelda,2047,46
Imelda,4301,90
Imelda,5295,72
Imelda,4764,81
Imelda,1773,40
Imelda,3401,36
Imelda,1757,17
Imelda,7114,134
Imelda,8485,284
Imelda,6103,106
Imelda,3387,99
Imelda,6022,103
Imelda,5546,72
Imelda,2715,23
Imelda,2825,37
Imelda,6595,37
Imelda,11882,183
Imelda,5185,33
Imelda,2732,38
Imelda,1845,36
Imelda,3409,76
Imelda,2624,114
Imelda,4867,57
Imelda,1185,13
Imelda,5139,44
Imelda,4295,26
Imelda,7401,48
Imelda,2874,24
Imelda,5508,52
Imelda,5808,35
Imelda,5017,54
Imelda,9781,89
Imelda,4063,48
Imelda,8973,55
Imelda,7617,43
Imelda,4773,44
Imelda,6018,43
Imelda,6586,169
Imelda,6949,152
Imelda,3319,39
Imelda,3316,87
Imelda,1973,36
Imelda,4189,57
Imelda,2122,18
Imelda,1362,18
Imelda,1620,35
Imelda,5472,25
Imelda,4932,103
Imelda,3625,126
Imelda,4161,107
Imelda,4925,59
Imelda,8288,116
Imelda,4680,66
Imelda,7963,110
Imelda,10161,114
Imelda,8374,130
Imelda,9130,189
Imelda,6408,164
Imelda,5147,98
Imelda,3070,53
Imelda,3445,44
Imelda,3589,91
Imelda,8033,101
Imelda,7151,98
Imelda,3413,53
Imelda,6146,87
Imelda,6777,107
Imelda,5748,85
Imelda,8534,80
Imelda,6403,71
Imelda,5409,67
Imelda,4113,68
Imelda,4690,65
Imelda,5499,85
Imelda,14009,93
Imelda,6994,154
Imelda,8852,261
Imelda,4065,35
Imelda,3880,76
Imelda,7934,80
Imelda,4460,67
Imelda,6007,62
Imelda,4858,82
Imelda,3590,35
Imelda,3160,65
Imelda,3881,41
Imelda,6400,98
Imelda,7100,82
Imelda,4645,96
Imelda,4926,64
Imelda,6522,76
Imelda,3267,85
Imelda,2963,61
Imelda,4202,45
Imelda,5333,27
Imelda,5873,94
Imelda,7598,137
Imelda,4573,102
Imelda,1085,65
Imelda,2316,43
Imelda,4937,154
Imelda,2887,41
Imelda,12559,103
Imelda,2264,37
Imelda,4445,44
Imelda,2526,40
Imelda,7066,120
Imelda,4986,119
Imelda,3435,83
Imelda,1535,50
Imelda,4868,105
Imelda,11213,156
Imelda,6764,130
Imelda,3563,71
Imelda,7387,123
Imelda,4465,92
Imelda,11529,149
Imelda,19122,120
Imelda,8832,82
Imelda,11304,148
Imelda,3556,25
Imelda,3929,48
Imelda,5541,85
Imelda,8553,111
Imelda,1898,41
Imelda,3336,78
Imelda,4562,36
Imelda,5921,67
Imelda,6655,171
Imelda,9916,104
Imelda,4108,72
Imelda,5644,98
Imelda,6807,97
Imelda,4711,86
Imelda,7045,125
Imelda,5148,45
Imelda,4888,36
Imelda,2885,25
Imelda,5908,13
Imelda,4305,41
Imelda,3630,59
Imelda,1477,34
Imelda,2540,63
Imelda,4061,41
Imelda,6528,120
Imelda,2710,36
Imelda,2941,31
Imelda,2635,28
Imelda,4857,3
Imelda,5767,190
Imelda,1415,5
Imelda,5057,27
Imelda,3296,52
Imelda,4910,82
Imelda,2471,24
Imelda,3547,26
Imelda,3807,46
Imelda,15741,134
Imelda,12663,67
Imelda,15813,66
Imelda,8777,53
Imelda,6808,100
Imelda,9680,135
Imelda,11739,119
Imelda,1972,78
Imelda,5450,134
Imelda,5399,26
Imelda,9195,54
Imelda,13362,53
Imelda,4216,22
Imelda,11769,144
Imelda,8654,102
Imelda,8161,88
Imelda,2088,51
Imelda,7734,62
Imelda,6389,52
Imelda,3679,21
Imelda,4132,42
Imelda,2194,25
Imelda,6335,98
Imelda,7383,81
Imelda,4166,46
Imelda,1320,8
Imelda,2211,43
Imelda,4437,31
Imelda,6419,30
Imelda,4214,29
Imelda,6461,57
Imelda,10019,122
Imelda,623,44
Imelda,5184,47
Imelda,2971,35
Imelda,7408,119
Imelda,3052,46
Imelda,5749,41
Imelda,4672,33
Imelda,4671,55
Imelda,6006,16
Imelda,6449,33
Imelda,1754,48
Imelda,4111,24
Imelda,3042,23
Imelda,1650,25
Imelda,6482,47
Imelda,2182,31
Imelda,3809,20
Imelda,6743,91
Imelda,2112,30
Imelda,7334,39
Imelda,4608,1
Imelda,7010,33
Imelda,11274,67
Imelda,1943,20
Imelda,2298,33
Imelda,2830,31
Imelda,6051,63
Imelda,4013,49
Imelda,5249,47
Imelda,6813,12
Imelda,4461,83
Imelda,8485,81
Imelda,5244,171
Imelda,8150,123
Imelda,7088,60
Imelda,5533,90
Imelda,4796,72
Imelda,4268,66
Imelda,2452,40
Imelda,3384,25
Imelda,5572,83
Imelda,5100,75
Imelda,7500,73
Imelda,6055,73
Imelda,3355,36
Imelda,4605,79
Imelda,4358,44
Imelda,5194,46
Imelda,6774,74
Imelda,5004,65
Imelda,6509,112
Imelda,1833,29
Imelda,2048,45
Imelda,3207,47
Imelda,8931,97
Imelda,4088,58
Imelda,3491,105
Imelda,6522,205
Imelda,5645,218
Imelda,11141,141
Imelda,8745,139
Imelda,5809,155
Imelda,13777,140
Imelda,4416,80
Imelda,4716,90
Imelda,4156,146
Imelda,13653,117
Imelda,13671,126
Imelda,5711,83
Imelda,6492,158
Imelda,3924,76
Imelda,2274,30
Imelda,2366,127
Imelda,11179,147
Imelda,7064,44
Imelda,2081,50
Imelda,4521,48
Imelda,4802,58
Imelda,4491,87
Imelda,1457,34
Imelda,3076,155
Imelda,7417,91
Imelda,2840,73
Imelda,2268,50
Imelda,8154,22
Imelda,6908,81
Imelda,8529,232
Imelda,6699,180
Imelda,4334,168
Imelda,12482,124
Imelda,8864,19
Imelda,2342,105
Imelda,3322,62
Imelda,6467,60
Imelda,2648,55
Imelda,5322,32
Imelda,2792,17
Imelda,2210,32
Imelda,4635,76
Imelda,4652,11
Imelda,5393,30
Imelda,2334,19
Imelda,4830,16
Imelda,3962,18
Imelda,3766,68
Imelda,1930,20
Imelda,3831,23
Imelda,2803,21
Imelda,6356,26
Imelda,2071,29
Imelda,4047,35
Imelda,2138,20
Imelda,2575,27
Imelda,4089,35
Imelda,4507,24
Imelda,5497,43
Imelda,5006,67
Imelda,4547,26
Imelda,5232,46
Imelda,5408,43
Imelda,8282,130
Imelda,2091,16
Imelda,6491,35
Imelda,5064,52
Imelda,3968,26
Imelda,3894,31
Imelda,6846,88
Imelda,2250,18
Imelda,4272,34
Imelda,2526,11
Imelda,7953,108
Imelda,6545,69
Imelda,8012,65
Imelda,11230,136
Imelda,7174,56
Imelda,3259,46
Imelda,2086,23
Imelda,9645,63
Imelda,5435,64
Imelda,0,43
Imelda,7275,57
Imelda,1585,107
Imelda,3199,43
Imelda,5590,9
Imelda,4181,57
Imelda,3254,55
Imelda,3723,11
Imelda,4520,62
Imelda,5454,3
Imelda,5274,124
Imelda,5251,18
Imelda,3824,88
Imelda,4024,38
Imelda,3953,37
Imelda,2758,12
Imelda,5407,114
Imelda,8779,196
Imelda,3366,7
Imelda,4481,46
Imelda,3435,28
Imelda,6871,32
Imelda,2902,59
Imelda,2662,56
Imelda,3875,62
Imelda,6549,20
Imelda,7609,93
Imelda,9193,42
Imelda,5813,118
Imelda,2681,48
Imelda,793,14
Imelda,9771,82
Imelda,1211,16
Imelda,7875,29
Imelda,7106,108
Imelda,5279,92
Imelda,10234,72
Imelda,17384,209
Imelda,8048,178
Imelda,4610,64
Imelda,8902,31
Imelda,3758,4
Imelda,4429,66
Imelda,2337,8
Imelda,3019,29
Imelda,2335,37
Imelda,5515,53
Imelda,3206,22
Imelda,3834,17
Imelda,3700,66
Imelda,3943,7
Imelda,3129,53
Imelda,7879,67
Imelda,5167,74
Imelda,3456,57
Imelda,2510,28
Imelda,3518,62
Imelda,2775,26
Imelda,3356,13
Imelda,15351,135
Imelda,9590,156
Imelda,9038,183
Imelda,5223,65
Imelda,4647,62
Imelda,6143,97
Imelda,3031,84
Imelda,0,66
Imelda,4082,159
Imelda,5507,56
Imelda,8810,38
Imelda,5785,99
Imelda,1625,24
Imelda,3539,55
Imelda,6061,67
Imelda,2789,26
Imelda,7232,152
Imelda,1668,40
Imelda,6550,182
Imelda,7100,85
Imelda,6032,65
Imelda,5486,95
Imelda,7148,86
Imelda,6536,65
Imelda,6427,47
Imelda,3375,55
Imelda,2781,51
Imelda,5997,43
Imelda,6726,43
Imelda,4290,61
Imelda,3952,48
Imelda,5973,57
Imelda,5236,51
Imelda,4488,39
Imelda,3953,235
Imelda,7508,38
Imelda,4711,58
Imelda,9103,133
Imelda,19493,218
Imelda,5222,30
Imelda,6953,71
Imelda,7820,25
Imelda,4819,26
Imelda,7755,32
Imelda,6850,173
Imelda,6196,52
Imelda,3351,36
Imelda,4456,55
Imelda,6963,25
Imelda,3851,35
Imelda,2881,31
Imelda,4812,61
Imelda,5060,56
Imelda,4732,165
Imelda,3175,67
Imelda,11099,191
Imelda,12443,362
Imelda,4391,65
Imelda,7246,82
Imelda,9188,57
Imelda,10163,94
Imelda,8710,115
Imelda,7112,207
Imelda,9509,129
Imelda,3555,51
Imelda,4603,70
Imelda,8180,23
Imelda,5152,125
Imelda,2219,42
Imelda,5151,98
Imelda,7654,176
Imelda,7706,163
Imelda,6797,186
Imelda,2198,57
Imelda,7604,135
Imelda,2939,30
Imelda,2323,16
Imelda,3454,74
Imelda,1829,34
Imelda,4496,64
Imelda,647,11
Imelda,5887,91
Imelda,3821,39
Imelda,3745,61
Imelda,2071,52
Imelda,2254,21
Imelda,2016,47
Imelda,5347,152
Imelda,6125,35
Imelda,6204,106
Imelda,8617,165
Imelda,10753,121
Imelda,3207,24
Imelda,3777,93
Imelda,6385,47
Imelda,3010,71
Imelda,3953,62
Imelda,3080,23
Imelda,13312,104
Imelda,7314,113
Imelda,6293,94
Imelda,4349,145
Imelda,6290,104
Imelda,8183,60
Imelda,4942,42
Imelda,6849,61
Imelda,5127,138
Imelda,9203,192
Imelda,3622,26
Imelda,6415,102
Imelda,3514,44
Imelda,2972,26
Imelda,4677,48
Imelda,6590,51
Imelda,6410,126
Imelda,6006,36
Imelda,3952,37
Imelda,2555,15
Imelda,6185,70
Imelda,4889,146
Imelda,2305,25
Imelda,7465,128
Imelda,3377,12
Imelda,8496,73
Imelda,5725,107
Imelda,4673,99
Imelda,3132,12
Imelda,6078,63
Imelda,6724,130
Imelda,5508,139
Imelda,2884,32
Imelda,5153,35
Imelda,5109,84
Imelda,5427,65
Imelda,5528,43
Imelda,6610,151
Imelda,5992,57
Imelda,5149,93
Imelda,6599,33
Imelda,2586,32
Imelda,6837,94
Imelda,2975,43
Imelda,2881,47
Imelda,3911,33
Imelda,5124,59
Imelda,3595,37
Imelda,7360,50
Imelda,7160,29
Imelda,4648,32
Imelda,4868,51
Imelda,5327,92
Imelda,6416,118
Imelda,6553,83
Imelda,4845,30
Imelda,3327,35
Imelda,2263,15
Imelda,6090,55
Imelda,5911,78
Imelda,4362,43
Imelda,6766,56
Imelda,6452,116
Imelda,3993,89
Imelda,4922,26
Imelda,3921,77
Imelda,5569,114
Imelda,3469,71
Imelda,6709,105
Imelda,4943,69
Imelda,5758,47
Imelda,3796,134
Imelda,6095,115
Imelda,7782,170
Imelda,5054,116
Imelda,5245,41
Imelda,7096,185
Imelda,11313,81
Imelda,2950,97
Imelda,4370,59
Imelda,2968,54
Imelda,2381,156
Imelda,2625,28
Imelda,5471,42
Imelda,2939,40
Imelda,6129,56
Imelda,6455,31
Imelda,5394,28
Imelda,4591,49
Imelda,5057,36
Imelda,7789,83
Imelda,4563,63
Imelda,5657,64
Imelda,8497,91
Imelda,3360,29
Imelda,2636,62
Imelda,5246,65
Imelda,5206,61
Imelda,4234,32
Imelda,4298,85
Imelda,1700,38
Imelda,2741,130
Imelda,1272,23
Imelda,3854,133
Imelda,4155,52
Imelda,4650,32
Imelda,2412,22
Imelda,2794,21
Imelda,3020,41
Imelda,2921,35
Imelda,4875,42
Imelda,7226,41
Imelda,3384,49
Imelda,7322,38
Imelda,749,36
Imelda,9961,18
Imelda,5157,65
Imelda,4937,58
Imelda,1403,22
Imelda,4371,83
Imelda,6264,36
Imelda,8290,41
Imelda,2506,85
Imelda,3056,112
Imelda,4006,62
Imelda,4404,110
Imelda,6383,88
Imelda,4244,100
Imelda,5878,36
Imelda,6704,39
Imelda,5367,43
Imelda,3119,133
Imelda,5249,60
Imelda,7030,114
Imelda,7575,44
Imelda,2149,52
Imelda,11429,181
Imelda,4283,130
Imelda,2344,73
Imelda,2340,60
Imelda,5624,101
Imelda,2581,106
Imelda,2432,92
Imelda,7720,78
Imelda,5038,326
Imelda,5110,67
Imelda,6196,132
Imelda,7845,32
Imelda,15144,78
Imelda,3602,7
Imelda,5037,129
Imelda,9163,103
Imelda,5691,167
Imelda,2944,32
Imelda,4960,104
Imelda,3631,83
Imelda,6205,3
Imelda,6980,103
Imelda,7535,117
Imelda,5892,77
Imelda,4480,84
Imelda,7595,134
Imelda,6934,76
Imelda,6969,39
Imelda,3223,39
Imelda,2189,3
Imelda,2273,23
Imelda,2085,19
Imelda,1628,23
Imelda,2123,26
Imelda,2826,44
Imelda,3066,82
Imelda,5669,24
Imelda,6356,102
Imelda,6654,74
Imelda,11802,106
Imelda,4924,33
Imelda,3353,53
Imelda,2241,16
Imelda,2132,60
Imelda,4809,58
Imelda,3514,71
Imelda,904,75
Imelda,14555,31
Imelda,3852,254
Imelda,5173,94
Imelda,12618,160
Imelda,7688,102
Imelda,7258,86
Imelda,2547,58
Imelda,2210,71
Imelda,2491,79
Imelda,4649,98
Imelda,4795,110
Imelda,6967,101
Imelda,2149,27
Imelda,3796,28
Imelda,3675,46
Imelda,4762,53
Imelda,9279,10
Imelda,4495,89
Imelda,4697,89
Imelda,4079,23
Imelda,2993,31
Imelda,3917,25
Imelda,3963,34
Imelda,3758,42
Imelda,4363,267
Imelda,3914,58
Imelda,6981,43
Imelda,4259,49
Imelda,1595,2
Imelda,5313,81
Imelda,2715,38
Imelda,2616,27
Imelda,4634,0
Imelda,8785,121
Imelda,10491,4
Imelda,7209,166
Imelda,9228,61
Imelda,1560,37
Imelda,8046,44
Imelda,5777,228
Imelda,4223,69
Imelda,5380,105
Imelda,8634,86
Imelda,2304,50
Imelda,10991,175
Imelda,4905,67
Imelda,2119,19
Imelda,1843,41
Imelda,7077,142
Imelda,7054,72
Imelda,8501,131
Imelda,2620,56
Imelda,4922,21
Imelda,4030,80
Imelda,3998,20
Imelda,7291,80
Imelda,6765,60
Imelda,11307,72
Imelda,5123,46
Imelda,8052,42
Imelda,9579,38
Imelda,7766,62
Imelda,5866,55
Imelda,2008,22
Imelda,6418,81
Imelda,10051,57
Imelda,4323,56
Imelda,3953,28
Imelda,4523,34
Imelda,2329,32
Imelda,4599,27
Imelda,2085,23
Imelda,7924,52
Imelda,6357,54
Imelda,2217,24
Imelda,5199,47
Imelda,6977,53
Imelda,2025,43
Imelda,11658,97
Imelda,9005,13
Imelda,6662,80
Imelda,6245,59
Imelda,6078,160
Imelda,6460,127
Imelda,4626,33
Imelda,2004,30
Imelda,5325,39
Imelda,8118,42
Imelda,3950,40
Imelda,6094,54
Imelda,3453,46
Imelda,2842,24
Imelda,4751,130
Imelda,2212,12
Imelda,3183,40
Imelda,7092,133
Imelda,4277,66
Imelda,1308,41
Imelda,3127,65
Imelda,4910,106
Imelda,2630,41
Imelda,1796,37
Imelda,2605,134
Imelda,4597,49
Imelda,8815,104
Imelda,9993,115
Imelda,11251,7
Imelda,2467,28
Imelda,1653,27
Imelda,2073,27
Imelda,4009,59
Imelda,7458,98
Imelda,2116,41
Imelda,4327,56
Imelda,5010,69
Imelda,3000,38
Imelda,3091,43
Imelda,16474,103
Imelda,5609,32
Imelda,15920,120
Imelda,26770,189
Imelda,4210,69
Imelda,7773,142
Imelda,11366,93
Imelda,8050,105
Imelda,9636,90
Imelda,9033,86
Imelda,6620,138
Imelda,4060,55
Imelda,3138,17
Imelda,9796,296
Imelda,4453,53
Imelda,6604,51
Imelda,6935,47
Imelda,1261,30
Imelda,3644,78
Imelda,4977,72
Imelda,4073,45
Imelda,5372,41
Imelda,5797,50
Imelda,7961,135
Imelda,2762,77
Imelda,13005,248
Imelda,15574,316
Imelda,49119,421
Imelda,5290,46
Imelda,3246,110
Imelda,1226,157
Imelda,8903,115
Imelda,2337,24
Imelda,0,12
Imelda,3240,47
Imelda,5323,46
Imelda,8865,18
Imelda,5798,144
Imelda,5021,217
Imelda,4647,20
Imelda,1249,47
Imelda,1375,57
Imelda,2421,42
Imelda,5177,27
Imelda,3015,73
Imelda,1830,27
Imelda,2240,57
Imelda,7227,119
Imelda,3186,33
Imelda,5321,54
Imelda,3846,52
Imelda,5576,64
Imelda,8473,51
Imelda,4350,78
Imelda,1577,21
Imelda,2453,50
Imelda,1462,6
Imelda,5731,126
Imelda,2349,24
Imelda,2473,56
Imelda,2810,44
Imelda,4805,45
Imelda,2048,79
Imelda,3359,83
Imelda,4658,30
Imelda,4040,144
Imelda,4535,51
Imelda,7578,70
Imelda,1910,113
Imelda,2359,41
Imelda,7581,82
Imelda,10250,199
Imelda,5391,88
Imelda,2998,33
Imelda,5239,27
Imelda,6881,222
Imelda,7631,59
Imelda,14703,26
Imelda,1546,13
Imelda,5356,35
Imelda,3989,42
Imelda,3878,56
Imelda,5214,19
Imelda,6728,75
Imelda,4643,136
Imelda,3977,53
Imelda,2896,81
Imelda,6467,135
Imelda,4376,118
Imelda,7044,100
Imelda,3352,104
Imelda,4951,74
Imelda,4815,55
Imelda,2907,78
Imelda,3946,70
Imelda,4979,19
Imelda,9329,151
Imelda,5391,87
Imelda,8737,75
Imelda,4019,19
Imelda,2433,23
Imelda,4001,22
Imelda,2768,43
Imelda,7519,66
Imelda,4146,39
Imelda,2742,19
Imelda,1696,44
Imelda,3980,72
Imelda,5456,34
Imelda,3060,27
Imelda,5652,28
Imelda,4178,66
Imelda,2779,120
Imelda,1161,66
Imelda,9725,118
Imelda,7238,73
Imelda,3828,53
Imelda,4438,56
Imelda,4982,60
Imelda,9966,89
Imelda,3637,23
Imelda,10258,57
Imelda,3165,34
Imelda,4374,26
Imelda,13121,132
Imelda,2224,134
Imelda,19893,163
Imelda,11985,233
Imelda,2379,99
Imelda,8255,160
Imelda,5030,58
Imelda,29605,191
Imelda,9990,224
Imelda,14796,274
Imelda,8639,98
Imelda,4,76
Imelda,519,266
Imelda,4552,100
Imelda,3569,23
Imelda,4822,77
Imelda,3452,51
Imelda,3074,165
Imelda,4139,56
Imelda,6341,181
Imelda,3607,17
Imelda,6686,65
Imelda,3889,19
Imelda,5075,153
Imelda,2121,92
Imelda,2385,33
Imelda,8535,80
Imelda,5531,44
Imelda,2131,15
Imelda,5104,29
Imelda,0,85
Imelda,19,89
Imelda,3917,34
Imelda,4225,37
Imelda,3432,10
Imelda,11682,134
Imelda,8221,265
Imelda,7374,45
Imelda,4300,31
Imelda,6755,88
Imelda,7372,85
Imelda,6695,90
Imelda,7188,79
Imelda,10687,106
Imelda,7515,81
Imelda,3834,72
Imelda,2400,43
Imelda,5933,94
Imelda,6716,119
Imelda,4144,146
Imelda,5225,135
Imelda,5623,81
Imelda,5020,91
Imelda,4055,44
Imelda,2448,60
Imelda,5013,45
Imelda,4465,42
Imelda,4932,65
Imelda,7230,93
Imelda,8233,87
Imelda,3888,107
Imelda,1510,13
Imelda,6032,118
Imelda,5096,139
Imelda,4982,93
Imelda,6382,92
Imelda,9697,199
Imelda,11899,208
Imelda,6617,99
Imelda,13198,93
Imelda,2985,116
Imelda,21863,266
Imelda,11872,184
Imelda,6921,192
Imelda,9742,194
Imelda,25820,144
Imelda,18766,207
Imelda,7977,72
Imelda,2335,94
Imelda,6610,40
Imelda,4986,49
Imelda,2609,28
Imelda,5062,90
Imelda,4412,67
Imelda,6521,88
Imelda,4849,43
Imelda,7889,65
Imelda,6800,38
Imelda,8355,104
Imelda,2334,32
Imelda,3792,33
Imelda,5017,56
Imelda,10172,89
Imelda,5947,79
Imelda,2890,21
Imelda,2760,70
Imelda,5426,31
Imelda,3087,26
Imelda,4587,54
Imelda,6757,72
Imelda,11691,61
Imelda,4868,45
Imelda,4341,34
Imelda,7198,73
Imelda,4484,35
Imelda,8729,90
Imelda,4184,69
Imelda,5528,62
Imelda,3980,52
Imelda,4670,89
Imelda,5036,54
Imelda,1950,97
Imelda,3198,85
Imelda,5448,94
Imelda,2948,30
Imelda,2514,230
Imelda,7089,137
Imelda,7451,97
Imelda,4681,123
Imelda,1632,26
Imelda,5346,138
Imelda,5726,594
Imelda,8544,48
Imelda,2088,36
Imelda,1474,81
Imelda,4101,83
Imelda,8566,6
Imelda,6144,121
Imelda,2833,9
Imelda,5218,118
Imelda,7672,137
Imelda,3299,42
Imelda,5220,30
Imelda,3899,36
Imelda,6785,33
Imelda,4892,27
Imelda,3076,57
Imelda,3883,63
Imelda,3436,61
Imelda,17635,122
Imelda,1652,21
Imelda,4226,40
Imelda,3198,28
Imelda,2827,33
Imelda,2183,18
Imelda,7126,34
Imelda,5928,56
Imelda,7339,92
Imelda,8259,61
Imelda,5467,20
Imelda,5146,81
Imelda,1696,40
Imelda,2071,56
Imelda,1327,77
Imelda,98,304
Imelda,10997,110
Imelda,4601,71
Imelda,6194,62
Imelda,3228,26
Imelda,4583,54
Imelda,6467,49
Imelda,8987,77
Imelda,5129,169
Imelda,4551,40
Imelda,7333,97
Imelda,4663,55
Imelda,5945,72
Imelda,3736,59
Imelda,5127,65
Imelda,6680,40
Imelda,6780,73
Imelda,6472,86
Imelda,5383,96
Imelda,4866,40
Imelda,6613,49
Imelda,5295,4726
Imelda,4065,35
Imelda,2835,70
Imelda,3892,40
Imelda,2162,25
Imelda,1160,28
Imelda,3177,35
Imelda,5697,89
Imelda,1972,39
Imelda,6803,122
Imelda,2363,46
Imelda,2132,20
Imelda,4172,44
Imelda,1864,36
Imelda,9747,77
Imelda,7519,66
Imelda,8427,135
Imelda,6827,70
Imelda,8293,146
Imelda,3694,32
Imelda,2313,54
Imelda,2460,24
Imelda,2317,25
Imelda,2837,35
Imelda,4263,37
Imelda,2207,27
Imelda,8300,39
Imelda,4101,50
Imelda,7056,72
Imelda,12358,167
Imelda,5346,30
Imelda,4840,58
Imelda,7543,36
Imelda,2454,21
Imelda,3470,50
Imelda,2491,34
Imelda,4863,28
Imelda,9550,48
Imelda,7002,68
Imelda,8547,51
Imelda,4115,24
Imelda,10222,64
Imelda,11520,97
Imelda,8000,88
Imelda,4590,167
Imelda,5037,91
Imelda,6756,76
Imelda,3890,45
Imelda,4665,48
Imelda,4639,49
Imelda,16345,255
Imelda,13044,214
Imelda,6353,108
Imelda,15028,219
Imelda,6045,125
Imelda,17986,358
Imelda,4605,70
Imelda,9459,136
Imelda,9256,213
Imelda,4788,89
Imelda,2667,45
Imelda,6068,68
Imelda,7292,14
Imelda,5842,107
Imelda,16851,153
Imelda,14466,105
Imelda,15448,338
Imelda,8299,177
Imelda,10379,307
Imelda,3994,101
Imelda,5479,34
Imelda,3980,47
Imelda,5157,51
Imelda,6619,62
Imelda,1139,18
Imelda,9319,97
Imelda,5127,33
Imelda,5558,25
Imelda,3815,62
Imelda,11239,59
Imelda,7851,51
Imelda,9472,80
Imelda,4629,47
Imelda,3237,32
Imelda,6438,54
Imelda,2777,76
Imelda,3289,30
Imelda,9583,98
Imelda,2279,46
Imelda,6755,90
Imelda,4790,33
Imelda,2607,89
Imelda,4076,71
Imelda,7085,83
Imelda,7058,38
Imelda,12109,97
Imelda,4196,35
Imelda,2101,58
Imelda,4568,62
Imelda,7439,100
Imelda,2101,74
Imelda,3026,100
Imelda,12231,107
Imelda,15983,169
Imelda,8719,125
Imelda,6917,70
Imelda,15257,111
Imelda,1301,44
Imelda,7926,122
Imelda,6004,142
Imelda,7224,116
Imelda,5457,95
Imelda,5376,59
Imelda,3834,43
Imelda,4824,67
Imelda,5262,42
Imelda,4883,50
Imelda,7622,93
Imelda,4522,30
Imelda,4158,49
Imelda,4739,82
Imelda,4319,68
Imelda,5636,81
Imelda,11387,169
Imelda,5208,106
Imelda,3572,78
Imelda,4403,48
Imelda,4490,81
Imelda,11689,170
Imelda,1429,38
Imelda,4440,37
Imelda,3703,73
Imelda,3394,80
Imelda,5182,58
Imelda,3637,45
Imelda,2976,50
Imelda,3683,51
Imelda,3545,48
Imelda,2158,26
Imelda,2780,33
Imelda,3596,70
Imelda,3839,44
Imelda,4590,21
Imelda,6309,107
Imelda,5902,99
Imelda,2322,48
Imelda,9099,146
Imelda,10128,129
Imelda,6151,75
Imelda,5333,84
Imelda,9402,53
Imelda,4593,271
Imelda,3505,55
Imelda,10263,111
Imelda,7856,93
Imelda,10228,87
Imelda,5195,270
Imelda,7580,144
Imelda,9060,240
Imelda,9694,151
Imelda,11073,120
Imelda,5257,32
Imelda,7029,83
Imelda,5166,77
Imelda,1874,27
Imelda,2386,64
Imelda,6812,38
Imelda,5667,31
Imelda,5066,64
Imelda,3979,71
Imelda,4912,86
Imelda,5488,54
Imelda,5045,76
Imelda,10383,158
Imelda,41538,219
Imelda,14737,111
Imelda,5375,122
Imelda,3190,4
Imelda,10639,213
Imelda,4490,90
Imelda,3888,32
Imelda,1361,66
Imelda,5763,273
Imelda,1605,34
Imelda,6693,23
Imelda,2756,34
Imelda,4924,122
Imelda,11151,207
Imelda,3831,39
Imelda,3825,53
Imelda,5278,261
Imelda,6135,53
Imelda,4479,46
Imelda,7531,182
Imelda,6937,236
Imelda,5186,172
Imelda,3456,118
Imelda,5225,56
Imelda,6973,27
Imelda,6345,104
Imelda,12489,77
Imelda,4541,47
Imelda,8512,91
Imelda,5584,65
Imelda,4943,59
Imelda,5449,29
Imelda,17901,45
Imelda,7687,133
Imelda,3758,118
Imelda,5653,42
Imelda,3840,95
Imelda,6072,62
Imelda,3107,13
Imelda,4467,31
Imelda,3393,66
Imelda,5392,79
Imelda,3820,15
Imelda,3515,27
Imelda,7569,159
Imelda,9398,200
Imelda,6942,114
Imelda,5164,113
Imelda,12020,140
Imelda,11900,173
Imelda,5708,139
Imelda,6256,95
Imelda,11222,209
Imelda,5212,115
Imelda,10237,111
Imelda,3535,112
Imelda,4251,45
Imelda,5479,62
Imelda,5589,169
Imelda,4297,52
Imelda,10026,103
Imelda,4809,35
Imelda,3677,78
Imelda,3593,17
Imelda,3835,30
Imelda,6390,84
Imelda,3187,57
Imelda,3552,27
Imelda,2861,37
Imelda,4838,34
Imelda,6851,79
Imelda,5986,79
Imelda,3160,514
Imelda,7551,62
Imelda,6281,99
Imelda,9259,91
Imelda,3878,29
Imelda,3377,18
Imelda,5850,55
Imelda,4555,23
Imelda,4363,29
Imelda,3474,34
Imelda,2320,35
Imelda,4814,39
Imelda,3982,75
Imelda,7532,277
Imelda,3763,54
Imelda,8155,87
Imelda,5611,84
Imelda,1980,47
Imelda,11643,155
Imelda,7896,83
Imelda,3763,87
Imelda,2796,53
Imelda,7339,28
Imelda,4053,43
Imelda,5898,80
Imelda,11220,94
Imelda,5930,73
Imelda,3774,61
Imelda,4629,41
Imelda,4170,30
Imelda,8307,30
Imelda,975,35
Imelda,4648,55
Imelda,7052,124
Imelda,2316,39
Imelda,3004,33
Imelda,5692,59
Imelda,6394,68
Imelda,5497,191
Imelda,3325,43
Imelda,3399,32
Imelda,2175,40
Imelda,6064,103
Imelda,3122,51
Imelda,5548,73
Imelda,3995,33
Imelda,6679,47
Imelda,5846,69
Imelda,4240,24
Imelda,4081,47
Imelda,2301,71
Imelda,4804,119
Imelda,4191,45
Imelda,6175,107
Imelda,5124,77
Imelda,7196,87
Imelda,7680,136
Imelda,3323,22
Imelda,2483,47
Imelda,5483,65
Imelda,6390,58
Imelda,4072,55
Imelda,2563,24
Imelda,2454,49
Imelda,8067,93
Imelda,4113,168
Imelda,3168,86
Imelda,5278,61
Imelda,11346,146
Imelda,8858,104
Imelda,13814,194
Imelda,8854,167
Imelda,8698,88
Imelda,1845,28
Imelda,5556,84
Imelda,2128,39
Imelda,2658,36
Imelda,9366,41
Imelda,7081,78
Imelda,11144,115
Imelda,9183,107
Imelda,1319,36
Imelda,9717,24
Imelda,5110,50
Imelda,2344,35
Imelda,3733,34
Imelda,3113,30
Imelda,6034,78
Imelda,5399,43
Imelda,2927,80
Imelda,13024,146
Imelda,2709,103
Imelda,8331,125
Imelda,7385,80
Imelda,4197,31
Imelda,3119,50
Imelda,4824,56
Imelda,4081,38
Imelda,11090,119
Imelda,3023,75
Imelda,5790,52
Imelda,4911,51
Imelda,2049,45
Imelda,6492,57
Imelda,4564,62
Imelda,3180,44
Imelda,5838,60
Imelda,4387,84
Imelda,5259,68
Imelda,4197,69
Imelda,3503,65
Imelda,5104,68
Imelda,4814,108
Imelda,5177,89
Imelda,6587,73
Imelda,9239,76
Imelda,7577,82
Imelda,9789,246
Imelda,5706,82
Imelda,3266,58
Imelda,6268,782
Imelda,4846,165
Imelda,1950,64
Imelda,3385,52
Imelda,5787,26
Imelda,4940,18
Imelda,4269,29
Imelda,5593,34
Imelda,8242,40
Imelda,1656,39
Imelda,8058,59
Imelda,5349,58
Imelda,5399,113
Imelda,0,24
Imelda,4110,72
Imelda,3917,40
Imelda,3360,182
Imelda,3476,51
Imelda,22332,428
Imelda,5048,112
Imelda,8360,243
Imelda,6046,208
Imelda,17436,141
Imelda,5890,109
Imelda,7349,70
Imelda,5932,95
Imelda,4288,99
Imelda,5072,38
Imelda,5084,108
Imelda,3118,46
Imelda,5535,53
Imelda,4685,48
Imelda,593,8
Imelda,5992,35
Imelda,4165,43
Imelda,5807,13
Imelda,5979,38
Imelda,5073,55
Imelda,8429,220
Imelda,6613,68
Imelda,4308,94
Imelda,9676,121
Imelda,15277,246
Imelda,7918,107
Imelda,12040,180
Imelda,3124,157
Imelda,3938,29
Imelda,8690,135
Imelda,6149,182
Imelda,1155,94
Imelda,8059,108
Imelda,3316,37
Imelda,3876,98
Imelda,5036,89
Imelda,7289,160
Imelda,4969,37
Imelda,5807,157
Imelda,2527,44
Imelda,4152,24
Imelda,3352,23
Imelda,4845,49
Imelda,7878,74
Imelda,2053,42
Imelda,5900,50
Imelda,1576,46
Imelda,5354,133
Imelda,6419,34
Imelda,2599,24
Imelda,4561,61
Imelda,138,21
Imelda,2214,190
Imelda,8592,129
Imelda,2525,18
Imelda,2642,22
Imelda,1919,47
Imelda,3594,37
Imelda,5801,43
Imelda,2749,23
Imelda,5518,43
Imelda,6579,51
Imelda,9030,81
Imelda,6236,57
Imelda,4452,34
Imelda,6731,150
Imelda,5576,44
Imelda,4618,86
Imelda,3298,19
Imelda,4487,62
Imelda,7583,73
Imelda,4345,266
Imelda,7167,100
Imelda,4556,63
Imelda,2096,32
Imelda,3518,33
Imelda,1815,0
Imelda,12498,30
Imelda,5021,5
Imelda,7351,96
Imelda,5000,32
Imelda,4628,35
Imelda,2842,47
Imelda,1740,29
Imelda,5293,64
Imelda,2024,34
Imelda,6934,74
Imelda,6917,77
Imelda,5642,75
Imelda,3335,29
Imelda,6326,43
Imelda,4838,14
Imelda,7511,29
Imelda,6501,52
Imelda,4501,31
Imelda,4438,65
Imelda,6346,60
Imelda,5288,90
Imelda,4968,52
Imelda,4194,29
Imelda,3319,73
Imelda,4803,60
Imelda,5953,35
Imelda,5947,53
Imelda,3744,56
Imelda,7136,134
Imelda,5529,114
Imelda,4455,42
Imelda,2620,26
Imelda,5334,65
Imelda,4505,72
Imelda,4639,22
Imelda,6490,93
Imelda,4572,39
Imelda,4401,55
Imelda,10647,113
Imelda,3001,73
Imelda,6946,76
Imelda,4030,55
Imelda,2535,54
Imelda,2867,34
Imelda,5050,152
Imelda,5924,70
Imelda,4968,57
Imelda,5135,114
Imelda,3714,24
Imelda,2689,763
Imelda,2313,8
Imelda,2956,43
Imelda,4613,113
Imelda,2257,101
Imelda,3669,68
Imelda,3119,27
Imelda,3688,80
Imelda,7134,114
Imelda,1506,120
Imelda,1931,5
Imelda,2743,44
Imelda,6663,78
Imelda,5045,78
Imelda,5453,60
Imelda,2024,32
Imelda,4974,94
Imelda,4284,51
Imelda,4467,65
Imelda,5946,72
Imelda,3508,38
Imelda,5762,49
Imelda,6928,64
Imelda,3612,61
Imelda,2893,25
Imelda,8186,86
Imelda,4559,47
Imelda,3995,42
Imelda,5692,38
Imelda,1920,20
Imelda,2295,49
Imelda,1949,4
Imelda,1937,14
Imelda,1355,65
Imelda,6046,73
Imelda,5072,14
Imelda,5106,28
Imelda,3430,32
Imelda,4019,38
Imelda,4822,19
Imelda,1199,18
Imelda,7291,37
Imelda,3872,44
Imelda,5824,27
Imelda,5544,67
Imelda,3808,26
Imelda,6815,61
Imelda,709,94
Imelda,6795,102
Imelda,6920,106
Imelda,9965,76
Imelda,7054,128
Imelda,6875,158
Imelda,5535,38
Imelda,7487,94
Imelda,6051,101
Imelda,9780,150
Imelda,1972,19
Imelda,6538,112
Imelda,4593,52
Imelda,4063,70
Imelda,3226,42
Imelda,4127,35
Imelda,5438,37
Imelda,5251,134
Imelda,4449,126
Imelda,5726,21
Imelda,3760,207
Imelda,5419,79
Imelda,7832,187
Imelda,5165,33
Imelda,4154,29
Imelda,2987,69
Imelda,6178,132
Imelda,8514,69
Imelda,6007,62
Imelda,6190,22
Imelda,2732,32
Imelda,4082,49
Imelda,6165,35
Imelda,6070,55
Imelda,8254,130
Imelda,2658,17
Imelda,7410,426
Imelda,6631,32
Imelda,1420,72
Imelda,3315,94
Imelda,4498,46
Imelda,3826,86
Imelda,3827,26
Imelda,2181,27
Imelda,5778,52
Imelda,2060,29
Imelda,2105,89
Imelda,1877,35
Imelda,2095,16
Imelda,2251,26
Imelda,3720,23
Imelda,2324,47
Imelda,5873,74
Imelda,1914,62
Imelda,3407,43
Imelda,1833,39
Imelda,7229,26
Imelda,5606,40
Imelda,2374,49
Imelda,4993,47
Imelda,6766,132
Imelda,2993,46
Imelda,10118,76
Imelda,5540,61
Imelda,2822,66
Imelda,8646,165
Imelda,2344,46
Imelda,3766,45
Imelda,3111,117
Imelda,4083,23
Imelda,1776,35
Imelda,1650,8
Imelda,194,46
Imelda,0,1
Imelda,5321,63
Imelda,6676,50
Imelda,5713,89
Imelda,4337,95
Imelda,6061,208
Imelda,6330,45
Imelda,4314,101
Imelda,5581,91
Imelda,7391,66
Imelda,2339,35
Imelda,11269,181
Imelda,6264,154
Imelda,10275,174
Imelda,14140,315
Imelda,2453,31
Imelda,5676,96
Imelda,2949,62
Imelda,5159,127
Imelda,6721,83
Imelda,4146,36
Imelda,8796,103
Imelda,8608,75
Imelda,0,0
Imelda,3535,16
Imelda,7878,24
Imelda,2181,51
Imelda,5898,87
Imelda,0,2
Imelda,4301,246
Imelda,4530,77
Imelda,3580,120
Imelda,5837,94
Imelda,8403,181
Imelda,27588,342
Imelda,2001,33
Imelda,3952,40
Imelda,4022,31
Imelda,3184,60
Imelda,2529,71
Imelda,4366,34
Imelda,4947,113
Imelda,2193,802
Imelda,1814,137
Imelda,4909,52
Imelda,5785,72
Imelda,4206,31
Imelda,2760,48
Imelda,1893,95
Imelda,7329,93
Imelda,7440,138
Imelda,1995,126
Imelda,3590,19
Imelda,4900,56
Imelda,6805,65
Imelda,4811,41
Imelda,4899,75
Imelda,2425,35
Imelda,5447,53
Imelda,3540,23
Imelda,4155,44
Imelda,7173,45
Imelda,5433,44
Imelda,11024,124
Imelda,10255,88
Imelda,5743,70
Imelda,8851,60
Imelda,4915,45
Imelda,1912,37
Imelda,2056,11
Imelda,8469,87
Imelda,1319,58
Imelda,2574,66
Imelda,2660,27
Imelda,4391,55
Imelda,3513,101
Imelda,3219,68
Imelda,6596,134
Imelda,2360,83
Imelda,7673,171
Imelda,7579,178
Imelda,18826,262
Imelda,5401,164
Imelda,4296,112
Imelda,10237,4
Imelda,927,39
Imelda,10698,96
Imelda,4752,153
Imelda,3446,105
Imelda,2858,41
Imelda,4998,31
Imelda,3933,121
Imelda,841,62
Imelda,2514,28
Imelda,3231,63
Imelda,2704,49
Imelda,3862,72
Imelda,2444,26
Imelda,5190,61
Imelda,5758,45
Imelda,4302,37
Imelda,1469,15
Imelda,2267,43
Imelda,1639,36
Imelda,4199,17
Imelda,6059,73
Imelda,4915,57
Imelda,2825,57
Imelda,2774,54
Imelda,3070,8
Imelda,3211,82
Imelda,2983,32
Imelda,5120,25
Imelda,6148,42
Imelda,5647,37
Imelda,8041,123
Imelda,5576,12
Imelda,5798,88
Imelda,6400,61
Imelda,8161,83
Imelda,9563,73
Imelda,7864,72
Imelda,4034,47
Imelda,6932,51
Imelda,7084,47
Imelda,5329,37
Imelda,4132,57
Imelda,5615,50
Imelda,3898,32
Imelda,3096,29
Imelda,3533,31
Imelda,2514,23
Imelda,4918,54
Imelda,3844,47
Imelda,3930,28
Imelda,4582,61
Imelda,14849,66
Imelda,11208,61
Imelda,4411,20
Imelda,4431,41
Imelda,2407,70
Imelda,7548,124
Imelda,1388,119
Imelda,1794,44
Imelda,16,15
Imelda,5286,38
Imelda,4159,41
Imelda,10787,90
Imelda,1255,59
Imelda,1063,0
Imelda,4115,46
Imelda,3050,14
Imelda,6118,117
Imelda,9536,65
Imelda,5273,32
Imelda,4141,41
Imelda,4896,36
Imelda,6422,52
Imelda,12309,143
Imelda,4068,47
Imelda,4650,77
Imelda,7346,59
Imelda,7581,43
Imelda,3910,77
Imelda,4263,40
Imelda,7122,66
Imelda,7423,79
Imelda,12999,103
Imelda,11084,49
Imelda,4246,44
Imelda,1633,54
Imelda,8636,55
Imelda,5453,45
Imelda,9589,79
Imelda,13816,131
Imelda,4295,51
Imelda,7359,35
Imelda,5587,42
Imelda,7283,36
Imelda,7790,45
Imelda,6174,53
Imelda,4915,91
Imelda,7503,124
Imelda,5758,112
Imelda,3329,4
Imelda,2476,117
Imelda,3637,44
Imelda,5556,115
Imelda,2211,85
Imelda,7809,284
Imelda,6544,36
Imelda,7718,0
Imelda,6460,107
Imelda,10778,59
Imelda,5670,0
Imelda,4483,103
Imelda,9494,155
Imelda,683,4
Imelda,9107,37
Imelda,1560,16
Imelda,4844,21
Imelda,6106,47
Imelda,3221,8
Imelda,34,5
Imelda,0,0
Imelda,3094,16
Imelda,7651,83
Imelda,0,9
Imelda,6991,75
Imelda,5542,58
Imelda,4823,78
Imelda,3196,38
Imelda,3715,65
Imelda,5499,58
Imelda,9097,64
Imelda,7923,230
Imelda,8677,29
Imelda,2893,27
Imelda,7272,54
Imelda,2960,34
Imelda,6694,46
Imelda,3942,57
Imelda,6350,73
Imelda,3048,55
Imelda,2604,33
Imelda,5598,54
Imelda,0,121
Imelda,3720,42
Imelda,2430,53
Imelda,3746,47
Imelda,3482,18
Imelda,2811,39
Imelda,3544,61
Imelda,4496,47
Imelda,3256,27
Imelda,4805,69
Imelda,6301,95
Imelda,6121,110
Imelda,6197,58
Imelda,7181,84
Imelda,4491,32
Imelda,7961,132
Imelda,5201,48
Imelda,6820,80
Imelda,4559,68
Imelda,6125,60
Imelda,6564,91
Imelda,5365,94
Imelda,3392,55
Imelda,4919,38
Imelda,5696,89
Imelda,7435,60
Imelda,9604,52
Imelda,7288,106
Imelda,2420,25
Imelda,5402,83
Imelda,13145,135
Imelda,4709,39
Imelda,3971,63
Imelda,6359,51
Imelda,8862,52
Imelda,3696,35
Imelda,4849,34
Imelda,3751,26
Imelda,2364,55
Imelda,5301,51
Imelda,5325,75
Imelda,6017,137
Imelda,5516,53
Imelda,5829,69
Imelda,9104,17
Imelda,20160,148
Imelda,9214,164
Imelda,6257,65
Imelda,6191,29
Imelda,7554,88
Imelda,2507,54
Imelda,24015,391
Imelda,3691,52
Imelda,4387,84
Imelda,4571,106
Imelda,6435,132
Imelda,3554,92
Imelda,2643,31
Imelda,6568,36
Imelda,2138,51
Imelda,2958,65
Imelda,5147,57
Imelda,2530,39
Imelda,3945,20
Imelda,9940,132
Imelda,8360,53
Imelda,10185,152
Imelda,5124,89
Imelda,3069,35
Imelda,1452,13
Imelda,6581,32
Imelda,7215,33
Imelda,2368,53
Imelda,4342,106
Imelda,9742,105
Imelda,8046,50
Imelda,8291,35
Imelda,1645,27
Imelda,2593,49
Imelda,5218,45
Imelda,4761,41
Imelda,2249,36
Imelda,6874,75
Imelda,4506,44
Imelda,8046,188
Imelda,5497,109
Imelda,3847,74
Imelda,8685,139
Imelda,12749,91
Imelda,7943,136
Imelda,7927,93
Imelda,8898,174
Imelda,15754,140
Imelda,6264,135
Imelda,4734,30
Imelda,3646,62
Imelda,4616,97
Imelda,7767,57
Imelda,7798,70
Imelda,5188,40
Imelda,4004,76
Imelda,4806,35
Imelda,6156,57
Imelda,6056,40
Imelda,2977,114
Imelda,4844,135
Imelda,5850,70
Imelda,2457,68
Imelda,3717,40
Imelda,7312,110
Imelda,1949,36
Imelda,5811,74
Imelda,4595,42
Imelda,5339,34
Imelda,9720,83
Imelda,4298,27
Imelda,6221,42
Imelda,9093,34
Imelda,5786,104
Imelda,7517,52
Imelda,9369,239
Imelda,5534,62
Imelda,4727,61
Imelda,4915,59
Imelda,7556,106
Imelda,5744,56
Imelda,4650,68
Imelda,4918,42
Imelda,3544,37
Imelda,4124,40
Imelda,2126,54
Imelda,2090,4
Imelda,3438,14
Imelda,3305,34
Imelda,7911,110
Imelda,11976,121
Imelda,11641,210
Imelda,12679,197
Imelda,22829,211
Imelda,2987,81
Imelda,9303,152
Imelda,3054,48
Imelda,5594,32
Imelda,7254,49
Imelda,4273,47
Imelda,16835,146
Imelda,2524,29
Imelda,6932,76
Imelda,9285,27
Imelda,2223,57
Imelda,2580,23
Imelda,5235,26
Imelda,4229,40
Imelda,5581,31
Imelda,5644,52
Imelda,3726,20
Imelda,3173,71
Imelda,6239,21
Imelda,18107,218
Imelda,4632,35
Imelda,6714,31
Imelda,7713,60
Imelda,3011,40
Imelda,3198,11
Imelda,9493,108
Imelda,4940,32
Imelda,3400,17
Imelda,3304,21
Imelda,3703,24
Imelda,8590,138
Imelda,3789,35
Imelda,5209,66
Imelda,3910,53
Imelda,4743,51
Imelda,5642,41
Imelda,4200,62
Imelda,3772,101
Imelda,1384,8
Imelda,1918,24
Imelda,1938,21
Imelda,4968,17
Imelda,2968,57
Imelda,1201,27
Imelda,4530,46
Imelda,8987,125
Imelda,5158,78
Imelda,6184,119
Imelda,5495,90
Imelda,3212,77
Imelda,4652,55
Imelda,6067,85
Imelda,5471,45
Imelda,9749,163
Imelda,4159,27
Imelda,7711,110
Imelda,6074,63
Imelda,5201,4
Imelda,2069,21
Imelda,2736,25
Imelda,2811,53
Imelda,4825,50
Imelda,6124,45
Imelda,8570,124
Imelda,8159,36
Imelda,10803,66
Imelda,5201,52
Imelda,4332,85
Imelda,8912,218
Imelda,21439,198
Imelda,4208,175
Imelda,6647,101
Imelda,5813,81
Imelda,3430,24
Imelda,2643,16
Imelda,3923,28
Imelda,5741,50
Imelda,4585,30
Imelda,3890,102
Imelda,4830,24
Imelda,5157,52
Imelda,4030,31
Imelda,6913,38
Imelda,1803,31
Imelda,6833,42
Imelda,4781,28
Imelda,4007,26
Imelda,15030,168
Imelda,6245,48
Imelda,7477,39
Imelda,5779,52
Imelda,4331,79
Imelda,4007,20
Imelda,2114,26
Imelda,5453,70
Imelda,2187,53
Imelda,9042,112
Imelda,4929,113
Imelda,4620,66
Imelda,1489,56
Imelda,10281,120
Imelda,3541,75
Imelda,7727,84
Imelda,4633,59
Imelda,3176,76
Imelda,6981,69
Imelda,5545,89
Imelda,5780,59
Imelda,3137,73
Imelda,3088,68
Imelda,5382,59
Imelda,5265,56
Imelda,6571,57
Imelda,2635,34
Imelda,5340,38
Imelda,5548,32
Imelda,5327,20
Imelda,4142,31
Imelda,5036,38
Imelda,2728,18
Imelda,5464,54
Imelda,8113,50
Imelda,15630,151
Imelda,4759,22
Imelda,3728,37
Imelda,2805,20
Imelda,4474,36
Imelda,3057,41
Imelda,3416,43
Imelda,3460,18
Imelda,3396,38
Imelda,3644,37
Imelda,5065,28
Imelda,3055,19
Imelda,8145,26
Imelda,3046,30
Imelda,5874,53
Imelda,3803,49
Imelda,5771,63
Imelda,6977,79
Imelda,9043,39
Imelda,16988,130
Imelda,5064,36
Imelda,2404,27
Imelda,4631,71
Imelda,1701,19
Imelda,3223,54
Imelda,3397,26
Imelda,4762,133
Imelda,6744,76
Imelda,5075,67
Imelda,7253,46
Imelda,19362,196
Imelda,7825,105
Imelda,5629,75
Imelda,4745,26
Imelda,17725,204
Imelda,8145,89
Imelda,22116,31
Imelda,5256,75
Imelda,21369,112
Imelda,5668,52
Imelda,9551,208
Imelda,8248,94
Imelda,15585,77
Imelda,8405,39
Imelda,8448,87
Imelda,4084,41
Imelda,11143,160
Imelda,9366,320
Imelda,9524,54
Imelda,7669,77
Imelda,9186,69
Imelda,6300,82
Imelda,4234,45
Imelda,59947,279
Imelda,28707,112
Imelda,6782,119
Imelda,2819,27
Imelda,3207,73
Imelda,7111,65
Imelda,4727,28
Imelda,5516,170
Imelda,3690,29
Imelda,3372,29
Imelda,5342,156
Imelda,6359,115
Imelda,5006,126
Imelda,4899,78
Imelda,1781,60
Imelda,3739,59
Imelda,4973,42
Imelda,2836,134
Imelda,7063,32
Imelda,7833,29
Imelda,2556,21
Imelda,2954,13
Imelda,4494,37
Imelda,2023,60
Imelda,7329,45
Imelda,3862,62
Imelda,7684,33
Imelda,3784,60
Imelda,4453,62
Imelda,12205,122
Imelda,3870,33
Imelda,3542,58
Imelda,3363,53
Imelda,5621,34
Imelda,3544,47
Imelda,2382,32
Imelda,2932,26
Imelda,3627,32
Imelda,5967,64
Imelda,2522,49
Imelda,3471,28
Imelda,7952,42
Imelda,6924,99
Imelda,2212,47
Imelda,6764,10
Imelda,4623,107
Imelda,4045,18
Imelda,1965,145
Imelda,8304,35
Imelda,3929,116
Imelda,4404,120
Imelda,2018,50
Imelda,4635,47
Imelda,6390,120
Imelda,1756,36
Imelda,4806,22
Imelda,4094,58
Imelda,4066,40
Imelda,5011,22
Imelda,6996,57
Imelda,13284,156
Imelda,2949,24
Imelda,4268,86
Imelda,3902,50
Imelda,3437,59
Imelda,3682,34
Imelda,3918,41
Imelda,2044,29
Imelda,5301,48
Imelda,2709,16
Imelda,6098,45
Imelda,10505,204
Imelda,5821,74
Imelda,4192,67
Imelda,5589,81
Imelda,5527,51
Imelda,5843,57
Imelda,6983,40
Imelda,8148,61
Imelda,3786,96
Imelda,10003,126
Imelda,7011,88
Imelda,2910,34
Imelda,4414,505
Imelda,3965,26
Imelda,2704,44
Imelda,6408,195
Imelda,3447,56
Imelda,2389,48
Imelda,3074,77
Imelda,1937,60
Imelda,4295,49
Imelda,4844,199
Imelda,1342,45
Imelda,3081,61
Imelda,2599,195
Imelda,4791,132
Imelda,3059,107
Imelda,4192,82
Imelda,1280,16
Imelda,1960,4
Imelda,2653,55
Imelda,4970,77
Imelda,7293,75
Imelda,9728,157
Imelda,2715,98
Imelda,4197,74
Imelda,5474,161
Imelda,7885,199
Imelda,12609,305
Imelda,8173,94
Imelda,5752,128
Imelda,5112,91
Imelda,6112,99
Imelda,2311,10
Imelda,10755,69
Imelda,4743,68
Imelda,1408,56
Imelda,7002,91
Imelda,15022,260
Imelda,3739,61
Imelda,4226,54
Imelda,5461,97
Imelda,1453,31
Imelda,3946,26
Imelda,5458,109
Imelda,5431,59
Imelda,6320,125
Imelda,4663,53
Imelda,6867,41
Imelda,5296,47
Imelda,2364,63
Imelda,3097,38
Imelda,4052,72
Imelda,5897,115
Imelda,5161,120
Imelda,5771,43
Imelda,5936,11
Imelda,3391,63
Imelda,4801,14
Imelda,2588,13
Imelda,6417,33
Imelda,6268,71
Imelda,6332,48
Imelda,4411,40
Imelda,1322,39
Imelda,5347,37
Imelda,6770,63
Imelda,5064,39
Imelda,4249,60
Imelda,2776,26
Imelda,3274,36
Imelda,5433,73
Imelda,3442,32
Imelda,4665,18
Imelda,2511,58
Imelda,7347,60
Imelda,2454,64
Imelda,5712,20
Imelda,2581,4
Imelda,3385,26
Imelda,8116,84
Imelda,5374,49
Imelda,1593,55
Imelda,5366,50
Imelda,10939,128
Imelda,2816,95
Imelda,4310,103
Imelda,4626,69
Imelda,4751,82
Imelda,5026,40
Imelda,4891,45
Imelda,9856,98
Imelda,5098,67
Imelda,5420,138
Imelda,7746,51
Imelda,4938,101
Imelda,4326,53
Imelda,7679,53
Imelda,4800,71
Imelda,5949,37
Imelda,3443,66
Imelda,5258,138
Imelda,6374,69
Imelda,6230,126
Imelda,6788,110
Imelda,7022,118
Imelda,4884,36
Imelda,4296,43
Imelda,4065,45
Imelda,4344,39
Imelda,3221,52
Imelda,2616,20
Imelda,3471,66
Imelda,2245,25
Imelda,3945,131
Imelda,6680,120
Imelda,2696,40
Imelda,1500,46
Imelda,9247,69
Imelda,5521,70
Imelda,4356,31
Imelda,2146,39
Imelda,2683,40
Imelda,2088,34
Imelda,5047,48
Imelda,3383,76
Imelda,4292,56
Imelda,3925,153
Imelda,3477,25
Imelda,4808,52
Imelda,4499,131
Imelda,3498,45
Imelda,6166,61
Imelda,8955,71
Imelda,4324,95
Imelda,3136,63
Imelda,4307,44
Imelda,4235,63
Imelda,6479,87
Imelda,6648,96
Imelda,5833,87
Imelda,4813,33
Imelda,4090,63
Imelda,9127,100
Imelda,7843,79
Imelda,10168,111
Imelda,3387,50
Imelda,6681,179
Imelda,5639,128
Imelda,4224,20
Imelda,10393,170
Imelda,4657,25
Imelda,5544,64
Imelda,4880,11
Imelda,5599,46
Imelda,5645,98
Imelda,1129,51
Imelda,7628,57
Imelda,5588,31
Imelda,4959,34
Imelda,8115,51
Imelda,5501,58
Imelda,18624,146
Imelda,8368,45
Imelda,3392,38
Imelda,4736,27
Imelda,4929,69
Imelda,4866,12
Imelda,2654,37
Imelda,4553,47
Imelda,5447,32
Imelda,4489,29
Imelda,5026,34
Imelda,7556,40
Imelda,5201,50
Imelda,2561,29
Imelda,8153,41
Imelda,4090,74
Imelda,3998,34
Imelda,5367,122
Imelda,5059,88
Imelda,8406,80
Imelda,6041,103
Imelda,5395,74
Imelda,3780,63
Imelda,3467,71
Imelda,5601,177
Imelda,4163,103
Imelda,4377,119
Imelda,4245,114
Imelda,4415,58
Imelda,4634,58
Imelda,5565,13
Imelda,2571,67
Imelda,4066,87
Imelda,7406,93
Imelda,2937,45
Imelda,5642,59
Imelda,3051,49
Imelda,6174,90
Imelda,7488,48
Imelda,5975,31
Imelda,4205,67
Imelda,5750,23
Imelda,5291,51
Imelda,5601,54
Imelda,4538,61
Imelda,3016,31
Imelda,10627,122
Imelda,8973,92
Imelda,11609,101
Imelda,4052,103
Imelda,3939,32
Imelda,4669,54
Imelda,1334,18
Imelda,10302,476
Imelda,4047,29
Imelda,6357,180
Imelda,2652,32
Imelda,4009,35
Imelda,3484,104
Imelda,4207,21
Imelda,4478,98
Imelda,4136,80
Imelda,5569,89
Imelda,15742,165
Imelda,5983,76
Imelda,14053,38
Imelda,4068,58
Imelda,5139,84
Imelda,4066,31
Imelda,4032,33
Imelda,10104,96
Imelda,5211,51
Imelda,3041,107
Imelda,4987,75
Imelda,5776,111
Imelda,8737,44
Imelda,5035,33
Imelda,5724,69
Imelda,3815,70
Imelda,3257,57
Imelda,4914,146
Imelda,2417,44
Imelda,2630,23
Imelda,6266,137
Imelda,3097,30
Imelda,6770,62
Imelda,12033,164
Imelda,4514,38
Imelda,4732,51
Imelda,6523,66
Imelda,7969,71
Imelda,2902,17
Imelda,4290,66
Imelda,6447,91
Imelda,3848,81
Imelda,2231,20
Imelda,4657,48
Imelda,4643,88
Imelda,7389,65
Imelda,2958,92
Imelda,6815,107
Imelda,5360,112
Imelda,1435,42
Imelda,5936,141
Imelda,3605,18
Imelda,4967,47
Imelda,7122,91
Imelda,11353,174
Imelda,10766,103
Imelda,9112,187
Imelda,8758,63
Imelda,5647,95
Imelda,5287,72
Imelda,9083,122
Imelda,8394,138
Imelda,6761,98
Imelda,2061,84
Imelda,9090,71
Imelda,3887,61
Imelda,10478,157
Imelda,3545,38
Imelda,5934,142
Imelda,2815,57
Imelda,7518,124
Imelda,4476,98
Imelda,4967,82
Imelda,5415,90
Imelda,5226,3
Imelda,2919,50
Imelda,6414,95
Imelda,2903,101
Imelda,5038,86
Imelda,4044,42
Imelda,5754,90
Imelda,4200,72
Imelda,3843,83
Imelda,4376,102
Imelda,4529,47
Imelda,5399,1
Imelda,5482,36
Imelda,7452,38
Imelda,6675,165
Imelda,6366,72
Imelda,3978,34
Imelda,2959,24
Imelda,4927,41
Imelda,4866,43
Imelda,6580,116
Imelda,8125,48
Imelda,7067,44
Imelda,3680,10
Imelda,4795,54
Imelda,6199,76
Imelda,4012,82
Imelda,7124,97
Imelda,3327,28
Imelda,10771,121
Imelda,4771,137
Imelda,3773,61
Imelda,5115,68
Imelda,3785,60
Imelda,4110,77
Imelda,8057,76
Imelda,5342,111
Imelda,4133,101
Imelda,5134,68
Imelda,9067,104
Imelda,6376,67
Imelda,3974,24
Imelda,3783,13
Imelda,4368,45
Imelda,3709,26
Imelda,1639,73
Imelda,3855,100
Imelda,6209,32
Imelda,9104,5
Imelda,2747,23
Imelda,2687,84
Imelda,13,12
Imelda,0,12
Imelda,5514,31
Imelda,2377,93
Imelda,6565,118
Imelda,2827,21
Imelda,2060,26
Imelda,3960,79
Imelda,2041,43
Imelda,3528,69
Imelda,3055,74
Imelda,3387,70
Imelda,2168,48
Imelda,5317,161
Imelda,5553,155
Imelda,4050,77
Imelda,1856,22
Imelda,4310,91
Imelda,3313,29
Imelda,2118,15
Imelda,5023,89
Imelda,2781,68
Imelda,5876,181
Imelda,6777,75
Imelda,4009,48
Imelda,568,9
Imelda,2997,38
Imelda,4389,59
Imelda,4383,60
Imelda,6339,65
Imelda,6810,75
Imelda,1876,22
Imelda,8430,86
Imelda,7484,48
Imelda,5207,37
Imelda,8871,74
Imelda,9238,79
Imelda,5548,86
Imelda,5843,131
Imelda,8741,32
Imelda,6476,55
Imelda,3270,40
Imelda,7022,164
Imelda,7234,48
Imelda,2316,17
Imelda,4179,98
Imelda,3644,41
Imelda,2426,30
Imelda,2055,51
Imelda,7781,187
Imelda,7292,56
Imelda,12013,38
Imelda,8188,148
Imelda,4153,77
Imelda,8656,139
Imelda,7640,50
Imelda,13896,129
Imelda,7430,99
Imelda,3648,76
Imelda,4689,51
Imelda,3384,125
Imelda,3539,66
Imelda,4038,52
Imelda,4538,87
Imelda,7594,88
Imelda,5832,56
Imelda,3676,47
Imelda,4293,59
Imelda,1186,0
Imelda,6949,101
Imelda,6627,48
Imelda,5998,47
Imelda,8365,102
Imelda,8291,28
Imelda,3136,29
Imelda,5822,59
Imelda,4339,85
Imelda,6546,102
Imelda,4617,65
Imelda,4611,100
Imelda,11370,243
Imelda,16616,193
Imelda,22489,194
Imelda,7818,120
Imelda,6879,39
Imelda,11864,34
Imelda,2466,24
Imelda,1755,29
Imelda,6473,48
Imelda,2327,16
Imelda,5527,44
Imelda,3319,24
Imelda,4496,57
Imelda,3350,30
Imelda,7278,47
Imelda,2554,54
Imelda,3959,71
Imelda,9412,77
Imelda,11011,151
Imelda,9617,96
Imelda,2728,94
Imelda,4664,110
Imelda,4511,118
Imelda,3246,19
Imelda,7408,36
Imelda,5169,59
Imelda,3983,41
Imelda,6520,53
Imelda,4924,67
Imelda,4893,39
Imelda,4718,27
Imelda,4330,33
Imelda,4796,66
Imelda,3993,52
Imelda,5345,52
Imelda,5747,49
Imelda,2410,13
Imelda,7568,47
Imelda,5461,20
Imelda,7369,58
Imelda,1893,28
Imelda,5662,55
Imelda,4245,75
Imelda,5493,112
Imelda,24521,183
Imelda,5841,159
Imelda,5299,195
Imelda,6803,32
Imelda,6149,110
Imelda,8107,95
Imelda,9537,102
Imelda,4504,217
Imelda,7363,40
Imelda,5319,31
Imelda,4083,38
Imelda,4089,31
Imelda,3609,28
Imelda,3640,41
Imelda,4420,41
Imelda,3590,53
Imelda,4974,13
Imelda,3883,33
Imelda,6993,105
Imelda,6348,62
Imelda,4507,131
Imelda,11308,102
Imelda,5772,92
Imelda,7590,62
Imelda,6745,59
Imelda,4569,59
Imelda,3215,83
Imelda,6012,72
Imelda,4287,41
Imelda,3543,56
Imelda,4365,73
Imelda,3302,30
Imelda,4995,46
Imelda,4595,64
Imelda,8041,50
Imelda,5646,42
Imelda,5637,34
Imelda,3778,38
Imelda,6346,21
Imelda,1112,14
Imelda,3675,32
Imelda,1891,49
Imelda,3510,76
Imelda,5584,212
Imelda,6414,66
Imelda,5442,37
Imelda,2537,24
Imelda,3664,17
Imelda,3536,19
Imelda,4617,49
Imelda,2999,28
Imelda,5319,35
Imelda,4543,48
Imelda,4070,43
Imelda,1859,103
Imelda,3177,39
Imelda,4940,28
Imelda,2588,27
Imelda,5931,57
Imelda,4699,26
Imelda,3005,12
Imelda,5242,51
Imelda,7283,97
Imelda,4164,48
Imelda,6203,88
Imelda,5762,169
Imelda,7801,57
Imelda,3696,25
Imelda,4407,56
Imelda,8911,75
Imelda,7459,94
Imelda,1849,74
Imelda,5230,38
Imelda,5415,197
Imelda,1960,19
Imelda,2796,89
Imelda,1953,123
Imelda,5665,269
Imelda,3151,154
Imelda,3145,58
Imelda,6689,78
Imelda,6665,111
Imelda,4336,87
Imelda,6073,49
Imelda,5449,49
Imelda,5790,64
Imelda,6468,91
Imelda,2801,47
Imelda,5310,68
Imelda,3735,73
Imelda,4199,69
Imelda,3218,39
Imelda,5360,29
Imelda,4214,30
Imelda,6202,52
Imelda,5883,64
Imelda,2350,68
Imelda,6152,68
Imelda,6155,57
Imelda,8910,111
Imelda,5442,80
Imelda,6560,53
Imelda,4318,49
Imelda,5473,50
Imelda,13714,44
Imelda,4053,61
Imelda,4172,64
Imelda,11498,185
Imelda,9256,239
Imelda,4085,70
Imelda,7741,55
Imelda,8061,112
Imelda,6811,122
Imelda,4647,49
Imelda,3449,51
Imelda,3774,72
Imelda,6288,59
Imelda,7468,81
Imelda,8305,120
Imelda,3563,66
Imelda,5155,36
Imelda,3228,64
Imelda,5209,67
Imelda,7963,52
Imelda,3409,68
Imelda,5945,147
Imelda,7984,262
Imelda,5899,135
Imelda,10293,74
Imelda,4949,100
Imelda,6005,27
Imelda,7440,61
Imelda,3767,33
Imelda,2837,18
Imelda,3250,26
Imelda,2350,37
Imelda,6271,51
Imelda,2219,20
Imelda,2303,85
Imelda,6653,99
Imelda,9087,9
Imelda,8800,98
Imelda,5588,46
Imelda,10861,122
Imelda,6991,55
Imelda,8030,52
Imelda,5247,46
Imelda,13329,117
Imelda,9887,71
Imelda,12023,121
Imelda,5133,30
Imelda,9111,52
Imelda,4340,203
Imelda,5201,203
Imelda,5645,54
Imelda,6130,104
Imelda,4277,68
Imelda,1314,27
Imelda,6440,43
Imelda,4509,74
Imelda,4757,52
Imelda,2961,32
Imelda,4846,49
Imelda,3938,65
Imelda,3829,50
Imelda,3631,55
Imelda,5621,46
Imelda,3107,53
Imelda,5342,54
Imelda,2149,38
Imelda,4552,42
Imelda,27645,405
Imelda,20730,392
Imelda,8493,0
Imelda,7639,105
Imelda,15733,59
Imelda,13811,84
Imelda,11442,85
Imelda,6982,61
Imelda,3178,67
Imelda,6537,55
Imelda,8792,73
Imelda,3972,75
Imelda,8597,74
Imelda,1328,64
Imelda,3028,57
Imelda,6643,109
Imelda,4126,123
Imelda,2939,30
Imelda,5061,48
Imelda,5378,94
Imelda,6388,115
Imelda,2185,49
Imelda,6547,46
Imelda,3068,57
Imelda,2117,38
Imelda,9403,50
Imelda,3134,77
Imelda,5347,40
Imelda,7696,16
Imelda,6889,202
Imelda,6605,120
Imelda,9816,99
Imelda,1887,50
Imelda,3678,48
Imelda,4439,37
Imelda,1667,34
Imelda,4895,48
Imelda,7594,70
Imelda,4493,36
Imelda,6452,76
Imelda,2542,51
Imelda,7119,34
Imelda,8611,49
Imelda,5081,88
Imelda,5337,41
Imelda,5946,37
Imelda,2606,89
Imelda,4743,16
Imelda,2601,154
Imelda,5295,110
Imelda,7471,128
Imelda,5852,72
Imelda,2063,30
Imelda,4992,66
Imelda,1785,51
Imelda,3858,101
Imelda,9271,195
Imelda,5739,69
Imelda,6403,204
Imelda,11660,124
Imelda,6372,156
Imelda,3666,49
Imelda,4855,77
Imelda,2877,123
Imelda,4265,33
Imelda,2428,40
Imelda,4597,46
Imelda,5656,83
Imelda,4831,39
Imelda,6820,76
Imelda,6414,48
Imelda,4438,138
Imelda,5059,86
Imelda,4136,96
Imelda,1961,45
Imelda,4539,64
Imelda,8253,69
Imelda,9232,135
Imelda,7340,27
Imelda,4604,38
Imelda,4436,69
Imelda,3804,52
Imelda,5931,98
Imelda,7160,43
Imelda,4217,43
Imelda,9029,125
Imelda,5422,155
Imelda,3066,39
Imelda,4468,67
Imelda,4267,106
Imelda,5793,81
Imelda,5124,79
Imelda,4357,95
Imelda,6446,102
Imelda,5272,75
Imelda,7844,107
Imelda,5953,85
Imelda,7470,134
Imelda,6353,129
Imelda,26455,227
Imelda,18730,341
Imelda,3909,127
Imelda,5427,113
Imelda,4079,70
Imelda,27285,291
Imelda,17979,335
Imelda,10988,172
Imelda,9343,216
Imelda,18944,239
Imelda,17188,203
Imelda,28891,530
Imelda,9922,77
Imelda,4751,73
Imelda,6356,87
Imelda,4350,32
Imelda,4624,55
Imelda,9923,71
Imelda,9577,69
Imelda,6403,96
Imelda,4344,52
Imelda,4948,69
Imelda,3124,73
Imelda,5840,21
Imelda,11356,74
Imelda,5485,40
Imelda,4291,45
Imelda,8388,88
Imelda,3399,44
Imelda,5167,46
Imelda,5411,71
Imelda,7147,138
Imelda,3718,88
Imelda,10171,89
Imelda,6596,162
Imelda,12444,219
Imelda,5696,94
Imelda,7082,136
Imelda,3157,76
Imelda,3385,14
Imelda,2750,60
Imelda,3378,29
Imelda,6070,94
Imelda,3314,32
Imelda,2540,51
Imelda,5143,177
Imelda,2107,50
Imelda,3485,30
Imelda,2897,38
Imelda,0,761
Imelda,3653,69
Imelda,3540,34
Imelda,10457,99
Imelda,0,28
Imelda,4691,19
Imelda,4386,50
Imelda,3734,108
Imelda,5422,94
Imelda,2635,40
Imelda,0,31
Imelda,3127,23
Imelda,7033,58
Imelda,3930,25
Imelda,3375,28
Imelda,4093,37
Imelda,6029,54
Imelda,1820,20
Imelda,6716,114
Imelda,8013,47
Imelda,3931,62
Imelda,8481,56
Imelda,4911,33
Imelda,5173,88
Imelda,9421,114
Imelda,2201,35
Imelda,3990,57
Imelda,2663,31
Imelda,11546,180
Imelda,2077,80
Imelda,2050,43
Imelda,7543,31
Imelda,1935,19
Imelda,4367,55
Imelda,5649,77
Imelda,4301,79
Imelda,3832,33
Imelda,3231,59
Imelda,4267,43
Imelda,6916,68
Imelda,2781,50
Imelda,2468,33
Imelda,5374,98
Imelda,5173,94
Imelda,2464,40
Imelda,3360,48
Imelda,1902,52
Imelda,2218,47
Imelda,1320,59
Imelda,2095,42
Imelda,3178,60
Imelda,1856,34
Imelda,5535,95
Imelda,6794,90
Imelda,4896,53
Imelda,1804,24
Imelda,3085,35
Imelda,2239,111
Imelda,3303,46
Imelda,2620,23
Imelda,6773,54
Imelda,4718,38
Imelda,5929,51
Imelda,4397,19
Imelda,3949,36
Imelda,7785,74
Imelda,1476,24
Imelda,2479,90
Imelda,1180,74
Imelda,8298,69
Imelda,2131,61
Imelda,3878,83
Imelda,1275,23
Imelda,11831,253
Imelda,8913,221
Imelda,7738,129
Imelda,18149,186
Imelda,26079,502
Imelda,4848,65
Imelda,5453,82
Imelda,21684,290
Imelda,3828,63
Imelda,5045,153
Imelda,35550,473
Imelda,15069,68
Imelda,4520,146
Imelda,15966,154
Imelda,10179,241
Imelda,7720,139
Imelda,6114,77
Imelda,4974,98
Imelda,13717,99
Imelda,9373,185
Imelda,4579,99
Imelda,9375,306
Imelda,16034,153
Imelda,5500,61
Imelda,2054,47
Imelda,2802,48
Imelda,3369,36
Imelda,4202,71
Imelda,4324,53
Imelda,2203,31
Imelda,5293,85
Imelda,2400,42
Imelda,4092,29
Imelda,8354,85
Imelda,4446,3
Imelda,10785,150
Imelda,10297,155
Imelda,5392,74
Imelda,2682,54
Imelda,9552,75
Imelda,5651,58
Imelda,7480,117
Imelda,8975,101
Imelda,7239,51
Imelda,5727,62
Imelda,2414,40
Imelda,9157,63
Imelda,13923,106
Imelda,12032,125
Imelda,10330,101
Imelda,4219,145
Imelda,9197,162
Imelda,10965,68
Imelda,10617,154
Imelda,8131,12
Imelda,8863,75
Imelda,4511,129
Imelda,5692,77
Imelda,8215,94
Imelda,5025,39
Imelda,11688,121
Imelda,8977,126
Imelda,8994,151
Imelda,11124,260
Imelda,1805,11
Imelda,8078,54
Imelda,7676,152
Imelda,8141,96
Imelda,3714,71
Imelda,12940,132
Imelda,8279,56
Imelda,5094,143
Imelda,2832,54
Imelda,2961,71
Imelda,4197,36
Imelda,2656,34
Imelda,9576,28
Imelda,5845,59
Imelda,6092,62
Imelda,10771,83
Imelda,6364,165
Imelda,3622,53
Imelda,1428,58
Imelda,2175,28
Imelda,5850,60
Imelda,5995,74
Imelda,4507,80
Imelda,4014,68
Imelda,1765,11
Imelda,1538,54
Imelda,4218,73
Imelda,8013,174
Imelda,5704,89
Imelda,4345,52
Imelda,4205,54
Imelda,3259,100
Imelda,4456,107
Imelda,2546,119
Imelda,3838,43
Imelda,5622,107
Imelda,1310,21
Imelda,2583,45
Imelda,4316,15
Imelda,2790,14
Imelda,8151,103
Imelda,7799,105
Imelda,2693,48
Imelda,2047,56
Imelda,2392,77
Imelda,9953,87
Imelda,3513,37
Imelda,8037,125
Imelda,2397,14
Imelda,4582,25
Imelda,5754,50
Imelda,5304,49
Imelda,4049,49
Imelda,2536,33
Imelda,4381,83
Imelda,5370,41
Imelda,4477,34
Imelda,6345,30
Imelda,4461,44
Imelda,5001,78
Imelda,6103,56
Imelda,2972,44
Imelda,8234,82
Imelda,6311,102
Imelda,4357,116
Imelda,6142,91
Imelda,4911,61
Imelda,4402,83
Imelda,4582,70
Imelda,4195,105
Imelda,4257,74
Imelda,6305,99
Imelda,5677,71
Imelda,2155,30
Imelda,4517,69
Imelda,4203,44
Imelda,4413,49
Imelda,4776,50
Imelda,9656,133
Imelda,2441,41
Imelda,7613,116
Imelda,1351,24
Imelda,6674,69
Imelda,4329,58
Imelda,7626,167
Imelda,3974,47
Imelda,6475,45
Imelda,2764,27
Imelda,2134,32
Imelda,2470,83
Imelda,5659,133
Imelda,4987,68
Imelda,9178,66
Imelda,3032,75
Imelda,4416,93
Imelda,5416,72
Imelda,5501,67
Imelda,1889,4
Imelda,2512,76
Imelda,1969,52
Imelda,5754,104
Imelda,7109,27
Imelda,3285,25
Imelda,5269,19
Imelda,3848,178
Imelda,1546,21
Imelda,1052,49
Imelda,1901,63
Imelda,2786,83
Imelda,1217,55
Imelda,4480,37
Imelda,2451,32
Imelda,6864,107
Imelda,8368,119
Imelda,8703,20
Imelda,2213,52
Imelda,4336,45
Imelda,2398,37
Imelda,5757,30
Imelda,1966,7
Imelda,2742,58
Imelda,5348,74
Imelda,4013,105
Imelda,5678,180
Imelda,2726,68
Imelda,4145,6
Imelda,2148,35
Imelda,5796,74
Imelda,11162,126
Imelda,1171,40
Imelda,4242,41
Imelda,8109,73
Imelda,2763,42
Imelda,2525,46
Imelda,1465,56
Imelda,5926,99
Imelda,3752,51
Imelda,4120,33
Imelda,3518,34
Imelda,3390,43
Imelda,3401,31
Imelda,20191,261
Imelda,0,7
Imelda,9246,363
Imelda,2715,142
Imelda,3754,39
Imelda,3708,45
Imelda,2688,37
Imelda,6137,83
Imelda,10628,94
Imelda,25740,346
Imelda,16690,144
Imelda,14366,163
Imelda,7768,139
Imelda,17355,119
Imelda,5133,60
Imelda,5814,57
Imelda,9524,22
Imelda,4738,48
Imelda,5398,61
Imelda,4383,88
Imelda,6383,69
Imelda,3983,140
Imelda,8641,65
Imelda,7698,128
Imelda,4532,38
Imelda,2251,56
Imelda,1794,62
Imelda,2056,16
Imelda,5006,52
Imelda,2264,20
Imelda,3741,39
Imelda,7175,83
Imelda,2246,19
Imelda,6035,101
Imelda,2734,48
Imelda,3097,66
Imelda,2811,50
Imelda,3985,53
Imelda,3450,24
Imelda,13007,109
Imelda,4420,162
Imelda,4726,159
Imelda,8423,181
Imelda,4614,36
Imelda,6588,62
Imelda,10037,80
Imelda,4531,53
Imelda,2806,12
Imelda,1261,12
Imelda,3631,38
Imelda,4889,74
Imelda,4946,22
Imelda,4003,38
Imelda,4885,51
Imelda,7331,154
Imelda,6287,102
Imelda,4540,57
Imelda,6987,23
Imelda,4245,42
Imelda,4092,57
Imelda,6595,232
Imelda,3180,27
Imelda,2074,49
Imelda,4525,240
Imelda,4058,58
Imelda,8577,173
Imelda,3965,96
Imelda,3311,44
Imelda,6370,122
Imelda,3998,51
Imelda,11202,40
Imelda,3606,61
Imelda,2120,58
Imelda,3745,80
Imelda,3456,23
Imelda,3467,83
Imelda,4536,114
Imelda,4240,47
Imelda,2474,45
Imelda,2376,51
Imelda,5612,59
Imelda,4229,28
Imelda,4342,39
Imelda,3361,35
Imelda,7099,36
Imelda,5029,66
Imelda,2619,43
Imelda,5269,66
Imelda,37,40
Imelda,6021,51
Imelda,4926,38
Imelda,4126,31
Imelda,7644,49
Imelda,14644,91
Imelda,5452,52
Imelda,6991,37
Imelda,4382,52
Imelda,6046,33
Imelda,7599,67
Imelda,11643,78
Imelda,5498,53
Imelda,14337,37
Imelda,6717,155
Imelda,9296,117
Imelda,6076,49
Imelda,4307,11
Imelda,8967,63
Imelda,6480,106
Imelda,3558,82
Imelda,0,57
Imelda,4802,77
Imelda,3540,54
Imelda,7584,60
Imelda,4589,227
Imelda,7662,130
Imelda,6436,129
Imelda,13619,409
Imelda,8150,221
Imelda,2549,93
Imelda,5079,65
Imelda,4284,54
Imelda,7217,91
Imelda,1920,31
Imelda,3889,49
Imelda,4649,39
Imelda,3911,17
Imelda,3374,45
Imelda,3496,25
Imelda,2623,32
Imelda,2088,35
Imelda,3598,40
Imelda,11351,80
Imelda,4360,50
Imelda,0,135
Imelda,3262,46
Imelda,3250,63
Michael & Florence,2812,73
Michael & Florence,4709,159
Michael & Florence,5005,123
Michael & Florence,6754,82
Michael & Florence,3021,72
Michael & Florence,2599,15
Michael & Florence,2079,61
Michael & Florence,0,1
Michael & Florence,0,1
Michael & Florence,4215,110
Michael & Florence,7032,194
Michael & Florence,4019,85
Michael & Florence,5477,112
Michael & Florence,3916,126
Michael & Florence,4673,132
Michael & Florence,8212,236
Michael & Florence,3385,77
Michael & Florence,3496,180
Michael & Florence,7173,121
Michael & Florence,6009,136
Michael & Florence,6089,66
Michael & Florence,7535,127
Michael & Florence,3926,111
Michael & Florence,3271,60
Michael & Florence,3158,80
Michael & Florence,3034,153
Michael & Florence,8319,238
Michael & Florence,810,20
Michael & Florence,7933,315
Michael & Florence,3532,92
Michael & Florence,8088,249
Michael & Florence,5120,214
Michael & Florence,4661,141
Michael & Florence,4700,27
Michael & Florence,7707,208
Michael & Florence,9812,153
Michael & Florence,4715,215
Michael & Florence,5767,258
Michael & Florence,2567,82
Michael & Florence,7787,113
Michael & Florence,3533,127
Michael & Florence,10983,102
Michael & Florence,3679,116
Michael & Florence,6346,240
Michael & Florence,6336,90
Michael & Florence,5080,120
Michael & Florence,4339,152
Michael & Florence,3163,234
Michael & Florence,5428,188
Michael & Florence,5767,240
Michael & Florence,7099,187
Michael & Florence,3990,295
Michael & Florence,5337,102
Michael & Florence,12318,307
Michael & Florence,7997,246
Michael & Florence,3412,249
Michael & Florence,6932,167
Michael & Florence,8879,203
Michael & Florence,7651,227
Michael & Florence,3960,136
Michael & Florence,6656,73
Michael & Florence,2583,163
Michael & Florence,2724,117
Michael & Florence,7540,252
Michael & Florence,5245,164
Michael & Florence,1656,86
Michael & Florence,3777,120
Michael & Florence,7877,90
Michael & Florence,10668,235
Michael & Florence,6430,184
Michael & Florence,3190,141
Michael & Florence,5370,115
Michael & Florence,6886,281
Michael & Florence,2914,14
Michael & Florence,6040,298
Michael & Florence,5202,85
Michael & Florence,3407,179
Michael & Florence,5232,130
Michael & Florence,5189,205
Michael & Florence,7657,137
Michael & Florence,3824,192
Michael & Florence,8439,213
Michael & Florence,8075,260
Michael & Florence,4983,142
Michael & Florence,5495,42
Michael & Florence,8072,284
Michael & Florence,3417,213
Michael & Florence,4118,80
Michael & Florence,2493,322
Michael & Florence,7354,216
Michael & Florence,1255,67
Michael & Florence,3603,125
Michael & Florence,6835,114
Michael & Florence,1502,55
Michael & Florence,3718,267
Michael & Florence,4664,58
Michael & Florence,4622,251
Michael & Florence,3021,73
Michael & Florence,5623,33
Michael & Florence,3415,126
Michael & Florence,4888,18
Michael & Florence,4264,175
Michael & Florence,2327,116
Michael & Florence,8571,261
Michael & Florence,1472,74
Michael & Florence,6686,182
Michael & Florence,807,14
Michael & Florence,2455,21
Michael & Florence,2556,126
Michael & Florence,1788,46
Michael & Florence,7086,192
Michael & Florence,3422,67
Michael & Florence,4205,78
Michael & Florence,2575,59
Michael & Florence,4469,113
Michael & Florence,5418,124
Michael & Florence,6545,124
Michael & Florence,7577,282
Michael & Florence,11991,584
Michael & Florence,3462,114
Michael & Florence,4591,72
Michael & Florence,2542,193
Michael & Florence,1947,76
Michael & Florence,5674,180
Michael & Florence,3232,38
Michael & Florence,3570,129
Michael & Florence,11951,330
Michael & Florence,3014,211
Michael & Florence,4440,181
Michael & Florence,2920,46
Michael & Florence,195,27
Michael & Florence,5545,118
Michael & Florence,5708,118
Michael & Florence,3872,185
Michael & Florence,3451,171
Michael & Florence,2886,168
Michael & Florence,6325,341
Michael & Florence,872,175
Michael & Florence,2343,127
Michael & Florence,4812,214
Michael & Florence,1904,89
Michael & Florence,2654,78
Michael & Florence,3419,82
Michael & Florence,3288,79
Michael & Florence,4900,172
Michael & Florence,6200,216
Michael & Florence,2052,110
Michael & Florence,7966,276
Michael & Florence,4561,176
Michael & Florence,5031,239
Michael & Florence,8266,185
Michael & Florence,6859,238
Michael & Florence,10221,250
Michael & Florence,4308,301
Michael & Florence,4747,165
Michael & Florence,11573,404
Michael & Florence,8028,260
Michael & Florence,8057,179
Michael & Florence,20123,197
Michael & Florence,5535,261
Michael & Florence,5278,184
Michael & Florence,5441,244
Michael & Florence,3478,129
Michael & Florence,4867,123
Michael & Florence,9353,345
Michael & Florence,4762,135
Michael & Florence,5396,323
Michael & Florence,7155,217
Michael & Florence,3544,254
Michael & Florence,4280,137
Michael & Florence,4926,173
Michael & Florence,4362,82
Michael & Florence,4296,128
Michael & Florence,3245,140
Michael & Florence,4893,126
Michael & Florence,6524,200
Michael & Florence,4125,157
Michael & Florence,3672,162
Michael & Florence,6275,119
Michael & Florence,2165,141
Michael & Florence,7042,243
Michael & Florence,2643,99
Michael & Florence,2550,150
Michael & Florence,5006,57
Michael & Florence,5717,181
Michael & Florence,9069,87
Michael & Florence,6256,140
Michael & Florence,6505,63
Michael & Florence,5703,98
Michael & Florence,5161,170
Michael & Florence,4963,71
Michael & Florence,3355,132
Michael & Florence,2442,70
Michael & Florence,3604,104
Michael & Florence,2418,41
Michael & Florence,1727,64
Michael & Florence,5431,118
Michael & Florence,19398,299
Michael & Florence,9857,282
Michael & Florence,15101,190
Michael & Florence,5079,115
Michael & Florence,7871,163
Michael & Florence,7009,127
Michael & Florence,4904,58
Michael & Florence,6851,310
Michael & Florence,5512,169
Michael & Florence,5311,107
Michael & Florence,7219,196
Michael & Florence,3818,127
Michael & Florence,4445,77
Michael & Florence,6644,100
Michael & Florence,8850,175
Michael & Florence,24985,24
Michael & Florence,9548,218
Michael & Florence,29497,4099
Michael & Florence,2206,64
Michael & Florence,7649,194
Michael & Florence,1218,130
Michael & Florence,31263,387
Michael & Florence,8118,879
Michael & Florence,11141,630
Michael & Florence,10899,362
Michael & Florence,8562,208
Michael & Florence,3378,92
Michael & Florence,5230,193
Michael & Florence,7130,389
Michael & Florence,5590,224
Michael & Florence,3575,123
Michael & Florence,1963,134
Michael & Florence,2450,59
Michael & Florence,3587,95
Michael & Florence,2882,74
Michael & Florence,1442,51
Michael & Florence,2065,78
Michael & Florence,1844,118
Michael & Florence,1061,55
Michael & Florence,3012,155
Michael & Florence,7679,113
Michael & Florence,5610,160
Michael & Florence,4123,133
Michael & Florence,2317,59
Michael & Florence,3739,162
Michael & Florence,2085,203
Michael & Florence,3713,120
Michael & Florence,2552,72
Michael & Florence,4539,168
Michael & Florence,13662,312
Michael & Florence,3369,126
Michael & Florence,0,35
Michael & Florence,0,3
Michael & Florence,0,11
Michael & Florence,2263,85
Michael & Florence,4126,200
Michael & Florence,4816,133
Michael & Florence,4732,124
Michael & Florence,2804,112
Michael & Florence,3848,87
Michael & Florence,3029,111
Michael & Florence,4574,109
Michael & Florence,5598,143
Michael & Florence,4667,103
Michael & Florence,4800,133
Michael & Florence,10612,370
Michael & Florence,1515,63
Michael & Florence,14266,409
Michael & Florence,7266,96
Michael & Florence,10425,343
Michael & Florence,5926,171
Michael & Florence,4738,123
Michael & Florence,6972,163
Michael & Florence,6999,235
Michael & Florence,4249,5
Michael & Florence,2082,149
Michael & Florence,13074,238
Michael & Florence,6300,316
Michael & Florence,5155,252
Michael & Florence,3560,113
Michael & Florence,4806,83
Michael & Florence,3948,249
Michael & Florence,6550,200
Michael & Florence,0,8
Michael & Florence,0,2
Michael & Florence,4456,207
Michael & Florence,2099,58
Michael & Florence,5674,233
Michael & Florence,6364,204
Michael & Florence,5802,242
Michael & Florence,2757,91
Michael & Florence,1156,74
Michael & Florence,2740,68
Michael & Florence,4904,166
Michael & Florence,6535,150
Michael & Florence,4864,223
Michael & Florence,3665,92
Michael & Florence,7403,327
Michael & Florence,8437,43
Michael & Florence,5156,130
Michael & Florence,5700,182
Michael & Florence,4258,185
Michael & Florence,6102,135
Michael & Florence,5715,207
Michael & Florence,8699,243
Michael & Florence,8902,210
Michael & Florence,5858,101
Michael & Florence,6155,201
Michael & Florence,4737,114
Michael & Florence,7769,105
Michael & Florence,7548,135
Michael & Florence,6580,73
Michael & Florence,6409,140
Michael & Florence,3829,112
Michael & Florence,2497,146
Michael & Florence,6650,74
Michael & Florence,4135,38
Michael & Florence,6935,139
Michael & Florence,6294,100
Michael & Florence,5476,122
Michael & Florence,7117,85
Michael & Florence,837,63
Michael & Florence,2705,88
Michael & Florence,5101,144
Michael & Florence,5730,153
Michael & Florence,6046,53
Michael & Florence,10046,170
Michael & Florence,2691,125
Michael & Florence,3276,144
Michael & Florence,5418,68
Michael & Florence,2886,159
Michael & Florence,4559,104
Michael & Florence,9438,201
Michael & Florence,6367,30
Michael & Florence,3784,137
Michael & Florence,4344,118
Michael & Florence,4986,123
Michael & Florence,1080,33
Michael & Florence,2563,107
Michael & Florence,4456,108
Michael & Florence,2660,135
Michael & Florence,1694,72
Michael & Florence,5726,90
Michael & Florence,6920,391
Michael & Florence,3926,324
Michael & Florence,6232,113
Michael & Florence,7858,53
Michael & Florence,3498,94
Michael & Florence,2955,148
Michael & Florence,5645,229
Michael & Florence,10715,235
Michael & Florence,4293,91
Michael & Florence,2766,89
Michael & Florence,2640,87
Michael & Florence,3791,122
Michael & Florence,4690,93
Michael & Florence,5217,105
Michael & Florence,4926,115
Michael & Florence,6182,142
Michael & Florence,3773,135
Michael & Florence,2735,108
Michael & Florence,4688,165
Michael & Florence,4515,98
Michael & Florence,3598,154
Michael & Florence,2662,119
Michael & Florence,2629,245
Michael & Florence,3568,235
Michael & Florence,5622,78
Michael & Florence,7236,135
Michael & Florence,3221,116
Michael & Florence,5729,181
Michael & Florence,4338,89
Michael & Florence,2092,46
Michael & Florence,2779,51
Michael & Florence,3169,177
Michael & Florence,4553,187
Michael & Florence,2129,134
Michael & Florence,5690,134
Michael & Florence,3350,159
Michael & Florence,2595,126
Michael & Florence,1386,200
Michael & Florence,3254,94
Michael & Florence,7650,309
Michael & Florence,8790,619
Michael & Florence,1408,134
Michael & Florence,2476,80
Michael & Florence,5138,228
Michael & Florence,6073,258
Michael & Florence,1687,79
Michael & Florence,3943,147
Michael & Florence,4453,158
Michael & Florence,3941,233
Michael & Florence,7443,326
Michael & Florence,4795,130
Michael & Florence,3943,185
Michael & Florence,3100,187
Michael & Florence,1014,43
Michael & Florence,3651,144
Michael & Florence,15938,111
Michael & Florence,22583,476
Michael & Florence,5222,388
Michael & Florence,6088,181
Michael & Florence,5227,181
Michael & Florence,3505,205
Michael & Florence,3393,71
Michael & Florence,2631,18
Michael & Florence,4350,83
Michael & Florence,1283,186
Michael & Florence,2964,198
Michael & Florence,2549,202
Michael & Florence,1668,59
Michael & Florence,2890,112
Michael & Florence,2765,58
Michael & Florence,1515,121
Michael & Florence,3559,90
Michael & Florence,3886,100
Michael & Florence,4649,59
Michael & Florence,5133,177
Michael & Florence,3496,61
Michael & Florence,4519,135
Michael & Florence,7522,292
Michael & Florence,4544,169
Michael & Florence,6571,117
Michael & Florence,4197,77
Michael & Florence,4954,64
Michael & Florence,6545,70
Michael & Florence,3873,76
Michael & Florence,5241,78
Michael & Florence,4674,70
Michael & Florence,4536,101
Michael & Florence,5681,77
Michael & Florence,4995,77
Michael & Florence,7164,124
Michael & Florence,4444,69
Michael & Florence,5418,133
Michael & Florence,4908,69
Michael & Florence,4676,101
Michael & Florence,4896,176
Michael & Florence,6005,82
Michael & Florence,4509,102
Michael & Florence,6678,86
Michael & Florence,6687,134
Michael & Florence,5394,158
Michael & Florence,6236,96
Michael & Florence,6775,269
Michael & Florence,0,5
Michael & Florence,0,19
Michael & Florence,0,6
Michael & Florence,81,29
Michael & Florence,9067,298
Michael & Florence,12187,282
Michael & Florence,4143,219
Michael & Florence,4515,554
Michael & Florence,4563,214
Michael & Florence,6491,196
Michael & Florence,4122,93
Michael & Florence,7959,197
Michael & Florence,12294,236
Michael & Florence,3088,111
Michael & Florence,6265,249
Michael & Florence,2294,132
Michael & Florence,7297,229
Michael & Florence,2415,149
Michael & Florence,2257,110
Michael & Florence,5881,233
Michael & Florence,4886,214
Michael & Florence,1353,47
Michael & Florence,2422,77
Michael & Florence,5015,149
Michael & Florence,2235,64
Michael & Florence,2157,73
Michael & Florence,3413,120
Michael & Florence,4650,141
Michael & Florence,5399,120
Michael & Florence,5501,91
Michael & Florence,6332,218
Michael & Florence,7541,198
Michael & Florence,3444,79
Michael & Florence,3924,80
Michael & Florence,5075,117
Michael & Florence,6941,188
Michael & Florence,5124,86
Michael & Florence,1632,69
Michael & Florence,3672,86
Michael & Florence,7268,9
Michael & Florence,4762,153
Michael & Florence,2464,186
Michael & Florence,6369,319
Michael & Florence,3179,119
Michael & Florence,5608,143
Michael & Florence,6308,136
Michael & Florence,5766,229
Michael & Florence,4136,95
Michael & Florence,7397,315
Michael & Florence,2787,118
Michael & Florence,4441,116
Michael & Florence,8373,119
Michael & Florence,16751,131
Michael & Florence,14535,220
Michael & Florence,4311,125
Michael & Florence,4268,193
Michael & Florence,4730,127
Michael & Florence,5695,152
Michael & Florence,8181,239
Michael & Florence,4074,98
Michael & Florence,8512,147
Michael & Florence,6975,181
Michael & Florence,3654,78
Michael & Florence,2171,79
Michael & Florence,1693,62
Michael & Florence,4765,76
Michael & Florence,2561,130
Michael & Florence,4571,174
Michael & Florence,4620,148
Michael & Florence,4178,168
Michael & Florence,5269,95
Michael & Florence,2983,112
Michael & Florence,4383,131
Michael & Florence,3088,70
Michael & Florence,3972,120
Michael & Florence,4928,139
Michael & Florence,2910,160
Michael & Florence,3830,156
Michael & Florence,5570,127
Michael & Florence,3206,139
Michael & Florence,4192,108
Michael & Florence,3343,115
Michael & Florence,4920,168
Michael & Florence,3460,74
Michael & Florence,1526,67
Michael & Florence,4295,111
Michael & Florence,2075,106
Michael & Florence,3617,94
Michael & Florence,8255,269
Michael & Florence,1856,127
Michael & Florence,10326,159
Michael & Florence,8826,142
Michael & Florence,1918,169
Michael & Florence,7249,277
Michael & Florence,3252,128
Michael & Florence,3549,204
Michael & Florence,3594,109
Michael & Florence,6390,186
Michael & Florence,7079,198
Michael & Florence,1857,13
Michael & Florence,8582,129
Michael & Florence,1442,181
Michael & Florence,4516,131
Michael & Florence,3958,136
Michael & Florence,6196,184
Michael & Florence,4322,171
Michael & Florence,4036,130
Michael & Florence,1051,228
Michael & Florence,965,64
Michael & Florence,3836,87
Michael & Florence,1129,102
Michael & Florence,3057,116
Michael & Florence,3043,142
Michael & Florence,10939,157
Michael & Florence,2251,87
Michael & Florence,2596,20
Michael & Florence,3228,153
Michael & Florence,5524,124
Michael & Florence,4593,101
Michael & Florence,6970,284
Michael & Florence,0,1
Michael & Florence,11362,267
Michael & Florence,5739,180
Michael & Florence,6929,200
Michael & Florence,3100,155
Michael & Florence,9555,221
Michael & Florence,8710,292
Michael & Florence,8182,238
Michael & Florence,3772,134
Michael & Florence,4791,94
Michael & Florence,3295,107
Michael & Florence,3750,81
Michael & Florence,2260,171
Michael & Florence,6149,261
Michael & Florence,2062,94
Michael & Florence,3443,66
Michael & Florence,4596,39
Michael & Florence,9371,193
Michael & Florence,7093,113
Michael & Florence,6576,189
Michael & Florence,7360,144
Michael & Florence,2774,83
Michael & Florence,5995,193
Michael & Florence,7073,166
Michael & Florence,6651,26
Michael & Florence,10328,134
Michael & Florence,6895,148
Michael & Florence,5715,198
Michael & Florence,6364,143
Michael & Florence,12858,272
Michael & Florence,3090,143
Michael & Florence,5108,100
Michael & Florence,9537,136
Michael & Florence,4440,109
Michael & Florence,2816,93
Michael & Florence,2319,369
Michael & Florence,6627,124
Michael & Florence,4674,186
Michael & Florence,5796,117
Michael & Florence,6975,122
Michael & Florence,5522,218
Michael & Florence,10592,140
Michael & Florence,3113,171
Michael & Florence,5286,174
Michael & Florence,4711,212
Michael & Florence,3758,95
Michael & Florence,6617,189
Michael & Florence,8129,248
Michael & Florence,5042,158
Michael & Florence,4046,124
Michael & Florence,6392,186
Michael & Florence,4124,95
Michael & Florence,4217,140
Michael & Florence,3574,47
Michael & Florence,7367,90
Michael & Florence,10232,152
Michael & Florence,2872,106
Michael & Florence,2754,52
Michael & Florence,6120,143
Michael & Florence,6812,167
Michael & Florence,4907,142
Michael & Florence,4214,49
Michael & Florence,5342,135
Michael & Florence,6818,170
Michael & Florence,7258,178
Michael & Florence,8504,272
Michael & Florence,15448,428
Michael & Florence,4960,141
Michael & Florence,9870,251
Michael & Florence,6882,123
Michael & Florence,6716,207
Michael & Florence,6855,103
Michael & Florence,6255,156
Michael & Florence,3408,91
Michael & Florence,5877,251
Michael & Florence,7973,276
Michael & Florence,3092,110
Michael & Florence,2964,52
Michael & Florence,6132,152
Michael & Florence,2801,178
Michael & Florence,5375,216
Michael & Florence,2786,209
Michael & Florence,1783,73
Michael & Florence,3403,180
Michael & Florence,6059,130
Michael & Florence,3664,113
Michael & Florence,6009,130
Michael & Florence,4414,151
Michael & Florence,5660,189
Michael & Florence,2793,82
Michael & Florence,2826,106
Michael & Florence,4494,156
Michael & Florence,4464,64
Michael & Florence,3668,265
Michael & Florence,3538,111
Michael & Florence,5407,125
Michael & Florence,1891,43
Michael & Florence,5452,113
Michael & Florence,4011,65
Michael & Florence,3632,103
Michael & Florence,2042,50
Michael & Florence,3787,78
Michael & Florence,997,129
Michael & Florence,2153,161
Michael & Florence,1461,138
Michael & Florence,6860,239
Michael & Florence,5480,304
Michael & Florence,2270,58
Michael & Florence,2792,92
Michael & Florence,2261,40
Michael & Florence,2078,134
Michael & Florence,4096,150
Michael & Florence,4555,133
Michael & Florence,5931,127
Michael & Florence,6361,65
Michael & Florence,6624,214
Michael & Florence,6533,154
Michael & Florence,5859,127
Michael & Florence,8215,40
Michael & Florence,8288,307
Michael & Florence,13940,120
Michael & Florence,6546,364
Michael & Florence,3462,98
Michael & Florence,8331,176
Michael & Florence,10100,254
Michael & Florence,5819,110
Michael & Florence,4557,105
Michael & Florence,1668,46
Michael & Florence,2582,61
Michael & Florence,2193,106
Michael & Florence,2094,86
Michael & Florence,3914,148
Michael & Florence,5199,542
Michael & Florence,2605,287
Michael & Florence,4752,40
Michael & Florence,3624,144
Michael & Florence,2865,109
Michael & Florence,6712,74
Michael & Florence,2681,67
Michael & Florence,4978,192
Michael & Florence,4042,127
Michael & Florence,7257,140
Michael & Florence,8646,179
Michael & Florence,7111,206
Michael & Florence,3460,113
Michael & Florence,1903,85
Michael & Florence,10347,162
Michael & Florence,3323,87
Michael & Florence,1817,96
Michael & Florence,2990,103
Michael & Florence,4924,163
Michael & Florence,880,86
Michael & Florence,4083,122
Michael & Florence,5698,115
Michael & Florence,4613,94
Michael & Florence,2751,137
Michael & Florence,4305,228
Michael & Florence,5902,200
Michael & Florence,3632,210
Michael & Florence,2759,68
Michael & Florence,3317,70
Michael & Florence,2322,41
Michael & Florence,0,79
Michael & Florence,0,0
Michael & Florence,0,0
Michael & Florence,2840,92
Michael & Florence,2473,118
Michael & Florence,1557,0
Michael & Florence,1227,70
Michael & Florence,2349,40
Michael & Florence,2263,70
Michael & Florence,2082,100
Michael & Florence,3438,39
Michael & Florence,2792,18
Michael & Florence,2061,83
Michael & Florence,2339,124
Michael & Florence,2576,74
Michael & Florence,2209,98
Michael & Florence,2634,88
Michael & Florence,1961,94
Michael & Florence,3007,136
Michael & Florence,2766,79
Michael & Florence,1548,76
Michael & Florence,4320,133
Michael & Florence,1866,136
Michael & Florence,2362,84
Michael & Florence,2941,79
Michael & Florence,2936,129
Michael & Florence,3497,155
Michael & Florence,3074,173
Michael & Florence,5245,101
Michael & Florence,2638,217
Michael & Florence,5024,112
Michael & Florence,3077,138
Michael & Florence,3672,104
Michael & Florence,2444,157
Michael & Florence,2625,79
Michael & Florence,5406,164
Michael & Florence,2784,91
Michael & Florence,3865,71
Michael & Florence,5968,163
Michael & Florence,6247,130
Michael & Florence,11516,459
Michael & Florence,11928,366
Michael & Florence,4331,303
Michael & Florence,4861,231
Michael & Florence,3445,87
Michael & Florence,2809,96
Michael & Florence,1599,60
Michael & Florence,2576,107
Michael & Florence,1451,131
Michael & Florence,6778,138
Michael & Florence,1792,78
Michael & Florence,949,111
Michael & Florence,7257,159
Michael & Florence,3445,177
Michael & Florence,2767,105
Michael & Florence,3768,135
Michael & Florence,4039,152
Michael & Florence,1664,47
Michael & Florence,7360,154
Michael & Florence,6082,37
Michael & Florence,8099,186
Michael & Florence,3299,147
Michael & Florence,1606,301
Michael & Florence,2246,186
Michael & Florence,1652,71
Michael & Florence,4026,246
Michael & Florence,8279,146
Michael & Florence,4981,42
Michael & Florence,7148,142
Michael & Florence,2317,199
Michael & Florence,3823,152
Michael & Florence,3641,55
Michael & Florence,6385,135
Michael & Florence,1831,73
Michael & Florence,4705,211
Michael & Florence,2068,96
Michael & Florence,7992,211
Michael & Florence,13152,297
Michael & Florence,4618,165
Michael & Florence,5522,247
Michael & Florence,7580,162
Michael & Florence,2570,264
Michael & Florence,5063,114
Michael & Florence,1366,33
Michael & Florence,2786,124
Michael & Florence,3493,137
Michael & Florence,1240,278
Michael & Florence,10982,3726
Michael & Florence,6318,34
Michael & Florence,4288,427
Michael & Florence,7881,1160
Michael & Florence,9874,484
Michael & Florence,14259,282
Michael & Florence,4335,245
Michael & Florence,15566,419
Michael & Florence,10325,369
Michael & Florence,1530,61
Michael & Florence,4823,141
Michael & Florence,4539,128
Michael & Florence,3818,152
Michael & Florence,3460,133
Michael & Florence,2472,125
Michael & Florence,2794,176
Michael & Florence,2955,80
Michael & Florence,5240,135
Michael & Florence,5135,286
Michael & Florence,2251,70
Michael & Florence,6501,148
Michael & Florence,2670,134
Michael & Florence,5783,119
Michael & Florence,2175,91
Michael & Florence,3822,96
Michael & Florence,2401,61
Michael & Florence,2687,76
Michael & Florence,2346,40
Michael & Florence,2540,39
Michael & Florence,5263,77
Michael & Florence,8962,248
Michael & Florence,4378,185
Michael & Florence,3238,89
Michael & Florence,4584,102
Michael & Florence,4793,218
Michael & Florence,1331,52
Michael & Florence,9885,3665
Michael & Florence,4820,68
Michael & Florence,4153,77
Michael & Florence,4358,101
Michael & Florence,932,42
Michael & Florence,2132,69
Michael & Florence,4045,145
Michael & Florence,3388,83
Michael & Florence,1976,485
Michael & Florence,5410,165
Michael & Florence,7228,361
Michael & Florence,7091,133
Michael & Florence,6586,161
Michael & Florence,5845,235
Michael & Florence,11706,203
Michael & Florence,4968,123
Michael & Florence,4978,176
Michael & Florence,3381,42
Michael & Florence,3479,105
Michael & Florence,6318,197
Michael & Florence,3966,103
Michael & Florence,3865,146
Michael & Florence,3475,47
Michael & Florence,3314,88
Michael & Florence,3962,56
Michael & Florence,3280,104
Michael & Florence,5829,19
Michael & Florence,3001,112
Michael & Florence,6765,266
Michael & Florence,6291,94
Michael & Florence,6590,297
Michael & Florence,3846,113
Michael & Florence,0,4
Michael & Florence,5544,471
Michael & Florence,3860,154
Michael & Florence,20669,333
Michael & Florence,8849,562
Michael & Florence,19039,514
Michael & Florence,3329,302
Michael & Florence,4563,221
Michael & Florence,8051,319
Michael & Florence,14262,379
Michael & Florence,12516,284
Michael & Florence,4273,206
Michael & Florence,7252,242
Michael & Florence,3904,275
Michael & Florence,2001,65
Michael & Florence,7775,211
Michael & Florence,365,61
Michael & Florence,1372,136
Michael & Florence,1386,114
Michael & Florence,1550,54
Michael & Florence,2509,57
Michael & Florence,1972,44
Michael & Florence,1588,24
Michael & Florence,4623,157
Michael & Florence,4347,149
Michael & Florence,4408,115
Michael & Florence,2369,139
Michael & Florence,4288,130
Michael & Florence,2128,99
Michael & Florence,3013,110
Michael & Florence,1028,88
Michael & Florence,2956,104
Michael & Florence,1707,108
Michael & Florence,1595,122
Michael & Florence,2783,119
Michael & Florence,1563,113
Michael & Florence,2615,97
Michael & Florence,5320,119
Michael & Florence,2626,91
Michael & Florence,2411,36
Michael & Florence,2904,72
Michael & Florence,1888,78
Michael & Florence,3046,177
Michael & Florence,3254,147
Michael & Florence,2983,77
Michael & Florence,2491,77
Michael & Florence,4104,93
Michael & Florence,1790,97
Michael & Florence,3690,117
Michael & Florence,3740,186
Michael & Florence,1213,365
Michael & Florence,1500,109
Michael & Florence,8333,166
Michael & Florence,4784,296
Michael & Florence,2175,150
Michael & Florence,2595,87
Michael & Florence,4135,65
Michael & Florence,7539,159
Michael & Florence,3301,67
Michael & Florence,2489,63
Michael & Florence,4534,104
Michael & Florence,4403,100
Michael & Florence,2804,185
Michael & Florence,4973,137
Michael & Florence,9267,307
Michael & Florence,1137,80
Michael & Florence,4025,99
Michael & Florence,3362,157
Michael & Florence,2995,128
Michael & Florence,4269,58
Michael & Florence,11587,30
Michael & Florence,6355,150
Michael & Florence,4799,200
Michael & Florence,2655,123
Michael & Florence,2825,41
Michael & Florence,5268,67
Michael & Florence,4896,124
Michael & Florence,5546,130
Michael & Florence,9106,202
Michael & Florence,5687,194
Michael & Florence,1840,31
Michael & Florence,6746,103
Michael & Florence,6159,253
Michael & Florence,5857,129
Michael & Florence,3858,74
Michael & Florence,5715,181
Michael & Florence,3832,763
Michael & Florence,2148,58
Michael & Florence,2610,54
Michael & Florence,4609,131
Michael & Florence,3143,110
Michael & Florence,4786,170
Michael & Florence,1451,21
Michael & Florence,0,1
Michael & Florence,3437,24
Michael & Florence,1637,40
Michael & Florence,4572,211
Michael & Florence,2903,6
Michael & Florence,2222,95
Michael & Florence,2345,119
Michael & Florence,4506,73
Michael & Florence,2946,71
Michael & Florence,3487,325
Michael & Florence,4460,234
Michael & Florence,5094,127
Michael & Florence,6769,238
Michael & Florence,9120,196
Michael & Florence,7267,159
Michael & Florence,5023,121
Michael & Florence,9219,150
Michael & Florence,3385,112
Michael & Florence,4917,152
Michael & Florence,2701,35
Michael & Florence,6639,87
Michael & Florence,3779,110
Michael & Florence,3362,64
Michael & Florence,3659,111
Michael & Florence,5346,132
Michael & Florence,4343,132
Michael & Florence,2371,104
Michael & Florence,5850,42
Michael & Florence,8295,185
Michael & Florence,7700,314
Michael & Florence,4451,49
Michael & Florence,3144,97
Michael & Florence,2156,162
Michael & Florence,4319,107
Michael & Florence,2708,61
Michael & Florence,4028,97
Michael & Florence,5088,90
Michael & Florence,4250,146
Michael & Florence,18939,453
Michael & Florence,5564,139
Michael & Florence,6568,192
Michael & Florence,4782,309
Michael & Florence,7688,299
Michael & Florence,3980,212
Michael & Florence,6716,372
Michael & Florence,3095,99
Michael & Florence,2543,56
Michael & Florence,5810,142
Michael & Florence,3013,107
Michael & Florence,2512,91
Michael & Florence,6525,96
Michael & Florence,2458,74
Michael & Florence,3300,42
Michael & Florence,3119,237
Michael & Florence,7042,144
Michael & Florence,3119,82
Michael & Florence,7569,167
Michael & Florence,2507,0
Michael & Florence,1695,191
Michael & Florence,3758,144
Michael & Florence,1104,1
Michael & Florence,3218,4
Michael & Florence,927,118
Michael & Florence,4843,0
Michael & Florence,3762,192
Michael & Florence,6237,0
Michael & Florence,4855,93
Michael & Florence,4519,119
Michael & Florence,3009,115
Michael & Florence,3732,137
Michael & Florence,3077,131
Michael & Florence,5432,145
Michael & Florence,5031,237
Michael & Florence,7412,223
Michael & Florence,5944,265
Michael & Florence,6883,150
Michael & Florence,3607,69
Michael & Florence,2178,89
Michael & Florence,5262,141
Michael & Florence,3607,66
Michael & Florence,4309,122
Michael & Florence,2832,102
Michael & Florence,3058,73
Michael & Florence,4643,102
Michael & Florence,5383,91
Michael & Florence,3841,75
Michael & Florence,2450,73
Michael & Florence,2323,93
Michael & Florence,5711,55
Michael & Florence,3942,95
Michael & Florence,4062,182
Michael & Florence,5990,144
Michael & Florence,4562,330
Michael & Florence,2655,63
Michael & Florence,6441,110
Michael & Florence,6333,118
Michael & Florence,4893,91
Michael & Florence,7504,130
Michael & Florence,2851,150
Michael & Florence,5082,149
Michael & Florence,4469,109
Michael & Florence,10608,189
Michael & Florence,3699,162
Michael & Florence,2915,106
Michael & Florence,2919,63
Michael & Florence,3224,98
Michael & Florence,3474,61
Michael & Florence,6623,119
Michael & Florence,1040,67
Michael & Florence,2311,165
Michael & Florence,8219,140
Michael & Florence,3474,71
Michael & Florence,3550,78
Michael & Florence,2638,80
Michael & Florence,3656,164
Michael & Florence,2050,108
Michael & Florence,2101,89
Michael & Florence,4728,25
Michael & Florence,5611,287
Michael & Florence,6107,243
Michael & Florence,0,27
Michael & Florence,6964,170
Michael & Florence,4080,102
Michael & Florence,4071,228
Michael & Florence,5289,209
Michael & Florence,6182,325
Michael & Florence,10002,178
Michael & Florence,8779,419
Michael & Florence,6413,329
Michael & Florence,4326,33
Michael & Florence,4504,197
Michael & Florence,4769,288
Michael & Florence,7435,228
Michael & Florence,8093,422
Michael & Florence,4297,28
Michael & Florence,3023,88
Michael & Florence,2540,304
Michael & Florence,6152,59
Michael & Florence,2295,54
Michael & Florence,6391,272
Michael & Florence,3181,115
Michael & Florence,2809,78
Michael & Florence,7740,156
Michael & Florence,2768,32
Michael & Florence,4160,83
Michael & Florence,1956,87
Michael & Florence,10300,25
Michael & Florence,3667,157
Michael & Florence,1759,86
Michael & Florence,3978,163
Michael & Florence,3866,189
Michael & Florence,5967,135
Michael & Florence,5510,424
Michael & Florence,12535,755
Michael & Florence,3919,1117
Michael & Florence,10535,1860
Michael & Florence,0,558
Michael & Florence,4446,164
Michael & Florence,2576,79
Michael & Florence,2110,83
Michael & Florence,3321,137
Michael & Florence,4294,85
Michael & Florence,1759,59
Michael & Florence,2935,83
Michael & Florence,1990,44
Michael & Florence,1494,135
Michael & Florence,1254,38
Michael & Florence,2576,87
Michael & Florence,7686,285
Michael & Florence,11295,274
Michael & Florence,2561,113
Michael & Florence,1728,140
Michael & Florence,3479,78
Michael & Florence,3754,154
Michael & Florence,3006,54
Michael & Florence,766,7
Michael & Florence,1883,63
Michael & Florence,2385,296
Michael & Florence,3969,63
Michael & Florence,3230,115
Michael & Florence,1940,118
Michael & Florence,2854,259
Michael & Florence,2464,21
Michael & Florence,2375,196
Michael & Florence,2692,81
Michael & Florence,3914,211
Michael & Florence,4959,183
Michael & Florence,5529,103
Michael & Florence,6855,300
Michael & Florence,5032,60
Michael & Florence,3080,172
Michael & Florence,3919,128
Michael & Florence,3610,100
Michael & Florence,2954,30
Michael & Florence,8412,94
Michael & Florence,13562,487
Michael & Florence,6610,40
Michael & Florence,5896,238
Michael & Florence,8361,1
Michael & Florence,2903,51
Michael & Florence,4963,255
Michael & Florence,3726,44
Michael & Florence,3972,70
Michael & Florence,4213,346
Michael & Florence,4673,137
Michael & Florence,3171,56
Michael & Florence,2109,162
Michael & Florence,4068,161
Michael & Florence,4025,154
Michael & Florence,923,61
Michael & Florence,1543,50
Michael & Florence,5738,336
Michael & Florence,7078,121
Michael & Florence,3109,84
Michael & Florence,5385,149
Michael & Florence,2329,73
Michael & Florence,5530,216
Michael & Florence,7657,115
Michael & Florence,8344,137
Michael & Florence,6710,121
Michael & Florence,5351,71
Michael & Florence,5633,74
Michael & Florence,4038,54
Michael & Florence,6672,99
Michael & Florence,4396,74
Michael & Florence,5056,126
Michael & Florence,7966,160
Michael & Florence,2713,21
Michael & Florence,7012,137
Michael & Florence,2190,64
Michael & Florence,7936,144
Michael & Florence,5704,111
Michael & Florence,5229,106
Michael & Florence,5571,68
Michael & Florence,6022,113
Michael & Florence,3029,23
Michael & Florence,3825,372
Michael & Florence,7185,108
Michael & Florence,6990,198
Michael & Florence,4449,130
Michael & Florence,10714,228
Michael & Florence,1752,27
Michael & Florence,5530,150
Michael & Florence,9590,148
Michael & Florence,6146,178
Michael & Florence,6588,96
Michael & Florence,5810,154
Michael & Florence,8155,181
Michael & Florence,4360,197
Michael & Florence,2398,348
Michael & Florence,1822,84
Michael & Florence,2613,64
Michael & Florence,4897,139
Michael & Florence,4250,172
Michael & Florence,3422,19
Michael & Florence,4205,138
Michael & Florence,6032,130
Michael & Florence,3300,50
Michael & Florence,2716,101
Michael & Florence,3153,99
Michael & Florence,7354,185
Michael & Florence,5184,160
Michael & Florence,5238,107
Michael & Florence,2249,153
Michael & Florence,1374,30
Michael & Florence,2255,84
Michael & Florence,4556,222
Michael & Florence,8124,286
Michael & Florence,6221,224
Michael & Florence,4404,75
Michael & Florence,5770,99
Michael & Florence,1561,80
Michael & Florence,3666,40
Michael & Florence,2711,82
Michael & Florence,2258,43
Michael & Florence,3290,216
Michael & Florence,7646,140
Michael & Florence,6566,82
Michael & Florence,3047,94
Michael & Florence,4908,137
Michael & Florence,7243,85
Michael & Florence,6675,191
Michael & Florence,6157,193
Michael & Florence,2949,141
Michael & Florence,3175,102
Michael & Florence,2457,64
Michael & Florence,5865,113
Michael & Florence,4775,100
Michael & Florence,3893,59
Michael & Florence,4117,84
Michael & Florence,3014,53
Michael & Florence,3244,83
Michael & Florence,3776,74
Michael & Florence,5786,120
Michael & Florence,4916,241
Michael & Florence,5712,213
Michael & Florence,5848,145
Michael & Florence,5938,110
Michael & Florence,5583,152
Michael & Florence,6462,111
Michael & Florence,0,32
Michael & Florence,8162,136
Michael & Florence,5413,180
Michael & Florence,5015,144
Michael & Florence,6080,149
Michael & Florence,5968,79
Michael & Florence,2599,100
Michael & Florence,1792,47
Michael & Florence,4163,57
Michael & Florence,6933,136
Michael & Florence,7025,187
Michael & Florence,1083,82
Michael & Florence,5905,57
Michael & Florence,6158,151
Michael & Florence,4174,1
Michael & Florence,4591,241
Michael & Florence,3285,309
Michael & Florence,2438,137
Michael & Florence,5980,84
Michael & Florence,1353,19
Michael & Florence,8614,312
Michael & Florence,5487,27
Michael & Florence,3930,113
Michael & Florence,3733,23
Michael & Florence,4416,100
Michael & Florence,6874,165
Michael & Florence,13221,251
Michael & Florence,10824,327
Michael & Florence,6054,268
Michael & Florence,3806,144
Michael & Florence,6682,43
Michael & Florence,8105,105
Michael & Florence,0,48
Michael & Florence,0,37
Michael & Florence,3585,97
Michael & Florence,1271,61
Michael & Florence,6141,209
Michael & Florence,3551,158
Michael & Florence,2308,132
Michael & Florence,5740,1
Michael & Florence,3720,0
Michael & Florence,3184,0
Michael & Florence,2522,241
Michael & Florence,2083,72
Michael & Florence,1394,136
Michael & Florence,1567,83
Michael & Florence,2435,128
Michael & Florence,5918,132
Michael & Florence,4854,102
Michael & Florence,4078,114
Michael & Florence,1169,171
Michael & Florence,3311,83
Michael & Florence,3557,189
Michael & Florence,3975,177
Michael & Florence,1447,24
Michael & Florence,3546,19
Michael & Florence,2918,156
Michael & Florence,5461,183
Michael & Florence,1631,80
Michael & Florence,3663,50
Michael & Florence,8383,87
Michael & Florence,7239,41
Michael & Florence,8014,192
Michael & Florence,7390,120
Michael & Florence,9157,455
Michael & Florence,4491,181
Michael & Florence,8235,343
Michael & Florence,9270,15
Michael & Florence,0,49
Michael & Florence,0,0
Michael & Florence,0,1
Michael & Florence,3474,98
Michael & Florence,1574,162
Michael & Florence,8471,350
Michael & Florence,4483,295
Michael & Florence,5481,141
Michael & Florence,2564,179
Michael & Florence,6467,121
Michael & Florence,3882,174
Michael & Florence,6597,206
Michael & Florence,4902,146
Michael & Florence,2838,102
Michael & Florence,4780,258
Michael & Florence,5050,210
Michael & Florence,6580,275
Michael & Florence,8034,281
Michael & Florence,3420,145
Michael & Florence,7823,156
Michael & Florence,3589,205
Michael & Florence,6344,357
Michael & Florence,5752,256
Michael & Florence,4896,327
Michael & Florence,3858,233
Michael & Florence,3256,135
Michael & Florence,2873,206
Michael & Florence,2227,141
Michael & Florence,7373,145
Michael & Florence,4091,122
Michael & Florence,5976,273
Michael & Florence,0,67
Michael & Florence,2911,79
Michael & Florence,3607,113
Michael & Florence,2418,131
Michael & Florence,5834,126
Michael & Florence,4639,93
Michael & Florence,3690,154
Michael & Florence,4919,96
Michael & Florence,4662,157
Michael & Florence,4419,89
Michael & Florence,7808,341
Michael & Florence,3919,238
Michael & Florence,2548,89
Michael & Florence,8175,157
Michael & Florence,3709,136
Michael & Florence,4736,253
Michael & Florence,4769,158
Michael & Florence,3331,57
Michael & Florence,11035,550
Michael & Florence,1697,101
Michael & Florence,5739,173
Michael & Florence,4346,124
Michael & Florence,3256,153
Michael & Florence,1965,90
Michael & Florence,6477,335
Michael & Florence,3765,133
Michael & Florence,4097,120
Michael & Florence,3119,118
Michael & Florence,1695,151
Michael & Florence,6219,173
Michael & Florence,6996,171
Michael & Florence,5103,101
Michael & Florence,8157,208
Michael & Florence,5464,202
Michael & Florence,4749,171
Michael & Florence,2911,41
Michael & Florence,3466,78
Michael & Florence,2426,76
Michael & Florence,6196,172
Michael & Florence,4793,104
Michael & Florence,4662,90
Michael & Florence,3648,119
Michael & Florence,4973,92
Michael & Florence,3596,29
Michael & Florence,4415,110
Michael & Florence,6878,124
Michael & Florence,1911,87
Michael & Florence,4126,120
Michael & Florence,3519,104
Michael & Florence,4690,52
Michael & Florence,2140,248
Michael & Florence,2492,280
Michael & Florence,1978,197
Michael & Florence,3238,115
Michael & Florence,4272,251
Michael & Florence,4387,144
Michael & Florence,312,1
Michael & Florence,8514,104
Michael & Florence,2765,17
Michael & Florence,4923,152
Michael & Florence,3445,120
Michael & Florence,4864,109
Michael & Florence,4579,92
Michael & Florence,8460,180
Michael & Florence,6133,127
Michael & Florence,6448,140
Michael & Florence,5834,165
Michael & Florence,9482,379
Michael & Florence,13848,72
Michael & Florence,7723,11
Michael & Florence,6282,366
Michael & Florence,6073,172
Michael & Florence,4699,126
Michael & Florence,2580,18
Michael & Florence,2944,110
Michael & Florence,2905,90
Michael & Florence,7450,103
Michael & Florence,5920,120
Michael & Florence,4769,140
Michael & Florence,4088,68
Michael & Florence,4471,125
Michael & Florence,6063,60
Michael & Florence,2574,62
Michael & Florence,4729,191
Michael & Florence,6367,191
Michael & Florence,7765,176
Michael & Florence,8480,187
Michael & Florence,4999,164
Michael & Florence,7553,519
Michael & Florence,4478,192
Michael & Florence,6394,147
Michael & Florence,3560,144
Michael & Florence,4561,128
Michael & Florence,7875,146
Michael & Florence,4723,146
Michael & Florence,5996,160
Michael & Florence,5048,133
Michael & Florence,2600,199
Michael & Florence,6823,181
Michael & Florence,3609,67
Michael & Florence,3831,137
Michael & Florence,4778,251
Michael & Florence,2083,57
Michael & Florence,2013,89
Michael & Florence,4094,112
Michael & Florence,6149,91
Michael & Florence,6396,222
Michael & Florence,6344,155
Michael & Florence,3117,241
Michael & Florence,4697,101
Michael & Florence,2833,83
Michael & Florence,2577,69
Michael & Florence,2730,74
Michael & Florence,1301,183
Michael & Florence,8198,122
Michael & Florence,4643,105
Michael & Florence,4673,100
Michael & Florence,9392,138
Michael & Florence,4208,166
Michael & Florence,4560,127
Michael & Florence,4996,63
Michael & Florence,5016,96
Michael & Florence,5986,82
Michael & Florence,6378,85
Michael & Florence,19,34
Michael & Florence,0,364
Michael & Florence,0,29
Michael & Florence,0,0
Michael & Florence,0,9
Michael & Florence,3491,126
Michael & Florence,2530,111
Michael & Florence,1540,110
Michael & Florence,3422,75
Michael & Florence,2651,121
Michael & Florence,4922,333
Michael & Florence,4103,114
Michael & Florence,4445,169
Michael & Florence,6061,212
Michael & Florence,4727,177
Michael & Florence,8062,378
Michael & Florence,7494,165
Michael & Florence,4385,228
Michael & Florence,6583,169
Michael & Florence,8962,229
Michael & Florence,11612,177
Michael & Florence,5179,91
Michael & Florence,2914,66
Michael & Florence,5710,185
Michael & Florence,3910,254
Michael & Florence,4686,109
Michael & Florence,9275,238
Michael & Florence,4881,151
Michael & Florence,8876,141
Michael & Florence,6634,206
Michael & Florence,5969,84
Michael & Florence,3868,209
Michael & Florence,5376,328
Michael & Florence,4515,223
Michael & Florence,4975,89
Michael & Florence,6020,260
Michael & Florence,4717,147
Michael & Florence,3926,202
Michael & Florence,5920,267
Michael & Florence,4003,86
Michael & Florence,4238,51
Michael & Florence,0,7
Michael & Florence,1800,94
Michael & Florence,1392,88
Michael & Florence,9948,276
Michael & Florence,5900,208
Michael & Florence,4776,217
Michael & Florence,4797,192
Michael & Florence,5879,179
Michael & Florence,4688,153
Michael & Florence,2607,82
Michael & Florence,2765,89
Michael & Florence,4098,169
Michael & Florence,4643,187
Michael & Florence,4110,128
Michael & Florence,7607,147
Michael & Florence,3823,202
Michael & Florence,6415,305
Michael & Florence,4470,123
Michael & Florence,4462,287
Michael & Florence,1377,114
Michael & Florence,6372,228
Michael & Florence,3459,59
Michael & Florence,5079,144
Michael & Florence,4362,260
Michael & Florence,2605,59
Michael & Florence,4540,113
Michael & Florence,4563,130
Michael & Florence,2979,65
Michael & Florence,7067,253
Michael & Florence,2827,50
Michael & Florence,3379,597
Michael & Florence,2743,75
Michael & Florence,1324,56
Michael & Florence,4789,258
Michael & Florence,2966,162
Michael & Florence,6724,47
Michael & Florence,4712,333
Michael & Florence,5657,83
Michael & Florence,4098,57
Michael & Florence,1484,92
Michael & Florence,6066,142
Michael & Florence,2179,55
Michael & Florence,7469,114
Michael & Florence,6975,96
Michael & Florence,3826,40
Michael & Florence,2650,79
Michael & Florence,2779,116
Michael & Florence,4922,61
Michael & Florence,792,61
Michael & Florence,5660,230
Michael & Florence,1733,139
Michael & Florence,7135,216
Michael & Florence,0,4
Michael & Florence,2362,158
Michael & Florence,7031,161
Michael & Florence,16937,213
Michael & Florence,5897,295
Michael & Florence,13603,823
Michael & Florence,19348,413
Michael & Florence,20252,475
Michael & Florence,3665,213
Michael & Florence,6171,114
Michael & Florence,2825,344
Michael & Florence,7553,167
Michael & Florence,10335,341
Michael & Florence,4728,86
Michael & Florence,3744,108
Michael & Florence,4911,112
Michael & Florence,4599,127
Michael & Florence,3318,185
Michael & Florence,4915,215
Michael & Florence,7442,83
Michael & Florence,3700,179
Michael & Florence,4994,106
Michael & Florence,4214,50
Michael & Florence,4582,142
Michael & Florence,2404,59
Michael & Florence,2490,122
Michael & Florence,5446,199
Michael & Florence,3895,103
Michael & Florence,2705,111
Michael & Florence,1913,106
Michael & Florence,4146,120
Michael & Florence,2576,133
Michael & Florence,4196,102
Michael & Florence,4210,87
Michael & Florence,3678,171
Michael & Florence,6876,42
Michael & Florence,1783,70
Michael & Florence,39928,576
Michael & Florence,3719,112
Michael & Florence,877,305
Michael & Florence,19762,565
Michael & Florence,2093,36
Michael & Florence,10273,353
Michael & Florence,5247,174
Michael & Florence,0,1
Michael & Florence,2775,384
Michael & Florence,4362,151
Michael & Florence,1844,158
Michael & Florence,6559,148
Michael & Florence,0,9
Michael & Florence,6686,254
Michael & Florence,12048,417
Michael & Florence,5788,442
Michael & Florence,17892,607
Michael & Florence,34230,737
Michael & Florence,3481,224
Michael & Florence,6121,203
Michael & Florence,15492,237
Michael & Florence,7258,267
Michael & Florence,3281,204
Michael & Florence,5157,131
Michael & Florence,4964,121
Michael & Florence,6815,242
Michael & Florence,3797,179
Michael & Florence,2200,38
Michael & Florence,4230,143
Michael & Florence,4892,75
Michael & Florence,2425,164
Michael & Florence,4723,82
Michael & Florence,3776,131
Michael & Florence,4526,140
Michael & Florence,3587,73
Michael & Florence,3171,111
Michael & Florence,3835,120
Michael & Florence,2951,98
Michael & Florence,3064,92
Michael & Florence,24226,1077
Michael & Florence,11532,253
Michael & Florence,3926,188
Michael & Florence,4139,129
Michael & Florence,3457,292
Michael & Florence,12987,560
Michael & Florence,2542,206
Michael & Florence,4834,180
Michael & Florence,5913,155
Michael & Florence,3294,105
Michael & Florence,2912,114
Michael & Florence,6399,120
Michael & Florence,3651,91
Michael & Florence,3056,103
Michael & Florence,5693,85
Michael & Florence,4924,81
Michael & Florence,2970,57
Michael & Florence,6693,208
Michael & Florence,5940,146
Michael & Florence,6681,114
Michael & Florence,10658,176
Michael & Florence,7957,302
Michael & Florence,5347,176
Michael & Florence,3423,295
Michael & Florence,6438,151
Michael & Florence,2152,69
Michael & Florence,2292,81
Michael & Florence,1972,58
Michael & Florence,4989,234
Michael & Florence,6168,29
Michael & Florence,6223,122
Michael & Florence,3846,108
Michael & Florence,4321,98
Michael & Florence,4277,56
Michael & Florence,10169,80
Michael & Florence,5841,122
Michael & Florence,2243,51
Michael & Florence,3668,103
Michael & Florence,4037,126
Michael & Florence,8824,169
Michael & Florence,7600,169
Michael & Florence,8715,144
Michael & Florence,2073,143
Michael & Florence,7096,189
Michael & Florence,16844,216
Michael & Florence,3351,74
Michael & Florence,2788,91
Michael & Florence,6139,198
Michael & Florence,8639,255
Michael & Florence,5585,328
Michael & Florence,5971,64
Michael & Florence,4569,207
Michael & Florence,10561,308
Michael & Florence,5512,29
Michael & Florence,9628,401
Michael & Florence,8283,173
Michael & Florence,8422,218
Michael & Florence,10280,320
Michael & Florence,6343,125
Michael & Florence,9846,576
Michael & Florence,4117,178
Michael & Florence,5654,167
Michael & Florence,8663,344
Michael & Florence,7988,170
Michael & Florence,6246,392
Michael & Florence,8729,2
Michael & Florence,7050,189
Michael & Florence,6720,200
Michael & Florence,3509,136
Michael & Florence,5735,152
Michael & Florence,4491,119
Michael & Florence,6889,215
Michael & Florence,4148,167
Michael & Florence,12992,308
Michael & Florence,8630,204
Michael & Florence,3627,74
Michael & Florence,6707,101
Michael & Florence,5509,104
Michael & Florence,0,18
Michael & Florence,0,2
Michael & Florence,2232,166
Michael & Florence,4320,64
Michael & Florence,7810,215
Michael & Florence,4043,168
Michael & Florence,4137,152
Michael & Florence,3154,110
Michael & Florence,2508,99
Michael & Florence,4747,64
Michael & Florence,7557,98
Michael & Florence,5619,182
Michael & Florence,1968,219
Michael & Florence,7631,104
Michael & Florence,5975,244
Michael & Florence,6009,266
Michael & Florence,6927,312
Michael & Florence,5971,61
Michael & Florence,3531,174
Michael & Florence,2841,69
Michael & Florence,2864,166
Michael & Florence,0,0
Michael & Florence,2770,27
Michael & Florence,4065,152
Michael & Florence,4090,122
Michael & Florence,7342,147
Michael & Florence,5509,106
Michael & Florence,4301,134
Michael & Florence,4304,59
Michael & Florence,4324,5
Michael & Florence,6703,167
Michael & Florence,5075,184
Michael & Florence,910,390
Michael & Florence,8606,130
Michael & Florence,5520,99
Michael & Florence,6997,187
Michael & Florence,5588,165
Michael & Florence,3899,72
Michael & Florence,4500,173
Michael & Florence,5119,181
Michael & Florence,7218,177
Michael & Florence,4202,150
Michael & Florence,7541,74
Michael & Florence,2410,32
Michael & Florence,3565,49
Michael & Florence,1895,63
Michael & Florence,7403,39
Michael & Florence,7177,101
Michael & Florence,7781,277
Michael & Florence,6274,192
Michael & Florence,5133,115
Michael & Florence,1615,36
Michael & Florence,1813,91
Michael & Florence,7268,156
Michael & Florence,3716,98
Michael & Florence,6908,195
Michael & Florence,13130,285
Michael & Florence,4778,82
Michael & Florence,4320,92
Michael & Florence,6300,108
Michael & Florence,9399,228
Michael & Florence,6230,85
Michael & Florence,2476,72
Michael & Florence,5981,193
Michael & Florence,9621,232
Michael & Florence,7566,216
Michael & Florence,9619,196
Michael & Florence,6462,4458
Michael & Florence,10158,2170
Michael & Florence,6033,308
Michael & Florence,0,0
Michael & Florence,0,3
Michael & Florence,6148,128
Michael & Florence,3324,104
Michael & Florence,2529,175
Michael & Florence,2675,21
Michael & Florence,4159,263
Michael & Florence,5258,28
Michael & Florence,5871,248
Michael & Florence,6950,189
Michael & Florence,8908,308
Michael & Florence,10244,298
Michael & Florence,8866,68
Michael & Florence,5338,385
Michael & Florence,7987,251
Michael & Florence,5030,175
Michael & Florence,1979,119
Michael & Florence,24866,551
Michael & Florence,24205,633
Michael & Florence,13191,296
Michael & Florence,7231,441
Michael & Florence,15061,467
Michael & Florence,9075,404
Michael & Florence,14472,454
Michael & Florence,6129,47
Michael & Florence,0,79
Michael & Florence,0,0
Michael & Florence,6528,253
Michael & Florence,2046,99
Michael & Florence,2990,77
Michael & Florence,1006,135
Michael & Florence,2923,6
Michael & Florence,2024,136
Michael & Florence,4413,82
Michael & Florence,2493,317
Michael & Florence,1739,171
Michael & Florence,3380,160
Michael & Florence,2488,101
Michael & Florence,6478,110
Michael & Florence,8551,176
Michael & Florence,4738,162
Michael & Florence,3066,104
Michael & Florence,7949,405
Michael & Florence,7396,298
Michael & Florence,5352,209
Michael & Florence,5744,105
Michael & Florence,5507,207
Michael & Florence,4178,383
Michael & Florence,1492,67
Michael & Florence,5820,148
Michael & Florence,4685,208
Michael & Florence,1727,56
Michael & Florence,2987,150
Michael & Florence,3473,222
Michael & Florence,6281,170
Michael & Florence,3381,159
Michael & Florence,5292,110
Michael & Florence,2563,114
Michael & Florence,3060,121
Michael & Florence,2999,224
Michael & Florence,3614,62
Michael & Florence,2944,78
Michael & Florence,4367,141
Michael & Florence,2898,108
Michael & Florence,5005,100
Michael & Florence,1729,80
Michael & Florence,1811,77
Michael & Florence,1834,51
Michael & Florence,1602,89
Michael & Florence,904,19
Michael & Florence,7179,106
Michael & Florence,3674,164
Michael & Florence,3957,83
Michael & Florence,1002,72
Michael & Florence,5395,112
Michael & Florence,1766,23
Michael & Florence,971,4
Michael & Florence,3446,59
Michael & Florence,2795,64
Michael & Florence,1804,47
Michael & Florence,3603,124
Michael & Florence,4232,118
Michael & Florence,6590,159
Michael & Florence,4761,105
Michael & Florence,4646,115
Michael & Florence,5592,266
Michael & Florence,3643,191
Michael & Florence,5499,124
Michael & Florence,5336,78
Michael & Florence,1729,111
Michael & Florence,6309,226
Michael & Florence,3030,84
Michael & Florence,4568,106
Michael & Florence,5583,190
Michael & Florence,5815,70
Michael & Florence,1522,162
Michael & Florence,6544,177
Michael & Florence,3022,107
Michael & Florence,1560,23
Michael & Florence,5695,110
Michael & Florence,4247,68
Michael & Florence,5598,202
Michael & Florence,5576,214
Michael & Florence,4698,128
Michael & Florence,1716,32
Michael & Florence,3281,94
Michael & Florence,3890,92
Michael & Florence,4327,133
Michael & Florence,5742,100
Michael & Florence,3908,186
Michael & Florence,4603,156
Michael & Florence,2451,102
Michael & Florence,3873,103
Michael & Florence,8624,246
Michael & Florence,3650,134
Michael & Florence,7119,184
Michael & Florence,6337,87
Michael & Florence,6019,412
Michael & Florence,5601,92
Michael & Florence,2881,193
Michael & Florence,5394,38
Michael & Florence,6347,135
Michael & Florence,5776,148
Michael & Florence,2646,56
Michael & Florence,6111,114
Michael & Florence,6900,119
Michael & Florence,5761,88
Michael & Florence,2190,98
Michael & Florence,3424,134
Michael & Florence,3824,132
Michael & Florence,4056,135
Michael & Florence,4586,144
Michael & Florence,11137,120
Michael & Florence,2578,114
Michael & Florence,2274,83
Michael & Florence,3897,132
Michael & Florence,4786,156
Michael & Florence,5066,122
Michael & Florence,7296,147
Michael & Florence,4349,197
Michael & Florence,1416,161
Michael & Florence,6981,29
Michael & Florence,4233,141
Michael & Florence,3906,72
Michael & Florence,3137,95
Michael & Florence,5666,87
Michael & Florence,4690,140
Michael & Florence,3865,52
Michael & Florence,9957,170
Michael & Florence,4381,54
Michael & Florence,2236,205
Michael & Florence,5094,100
Michael & Florence,4331,183
Michael & Florence,3833,185
Michael & Florence,1751,72
Michael & Florence,5606,171
Michael & Florence,6905,196
Michael & Florence,4810,168
Michael & Florence,1327,115
Michael & Florence,1346,90
Michael & Florence,5422,168
Michael & Florence,2701,57
Michael & Florence,1592,68
Michael & Florence,4075,90
Michael & Florence,6162,96
Michael & Florence,3666,95
Michael & Florence,2899,112
Michael & Florence,5526,164
Michael & Florence,1319,27
Michael & Florence,4513,171
Michael & Florence,6319,272
Michael & Florence,16254,618
Michael & Florence,5443,144
Michael & Florence,1903,38
Michael & Florence,7228,186
Michael & Florence,4405,93
Michael & Florence,7678,145
Michael & Florence,6739,176
Michael & Florence,3762,245
Michael & Florence,10000,164
Michael & Florence,6373,263
Michael & Florence,6945,247
Michael & Florence,7308,239
Michael & Florence,5188,124
Michael & Florence,12570,177
Michael & Florence,6293,134
Michael & Florence,3729,109
Michael & Florence,4299,133
Michael & Florence,6014,150
Michael & Florence,7307,148
Michael & Florence,4973,161
Michael & Florence,4449,85
Michael & Florence,5366,140
Michael & Florence,3671,72
Michael & Florence,5880,221
Michael & Florence,9058,31
Michael & Florence,3296,289
Michael & Florence,3952,119
Michael & Florence,5158,217
Michael & Florence,3703,114
Michael & Florence,2149,51
Michael & Florence,3585,62
Michael & Florence,2254,124
Michael & Florence,2249,45
Michael & Florence,2802,117
Michael & Florence,2355,86
Michael & Florence,2193,116
Michael & Florence,2261,79
Michael & Florence,6236,155
Michael & Florence,1909,100
Michael & Florence,1653,55
Michael & Florence,4755,133
Michael & Florence,4552,107
Michael & Florence,2334,87
Michael & Florence,5056,100
Michael & Florence,4174,70
Michael & Florence,9014,366
Michael & Florence,16306,209
Michael & Florence,5525,324
Michael & Florence,6832,326
Michael & Florence,10128,97
Michael & Florence,6701,54
Michael & Florence,2912,149
Michael & Florence,6064,163
Michael & Florence,2099,152
Michael & Florence,5567,209
Michael & Florence,9313,292
Michael & Florence,4791,258
Michael & Florence,5722,103
Michael & Florence,4450,166
Michael & Florence,3310,102
Michael & Florence,4957,153
Michael & Florence,3508,105
Michael & Florence,2064,120
Michael & Florence,6298,196
Michael & Florence,8633,188
Michael & Florence,5278,199
Michael & Florence,4856,126
Michael & Florence,6928,120
Michael & Florence,3872,149
Michael & Florence,1584,253
Michael & Florence,1552,86
Michael & Florence,6669,211
Michael & Florence,3452,90
Michael & Florence,10886,180
Michael & Florence,2023,58
Michael & Florence,4361,109
Michael & Florence,2943,75
Michael & Florence,2632,67
Michael & Florence,1729,69
Michael & Florence,3509,82
Michael & Florence,4212,144
Michael & Florence,6054,127
Michael & Florence,2725,55
Michael & Florence,6752,90
Michael & Florence,8947,240
Michael & Florence,6795,279
Michael & Florence,4701,150
Michael & Florence,4489,15
Michael & Florence,4471,222
Michael & Florence,5597,71
Michael & Florence,2719,150
Michael & Florence,2049,223
Michael & Florence,0,0
Michael & Florence,0,60
Michael & Florence,0,108
Michael & Florence,2096,110
Michael & Florence,3497,299
Michael & Florence,3210,98
Michael & Florence,4207,266
Michael & Florence,3256,137
Michael & Florence,0,233
Michael & Florence,8725,233
Michael & Florence,1394,71
Michael & Florence,3851,64
Michael & Florence,3799,110
Michael & Florence,8127,187
Michael & Florence,3492,103
Michael & Florence,7909,201
Michael & Florence,6094,233
Michael & Florence,3068,87
Michael & Florence,4188,86
Michael & Florence,6702,128
Michael & Florence,4584,148
Michael & Florence,7685,121
Michael & Florence,5448,118
Michael & Florence,4806,203
Michael & Florence,8489,119
Michael & Florence,7953,312
Michael & Florence,3220,106
Michael & Florence,1513,126
Michael & Florence,5828,122
Michael & Florence,7237,208
Michael & Florence,3390,60
Michael & Florence,1967,205
Michael & Florence,3230,90
Michael & Florence,1402,108
Michael & Florence,6959,78
Michael & Florence,3208,212
Michael & Florence,2289,243
Michael & Florence,2692,147
Michael & Florence,4178,222
Michael & Florence,2572,0
Michael & Florence,676,0
Michael & Florence,9615,298
Michael & Florence,4924,140
Michael & Florence,5534,98
Michael & Florence,4968,172
Michael & Florence,7424,181
Michael & Florence,5510,132
Michael & Florence,7047,238
Michael & Florence,7188,117
Michael & Florence,4304,63
Michael & Florence,4115,164
Michael & Florence,6927,159
Michael & Florence,7720,142
Michael & Florence,12192,230
Michael & Florence,6811,157
Michael & Florence,2593,99
Michael & Florence,1827,164
Michael & Florence,1610,47
Michael & Florence,2710,179
Michael & Florence,1840,64
Michael & Florence,3557,87
Michael & Florence,2843,145
Michael & Florence,2160,84
Michael & Florence,8732,369
Michael & Florence,3702,141
Michael & Florence,2884,64
Michael & Florence,7035,149
Michael & Florence,2882,63
Michael & Florence,2194,117
Michael & Florence,2686,217
Michael & Florence,8931,11
Michael & Florence,4755,110
Michael & Florence,5039,109
Michael & Florence,4465,59
Michael & Florence,2462,3
Michael & Florence,2886,62
Michael & Florence,35818,733
Michael & Florence,9730,18
Michael & Florence,7255,111
Michael & Florence,7027,161
Michael & Florence,4110,186
Michael & Florence,4747,128
Michael & Florence,1295,17
Michael & Florence,4216,122
Michael & Florence,4174,82
Michael & Florence,2665,537
Michael & Florence,5873,123
Michael & Florence,3917,105
Michael & Florence,3813,132
Michael & Florence,4068,113
Michael & Florence,8097,207
Michael & Florence,3810,14
Michael & Florence,5497,80
Michael & Florence,4727,164
Michael & Florence,3063,233
Michael & Florence,6169,247
Michael & Florence,811,98
Michael & Florence,1664,72
Michael & Florence,1559,190
Michael & Florence,1701,40
Michael & Florence,3000,115
Michael & Florence,1836,167
Michael & Florence,2653,102
Michael & Florence,0,38
Michael & Florence,2580,75
Michael & Florence,0,148
Michael & Florence,2304,105
Michael & Florence,3675,148
Michael & Florence,3074,122
Michael & Florence,7286,155
Michael & Florence,299,7
Michael & Florence,425,25
Michael & Florence,4280,249
Michael & Florence,21311,414
Michael & Florence,1390,131
Michael & Florence,358,19
Michael & Florence,1706,252
Michael & Florence,13799,345
Michael & Florence,6335,195
Michael & Florence,4224,48
Michael & Florence,4927,141
Michael & Florence,6595,148
Michael & Florence,6394,151
Michael & Florence,2423,123
Michael & Florence,4968,112
Michael & Florence,6427,106
Michael & Florence,2468,58
Michael & Florence,4430,55
Michael & Florence,4591,174
Michael & Florence,4363,128
Michael & Florence,4148,114
Michael & Florence,3783,129
Michael & Florence,2566,33
Michael & Florence,4407,104
Michael & Florence,3572,93
Michael & Florence,3079,130
Michael & Florence,5969,156
Michael & Florence,6173,163
Michael & Florence,2821,83
Michael & Florence,3417,111
Michael & Florence,2377,72
Michael & Florence,3201,101
Michael & Florence,5933,294
Michael & Florence,2892,177
Michael & Florence,4836,175
Michael & Florence,5687,185
Michael & Florence,5131,72
Michael & Florence,4506,214
Michael & Florence,5000,101
Michael & Florence,4455,76
Michael & Florence,5822,132
Michael & Florence,5692,141
Michael & Florence,4816,203
Michael & Florence,3233,106
Michael & Florence,6668,271
Michael & Florence,6290,165
Michael & Florence,3755,152
Michael & Florence,6866,86
Michael & Florence,1975,51
Michael & Florence,3377,41
Michael & Florence,4609,118
Michael & Florence,2888,122
Michael & Florence,5546,156
Michael & Florence,4152,94
Michael & Florence,4820,107
Michael & Florence,7578,120
Michael & Florence,3157,45
Michael & Florence,5880,40
Michael & Florence,2950,97
Michael & Florence,2751,104
Michael & Florence,6899,215
Michael & Florence,5799,200
Michael & Florence,4040,83
Michael & Florence,3932,94
Michael & Florence,5040,103
Michael & Florence,3896,57
Michael & Florence,11355,407
Michael & Florence,7285,206
Michael & Florence,3460,89
Michael & Florence,8574,150
Michael & Florence,7662,216
Michael & Florence,4504,167
Michael & Florence,7301,231
Michael & Florence,5657,314
Michael & Florence,7229,127
Michael & Florence,5211,141
Michael & Florence,6527,87
Michael & Florence,3165,85
Michael & Florence,5875,115
Michael & Florence,9307,148
Michael & Florence,4141,151
Michael & Florence,5908,113
Michael & Florence,2837,107
Michael & Florence,5836,28
Michael & Florence,2991,51
Michael & Florence,3713,112
Michael & Florence,4873,91
Michael & Florence,4509,91
Michael & Florence,5875,107
Michael & Florence,6768,91
Michael & Florence,5115,103
Michael & Florence,4837,51
Michael & Florence,3860,5
Michael & Florence,5457,166
Michael & Florence,4047,199
Michael & Florence,5284,145
Michael & Florence,6684,173
Michael & Florence,3648,72
Michael & Florence,2396,110
Michael & Florence,3683,99
Michael & Florence,5472,154
Michael & Florence,7536,148
Michael & Florence,3825,72
Michael & Florence,6691,86
Michael & Florence,5238,214
Michael & Florence,5142,108
Michael & Florence,6190,131
Michael & Florence,6195,165
Michael & Florence,2314,50
Michael & Florence,6207,111
Michael & Florence,6130,167
Michael & Florence,3310,228
Michael & Florence,2433,69
Michael & Florence,4939,230
Michael & Florence,2898,160
Michael & Florence,6681,125
Michael & Florence,8321,107
Michael & Florence,8953,157
Michael & Florence,6873,142
Michael & Florence,6809,172
Michael & Florence,7425,229
Michael & Florence,3667,101
Michael & Florence,3299,199
Michael & Florence,5308,108
Michael & Florence,6789,126
Michael & Florence,5680,145
Michael & Florence,9471,170
Michael & Florence,4540,69
Michael & Florence,8979,155
Michael & Florence,6075,187
Michael & Florence,5704,86
Michael & Florence,7971,164
Michael & Florence,3558,187
Michael & Florence,4765,64
Michael & Florence,5188,117
Michael & Florence,2581,85
Michael & Florence,3880,150
Michael & Florence,5214,197
Michael & Florence,4595,74
Michael & Florence,4767,157
Michael & Florence,5071,147
Michael & Florence,7186,256
Michael & Florence,8428,195
Michael & Florence,7506,186
Michael & Florence,6611,55
Michael & Florence,3900,84
Michael & Florence,9855,180
Michael & Florence,11924,304
Michael & Florence,7475,317
Michael & Florence,4783,263
Michael & Florence,4891,34
Michael & Florence,4762,88
Michael & Florence,3875,129
Michael & Florence,5170,140
Michael & Florence,4496,146
Michael & Florence,3880,120
Michael & Florence,3997,201
Michael & Florence,4449,62
Michael & Florence,4913,121
Michael & Florence,4753,109
Michael & Florence,4541,113
Michael & Florence,5285,120
Michael & Florence,3351,175
Michael & Florence,5319,134
Michael & Florence,2998,78
Michael & Florence,4911,140
Michael & Florence,5737,145
Michael & Florence,5773,159
Michael & Florence,5270,125
Michael & Florence,4322,103
Michael & Florence,3952,84
Michael & Florence,5236,158
Michael & Florence,5626,68
Michael & Florence,2351,162
Michael & Florence,4841,124
Michael & Florence,8609,165
Michael & Florence,3390,252
Michael & Florence,4043,204
Michael & Florence,3667,79
Michael & Florence,6260,112
Michael & Florence,4284,128
Michael & Florence,3059,88
Michael & Florence,2453,111
Michael & Florence,4162,258
Michael & Florence,3677,143
Michael & Florence,6463,126
Michael & Florence,3002,77
Michael & Florence,2596,92
Michael & Florence,2623,79
Michael & Florence,6760,145
Michael & Florence,6073,214
Michael & Florence,3696,149
Michael & Florence,5679,197
Michael & Florence,4605,186
Michael & Florence,6880,351
Michael & Florence,7480,307
Michael & Florence,4554,75
Michael & Florence,4206,138
Michael & Florence,5269,137
Michael & Florence,2892,68
Michael & Florence,2198,284
Michael & Florence,7910,161
Michael & Florence,4506,93
Michael & Florence,5052,98
Michael & Florence,3880,88
Michael & Florence,2965,8
Michael & Florence,3755,108
Michael & Florence,6046,276
Michael & Florence,6000,279
Michael & Florence,5163,1536
Michael & Florence,16411,506
Michael & Florence,5710,148
Michael & Florence,3749,67
Michael & Florence,6011,83
Michael & Florence,9417,179
Michael & Florence,3033,60
Michael & Florence,2253,52
Michael & Florence,3683,50
Michael & Florence,1963,156
Michael & Florence,6077,145
Michael & Florence,4042,121
Michael & Florence,16335,635
Michael & Florence,6442,208
Michael & Florence,5989,190
Michael & Florence,6292,157
Michael & Florence,3852,185
Michael & Florence,7810,144
Michael & Florence,3040,79
Michael & Florence,7851,223
Michael & Florence,5756,184
Michael & Florence,4061,118
Michael & Florence,3980,101
Michael & Florence,5754,144
Michael & Florence,3137,89
Michael & Florence,3206,166
Michael & Florence,2564,64
Michael & Florence,1915,182
Michael & Florence,3320,162
Michael & Florence,1548,143
Michael & Florence,2150,229
Michael & Florence,2590,227
Michael & Florence,2967,197
Michael & Florence,3327,122
Michael & Florence,6670,238
Michael & Florence,7068,31
Michael & Florence,0,0
Michael & Florence,4416,231
Michael & Florence,3574,96
Michael & Florence,5086,208
Michael & Florence,5631,134
Michael & Florence,4394,141
Michael & Florence,2232,167
Michael & Florence,7132,214
Michael & Florence,668,76
Michael & Florence,3972,124
Michael & Florence,13090,510
Michael & Florence,6634,207
Michael & Florence,3396,111
Michael & Florence,8192,136
Michael & Florence,7575,148
Michael & Florence,9343,214
Michael & Florence,2830,278
Michael & Florence,9106,226
Michael & Florence,5281,243
Michael & Florence,2799,75
Michael & Florence,4005,110
Michael & Florence,6504,213
Michael & Florence,4437,158
Michael & Florence,3768,29
Michael & Florence,7357,10
Michael & Florence,2558,231
Michael & Florence,2303,105
Michael & Florence,5879,80
Michael & Florence,3352,61
Michael & Florence,4344,68
Michael & Florence,6439,119
Michael & Florence,5608,329
Michael & Florence,6184,95
Michael & Florence,4343,61
Michael & Florence,7202,131
Michael & Florence,3951,124
Michael & Florence,4273,154
Michael & Florence,2485,123
Michael & Florence,4940,43
Michael & Florence,3402,264
Michael & Florence,4931,202
Michael & Florence,3354,57
Michael & Florence,2932,120
Michael & Florence,4685,89
Michael & Florence,3605,84
Michael & Florence,4377,243
Michael & Florence,2592,155
Michael & Florence,3153,119
Michael & Florence,3634,237
Michael & Florence,7042,208
Michael & Florence,2953,89
Michael & Florence,4131,96
Michael & Florence,4095,125
Michael & Florence,5669,235
Michael & Florence,1742,92
Michael & Florence,7872,209
Michael & Florence,2450,77
Michael & Florence,2140,147
Michael & Florence,4321,254
Michael & Florence,3607,256
Michael & Florence,1320,65
Michael & Florence,3335,37
Michael & Florence,3063,97
Michael & Florence,4934,136
Michael & Florence,3698,115
Michael & Florence,4772,119
Michael & Florence,5619,368
Michael & Florence,3543,76
Michael & Florence,4638,121
Michael & Florence,5875,106
Michael & Florence,2741,33
Michael & Florence,2558,124
Michael & Florence,4332,131
Michael & Florence,5344,71
Michael & Florence,3033,94
Michael & Florence,2104,116
Michael & Florence,3548,88
Michael & Florence,3362,149
Michael & Florence,6078,160
Michael & Florence,4410,154
Michael & Florence,3251,116
Michael & Florence,5483,136
Michael & Florence,11074,153
Michael & Florence,2538,2
Michael & Florence,7219,197
Michael & Florence,2308,69
Michael & Florence,3351,142
Michael & Florence,6655,168
Michael & Florence,7703,227
Michael & Florence,3988,126
Michael & Florence,7005,170
Michael & Florence,3374,80
Michael & Florence,7608,88
Michael & Florence,6793,170
Michael & Florence,6505,158
Michael & Florence,4594,40
Michael & Florence,7792,392
Michael & Florence,3840,82
Michael & Florence,7829,122
Michael & Florence,2756,91
Michael & Florence,5360,120
Michael & Florence,5258,82
Michael & Florence,5101,124
Michael & Florence,4663,73
Michael & Florence,6876,110
Michael & Florence,6630,44
Michael & Florence,4635,137
Michael & Florence,15342,323
Michael & Florence,9947,234
Michael & Florence,5942,97
Michael & Florence,6797,166
Michael & Florence,6145,88
Michael & Florence,9305,247
Michael & Florence,3179,118
Michael & Florence,8698,403
Michael & Florence,10598,206
Michael & Florence,6061,263
Michael & Florence,5756,203
Michael & Florence,8533,157
Michael & Florence,5533,201
Michael & Florence,5834,214
Michael & Florence,4111,224
Michael & Florence,17354,196
Michael & Florence,21907,369
Michael & Florence,3946,194
Michael & Florence,10763,249
Michael & Florence,7460,188
Michael & Florence,21835,472
Michael & Florence,7800,235
Michael & Florence,14853,676
Michael & Florence,8670,374
Michael & Florence,7597,184
Michael & Florence,16355,268
Michael & Florence,6210,120
Michael & Florence,3506,141
Michael & Florence,7612,181
Michael & Florence,2668,87
Michael & Florence,3471,153
Michael & Florence,7857,201
Michael & Florence,7557,279
Michael & Florence,1562,280
Michael & Florence,3702,114
Michael & Florence,4652,83
Michael & Florence,5804,151
Michael & Florence,12036,353
Michael & Florence,6254,193
Michael & Florence,4646,153
Michael & Florence,3859,179
Michael & Florence,3244,41
Michael & Florence,3677,74
Michael & Florence,6485,250
Michael & Florence,6954,246
Michael & Florence,7121,92
Michael & Florence,3440,155
Michael & Florence,0,1
Michael & Florence,0,7
Michael & Florence,4755,117
Michael & Florence,0,39
Michael & Florence,0,464
Michael & Florence,0,3
Michael & Florence,1054,105
Michael & Florence,0,27
Michael & Florence,0,5
Michael & Florence,2723,317
Michael & Florence,5723,134
Michael & Florence,5060,53
Michael & Florence,2122,161
Michael & Florence,9243,308
Michael & Florence,861,59
Michael & Florence,1380,86
Michael & Florence,6894,142
Michael & Florence,1610,179
Michael & Florence,3018,106
Michael & Florence,5914,326
Michael & Florence,5104,102
Michael & Florence,1582,105
Michael & Florence,0,36
Michael & Florence,0,89
Michael & Florence,787,179
Michael & Florence,3642,81
Michael & Florence,6354,114
Michael & Florence,6669,201
Michael & Florence,6159,88
Michael & Florence,4052,306
Michael & Florence,8563,272
Michael & Florence,10301,389
Michael & Florence,6888,208
Michael & Florence,4534,116
Michael & Florence,3494,20
Michael & Florence,5208,182
Michael & Florence,3763,77
Michael & Florence,3848,116
Michael & Florence,5177,147
Michael & Florence,2655,88
Michael & Florence,3455,100
Michael & Florence,3274,113
Michael & Florence,2253,69
Michael & Florence,9171,104
Michael & Florence,6562,296
Michael & Florence,4066,159
Michael & Florence,8549,226
Michael & Florence,2721,184
Michael & Florence,5638,250
Michael & Florence,8186,99
Michael & Florence,1989,127
Michael & Florence,4376,191
Michael & Florence,3519,43
Michael & Florence,5419,242
Michael & Florence,6833,232
Michael & Florence,2086,300
Michael & Florence,8353,150
Michael & Florence,3136,299
Michael & Florence,8752,221
Michael & Florence,1412,352
Michael & Florence,1757,610
Michael & Florence,1442,5
Michael & Florence,3186,186
Michael & Florence,5436,553
Michael & Florence,2533,579
Michael & Florence,2551,1079
Michael & Florence,6300,504
Michael & Florence,2369,948
Michael & Florence,0,0
Michael & Florence,4281,100
Michael & Florence,3305,150
Michael & Florence,3632,218
Michael & Florence,6640,99
Michael & Florence,5951,268
Michael & Florence,5649,147
Michael & Florence,3669,152
Michael & Florence,3195,72
Michael & Florence,4530,130
Michael & Florence,14271,205
Michael & Florence,4631,138
Michael & Florence,6215,89
Michael & Florence,5597,248
Michael & Florence,1962,26
Michael & Florence,249,34
Michael & Florence,6450,91
Michael & Florence,2816,130
Michael & Florence,3105,189
Michael & Florence,7195,111
Michael & Florence,4818,141
Michael & Florence,5612,121
Michael & Florence,3122,74
Michael & Florence,4132,223
Michael & Florence,5641,122
Michael & Florence,9262,23
Michael & Florence,2603,357
Michael & Florence,7764,505
Michael & Florence,8329,197
Michael & Florence,5030,189
Michael & Florence,8502,126
Michael & Florence,2774,83
Michael & Florence,3469,107
Michael & Florence,8336,239
Michael & Florence,2179,181
Michael & Florence,3615,33
Michael & Florence,1025,58
Michael & Florence,6956,168
Michael & Florence,5483,213
Michael & Florence,4189,196
Michael & Florence,6030,573
Michael & Florence,10146,249
Michael & Florence,5386,333
Michael & Florence,16774,696
Michael & Florence,5059,155
Michael & Florence,4915,220
Michael & Florence,6304,243
Michael & Florence,9685,338
Michael & Florence,5245,812
Michael & Florence,13096,478
Michael & Florence,0,0
Michael & Florence,4087,155
Michael & Florence,4019,180
Michael & Florence,1849,87
Michael & Florence,1838,118
Michael & Florence,4460,162
Michael & Florence,2982,17
Michael & Florence,3816,103
Michael & Florence,6543,98
Michael & Florence,3816,131
Michael & Florence,6780,234
Michael & Florence,2644,114
Michael & Florence,2741,85
Michael & Florence,5894,163
Michael & Florence,3623,226
Michael & Florence,4925,42
Michael & Florence,5799,67
Michael & Florence,4931,19
Michael & Florence,4756,230
Michael & Florence,7604,220
Michael & Florence,4235,141
Michael & Florence,4467,115
Michael & Florence,4485,184
Michael & Florence,4794,110
Michael & Florence,6648,108
Michael & Florence,3641,102
Michael & Florence,3955,102
Michael & Florence,4844,129
Michael & Florence,3005,127
Michael & Florence,2578,268
Michael & Florence,1886,94
Michael & Florence,4965,123
Michael & Florence,5637,227
Michael & Florence,8597,139
Michael & Florence,7180,173
Michael & Florence,6967,220
Michael & Florence,7317,185
Michael & Florence,4772,50
Michael & Florence,5025,238
Michael & Florence,3231,78
Michael & Florence,8455,184
Michael & Florence,5192,264
Michael & Florence,6100,110
Michael & Florence,8420,271
Michael & Florence,2726,121
Michael & Florence,3965,122
Michael & Florence,6512,120
Michael & Florence,5418,204
Michael & Florence,4990,419
Michael & Florence,7979,128
Michael & Florence,8525,319
Michael & Florence,6355,141
Michael & Florence,6266,247
Michael & Florence,1540,106
Michael & Florence,1651,77
Michael & Florence,4705,76
Michael & Florence,4560,235
Michael & Florence,10365,320
Michael & Florence,3175,65
Michael & Florence,4523,219
Michael & Florence,3111,135
Michael & Florence,1411,132
Michael & Florence,3395,129
Michael & Florence,5395,137
Michael & Florence,8133,278
Michael & Florence,3524,102
Michael & Florence,8097,107
Michael & Florence,5289,151
Michael & Florence,4082,105
Michael & Florence,4295,105
Michael & Florence,5071,192
Michael & Florence,6211,100
Michael & Florence,5692,202
Michael & Florence,3966,193
Michael & Florence,6267,217
Michael & Florence,4271,26
Michael & Florence,5761,322
Michael & Florence,4730,15
Michael & Florence,7423,242
Michael & Florence,2735,107
Michael & Florence,3855,42
Michael & Florence,3213,33
Michael & Florence,1275,127
Michael & Florence,3640,67
Michael & Florence,5537,169
Michael & Florence,6746,32
Michael & Florence,4306,40
Michael & Florence,0,98
Michael & Florence,3166,75
Michael & Florence,2575,49
Michael & Florence,3871,135
Michael & Florence,3772,148
Michael & Florence,6956,217
Michael & Florence,6105,92
Michael & Florence,5178,117
Michael & Florence,7141,207
Michael & Florence,7293,356
Michael & Florence,11212,145
Michael & Florence,9024,268
Michael & Florence,4824,107
Michael & Florence,4833,121
Michael & Florence,6009,152
Michael & Florence,6095,92
Michael & Florence,6309,218
Michael & Florence,5738,140
Michael & Florence,6088,125
Michael & Florence,6055,152
Michael & Florence,6094,123
Michael & Florence,4605,91
Michael & Florence,4819,156
Michael & Florence,7615,261
Michael & Florence,5336,130
Michael & Florence,2690,128
Michael & Florence,6343,296
Michael & Florence,1247,119
Michael & Florence,4251,98
Michael & Florence,5343,163
Michael & Florence,1617,40
Michael & Florence,2174,10
Michael & Florence,3550,85
Michael & Florence,1648,32
Michael & Florence,16443,24
Michael & Florence,2359,15
Michael & Florence,5093,2022
Michael & Florence,4387,216
Michael & Florence,2466,33
Michael & Florence,6474,51
Michael & Florence,9233,389
Michael & Florence,6119,890
Michael & Florence,1277,49
Michael & Florence,2112,29
Michael & Florence,10157,726
Michael & Florence,5977,188
Michael & Florence,4786,81
Michael & Florence,3712,137
Michael & Florence,4672,149
Michael & Florence,4056,183
Michael & Florence,4591,126
Michael & Florence,4010,557
Michael & Florence,1127,42
Michael & Florence,4433,95
Michael & Florence,9507,455
Michael & Florence,4431,29
Michael & Florence,0,0
Michael & Florence,1769,106
Michael & Florence,4156,64
Michael & Florence,4795,147
Michael & Florence,1935,162
Michael & Florence,2887,66
Michael & Florence,3949,151
Michael & Florence,3498,78
Michael & Florence,2544,83
Michael & Florence,2851,35
Michael & Florence,6319,144
Michael & Florence,4766,222
Michael & Florence,3974,101
Michael & Florence,4412,211
Michael & Florence,6244,128
Michael & Florence,7377,342
Michael & Florence,2861,135
Michael & Florence,7668,239
Michael & Florence,4616,153
Michael & Florence,4194,100
Michael & Florence,5927,174
Michael & Florence,3031,62
Michael & Florence,2643,156
Michael & Florence,7339,127
Michael & Florence,4636,67
Michael & Florence,3200,143
Michael & Florence,4781,84
Michael & Florence,4481,210
Michael & Florence,5826,81
Michael & Florence,1593,91
Michael & Florence,0,286
Michael & Florence,0,0
Michael & Florence,1071,204
Michael & Florence,3309,235
Michael & Florence,1624,47
Michael & Florence,1563,117
Michael & Florence,2105,14
Michael & Florence,3105,218
Michael & Florence,19,4
Michael & Florence,0,0
Michael & Florence,0,0
Michael & Florence,7408,284
Michael & Florence,2888,122
Michael & Florence,7163,239
Michael & Florence,1850,198
Michael & Florence,3842,177
Michael & Florence,6661,197
Michael & Florence,4157,101
Michael & Florence,0,0
Michael & Florence,9416,247
Michael & Florence,6444,216
Michael & Florence,6793,332
Michael & Florence,5097,189
Michael & Florence,3892,127
Michael & Florence,4250,130
Michael & Florence,4224,194
Michael & Florence,3770,127
Michael & Florence,1491,499
Michael & Florence,4538,370
Michael & Florence,4748,176
Michael & Florence,2921,285
Michael & Florence,2095,343
Michael & Florence,3273,806
Michael & Florence,13643,351
Michael & Florence,9686,145
Michael & Florence,2310,57
Michael & Florence,1889,55
Michael & Florence,1497,109
Michael & Florence,8121,144
Michael & Florence,4198,140
Michael & Florence,10301,646
Michael & Florence,2752,170
Michael & Florence,5695,7
Michael & Florence,2157,66
Michael & Florence,9575,112
Michael & Florence,4569,102
Michael & Florence,1516,112
Michael & Florence,4949,89
Michael & Florence,3798,208
Michael & Florence,3633,134
Michael & Florence,1478,91
Michael & Florence,5671,403
Michael & Florence,7453,218
Michael & Florence,7051,175
Michael & Florence,2245,209
Michael & Florence,5927,88
Michael & Florence,16637,526
Michael & Florence,2916,282
Michael & Florence,8007,394
Michael & Florence,19513,514
Michael & Florence,6353,163
Michael & Florence,11358,437
Michael & Florence,19587,538
Michael & Florence,21441,367
Michael & Florence,3281,95
Michael & Florence,4780,289
Michael & Florence,6027,162
Michael & Florence,2845,130
Michael & Florence,3016,96
Michael & Florence,5063,141
Michael & Florence,873,56
Michael & Florence,1640,140
Michael & Florence,1830,79
Michael & Florence,1703,123
Michael & Florence,7126,238
Michael & Florence,5608,126
Michael & Florence,6841,223
Michael & Florence,3921,240
Michael & Florence,6667,134
Michael & Florence,3066,69
Michael & Florence,8643,107
Michael & Florence,1618,162
Michael & Florence,8714,291
Michael & Florence,6404,154
Michael & Florence,6028,119
Michael & Florence,5628,102
Michael & Florence,6462,113
Michael & Florence,4643,122
Michael & Florence,5710,146
Michael & Florence,2460,162
Michael & Florence,3583,96
Michael & Florence,2516,62
Michael & Florence,4804,127
Michael & Florence,5159,64
Michael & Florence,2524,60
Michael & Florence,5070,146
Michael & Florence,7359,194
Michael & Florence,9245,148
Michael & Florence,5235,130
Michael & Florence,4157,74
Michael & Florence,6116,98
Michael & Florence,4750,70
Michael & Florence,7506,172
Michael & Florence,5783,133
Michael & Florence,6651,293
Michael & Florence,3978,118
Michael & Florence,5553,141
Michael & Florence,3262,100
Michael & Florence,4880,198
Michael & Florence,4304,76
Michael & Florence,3933,103
Michael & Florence,4126,121
Michael & Florence,3632,142
Michael & Florence,7307,140
Michael & Florence,5605,68
Michael & Florence,3761,166
Michael & Florence,4186,115
Michael & Florence,4094,63
Michael & Florence,5145,81
Michael & Florence,4248,28
Michael & Florence,2784,78
Michael & Florence,4753,71
Michael & Florence,3818,118
Michael & Florence,2983,88
Michael & Florence,5674,283
Michael & Florence,8190,220
Michael & Florence,6828,47
Michael & Florence,3892,205
Michael & Florence,4979,186
Michael & Florence,16587,381
Michael & Florence,5587,347
Michael & Florence,8048,264
Michael & Florence,5957,310
Michael & Florence,3666,76
Michael & Florence,7049,316
Michael & Florence,2735,199
Michael & Florence,4612,108
Michael & Florence,3637,317
Michael & Florence,3851,111
Michael & Florence,5049,119
Michael & Florence,3974,83
Michael & Florence,4647,83
Michael & Florence,4176,131
Michael & Florence,4388,62
Michael & Florence,5846,166
Michael & Florence,3263,112
Michael & Florence,5057,203
Michael & Florence,4526,24
Michael & Florence,1911,54
Michael & Florence,664,47
Michael & Florence,4281,248
Michael & Florence,6475,274
Michael & Florence,5365,240
Michael & Florence,5841,172
Michael & Florence,5868,93
Michael & Florence,3955,132
Michael & Florence,6123,169
Michael & Florence,5166,368
Michael & Florence,11231,99
Michael & Florence,5946,276
Michael & Florence,8403,178
Michael & Florence,6808,126
Michael & Florence,4060,241
Michael & Florence,6506,115
Michael & Florence,4608,62
Michael & Florence,6479,291
Michael & Florence,3370,68
Michael & Florence,4557,144
Michael & Florence,1594,83
Michael & Florence,10071,261
Michael & Florence,8507,263
Michael & Florence,3537,98
Michael & Florence,1218,23
Michael & Florence,3179,189
Michael & Florence,3811,160
Michael & Florence,5122,8
Michael & Florence,11741,284
Michael & Florence,2411,61
Michael & Florence,3305,117
Michael & Florence,3675,175
Michael & Florence,5490,197
Michael & Florence,4418,63
Michael & Florence,3276,92
Michael & Florence,4253,91
Michael & Florence,4931,97
Michael & Florence,3157,116
Michael & Florence,5213,121
Michael & Florence,3883,114
Michael & Florence,3602,102
Michael & Florence,6648,129
Michael & Florence,3341,90
Michael & Florence,2839,130
Michael & Florence,7247,186
Michael & Florence,5519,128
Michael & Florence,5936,103
Michael & Florence,4935,296
Michael & Florence,1138,69
Michael & Florence,4838,140
Michael & Florence,2314,86
Michael & Florence,2635,105
Michael & Florence,9980,283
Michael & Florence,6275,121
Michael & Florence,3240,318
Michael & Florence,5562,2159
Michael & Florence,1980,57
Michael & Florence,2423,88
Michael & Florence,3145,68
Michael & Florence,4583,252
Michael & Florence,12274,80
Michael & Florence,4367,190
Michael & Florence,4652,1272
Michael & Florence,3495,179
Michael & Florence,5240,215
Michael & Florence,3287,122
Michael & Florence,2700,134
Michael & Florence,3260,185
Michael & Florence,6575,58
Michael & Florence,4039,165
Michael & Florence,8451,158
Michael & Florence,7607,162
Michael & Florence,5336,139
Michael & Florence,2702,56
Michael & Florence,4499,137
Michael & Florence,3857,97
Michael & Florence,6428,177
Michael & Florence,3399,141
Michael & Florence,4138,129
Michael & Florence,5559,196
Michael & Florence,3329,110
Michael & Florence,3064,83
Michael & Florence,5520,180
Michael & Florence,8791,173
Michael & Florence,7836,425
Michael & Florence,4057,78
Michael & Florence,4461,122
Michael & Florence,4624,240
Michael & Florence,2477,70
Michael & Florence,4989,249
Michael & Florence,4851,75
Michael & Florence,3273,203
Michael & Florence,4898,219
Michael & Florence,2568,73
Michael & Florence,5111,156
Michael & Florence,4370,92
Michael & Florence,2839,87
Michael & Florence,5243,77
Michael & Florence,2457,94
Michael & Florence,6817,187
Michael & Florence,6079,129
Michael & Florence,2279,167
Michael & Florence,4105,47
Michael & Florence,5976,133
Michael & Florence,4187,98
Michael & Florence,5345,201
Michael & Florence,4031,137
Michael & Florence,6006,307
Michael & Florence,8031,186
Michael & Florence,8427,291
Michael & Florence,4952,254
Michael & Florence,3058,257
Michael & Florence,2614,122
Michael & Florence,2834,100
Michael & Florence,3333,165
Michael & Florence,2774,121
Michael & Florence,2771,95
Michael & Florence,5767,109
Michael & Florence,2632,107
Michael & Florence,1368,106
Michael & Florence,2347,41
Michael & Florence,4545,113
Michael & Florence,3457,224
Michael & Florence,3475,60
Michael & Florence,3015,288
Michael & Florence,4560,254
Michael & Florence,18593,346
Michael & Florence,8960,795
Michael & Florence,2481,103
Michael & Florence,11077,165
Michael & Florence,33907,853
Michael & Florence,5963,299
Michael & Florence,6934,298
Michael & Florence,8765,327
Michael & Florence,9153,276
Michael & Florence,6603,337
Michael & Florence,5040,132
Michael & Florence,7306,185
Michael & Florence,3395,161
Michael & Florence,9821,316
Michael & Florence,5545,190
Michael & Florence,2997,87
Michael & Florence,6476,123
Michael & Florence,5673,106
Michael & Florence,5872,106
Michael & Florence,5617,114
Michael & Florence,5450,199
Michael & Florence,6025,129
Michael & Florence,5276,113
Michael & Florence,6763,81
Michael & Florence,4143,79
Michael & Florence,4601,124
Michael & Florence,3928,120
Michael & Florence,10133,169
Michael & Florence,4151,108
Michael & Florence,4067,85
Michael & Florence,7441,143
Michael & Florence,6230,145
Michael & Florence,3718,105
Michael & Florence,6604,254
Michael & Florence,6569,129
Michael & Florence,8353,237
Michael & Florence,6021,119
Michael & Florence,2615,88
Michael & Florence,6124,141
Michael & Florence,4009,70
Michael & Florence,7699,137
Michael & Florence,4197,214
Michael & Florence,3162,128
Michael & Florence,2273,38
Michael & Florence,1930,45
Michael & Florence,1318,77
Michael & Florence,3255,33
Michael & Florence,3578,84
Michael & Florence,0,0
Michael & Florence,7263,167
Michael & Florence,2931,32
Michael & Florence,1316,23
Michael & Florence,8139,128
Michael & Florence,7086,181
Michael & Florence,6007,105
Michael & Florence,3881,116
Michael & Florence,8275,140
Michael & Florence,2617,224
Michael & Florence,12005,131
Michael & Florence,7091,140
Michael & Florence,1890,169
Michael & Florence,3489,83
Michael & Florence,2259,75
Michael & Florence,17140,402
Michael & Florence,3299,235
Michael & Florence,10122,396
Michael & Florence,9179,214
Michael & Florence,3742,20
Michael & Florence,5640,44
Michael & Florence,15771,236
Michael & Florence,2984,131
Michael & Florence,1998,160
Michael & Florence,7044,82
Michael & Florence,10517,251
Michael & Florence,7546,371
Michael & Florence,14452,581
Michael & Florence,7705,436
Michael & Florence,8909,489
Michael & Florence,3214,91
Michael & Florence,3270,129
Michael & Florence,7152,208
Michael & Florence,3873,78
Michael & Florence,5303,149
Michael & Florence,1566,26
Michael & Florence,6822,247
Michael & Florence,2221,117
Michael & Florence,4072,50
Michael & Florence,2010,79
Michael & Florence,7544,117
Michael & Florence,3743,137
Michael & Florence,4792,130
Michael & Florence,2040,35
Michael & Florence,5928,116
Michael & Florence,3238,86
Michael & Florence,1673,78
Michael & Florence,5617,129
Michael & Florence,4632,96
Michael & Florence,4446,148
Michael & Florence,3788,127
Michael & Florence,2195,54
Michael & Florence,2955,96
Michael & Florence,3415,99
Michael & Florence,1449,91
Michael & Florence,3100,106
Michael & Florence,2324,118
Michael & Florence,7738,94
Michael & Florence,4082,123
Michael & Florence,4430,133
Michael & Florence,5285,166
Michael & Florence,3681,209
Michael & Florence,6843,204
Michael & Florence,5974,39
Michael & Florence,7567,434
Michael & Florence,2204,34
Michael & Florence,2967,98
Michael & Florence,2385,89
Michael & Florence,2661,97
Michael & Florence,17597,195
Michael & Florence,4158,129
Michael & Florence,2408,159
Michael & Florence,10102,320
Michael & Florence,8399,180
Michael & Florence,7543,190
Michael & Florence,4513,85
Michael & Florence,4267,84
Michael & Florence,2918,103
Michael & Florence,2750,174
Michael & Florence,6502,198
Michael & Florence,7172,177
Michael & Florence,4769,217
Michael & Florence,5480,156
Michael & Florence,4545,128
Michael & Florence,11157,497
Michael & Florence,4217,131
Michael & Florence,5644,491
Michael & Florence,4578,33
Michael & Florence,8171,101
Michael & Florence,3477,36
Michael & Florence,8389,129
Michael & Florence,9016,313
Michael & Florence,5400,57
Michael & Florence,9516,685
Michael & Florence,3249,145
Michael & Florence,4321,38
Michael & Florence,3233,75
Michael & Florence,4652,85
Michael & Florence,3368,110
Michael & Florence,7523,548
Michael & Florence,4155,115
Michael & Florence,3176,61
Michael & Florence,2938,156
Michael & Florence,10899,287
Michael & Florence,5044,111
Michael & Florence,8745,581
Michael & Florence,3280,132
Michael & Florence,7378,118
Michael & Florence,3504,61
Michael & Florence,1556,105
Michael & Florence,5263,85
Michael & Florence,1852,60
Michael & Florence,4717,90
Michael & Florence,5228,85
Michael & Florence,3146,101
Michael & Florence,6682,184
Michael & Florence,4091,36
Michael & Florence,2749,88
Michael & Florence,3300,135
Michael & Florence,1221,31
Michael & Florence,4783,168
Michael & Florence,10391,493
Michael & Florence,1816,73
Michael & Florence,6113,198
Michael & Florence,4697,73
Michael & Florence,3404,78
Michael & Florence,5222,171
Michael & Florence,1918,126
Michael & Florence,6301,213
Michael & Florence,4863,159
Michael & Florence,4819,147
Michael & Florence,1531,118
Michael & Florence,2080,106
Michael & Florence,7061,300
Michael & Florence,1852,175
Michael & Florence,4017,100
Michael & Florence,1806,41
Michael & Florence,5473,196
Michael & Florence,1792,172
Michael & Florence,4473,114
Michael & Florence,3782,101
Michael & Florence,7645,229
Michael & Florence,4452,98
Michael & Florence,3416,168
Michael & Florence,10671,34
Michael & Florence,3111,43
Michael & Florence,5090,201
Michael & Florence,6197,359
Michael & Florence,6011,88
Michael & Florence,4199,112
Michael & Florence,8768,116
Michael & Florence,4103,100
Michael & Florence,1892,61
Michael & Florence,8394,206
Michael & Florence,3430,74
Michael & Florence,3305,57
Michael & Florence,4562,138
Michael & Florence,2544,55
Michael & Florence,6230,162
Michael & Florence,2834,72
Michael & Florence,7235,495
Michael & Florence,2450,84
Michael & Florence,2227,68
Michael & Florence,4731,104
Michael & Florence,8590,194
Michael & Florence,2558,91
Michael & Florence,7967,179
Michael & Florence,3485,126
Michael & Florence,5244,250
Michael & Florence,1844,77
Michael & Florence,7192,104
Michael & Florence,2331,148
Michael & Florence,4461,99
Michael & Florence,7228,157
Michael & Florence,8677,154
Michael & Florence,5788,102
Michael & Florence,7113,123
Michael & Florence,5739,369
Michael & Florence,4124,295
Michael & Florence,5108,137
Michael & Florence,4206,37
Michael & Florence,7361,219
Michael & Florence,4149,26
Michael & Florence,7355,198
Michael & Florence,3881,81
Michael & Florence,2001,35
Michael & Florence,9678,374
Michael & Florence,6756,185
Michael & Florence,7302,111
Michael & Florence,4948,96
Michael & Florence,4322,188
Michael & Florence,1234,22
Michael & Florence,7299,272
Michael & Florence,10177,221
Michael & Florence,2459,232
Michael & Florence,9057,216
Michael & Florence,10808,134
Michael & Florence,5310,74
Michael & Florence,9064,338
Michael & Florence,13018,297
Michael & Florence,7818,311
Michael & Florence,1905,160
Michael & Florence,7154,105
Michael & Florence,4007,52
Michael & Florence,4623,156
Michael & Florence,2240,101
Michael & Florence,2503,43
Michael & Florence,3877,75
Michael & Florence,4895,18
Michael & Florence,5065,60
Michael & Florence,7620,159
Michael & Florence,5953,122
Michael & Florence,4524,162
Michael & Florence,8447,139
Michael & Florence,7200,273
Michael & Florence,7531,285
Michael & Florence,7941,309
Michael & Florence,7190,161
Michael & Florence,6906,143
Michael & Florence,6025,103
Michael & Florence,3962,175
Michael & Florence,2997,192
Michael & Florence,3842,179
Michael & Florence,4764,201
Michael & Florence,6502,112
Michael & Florence,6226,294
Michael & Florence,3395,69
Michael & Florence,4744,149
Michael & Florence,3779,245
Michael & Florence,7656,168
Michael & Florence,3396,45
Michael & Florence,2843,193
Michael & Florence,3243,112
Michael & Florence,6387,379
Michael & Florence,4668,174
Michael & Florence,2747,220
Michael & Florence,4613,148
Michael & Florence,3004,181
Michael & Florence,4591,115
Michael & Florence,5428,188
Michael & Florence,1254,71
Michael & Florence,3214,99
Michael & Florence,4939,14
Michael & Florence,1177,116
Michael & Florence,4980,231
Michael & Florence,1562,103
Michael & Florence,6863,104
Michael & Florence,2850,162
Michael & Florence,3946,38
Michael & Florence,3849,181
Michael & Florence,3318,120
Michael & Florence,7125,112
Michael & Florence,3706,104
Michael & Florence,2968,234
Michael & Florence,3313,89
Michael & Florence,4504,58
Michael & Florence,5218,130
Michael & Florence,7166,139
Michael & Florence,6525,136
Michael & Florence,6012,145
Michael & Florence,3801,65
Michael & Florence,6916,202
Michael & Florence,3342,104
Michael & Florence,3255,91
Michael & Florence,3168,91
Michael & Florence,3216,239
Michael & Florence,1648,68
Michael & Florence,3887,133
Michael & Florence,3073,48
Michael & Florence,4613,185
Michael & Florence,0,132
Michael & Florence,2183,121
Michael & Florence,1668,58
Michael & Florence,3740,103
Michael & Florence,1390,40
Michael & Florence,4610,207
Michael & Florence,5808,181
Michael & Florence,4783,200
Michael & Florence,6587,144
Michael & Florence,3959,160
Michael & Florence,7005,212
Michael & Florence,5340,161
Michael & Florence,6647,308
Michael & Florence,2658,63
Michael & Florence,8499,220
Michael & Florence,2989,202
Michael & Florence,7577,151
Michael & Florence,4563,310
Michael & Florence,7293,182
Michael & Florence,7412,212
Michael & Florence,5111,284
Michael & Florence,5076,27
Michael & Florence,4329,261
Michael & Florence,0,2
Michael & Florence,0,25
Michael & Florence,7180,230
Michael & Florence,2983,61
Michael & Florence,6646,400
Michael & Florence,2496,194
Michael & Florence,3606,97
Michael & Florence,3464,118
Michael & Florence,2169,60
Michael & Florence,3312,64
Michael & Florence,3688,84
Michael & Florence,4103,93
Michael & Florence,5477,166
Michael & Florence,7236,190
Michael & Florence,6378,140
Michael & Florence,4810,112
Michael & Florence,3237,102
Michael & Florence,4799,107
Michael & Florence,2846,81
Michael & Florence,4760,89
Michael & Florence,5727,104
Michael & Florence,4191,94
Michael & Florence,2833,108
Michael & Florence,2905,61
Michael & Florence,5955,115
Michael & Florence,5373,155
Michael & Florence,6152,164
Michael & Florence,4070,162
Michael & Florence,4983,96
Michael & Florence,6188,100
Michael & Florence,4470,159
Michael & Florence,5279,77
Michael & Florence,5161,210
Michael & Florence,6726,198
Michael & Florence,2335,87
Michael & Florence,4818,128
Michael & Florence,3202,146
Michael & Florence,5695,124
Michael & Florence,5430,204
Michael & Florence,3392,80
Michael & Florence,5394,136
Michael & Florence,4826,34
Michael & Florence,4315,84
Michael & Florence,6927,149
Michael & Florence,4335,183
Michael & Florence,4812,416
Michael & Florence,5750,297
Michael & Florence,4484,89
Michael & Florence,5422,172
Michael & Florence,3354,74
Michael & Florence,3786,151
Michael & Florence,2538,85
Michael & Florence,6477,191
Michael & Florence,9264,329
Michael & Florence,7014,190
Michael & Florence,7099,298
Michael & Florence,5344,160
Michael & Florence,5503,111
Michael & Florence,4834,140
Michael & Florence,6953,195
Michael & Florence,3666,74
Michael & Florence,3487,114
Michael & Florence,14304,544
Michael & Florence,4814,149
Michael & Florence,3179,3
Michael & Florence,3546,161
Michael & Florence,5190,244
Michael & Florence,2938,54
Michael & Florence,4718,187
Michael & Florence,6974,183
Michael & Florence,2372,142
Michael & Florence,2854,64
Michael & Florence,11244,132
Michael & Florence,4101,168
Michael & Florence,6437,246
Michael & Florence,4579,138
Michael & Florence,2715,107
Michael & Florence,4002,187
Michael & Florence,3938,66
Michael & Florence,12032,204
Michael & Florence,5758,194
Michael & Florence,5943,177
Michael & Florence,5951,87
Michael & Florence,4851,254
Michael & Florence,1533,64
Michael & Florence,3322,109
Michael & Florence,3918,297
Michael & Florence,8772,318
Michael & Florence,5065,219
Michael & Florence,8142,192
Michael & Florence,4198,126
Michael & Florence,3382,208
Michael & Florence,6589,156
Michael & Florence,3953,95
Michael & Florence,4537,77
Michael & Florence,6575,43
Michael & Florence,2399,113
Michael & Florence,2614,149
Michael & Florence,4111,55
Michael & Florence,8300,239
Michael & Florence,3142,171
Michael & Florence,2790,530
Michael & Florence,5659,98
Michael & Florence,4002,117
Michael & Florence,4618,144
Michael & Florence,5407,111
Michael & Florence,4398,86
Michael & Florence,4878,91
Michael & Florence,4114,141
Michael & Florence,6954,275
Michael & Florence,6109,176
Michael & Florence,5113,192
Michael & Florence,3063,129
Michael & Florence,4559,122
Michael & Florence,4124,119
Michael & Florence,4324,137
Michael & Florence,2673,144
Michael & Florence,3132,5
Michael & Florence,3421,292
Michael & Florence,3152,145
Michael & Florence,1836,47
Michael & Florence,3221,111
Michael & Florence,1981,75
Michael & Florence,2536,117
Michael & Florence,6579,123
Michael & Florence,1806,174
Michael & Florence,3365,80
Michael & Florence,2719,13
Michael & Florence,4572,140
Michael & Florence,2379,63
Michael & Florence,1922,102
Michael & Florence,2505,45
Michael & Florence,3086,120
Michael & Florence,4151,129
Michael & Florence,1939,78
Michael & Florence,2631,126
Michael & Florence,3219,141
Michael & Florence,2561,81
Michael & Florence,2524,58
Michael & Florence,1980,224
Michael & Florence,3954,84
Michael & Florence,2993,51
Michael & Florence,4741,86
Michael & Florence,4397,80
Michael & Florence,4901,62
Michael & Florence,1731,43
Michael & Florence,4315,47
Michael & Florence,3872,64
Michael & Florence,4123,58
Michael & Florence,2833,69
Michael & Florence,2334,137
Michael & Florence,4251,132
Michael & Florence,2374,46
Michael & Florence,3726,68
Michael & Florence,3890,133
Michael & Florence,3335,137
Michael & Florence,5466,132
Michael & Florence,9049,49
Michael & Florence,5769,132
Michael & Florence,6520,128
Michael & Florence,3896,93
Michael & Florence,4597,176
Michael & Florence,6042,126
Michael & Florence,4208,88
Michael & Florence,3385,112
Michael & Florence,9927,52
Michael & Florence,3788,174
Michael & Florence,2347,78
Michael & Florence,1179,14
Michael & Florence,2597,119
Michael & Florence,2699,105
Michael & Florence,2233,141
Michael & Florence,4366,97
Michael & Florence,2413,117
Michael & Florence,3771,24
Michael & Florence,0,2
Michael & Florence,5685,238
Michael & Florence,3489,69
Michael & Florence,3612,166
Michael & Florence,0,8
Michael & Florence,4921,12
Michael & Florence,22550,360
Michael & Florence,3417,121
Michael & Florence,6097,215
Michael & Florence,18709,9
Michael & Florence,1620,186
Michael & Florence,5026,91
Michael & Florence,4392,81
Michael & Florence,4532,74
Michael & Florence,4330,54
Michael & Florence,6226,90
Michael & Florence,8257,122
Michael & Florence,6216,142
Michael & Florence,6713,82
Michael & Florence,5650,101
Michael & Florence,6717,101
Michael & Florence,2610,101
Michael & Florence,4983,99
Michael & Florence,4494,157
Michael & Florence,3013,110
Michael & Florence,5480,179
Michael & Florence,6066,81
Michael & Florence,3880,81
Michael & Florence,3175,43
Michael & Florence,4055,155
Michael & Florence,8734,188
Michael & Florence,6021,119
Michael & Florence,6727,170
Michael & Florence,6184,165
Michael & Florence,1908,122
Michael & Florence,5396,119
Michael & Florence,3170,171
Michael & Florence,4317,59
Michael & Florence,4312,227
Michael & Florence,6130,120
Michael & Florence,2900,104
Michael & Florence,4018,155
Michael & Florence,3099,147
Michael & Florence,3904,2
Michael & Florence,5952,223
Michael & Florence,5545,215
Michael & Florence,2356,47
Michael & Florence,6448,178
Michael & Florence,4942,136
Michael & Florence,1543,86
Michael & Florence,4651,187
Michael & Florence,5263,256
Michael & Florence,5000,156
Michael & Florence,6000,7
Michael & Florence,4129,111
Michael & Florence,4751,276
Michael & Florence,2536,85
Michael & Florence,4641,96
Michael & Florence,1911,18
Michael & Florence,1238,89
Michael & Florence,3922,64
Michael & Florence,2694,56
Michael & Florence,13908,383
Michael & Florence,4961,201
Michael & Florence,3990,122
Michael & Florence,3144,109
Michael & Florence,8459,347
Michael & Florence,5127,106
Michael & Florence,2617,97
Michael & Florence,2097,148
Michael & Florence,5905,152
Michael & Florence,6925,223
Michael & Florence,4305,61
Michael & Florence,4576,121
Michael & Florence,2247,142
Michael & Florence,3672,96
Michael & Florence,2748,98
Michael & Florence,3604,161
Michael & Florence,4387,176
Michael & Florence,4140,183
Michael & Florence,1993,77
Michael & Florence,0,2
Michael & Florence,4778,135
Michael & Florence,5128,175
Michael & Florence,6513,123
Michael & Florence,3821,96
Michael & Florence,7511,131
Michael & Florence,6444,154
Michael & Florence,5743,225
Michael & Florence,6462,127
Michael & Florence,7930,280
Michael & Florence,2926,139
Michael & Florence,6966,220
Michael & Florence,3032,97
Michael & Florence,3673,30
Michael & Florence,1699,68
Michael & Florence,5233,186
Michael & Florence,3723,99
Michael & Florence,6020,77
Michael & Florence,2937,62
Michael & Florence,6648,76
Michael & Florence,7852,134
Michael & Florence,928,58
Michael & Florence,3672,94
Michael & Florence,5839,205
Michael & Florence,5510,178
Michael & Florence,6992,192
Michael & Florence,5480,35
Michael & Florence,8864,20
Michael & Florence,3547,25
Michael & Florence,12802,370
Michael & Florence,5423,9
Michael & Florence,6219,105
Michael & Florence,7819,170
Michael & Florence,4745,226
Michael & Florence,12429,846
Michael & Florence,2467,106
Michael & Florence,1869,35
Michael & Florence,4384,123
Michael & Florence,12272,166
Michael & Florence,2949,80
Michael & Florence,26870,32
Michael & Florence,5427,50
Michael & Florence,1677,44
Michael & Florence,8522,214
Michael & Florence,2723,154
Michael & Florence,4385,188
Michael & Florence,2402,39
Michael & Florence,3024,62
Michael & Florence,5308,104
Michael & Florence,4242,173
Michael & Florence,8008,64
Michael & Florence,8749,186
Michael & Florence,3752,148
Michael & Florence,3714,324
Michael & Florence,3014,159
Michael & Florence,6915,295
Michael & Florence,5574,152
Michael & Florence,3543,95
Michael & Florence,10224,239
Michael & Florence,9248,57
Michael & Florence,8050,173
Michael & Florence,4206,152
Michael & Florence,4823,157
Michael & Florence,4214,102
Michael & Florence,4766,102
Michael & Florence,5521,122
Michael & Florence,2520,148
Michael & Florence,5325,32
Michael & Florence,4821,257
Michael & Florence,2565,117
Michael & Florence,1987,101
Michael & Florence,4888,139
Michael & Florence,3427,155
Michael & Florence,5383,125
Michael & Florence,2273,108
Michael & Florence,5001,97
Michael & Florence,3217,96
Michael & Florence,6430,100
Michael & Florence,3101,157
Michael & Florence,3795,90
Michael & Florence,3356,120
Michael & Florence,4424,94
Michael & Florence,2185,57
Michael & Florence,1859,78
Michael & Florence,5932,198
Michael & Florence,3124,57
Michael & Florence,7132,96
Michael & Florence,3831,121
Michael & Florence,1726,76
Michael & Florence,7138,134
Michael & Florence,7798,93
Michael & Florence,5355,88
Michael & Florence,4426,101
Michael & Florence,2319,81
Michael & Florence,2526,184
Michael & Florence,3430,81
Michael & Florence,1287,45
Michael & Florence,1689,92
Michael & Florence,4919,138
Michael & Florence,2908,14
Michael & Florence,13576,227
Michael & Florence,839,35
Michael & Florence,6841,114
Michael & Florence,2372,77
Michael & Florence,6311,138
Michael & Florence,5089,123
Michael & Florence,6415,163
Michael & Florence,7231,146
Michael & Florence,3283,158
Michael & Florence,4720,155
Michael & Florence,3697,154
Michael & Florence,3701,79
Michael & Florence,2971,165
Michael & Florence,3343,111
Michael & Florence,4334,90
Michael & Florence,4508,113
Michael & Florence,6487,250
Michael & Florence,5157,134
Michael & Florence,3251,108
Michael & Florence,5621,170
Michael & Florence,5984,112
Michael & Florence,8932,160
Michael & Florence,6498,195
Michael & Florence,8064,228
Michael & Florence,4107,142
Michael & Florence,4975,150
Michael & Florence,2758,99
Michael & Florence,3227,152
Michael & Florence,3608,103
Michael & Florence,3746,32
Michael & Florence,4188,97
Michael & Florence,2688,33
Michael & Florence,3909,218
Michael & Florence,7526,231
Michael & Florence,8181,71
Michael & Florence,6852,345
Michael & Florence,7141,122
Michael & Florence,6037,301
Michael & Florence,2639,125
Michael & Florence,6156,580
Michael & Florence,6690,359
Michael & Florence,3725,189
Michael & Florence,7612,83
Michael & Florence,5066,8
Michael & Florence,4914,105
Michael & Florence,1056,40
Michael & Florence,7897,82
Michael & Florence,3120,217
Michael & Florence,6124,97
Michael & Florence,6571,137
Michael & Florence,4243,95
Michael & Florence,2302,104
Michael & Florence,4534,110
Michael & Florence,2318,292
Michael & Florence,8688,235
Michael & Florence,2072,197
Michael & Florence,3707,123
Michael & Florence,3400,145
Michael & Florence,4728,116
Michael & Florence,1148,41
Michael & Florence,7325,179
Michael & Florence,3229,46
Michael & Florence,0,0
Michael & Florence,0,3
Michael & Florence,6177,121
Michael & Florence,2699,151
Michael & Florence,977,82
Michael & Florence,4082,119
Michael & Florence,1397,245
Michael & Florence,4331,87
Michael & Florence,4157,132
Michael & Florence,3199,187
Michael & Florence,2930,89
Michael & Florence,2313,85
Michael & Florence,4348,144
Michael & Florence,2723,107
Michael & Florence,3789,189
Michael & Florence,4237,94
Michael & Florence,2834,131
Michael & Florence,4213,208
Michael & Florence,4207,148
Michael & Florence,4862,262
Michael & Florence,4118,79
Michael & Florence,7643,191
Michael & Florence,5468,197
Michael & Florence,2840,136
Michael & Florence,2352,54
Michael & Florence,5137,143
Michael & Florence,5602,207
Michael & Florence,6167,194
Michael & Florence,7986,394
Michael & Florence,5258,111
Michael & Florence,7523,15
Michael & Florence,3498,72
Michael & Florence,4239,78
Michael & Florence,2341,94
Michael & Florence,6954,138
Michael & Florence,2402,84
Michael & Florence,3144,153
Michael & Florence,7874,51
Michael & Florence,6554,168
Michael & Florence,2087,104
Michael & Florence,1416,110
Michael & Florence,3945,117
Michael & Florence,2917,112
Michael & Florence,6236,188
Michael & Florence,3075,134
Michael & Florence,5262,108
Michael & Florence,9283,342
Michael & Florence,2850,68
Michael & Florence,2443,84
Michael & Florence,0,0
Michael & Florence,6439,186
Michael & Florence,6433,460
Michael & Florence,3991,139
Michael & Florence,10422,72
Michael & Florence,7036,93
Michael & Florence,4174,183
Michael & Florence,7525,189
Michael & Florence,4519,67
Michael & Florence,9338,109
Michael & Florence,8228,141
Michael & Florence,7428,156
Michael & Florence,4622,89
Michael & Florence,3591,126
Michael & Florence,6856,84
Michael & Florence,2768,98
Michael & Florence,1303,29
Michael & Florence,2375,108
Michael & Florence,6233,192
Michael & Florence,5148,224
Michael & Florence,5178,60
Michael & Florence,6002,144
Michael & Florence,4566,88
Michael & Florence,5313,174
Michael & Florence,4048,1244
Michael & Florence,5710,112
Michael & Florence,5449,160
Michael & Florence,5922,104
Michael & Florence,4118,427
Michael & Florence,8118,87
Michael & Florence,3540,139
Michael & Florence,4297,191
Michael & Florence,4939,140
Michael & Florence,19012,107
Michael & Florence,5302,24
Michael & Florence,3752,117
Michael & Florence,3481,168
Michael & Florence,2359,171
Michael & Florence,5830,168
Michael & Florence,4768,350
Michael & Florence,3898,44
Michael & Florence,3134,146
Michael & Florence,6480,249
Michael & Florence,3743,192
Michael & Florence,4411,105
Michael & Florence,3965,167
Michael & Florence,8735,165
Michael & Florence,5960,154
Michael & Florence,3364,186
Michael & Florence,2406,146
Michael & Florence,5239,127
Michael & Florence,1445,53
Michael & Florence,2378,109
Michael & Florence,9259,325
Michael & Florence,2870,62
Michael & Florence,4591,173
Michael & Florence,4170,217
Michael & Florence,2816,133
Michael & Florence,7784,285
Michael & Florence,2279,174
Michael & Florence,9951,125
Michael & Florence,7240,220
Michael & Florence,2758,93
Michael & Florence,3849,65
Michael & Florence,1729,69
Michael & Florence,3405,87
Michael & Florence,6218,121
Michael & Florence,17246,519
Michael & Florence,6030,220
Michael & Florence,3805,70
Michael & Florence,3227,227
Michael & Florence,2757,61
Michael & Florence,4843,134
Michael & Florence,3331,126
Michael & Florence,8766,147
Michael & Florence,4322,449
Michael & Florence,2698,121
Michael & Florence,6092,161
Michael & Florence,3768,104
Michael & Florence,4070,148
Michael & Florence,1396,41
Michael & Florence,1154,12
Michael & Florence,1951,376
Michael & Florence,6465,143
Michael & Florence,6227,103
Michael & Florence,5310,158
Michael & Florence,5973,184
Michael & Florence,6199,75
Michael & Florence,5331,173
Michael & Florence,3163,130
Michael & Florence,5878,121
Michael & Florence,2849,87
Michael & Florence,7502,205
Michael & Florence,1802,140
Michael & Florence,6108,137
Michael & Florence,3935,99
Michael & Florence,7911,148
Michael & Florence,5140,245
Michael & Florence,5587,173
Michael & Florence,8200,186
Michael & Florence,7776,167
Michael & Florence,2946,99
Michael & Florence,2508,118
Michael & Florence,5914,146
Michael & Florence,6161,106
Michael & Florence,5348,193
Michael & Florence,6375,429
Michael & Florence,6727,147
Michael & Florence,6004,277
Michael & Florence,6341,186
Michael & Florence,5349,208
Michael & Florence,5139,138
Michael & Florence,4266,193
Michael & Florence,3201,168
Michael & Florence,3049,361
Michael & Florence,2062,143
Michael & Florence,1677,102
Michael & Florence,3438,47
Michael & Florence,4608,95
Michael & Florence,2243,89
Michael & Florence,0,0
Michael & Florence,0,1
Michael & Florence,1470,103
Michael & Florence,4128,136
Michael & Florence,1830,102
Michael & Florence,4149,59
Michael & Florence,3989,64
Michael & Florence,3565,61
Michael & Florence,3720,43
Michael & Florence,1469,92
Michael & Florence,6357,214
Michael & Florence,6384,97
Michael & Florence,4702,102
Michael & Florence,3342,240
Michael & Florence,1969,0
Michael & Florence,7896,392
Michael & Florence,6189,81
Michael & Florence,4727,198
Michael & Florence,3562,144
Michael & Florence,3927,159
Michael & Florence,2062,104
Michael & Florence,3073,132
Michael & Florence,1588,113
Michael & Florence,3074,81
Michael & Florence,2268,123
Michael & Florence,2653,99
Michael & Florence,6143,135
Michael & Florence,3193,129
Michael & Florence,4458,176
Michael & Florence,4982,374
Michael & Florence,8711,129
Michael & Florence,3554,213
Michael & Florence,6529,195
Michael & Florence,6020,162
Michael & Florence,8420,151
Michael & Florence,4018,124
Michael & Florence,11143,285
Michael & Florence,6266,206
Michael & Florence,4151,218
Michael & Florence,3183,44
Michael & Florence,7015,122
Michael & Florence,12739,161
Michael & Florence,12018,392
Michael & Florence,4183,236
Michael & Florence,4512,169
Michael & Florence,4340,252
Michael & Florence,5414,183
Michael & Florence,6047,154
Michael & Florence,5744,174
Michael & Florence,2982,78
Michael & Florence,1538,144
Michael & Florence,4437,138
Michael & Florence,3096,74
Michael & Florence,2355,8
Michael & Florence,1461,49
Michael & Florence,1804,154
Michael & Florence,3874,108
Michael & Florence,3251,109
Michael & Florence,10127,161
Michael & Florence,5610,94
Michael & Florence,7148,106
Michael & Florence,10815,128
Michael & Florence,7440,168
Michael & Florence,7808,113
Michael & Florence,4719,178
Michael & Florence,7699,119
Michael & Florence,4769,126
Michael & Florence,5427,93
Michael & Florence,7818,253
Michael & Florence,11727,212
Michael & Florence,4058,99
Michael & Florence,2747,132
Michael & Florence,6857,152
Michael & Florence,7030,145
Michael & Florence,6201,209
Michael & Florence,2145,54
Michael & Florence,4419,78
Michael & Florence,2261,60
Michael & Florence,2422,90
Michael & Florence,4547,101
Michael & Florence,2622,175
Michael & Florence,2494,137
Michael & Florence,4221,252
Michael & Florence,1716,124
Michael & Florence,4234,64
Michael & Florence,1190,59
Michael & Florence,1213,7
Michael & Florence,6180,434
Michael & Florence,11,39
Michael & Florence,0,2
Michael & Florence,18,110
Michael & Florence,6437,160
Michael & Florence,4686,185
Michael & Florence,2301,134
Michael & Florence,2038,228
Michael & Florence,1565,104
Michael & Florence,1942,108
Michael & Florence,1002,85
Michael & Florence,2448,203
Michael & Florence,1588,98
Michael & Florence,2691,173
Michael & Florence,1548,89
Michael & Florence,1463,88
Michael & Florence,3215,6
Michael & Florence,2011,190
Michael & Florence,4244,205
Michael & Florence,1622,135
Michael & Florence,1302,87
Michael & Florence,1632,113
Michael & Florence,3004,203
Michael & Florence,5725,225
Michael & Florence,1693,20
Michael & Florence,3817,127
Michael & Florence,1988,135
Michael & Florence,2210,227
Michael & Florence,2441,195
Michael & Florence,2912,40
Michael & Florence,4965,140
Michael & Florence,2387,126
Michael & Florence,2415,236
Michael & Florence,1223,259
Michael & Florence,2119,75
Michael & Florence,2761,143
Michael & Florence,3577,216
Michael & Florence,4200,175
Michael & Florence,2239,3
Michael & Florence,2358,49
Michael & Florence,1906,72
Michael & Florence,4037,284
Michael & Florence,3810,259
Michael & Florence,1994,69
Michael & Florence,7698,174
Michael & Florence,8363,198
Michael & Florence,2196,94
Michael & Florence,5020,176
Michael & Florence,3485,118
Michael & Florence,7916,241
Michael & Florence,8202,391
Michael & Florence,4847,16
Michael & Florence,6253,110
Michael & Florence,2655,103
Michael & Florence,4751,172
Michael & Florence,7700,198
Michael & Florence,3636,388
Michael & Florence,7824,248
Michael & Florence,3668,683
Michael & Florence,6353,187
Michael & Florence,2662,76
Michael & Florence,1931,123
Michael & Florence,6045,19
Michael & Florence,4143,120
Michael & Florence,3259,94
Michael & Florence,6508,73
Michael & Florence,11379,221
Michael & Florence,6977,91
Michael & Florence,6684,324
Michael & Florence,8665,147
Michael & Florence,2500,118
Michael & Florence,7005,157
Michael & Florence,3395,166
Michael & Florence,6320,171
Michael & Florence,2442,199
Michael & Florence,3133,96
Michael & Florence,15742,287
Michael & Florence,5723,145
Michael & Florence,10342,392
Michael & Florence,8960,138
Michael & Florence,5083,287
Michael & Florence,4781,0
Michael & Florence,1946,0
Michael & Florence,4080,0
Michael & Florence,5291,0
Michael & Florence,2533,0
Michael & Florence,1467,0
Michael & Florence,4940,0
Michael & Florence,3819,0
Michael & Florence,2242,0
Michael & Florence,5694,0
Michael & Florence,4922,0
Michael & Florence,9635,0
Michael & Florence,8780,0
Michael & Florence,1995,0
Michael & Florence,3676,0
Michael & Florence,3865,0
Michael & Florence,5591,17
Michael & Florence,5753,0
Michael & Florence,2788,0
Michael & Florence,5186,0
Michael & Florence,3589,0
Michael & Florence,1904,10
Michael & Florence,7969,0
Michael & Florence,5273,0
Michael & Florence,1945,0
Michael & Florence,4416,0
Michael & Florence,6662,0
Michael & Florence,3056,0
Michael & Florence,5877,0
Michael & Florence,6978,0
Michael & Florence,6326,0
Michael & Florence,4262,0
Michael & Florence,3316,0
Michael & Florence,3603,0
Michael & Florence,5370,0
Michael & Florence,1986,0
Michael & Florence,4846,0
Michael & Florence,1278,0
Michael & Florence,3700,0
Michael & Florence,2420,0
Michael & Florence,6661,0
Michael & Florence,870,0
Michael & Florence,7108,0
Michael & Florence,4972,0
Michael & Florence,8634,0
Michael & Florence,2784,0
Michael & Florence,2650,0
Michael & Florence,4005,0
Michael & Florence,3145,0
Michael & Florence,2546,0
Michael & Florence,4773,0
Michael & Florence,3912,0
Michael & Florence,6600,0
Michael & Florence,3731,0
Michael & Florence,2797,0
Michael & Florence,3214,0
Michael & Florence,11493,0
Michael & Florence,1768,0
Michael & Florence,6435,0
Michael & Florence,2480,0
Michael & Florence,7549,0
Michael & Florence,3488,0
Michael & Florence,2052,0
Michael & Florence,3434,0
Michael & Florence,3912,0
Michael & Florence,5467,0
Michael & Florence,4168,0
Michael & Florence,5571,0
Michael & Florence,3085,0
Michael & Florence,3139,0
Michael & Florence,5879,0
Michael & Florence,7158,0
Michael & Florence,4509,0
Michael & Florence,2801,0
Michael & Florence,4123,0
Michael & Florence,2394,0
Michael & Florence,9807,0
Michael & Florence,10355,0
Michael & Florence,6127,0
Michael & Florence,8035,0
Michael & Florence,9565,0
Michael & Florence,2438,0
Michael & Florence,2441,0
Michael & Florence,2698,0
Michael & Florence,2062,0
Michael & Florence,7349,0
Michael & Florence,5383,0
Michael & Florence,2048,0
Michael & Florence,3560,0
Michael & Florence,3100,0
Michael & Florence,4157,0
Michael & Florence,2478,0
Michael & Florence,1959,0
Michael & Florence,2527,0
Michael & Florence,3507,0
Michael & Florence,6143,0
Michael & Florence,1993,0
Michael & Florence,10596,0
Michael & Florence,3878,0
Michael & Florence,3668,0
Michael & Florence,3586,0
Michael & Florence,8373,0
Michael & Florence,5380,0
Michael & Florence,3185,0
Michael & Florence,5157,0
Michael & Florence,2756,0
Michael & Florence,3302,0
Michael & Florence,4623,0
Michael & Florence,6884,0
Michael & Florence,3545,0
Michael & Florence,4804,0
Michael & Florence,3175,0
Michael & Florence,1822,0
Michael & Florence,5568,0
Michael & Florence,4421,0
Michael & Florence,6546,0
Michael & Florence,2081,0
Michael & Florence,3811,0
Michael & Florence,1895,0
Michael & Florence,4269,0
Michael & Florence,3804,0
Michael & Florence,3711,0
Michael & Florence,3459,0
Michael & Florence,3587,0
Michael & Florence,2120,0
Michael & Florence,1831,0
Michael & Florence,4433,0
Michael & Florence,5241,0
Michael & Florence,3569,0
Michael & Florence,4257,0
Michael & Florence,4913,0
Michael & Florence,4506,0
Michael & Florence,2230,0
Michael & Florence,6074,0
Michael & Florence,3437,0
Michael & Florence,9311,0
Michael & Florence,4955,0
Michael & Florence,4996,0
Michael & Florence,6942,0
Michael & Florence,7009,0
Michael & Florence,5989,0
Michael & Florence,5301,0
Michael & Florence,3597,0
Michael & Florence,3856,0
Michael & Florence,880,0
Michael & Florence,3192,0
Michael & Florence,3387,0
Michael & Florence,4633,0
Michael & Florence,4946,0
Michael & Florence,2416,0
Michael & Florence,4765,0
Michael & Florence,3481,0
Michael & Florence,6207,0
Michael & Florence,2302,0
Michael & Florence,4128,0
Michael & Florence,7454,0
Michael & Florence,3913,0
Michael & Florence,6002,0
Michael & Florence,4425,0
Michael & Florence,5794,0
Michael & Florence,8082,0
Michael & Florence,3968,17
Michael & Florence,4703,0
Michael & Florence,5625,0
Michael & Florence,3774,174
Michael & Florence,5567,9
Michael & Florence,1677,17
Michael & Florence,3558,16
Michael & Florence,4354,225
Michael & Florence,3831,17
Michael & Florence,8926,0
Michael & Florence,3468,0
Michael & Florence,6587,0
Michael & Florence,2326,0
Michael & Florence,2456,0
Michael & Florence,7434,0
Michael & Florence,6255,0
Michael & Florence,2466,0
Michael & Florence,2505,0
Michael & Florence,4471,0
Michael & Florence,3934,0
Michael & Florence,5506,0
Michael & Florence,4663,0
Michael & Florence,2565,0
Michael & Florence,7331,0
Michael & Florence,981,0
Michael & Florence,3617,0
Michael & Florence,3105,0
Michael & Florence,3350,0
Michael & Florence,4557,0
Michael & Florence,1031,0
Michael & Florence,4594,0
Michael & Florence,3143,0
Michael & Florence,5992,0
Michael & Florence,6784,0
Michael & Florence,7404,0
Michael & Florence,8753,0
Michael & Florence,3729,0
Michael & Florence,10459,0
Michael & Florence,6413,0
Michael & Florence,3985,0
Michael & Florence,4956,0
Michael & Florence,4436,0
Michael & Florence,2029,0
Michael & Florence,6719,0
Michael & Florence,3621,0
Michael & Florence,3327,0
Michael & Florence,4636,0
Michael & Florence,7051,0
Michael & Florence,7389,0
Michael & Florence,3391,0
Michael & Florence,4221,0
Michael & Florence,5946,0
Michael & Florence,3445,0
Michael & Florence,5311,0
Michael & Florence,3883,0
Michael & Florence,796,0
Michael & Florence,3767,0
Michael & Florence,3128,0
Michael & Florence,3163,0
Michael & Florence,1384,0
Michael & Florence,5246,130
Michael & Florence,7821,287
Michael & Florence,2755,53
Michael & Florence,4720,236
Michael & Florence,1306,242
Michael & Florence,1836,32
Michael & Florence,2128,63
Michael & Florence,1648,28
Michael & Florence,3495,86
Michael & Florence,4398,0
Michael & Florence,1954,0
Michael & Florence,6200,0
Michael & Florence,3681,0
Michael & Florence,3681,0
Michael & Florence,3289,0
Michael & Florence,2951,0
Michael & Florence,5210,0
Michael & Florence,4193,0
Michael & Florence,9914,0
Michael & Florence,5542,0
Michael & Florence,5477,0
Michael & Florence,3345,0
Michael & Florence,4769,0
Michael & Florence,3237,0
Michael & Florence,1178,0
Michael & Florence,1298,0
Michael & Florence,3514,0
Michael & Florence,1526,0
Michael & Florence,2177,0
Michael & Florence,5116,0
Michael & Florence,3508,0
Michael & Florence,2213,0
Michael & Florence,5339,0
Michael & Florence,8468,0
Michael & Florence,1693,0
Michael & Florence,1762,0
Michael & Florence,2172,0
Michael & Florence,3242,0
Michael & Florence,2838,0
Michael & Florence,3698,0
Michael & Florence,1136,0
Michael & Florence,1421,0
Michael & Florence,2198,0
Michael & Florence,5167,0
Michael & Florence,3459,0
Michael & Florence,2927,0
Michael & Florence,1682,0
Michael & Florence,2812,0
Michael & Florence,2560,0
Michael & Florence,1209,0
Michael & Florence,5027,0
Michael & Florence,2891,0
Michael & Florence,5135,0
Michael & Florence,5839,0
Michael & Florence,3172,0
Michael & Florence,4164,0
Michael & Florence,3086,0
Michael & Florence,3127,0
Michael & Florence,1819,0
Michael & Florence,6026,0
Michael & Florence,5916,0
Michael & Florence,9548,0
Michael & Florence,2446,0
Michael & Florence,3211,0
Michael & Florence,3011,0
Michael & Florence,1271,0
Michael & Florence,1508,0
Michael & Florence,3058,0
Michael & Florence,2142,0
Michael & Florence,3022,0
Michael & Florence,2677,0
Michael & Florence,3886,0
Michael & Florence,2439,0
Michael & Florence,1172,0
Michael & Florence,1738,0
Michael & Florence,6118,0
Michael & Florence,3702,0
Michael & Florence,2813,0
Michael & Florence,2465,0
Michael & Florence,3782,0
Michael & Florence,7821,0
Michael & Florence,5406,0
Michael & Florence,3380,0
Michael & Florence,2530,0
Michael & Florence,1707,0
Michael & Florence,5880,0
Michael & Florence,5849,0
Michael & Florence,2333,0
Michael & Florence,1278,0
Michael & Florence,1488,0
Michael & Florence,2171,0
Michael & Florence,7844,0
Michael & Florence,3648,0
Michael & Florence,4711,0
Michael & Florence,1058,0
Michael & Florence,3627,0
Michael & Florence,2618,0
Michael & Florence,3444,0
Michael & Florence,3925,0
Michael & Florence,4616,0
Michael & Florence,4628,0
Michael & Florence,6917,0
Michael & Florence,4498,0
Michael & Florence,3866,0
Michael & Florence,831,0
Michael & Florence,5202,0
Michael & Florence,4163,0
Michael & Florence,3347,0
Michael & Florence,1187,0
Michael & Florence,2425,0
Michael & Florence,4502,0
Michael & Florence,3707,0
Michael & Florence,4787,0
Michael & Florence,2856,0
Michael & Florence,3529,0
Michael & Florence,11358,0
Michael & Florence,5410,0
Michael & Florence,5124,0
Michael & Florence,2113,0
Michael & Florence,3774,0
Michael & Florence,9020,0
Michael & Florence,4769,0
Michael & Florence,5828,0
Michael & Florence,4531,0
Michael & Florence,5361,0
Michael & Florence,3373,0
Michael & Florence,2480,0
Michael & Florence,1499,0
Michael & Florence,2727,0
Michael & Florence,1387,0
Michael & Florence,2633,0
Michael & Florence,1139,0
Michael & Florence,3894,0
Michael & Florence,4877,0
Michael & Florence,6333,0
Michael & Florence,4069,0
Michael & Florence,4267,0
Michael & Florence,2943,0
Michael & Florence,1851,0
Michael & Florence,5884,0
Michael & Florence,2702,0
Michael & Florence,1866,0
Michael & Florence,3201,0
Michael & Florence,2087,0
Michael & Florence,2706,0
Michael & Florence,3658,0
Michael & Florence,3644,0
Michael & Florence,4179,0
Michael & Florence,2354,0
Michael & Florence,1528,0
Michael & Florence,4549,0
Michael & Florence,3152,0
Michael & Florence,1452,0
Michael & Florence,3670,0
Michael & Florence,5093,0
Michael & Florence,4520,0
Michael & Florence,7149,0
Michael & Florence,3074,0
Michael & Florence,2267,0
Michael & Florence,3777,0
Michael & Florence,2618,0
Michael & Florence,4924,0
Michael & Florence,4400,0
Michael & Florence,4151,0
Michael & Florence,7055,0
Michael & Florence,6595,0
Michael & Florence,5553,0
Michael & Florence,5315,0
Michael & Florence,6499,0
Michael & Florence,2803,0
Michael & Florence,2397,0
Michael & Florence,4218,0
Michael & Florence,3773,0
Michael & Florence,4589,0
Michael & Florence,6624,0
Michael & Florence,4710,0
Michael & Florence,6834,0
Michael & Florence,9137,0
Michael & Florence,6799,0
Michael & Florence,4642,0
Michael & Florence,7073,0
Michael & Florence,4764,0
Michael & Florence,2583,0
Michael & Florence,1604,0
Michael & Florence,7260,0
Michael & Florence,3910,0
Michael & Florence,8833,0
Michael & Florence,3454,0
Michael & Florence,7720,68
Michael & Florence,4977,0
Michael & Florence,1254,0
Michael & Florence,4073,0
Michael & Florence,3172,0
Michael & Florence,4785,0
Michael & Florence,1420,0
Michael & Florence,3903,0
Michael & Florence,1435,0
Michael & Florence,3177,0
Michael & Florence,4243,0
Michael & Florence,4128,0
Michael & Florence,5196,0
Michael & Florence,2454,0
Michael & Florence,2109,0
Michael & Florence,3102,0
Michael & Florence,1391,0
Michael & Florence,1397,0
Michael & Florence,1985,0
Michael & Florence,744,0
Michael & Florence,3999,0
Michael & Florence,3534,0
Michael & Florence,9005,0
Michael & Florence,3617,0
Michael & Florence,5312,0
Michael & Florence,8747,0
Michael & Florence,4717,0
Michael & Florence,8375,0
Michael & Florence,5592,0
Michael & Florence,1165,0
Michael & Florence,4867,0
Michael & Florence,4303,0
Michael & Florence,7606,0
Michael & Florence,1690,0
Michael & Florence,5791,0
Michael & Florence,2632,0
Michael & Florence,2659,0
Michael & Florence,3293,0
Michael & Florence,2972,0
Michael & Florence,1376,0
Michael & Florence,3187,0
Michael & Florence,2201,0
Michael & Florence,3079,0
Michael & Florence,7248,0
Michael & Florence,2676,0
Michael & Florence,4149,0
Michael & Florence,3468,0
Michael & Florence,2597,0
Michael & Florence,0,0
Michael & Florence,982,0
Michael & Florence,4874,0
Michael & Florence,4910,0
Michael & Florence,3830,0
Michael & Florence,4461,0
Michael & Florence,6175,0
Michael & Florence,4119,0
Michael & Florence,3247,0
Michael & Florence,4410,0
Michael & Florence,2785,0
Michael & Florence,3237,0
Michael & Florence,2643,0
Michael & Florence,3302,0
Michael & Florence,5039,0
Michael & Florence,3587,0
Michael & Florence,2107,0
Michael & Florence,5899,0
Michael & Florence,6615,0
Michael & Florence,4163,0
Michael & Florence,3769,0
Michael & Florence,2985,0
Michael & Florence,3931,0
Michael & Florence,4389,0
Michael & Florence,3611,0
Michael & Florence,1807,0
Michael & Florence,3511,0
Michael & Florence,2070,0
Michael & Florence,1644,0
Michael & Florence,3362,0
Michael & Florence,4012,0
Michael & Florence,5475,0
Michael & Florence,9564,507
Michael & Florence,5527,120
Michael & Florence,5031,242
Michael & Florence,12930,388
Michael & Florence,6277,268
Michael & Florence,4163,239
Michael & Florence,2771,90
Michael & Florence,2790,364
Michael & Florence,3064,70
Michael & Florence,1297,22
Michael & Florence,1939,78
Michael & Florence,1126,29
Michael & Florence,0,1
Michael & Florence,1174,0
Michael & Florence,1665,0
Michael & Florence,6406,0
Michael & Florence,2324,0
Michael & Florence,1987,0
Michael & Florence,3817,0
Michael & Florence,3020,0
Michael & Florence,3083,0
Michael & Florence,2389,0
Michael & Florence,2008,0
Michael & Florence,1595,0
Michael & Florence,2326,0
Michael & Florence,2567,0
Michael & Florence,1183,0
Michael & Florence,1412,0
Michael & Florence,1278,0
Michael & Florence,3754,0
Michael & Florence,2332,92
Michael & Florence,4648,70
Michael & Florence,1699,36
Michael & Florence,2443,52
Michael & Florence,4646,103
Michael & Florence,1897,83
Michael & Florence,3663,91
Michael & Florence,7379,408
Michael & Florence,7474,313
Michael & Florence,5309,15
Michael & Florence,1682,147
Michael & Florence,1118,26
Michael & Florence,1484,20
Michael & Florence,2288,84
Michael & Florence,3353,90
Michael & Florence,1646,52
Michael & Florence,2735,69
Michael & Florence,2536,73
Michael & Florence,3431,99
Michael & Florence,835,23
Michael & Florence,921,15
Michael & Florence,1504,0
Michael & Florence,5826,0
Michael & Florence,2986,0
Michael & Florence,6420,0
Michael & Florence,1695,0
Michael & Florence,4351,0
Michael & Florence,7584,0
Michael & Florence,2850,0
Michael & Florence,4820,0
Michael & Florence,1728,0
Michael & Florence,1671,42
Michael & Florence,4574,99
Michael & Florence,7322,148
Michael & Florence,9078,291
Michael & Florence,2432,175
Michael & Florence,2506,44
Michael & Florence,1367,3
Michael & Florence,4074,113
Michael & Florence,2829,112
Michael & Florence,4525,42
Michael & Florence,2995,96
Michael & Florence,4230,92
Michael & Florence,2532,0
Michael & Florence,2736,0
Michael & Florence,2721,0
Michael & Florence,5451,0
Michael & Florence,4013,0
Michael & Florence,4064,0
Michael & Florence,3736,0
Michael & Florence,4452,0
Michael & Florence,1663,0
Michael & Florence,3536,0
Michael & Florence,1521,0
Michael & Florence,1759,0
Michael & Florence,2238,0
Michael & Florence,2205,0
Michael & Florence,3217,0
Michael & Florence,3361,0
Michael & Florence,4396,0
Michael & Florence,4002,0
Michael & Florence,3915,0
Michael & Florence,3925,0
Michael & Florence,1349,0
Michael & Florence,5039,0
Michael & Florence,3014,0
Michael & Florence,3563,0
Michael & Florence,7626,0
Michael & Florence,2868,0
Michael & Florence,3795,0
Michael & Florence,4557,0
Michael & Florence,13851,0
Michael & Florence,9119,0
Michael & Florence,6179,0
Michael & Florence,4060,0
Michael & Florence,3737,0
Michael & Florence,3336,0
Michael & Florence,3931,0
Michael & Florence,7631,0
Michael & Florence,2482,0
Michael & Florence,9885,0
Michael & Florence,2049,0
Michael & Florence,419,0
Michael & Florence,2806,0
Michael & Florence,5828,0
Michael & Florence,5051,0
Michael & Florence,1360,0
Michael & Florence,4512,0
Michael & Florence,1214,0
Michael & Florence,2119,0
Michael & Florence,6268,0
Michael & Florence,3328,0
Michael & Florence,6481,0
Michael & Florence,6052,0
Michael & Florence,5305,0
Michael & Florence,5167,0
Michael & Florence,5820,0
Michael & Florence,5354,0
Michael & Florence,8277,0
Michael & Florence,4441,0
Michael & Florence,2443,0
Michael & Florence,3980,0
Michael & Florence,1586,0
Michael & Florence,954,0
Michael & Florence,2494,0
Michael & Florence,920,0
Michael & Florence,1391,0
Michael & Florence,1033,0
Michael & Florence,1295,0
Michael & Florence,2519,0
Michael & Florence,1357,0
Michael & Florence,3335,0
Michael & Florence,1955,0
Michael & Florence,2025,0
Michael & Florence,4935,0
Michael & Florence,5240,0
Michael & Florence,2638,0
Michael & Florence,5293,0
Michael & Florence,7246,0
Michael & Florence,8143,0
Michael & Florence,5105,0
Michael & Florence,3977,0
Michael & Florence,1502,0
Michael & Florence,2909,0
Michael & Florence,2054,0
Michael & Florence,3774,0
Michael & Florence,4605,0
Michael & Florence,2634,0
Michael & Florence,1420,0
Michael & Florence,5310,0
Michael & Florence,4866,0
Michael & Florence,2059,0
Michael & Florence,3512,0
Michael & Florence,5460,0
Michael & Florence,4496,0
Michael & Florence,3430,0
Michael & Florence,3646,0
Michael & Florence,3832,0
Michael & Florence,4867,0
Michael & Florence,4638,171
Michael & Florence,4209,134
Michael & Florence,6956,138
Michael & Florence,4655,0
Michael & Florence,6663,0
Michael & Florence,5263,0
Michael & Florence,4604,111
Michael & Florence,4394,154
Michael & Florence,600,18
Michael & Florence,1440,58
Michael & Florence,8363,390
Michael & Florence,4071,188
Michael & Florence,3718,0
Michael & Florence,5471,0
Michael & Florence,1391,0
Michael & Florence,3451,0
Michael & Florence,3824,0
Michael & Florence,5272,0
Michael & Florence,1875,0
Michael & Florence,4840,0
Michael & Florence,1469,0
Michael & Florence,3980,0
Michael & Florence,2054,0
Michael & Florence,11271,0
Michael & Florence,5328,0
Michael & Florence,6143,0
Michael & Florence,10775,0
Michael & Florence,6372,0
Michael & Florence,5269,159
Michael & Florence,9344,68
Michael & Florence,3158,193
Michael & Florence,6856,412
Michael & Florence,5091,314
Michael & Florence,11757,334
Michael & Florence,4644,148
Michael & Florence,3433,45
Michael & Florence,5463,365
Michael & Florence,5997,345
Michael & Florence,5181,34
Michael & Florence,8284,131
Michael & Florence,19962,712
Michael & Florence,6456,921
Michael & Florence,8756,121
Michael & Florence,11169,691
Michael & Florence,3730,274
Michael & Florence,1119,0
Michael & Florence,3150,0
Michael & Florence,4983,280
Michael & Florence,4068,61
Michael & Florence,1916,0
Michael & Florence,2853,0
Michael & Florence,3247,0
Michael & Florence,1904,0
Michael & Florence,2818,0
Michael & Florence,3084,0
Michael & Florence,4607,0
Michael & Florence,5222,0
Michael & Florence,6773,0
Michael & Florence,3360,0
Michael & Florence,7475,0
Michael & Florence,4750,0
Michael & Florence,6216,0
Michael & Florence,4315,0
Michael & Florence,3189,0
Michael & Florence,3666,0
Michael & Florence,3584,0
Michael & Florence,4414,0
Michael & Florence,2614,0
Michael & Florence,5404,0
Michael & Florence,3385,0
Michael & Florence,10129,0
Michael & Florence,5144,0
Michael & Florence,2134,0
Michael & Florence,10032,0
Michael & Florence,7736,0
Michael & Florence,2856,0
Michael & Florence,4018,0
Michael & Florence,2324,0
Michael & Florence,1831,84
Michael & Florence,1560,68
Michael & Florence,4691,0
Michael & Florence,5411,0
Michael & Florence,3893,0
Michael & Florence,6147,0
Michael & Florence,7568,0
Michael & Florence,7190,0
Michael & Florence,2765,0
Michael & Florence,3656,0
Michael & Florence,2556,0
Michael & Florence,4039,0
Michael & Florence,4811,0
Michael & Florence,4696,0
Michael & Florence,11826,303
Michael & Florence,3959,337
Michael & Florence,4096,163
Michael & Florence,3105,117
Michael & Florence,4263,147
Michael & Florence,1358,49
Michael & Florence,824,66
Michael & Florence,3196,0
Michael & Florence,11142,0
Michael & Florence,6235,442
Michael & Florence,6605,256
Michael & Florence,8316,244
Michael & Florence,5188,431
Michael & Florence,11802,309
Michael & Florence,4903,262
Michael & Florence,4624,1224
Michael & Florence,3140,1788
Michael & Florence,5005,724
Michael & Florence,558,635
Michael & Florence,6931,394
Michael & Florence,12957,714
Michael & Florence,5873,244
Michael & Florence,6143,190
Michael & Florence,0,3
Michael & Florence,4268,0
Michael & Florence,9148,0
Michael & Florence,2855,0
Michael & Florence,2918,0
Michael & Florence,2830,0
Michael & Florence,4260,0
Michael & Florence,0,0
Michael & Florence,0,0
Michael & Florence,0,0
Michael & Florence,3236,0
Michael & Florence,3549,0
Michael & Florence,1008,0
Michael & Florence,5064,0
Michael & Florence,1781,0
Michael & Florence,1441,0
Michael & Florence,7567,330
Michael & Florence,2901,0
Michael & Florence,3633,0
Michael & Florence,1540,0
Michael & Florence,2090,0
Michael & Florence,3658,0
Michael & Florence,2732,0
Michael & Florence,4941,0
Michael & Florence,4408,0
Michael & Florence,4463,0
Michael & Florence,3567,0
Michael & Florence,3280,0
Michael & Florence,4282,0
Michael & Florence,5311,0
Michael & Florence,3231,0
Michael & Florence,4237,0
Michael & Florence,1525,0
Michael & Florence,9888,0
Michael & Florence,2555,0
Michael & Florence,3864,0
Michael & Florence,2168,0
Michael & Florence,3541,0
Michael & Florence,1746,0
Michael & Florence,2473,0
Michael & Florence,6287,0
Michael & Florence,4406,0
Michael & Florence,1218,0
Michael & Florence,7215,0
Michael & Florence,4734,0
Michael & Florence,6934,0
Michael & Florence,2894,0
Michael & Florence,4212,0
Michael & Florence,6368,0
Michael & Florence,3481,0
Michael & Florence,1878,0
Michael & Florence,2601,0
Michael & Florence,1968,0
Michael & Florence,3469,0
Michael & Florence,3658,0
Michael & Florence,2061,0
Michael & Florence,2409,0
Michael & Florence,5475,0
Michael & Florence,3898,0
Michael & Florence,7777,0
Michael & Florence,2597,0
Michael & Florence,3908,0
Michael & Florence,2939,0
Michael & Florence,3610,0
Michael & Florence,1544,0
Michael & Florence,4643,338
Michael & Florence,2966,342
Michael & Florence,2583,183
Michael & Florence,10840,558
Michael & Florence,5609,185
Michael & Florence,2707,56
Michael & Florence,1937,54
Michael & Florence,4546,124
Michael & Florence,4795,222
Michael & Florence,7656,144
Michael & Florence,5796,109
Michael & Florence,2960,156
Michael & Florence,3130,118
Michael & Florence,3842,0
Michael & Florence,2242,0
Michael & Florence,5047,0
Michael & Florence,7051,0
Michael & Florence,6282,0
Michael & Florence,2366,0
Michael & Florence,7356,0
Michael & Florence,4147,0
Michael & Florence,3837,0
Michael & Florence,2464,0
Michael & Florence,5177,0
Michael & Florence,4106,0
Michael & Florence,3727,0
Michael & Florence,3603,0
Michael & Florence,2478,0
Michael & Florence,3630,0
Michael & Florence,2369,0
Michael & Florence,2084,0
Michael & Florence,4719,0
Michael & Florence,1777,0
Michael & Florence,3313,0
Michael & Florence,2916,0
Michael & Florence,1657,0
Michael & Florence,4626,0
Michael & Florence,17121,0
Michael & Florence,1558,0
Michael & Florence,1230,0
Michael & Florence,6128,0
Michael & Florence,3676,0
Michael & Florence,2636,0
Michael & Florence,4514,0
Michael & Florence,3676,0
Michael & Florence,6424,0
Michael & Florence,2510,0
Michael & Florence,3709,0
Michael & Florence,2909,0
Michael & Florence,7352,0
Michael & Florence,8166,0
Michael & Florence,1997,0
Michael & Florence,6950,0
Michael & Florence,1995,0
Michael & Florence,6390,0
Michael & Florence,4565,0
Michael & Florence,3644,0
Michael & Florence,2861,0
Michael & Florence,3578,0
Michael & Florence,3249,0
Michael & Florence,4787,0
Michael & Florence,6292,0
Michael & Florence,2437,0
Michael & Florence,2522,87
Michael & Florence,3962,132
Michael & Florence,2492,76
Michael & Florence,4482,0
Michael & Florence,4026,0
Michael & Florence,3459,0
Michael & Florence,2510,0
Michael & Florence,2542,0
Michael & Florence,4009,0
Michael & Florence,4684,0
Michael & Florence,5564,0
Michael & Florence,5938,0
Michael & Florence,2488,0
Michael & Florence,2972,0
Michael & Florence,2707,0
Michael & Florence,3037,0
Michael & Florence,2557,0
Michael & Florence,4015,0
Michael & Florence,6450,0
Michael & Florence,4551,0
Michael & Florence,6088,0
Michael & Florence,1579,0
Michael & Florence,3322,180
Michael & Florence,3744,0
Michael & Florence,3815,0
Michael & Florence,6530,0
Michael & Florence,2864,0
Michael & Florence,1445,0
Michael & Florence,1696,0
Michael & Florence,1814,0
Michael & Florence,3849,0
Michael & Florence,7817,0
Michael & Florence,10211,0
Michael & Florence,7686,0
Michael & Florence,12718,0
Michael & Florence,3185,0
Michael & Florence,5449,20
Michael & Florence,4448,30
Michael & Florence,4502,0
Michael & Florence,5617,145
Michael & Florence,2522,0
Michael & Florence,3879,19
Michael & Florence,1939,0
Michael & Florence,2132,0
Michael & Florence,3550,0
Michael & Florence,1586,0
Michael & Florence,4020,0
Michael & Florence,6251,0
Michael & Florence,4773,0
Michael & Florence,4604,0
Michael & Florence,4203,0
Michael & Florence,2327,0
Michael & Florence,10552,0
Michael & Florence,4787,0
Michael & Florence,2642,0
Michael & Florence,3335,0
Michael & Florence,2599,0
Michael & Florence,2266,0
Michael & Florence,3176,0
Michael & Florence,4768,0
Michael & Florence,4087,0
Michael & Florence,3306,0
Michael & Florence,6047,0
Michael & Florence,5782,0
Michael & Florence,5064,0
Michael & Florence,5875,0
Michael & Florence,2548,0
Michael & Florence,2051,0
Michael & Florence,1824,0
Michael & Florence,2433,0
Michael & Florence,4384,0
Michael & Florence,7499,0
Michael & Florence,7963,0
Michael & Florence,3149,0
Michael & Florence,4030,0
Michael & Florence,3172,0
Michael & Florence,1359,40
Michael & Florence,2873,102
Michael & Florence,3278,96
Michael & Florence,3297,173
Michael & Florence,3190,105
Michael & Florence,2145,55
Michael & Florence,1522,82
Michael & Florence,2848,0
Michael & Florence,6626,0
Michael & Florence,3624,0
Michael & Florence,2727,0
Michael & Florence,14631,0
Michael & Florence,11132,0
Michael & Florence,6317,0
Michael & Florence,8494,0
Michael & Florence,5712,0
Michael & Florence,3871,0
Michael & Florence,6155,0
Michael & Florence,8410,0
Michael & Florence,9195,0
Michael & Florence,5798,0
Michael & Florence,4729,0
Michael & Florence,5269,0
Michael & Florence,6051,0
Michael & Florence,2934,0
Michael & Florence,2495,0
Michael & Florence,7759,0
Michael & Florence,3480,0
Michael & Florence,4218,0
Michael & Florence,4462,0
Michael & Florence,8410,0
Michael & Florence,4151,0
Michael & Florence,5340,0
Michael & Florence,5009,0
Michael & Florence,5516,0
Michael & Florence,4009,0
Michael & Florence,11749,0
Michael & Florence,3173,0
Michael & Florence,5529,0
Michael & Florence,2096,0
Michael & Florence,4043,0
Michael & Florence,3365,0
Michael & Florence,2122,0
Michael & Florence,3395,0
Michael & Florence,1441,0
Michael & Florence,2394,0
Michael & Florence,925,0
Michael & Florence,2031,0
Michael & Florence,3912,0
Michael & Florence,4491,0
Michael & Florence,5482,0
Michael & Florence,1930,0
Michael & Florence,2336,0
Michael & Florence,1565,0
Michael & Florence,1861,0
Michael & Florence,7860,0
Michael & Florence,3774,0
Michael & Florence,6379,0
Michael & Florence,3815,0
Michael & Florence,4100,0
Michael & Florence,4835,0
Michael & Florence,5289,0
Michael & Florence,3596,0
Michael & Florence,5186,0
Michael & Florence,4594,0
Michael & Florence,2591,0
Michael & Florence,3816,0
Michael & Florence,3967,0
Michael & Florence,1142,0
Michael & Florence,3591,0
Michael & Florence,2689,0
Michael & Florence,3132,0
Michael & Florence,2691,0
Michael & Florence,5838,0
Michael & Florence,4853,0
Michael & Florence,5923,0
Michael & Florence,1806,0
Michael & Florence,4243,0
Michael & Florence,5428,0
Michael & Florence,5112,0
Michael & Florence,2661,0
Michael & Florence,2938,0
Michael & Florence,2249,0
Michael & Florence,5457,0
Michael & Florence,2908,0
Michael & Florence,2723,0
Michael & Florence,4089,0
Michael & Florence,2264,0
Michael & Florence,2104,0
Michael & Florence,8896,0
Michael & Florence,1740,0
Michael & Florence,1747,0
Michael & Florence,3091,0
Michael & Florence,3881,0
Michael & Florence,3817,0
Michael & Florence,2259,0
Michael & Florence,1598,0
Michael & Florence,3285,0
Michael & Florence,3949,0
Michael & Florence,1521,0
Michael & Florence,1960,0
Michael & Florence,1579,0
Michael & Florence,5814,0
Michael & Florence,2324,0
Michael & Florence,3454,0
Michael & Florence,3218,128
Michael & Florence,2597,136
Michael & Florence,1904,32
Michael & Florence,1596,52
Michael & Florence,2247,52
Michael & Florence,2380,84
Michael & Florence,2579,125
Michael & Florence,1262,36
Michael & Florence,1589,42
Michael & Florence,2448,73
Michael & Florence,1386,35
Michael & Florence,4342,145
Michael & Florence,4078,192
Michael & Florence,951,92
Michael & Florence,3747,84
Michael & Florence,2377,0
Michael & Florence,1893,0
Michael & Florence,2009,0
Michael & Florence,5076,0
Michael & Florence,6858,0
Michael & Florence,4777,0
Michael & Florence,2902,0
Michael & Florence,2307,0
Michael & Florence,1560,0
Michael & Florence,3374,0
Michael & Florence,2125,0
Michael & Florence,4742,0
Michael & Florence,1710,0
Michael & Florence,9072,0
Michael & Florence,3027,0
Michael & Florence,5862,0
Michael & Florence,8480,0
Michael & Florence,2723,0
Michael & Florence,5151,0
Michael & Florence,4069,0
Michael & Florence,2538,0
Michael & Florence,5874,0
Michael & Florence,3862,0
Michael & Florence,6106,0
Michael & Florence,5054,0
Michael & Florence,1148,0
Michael & Florence,3594,0
Michael & Florence,4363,0
Michael & Florence,3920,0
Michael & Florence,2351,0
Michael & Florence,6379,0
Michael & Florence,3328,0
Michael & Florence,3763,0
Michael & Florence,3912,0
Michael & Florence,5912,0
Michael & Florence,3622,0
Michael & Florence,9362,0
Michael & Florence,5309,0
Michael & Florence,6991,0
Michael & Florence,2617,0
Michael & Florence,9494,0
Michael & Florence,10870,0
Michael & Florence,7767,0
Michael & Florence,3093,0
Michael & Florence,7594,0
Michael & Florence,4249,0
Michael & Florence,3868,0
Michael & Florence,7840,0
Michael & Florence,11973,0
Michael & Florence,9867,0
Michael & Florence,5528,0
Michael & Florence,5218,0
Michael & Florence,1348,0
Michael & Florence,4549,0
Michael & Florence,4657,0
Michael & Florence,4273,0
Michael & Florence,13020,0
Michael & Florence,3735,0
Michael & Florence,3712,0
Michael & Florence,2178,0
Michael & Florence,1787,0
Michael & Florence,2957,0
Michael & Florence,4324,0
Michael & Florence,1392,0
Michael & Florence,1717,0
Michael & Florence,1821,0
Michael & Florence,2103,0
Michael & Florence,3378,0
Michael & Florence,1954,15
Michael & Florence,2009,0
Michael & Florence,1453,0
Michael & Florence,2999,0
Michael & Florence,1979,0
Michael & Florence,1910,0
Michael & Florence,3892,0
Michael & Florence,1611,0
Michael & Florence,1799,0
Michael & Florence,1534,0
Michael & Florence,3660,0
Michael & Florence,3023,0
Michael & Florence,2049,0
Michael & Florence,4447,0
Michael & Florence,2175,0
Michael & Florence,3711,107
Michael & Florence,12176,0
Michael & Florence,4098,0
Michael & Florence,2466,0
Michael & Florence,5210,0
Michael & Florence,8254,0
Michael & Florence,2774,0
Michael & Florence,4205,0
Michael & Florence,3467,0
Michael & Florence,2115,0
Michael & Florence,2279,0
Michael & Florence,1946,0
Michael & Florence,3484,80
Michael & Florence,1757,0
Michael & Florence,3678,0
Michael & Florence,3987,0
Michael & Florence,2011,40
Michael & Florence,8178,0
Michael & Florence,2821,0
Michael & Florence,5382,0
Michael & Florence,3606,2
Michael & Florence,2896,15
Michael & Florence,3305,4
Michael & Florence,1544,23
Michael & Florence,3461,0
Michael & Florence,3983,0
Michael & Florence,5188,0
Michael & Florence,6276,0
Michael & Florence,4424,0
Michael & Florence,5243,0
Michael & Florence,3033,0
Michael & Florence,2973,0
Michael & Florence,3549,0
Michael & Florence,3346,0
Michael & Florence,2998,0
Michael & Florence,4510,0
Michael & Florence,8093,0
Michael & Florence,2891,0
Michael & Florence,3629,0
Michael & Florence,2320,0
Michael & Florence,2069,0
Michael & Florence,6556,0
Michael & Florence,2858,0
Michael & Florence,7120,0
Michael & Florence,7237,0
Michael & Florence,6262,0
Michael & Florence,5719,0
Michael & Florence,4074,0
Michael & Florence,4193,0
Michael & Florence,2726,0
Michael & Florence,4676,0
Michael & Florence,6347,0
Michael & Florence,4204,0
Michael & Florence,3592,0
Michael & Florence,2539,0
Michael & Florence,4835,0
Michael & Florence,1459,0
Michael & Florence,4511,0
Michael & Florence,4104,0
Michael & Florence,3010,0
Michael & Florence,3385,0
Michael & Florence,5367,0
Michael & Florence,8139,0
Michael & Florence,2218,0
Michael & Florence,1741,0
Michael & Florence,2306,0
Michael & Florence,2014,0
Michael & Florence,0,136
Michael & Florence,2138,0
Michael & Florence,3749,0
Michael & Florence,2091,0
Michael & Florence,3281,0
Michael & Florence,2859,0
Michael & Florence,3090,0
Michael & Florence,2133,0
Michael & Florence,4482,0
Michael & Florence,2851,0
Michael & Florence,3487,0
Michael & Florence,2261,0
Michael & Florence,5318,0
Michael & Florence,6716,0
Michael & Florence,3643,0
Michael & Florence,13787,0
Michael & Florence,4407,0
Michael & Florence,6191,0
Michael & Florence,7359,0
Michael & Florence,3655,0
Michael & Florence,7242,0
Michael & Florence,2296,0
Michael & Florence,4909,0
Michael & Florence,5754,0
Michael & Florence,6475,0
Michael & Florence,4147,0
Michael & Florence,1222,0
Michael & Florence,5722,0
Michael & Florence,5184,0
Michael & Florence,4437,0
Michael & Florence,3956,0
Michael & Florence,10798,0
Michael & Florence,5464,0
Michael & Florence,6613,0
Michael & Florence,3226,0
Michael & Florence,4974,0
Michael & Florence,3934,0
Michael & Florence,3824,0
Michael & Florence,4398,0
Michael & Florence,3096,0
Michael & Florence,4934,0
Michael & Florence,3479,0
Michael & Florence,3981,0
Michael & Florence,5453,0
Michael & Florence,2292,0
Michael & Florence,6020,0
Michael & Florence,1941,0
Michael & Florence,1077,0
Michael & Florence,6216,0
Michael & Florence,1862,0
Michael & Florence,7951,0
Michael & Florence,6871,0
Michael & Florence,5811,0
Michael & Florence,6424,0
Michael & Florence,5384,0
Michael & Florence,1434,0
Michael & Florence,7408,0
Michael & Florence,3780,0
Michael & Florence,4572,0
Michael & Florence,5978,0
Michael & Florence,2897,0
Michael & Florence,4904,0
Michael & Florence,4344,0
Michael & Florence,3736,0
Michael & Florence,5136,0
Michael & Florence,4409,0
Michael & Florence,4439,0
Michael & Florence,2464,0
Michael & Florence,4406,0
Michael & Florence,2703,0
Michael & Florence,2490,0
Michael & Florence,3274,0
Michael & Florence,3425,0
Michael & Florence,2664,0
Michael & Florence,6361,0
Michael & Florence,6137,0
Michael & Florence,3383,0
Michael & Florence,2302,0
Michael & Florence,2393,0
Michael & Florence,3584,0
Michael & Florence,2941,0
Michael & Florence,3735,0
Michael & Florence,2958,0
Michael & Florence,2513,0
Michael & Florence,4592,0
Michael & Florence,3016,0
Michael & Florence,3123,0
Michael & Florence,6416,74
Michael & Florence,3660,232
Michael & Florence,5245,106
Michael & Florence,2490,94
Michael & Florence,6000,0
Michael & Florence,3832,0
Michael & Florence,3992,0
Michael & Florence,2922,0
Michael & Florence,2183,0
Michael & Florence,3715,0
Michael & Florence,3878,0
Michael & Florence,3768,0
Michael & Florence,2553,0
Michael & Florence,1860,0
Michael & Florence,4717,0
Michael & Florence,4882,0
Michael & Florence,3820,0
Michael & Florence,5553,0
Michael & Florence,6507,0
Michael & Florence,4841,0
Michael & Florence,4849,0
Michael & Florence,5386,0
Michael & Florence,2967,0
Michael & Florence,3619,0
Michael & Florence,7432,0
Michael & Florence,4187,0
Michael & Florence,4519,0
Michael & Florence,2205,0
Michael & Florence,5240,0
Michael & Florence,6958,0
Michael & Florence,6111,0
Michael & Florence,3953,0
Michael & Florence,2253,0
Michael & Florence,2075,0
Michael & Florence,6389,0
Michael & Florence,2730,0
Michael & Florence,3940,0
Michael & Florence,3589,0
Michael & Florence,3667,0
Michael & Florence,4308,0
Michael & Florence,2460,0
Michael & Florence,975,0
Michael & Florence,2289,0
Michael & Florence,6200,0
Michael & Florence,2841,0
Michael & Florence,9952,0
Michael & Florence,1466,0
Michael & Florence,1358,0
Michael & Florence,1443,0
Michael & Florence,5189,0
Michael & Florence,3993,0
Michael & Florence,3987,0
Michael & Florence,2541,0
Michael & Florence,3117,0
Michael & Florence,2816,0
Michael & Florence,5682,0
Michael & Florence,2959,0
Michael & Florence,5571,0
Michael & Florence,1436,0
Michael & Florence,2238,0
Michael & Florence,2238,0
Michael & Florence,1898,0
Michael & Florence,8504,0
Michael & Florence,7058,0
Michael & Florence,2961,0
Michael & Florence,2560,0
Michael & Florence,6133,0
Michael & Florence,3873,0
Michael & Florence,6131,0
Michael & Florence,4305,0
Michael & Florence,3155,0
Michael & Florence,1143,0
Michael & Florence,3876,0
Michael & Florence,5197,0
Michael & Florence,17488,0
Michael & Florence,8230,0
Michael & Florence,2976,0
Michael & Florence,6190,0
Michael & Florence,4784,0
Michael & Florence,5596,0
Michael & Florence,3441,0
Michael & Florence,3448,0
Michael & Florence,5131,0
Michael & Florence,6325,0
Michael & Florence,4743,0
Michael & Florence,1913,0
Michael & Florence,4848,0
Michael & Florence,3484,0
Michael & Florence,2230,0
Michael & Florence,4148,0
Michael & Florence,5146,0
Michael & Florence,2385,0
Michael & Florence,2913,0
Michael & Florence,2348,0
Michael & Florence,5460,0
Michael & Florence,4922,0
Michael & Florence,3354,0
Michael & Florence,4081,0
Michael & Florence,3723,0
Michael & Florence,6374,0
Michael & Florence,7031,0
Michael & Florence,7142,0
Michael & Florence,5678,0
Michael & Florence,4196,0
Michael & Florence,1835,0
Michael & Florence,4160,0
Michael & Florence,3665,0
Michael & Florence,4910,0
Michael & Florence,6318,0
Michael & Florence,3761,0
Michael & Florence,2782,0
Michael & Florence,4380,0
Michael & Florence,5966,0
Michael & Florence,2813,0
Michael & Florence,4689,0
Michael & Florence,4319,0
Michael & Florence,3558,0
Michael & Florence,5271,180
Michael & Florence,2232,32
Michael & Florence,981,3
Michael & Florence,4312,25
Michael & Florence,2878,0
Michael & Florence,1969,0
Michael & Florence,5819,0
Michael & Florence,3599,0
Michael & Florence,2620,0
Michael & Florence,2895,0
Michael & Florence,2418,0
Michael & Florence,2241,0
Michael & Florence,2068,0
Michael & Florence,4372,0
Michael & Florence,4330,0
Michael & Florence,4571,0
Michael & Florence,1247,0
Michael & Florence,2046,0
Michael & Florence,2502,0
Michael & Florence,4029,0
Michael & Florence,4693,0
Michael & Florence,5527,0
Michael & Florence,6763,0
Michael & Florence,5013,0
Michael & Florence,6501,0
Michael & Florence,2329,0
Michael & Florence,3908,0
Michael & Florence,6302,0
Michael & Florence,2929,0
Michael & Florence,1609,0
Michael & Florence,4027,0
Michael & Florence,9829,0
Michael & Florence,3584,0
Michael & Florence,5858,0
Michael & Florence,4480,0
Michael & Florence,5554,0
Michael & Florence,3285,0
Michael & Florence,2645,0
Michael & Florence,7134,0
Michael & Florence,4304,0
Michael & Florence,5939,0
Michael & Florence,4230,2
Michael & Florence,2010,14
Michael & Florence,5186,3
Michael & Florence,5546,90
Michael & Florence,4139,0
Michael & Florence,4198,146
Michael & Florence,2975,0
Michael & Florence,4157,0
Michael & Florence,6113,0
Michael & Florence,4,0
Michael & Florence,4445,0
Michael & Florence,6136,0
Michael & Florence,4049,0
Michael & Florence,1352,0
Michael & Florence,2741,0
Michael & Florence,9572,0
Michael & Florence,8320,0
Michael & Florence,2106,0
Michael & Florence,1445,0
Michael & Florence,3753,0
Michael & Florence,4278,0
Michael & Florence,709,0
Michael & Florence,2738,0
Michael & Florence,2874,0
Michael & Florence,2823,0
Michael & Florence,5834,0
Michael & Florence,3631,0
Michael & Florence,4471,0
Michael & Florence,2788,0
Michael & Florence,4206,0
Michael & Florence,5284,0
Michael & Florence,3944,0
Michael & Florence,2032,0
Michael & Florence,2266,0
Michael & Florence,4069,0
Michael & Florence,3397,0
Michael & Florence,2533,0
Michael & Florence,2955,0
Michael & Florence,4435,0
Michael & Florence,3962,0
Michael & Florence,5105,0
Michael & Florence,5365,0
Michael & Florence,2934,0
Michael & Florence,3330,0
Michael & Florence,3320,0
Michael & Florence,4157,0
Michael & Florence,4125,0
Michael & Florence,1818,0
Michael & Florence,5254,0
Michael & Florence,1392,0
Michael & Florence,4292,0
Michael & Florence,8137,0
Michael & Florence,4620,0
Michael & Florence,4198,0
Michael & Florence,4091,0
Michael & Florence,4445,0
Michael & Florence,6376,0
Michael & Florence,8501,0
Michael & Florence,2263,0
Michael & Florence,3703,0
Michael & Florence,6664,0
Michael & Florence,5783,0
Michael & Florence,4887,0
Michael & Florence,4203,0
Michael & Florence,2485,0
Michael & Florence,2804,0
Michael & Florence,2094,0
Michael & Florence,7497,0
Michael & Florence,3761,0
Michael & Florence,3000,0
Michael & Florence,3606,0
Michael & Florence,2801,0
Michael & Florence,5296,0
Michael & Florence,6496,0
Michael & Florence,5254,0
Michael & Florence,3599,0
Michael & Florence,6605,0
Michael & Florence,5781,0
Michael & Florence,3032,0
Michael & Florence,4063,0
Michael & Florence,6836,0
Michael & Florence,4944,0
Michael & Florence,3096,0
Michael & Florence,3153,0
Michael & Florence,3884,0
Michael & Florence,4161,0
Michael & Florence,5980,0
Michael & Florence,4545,0
Michael & Florence,3916,0
Michael & Florence,2146,0
Michael & Florence,3322,0
Michael & Florence,2514,0
Michael & Florence,5937,0
Michael & Florence,6694,94
Michael & Florence,7687,0
Michael & Florence,7433,2
Michael & Florence,2357,0
Michael & Florence,3496,0
Michael & Florence,1922,0
Michael & Florence,8170,0
Michael & Florence,2764,0
Michael & Florence,2238,0
Michael & Florence,2186,0
Michael & Florence,6370,0
Michael & Florence,2135,0
Michael & Florence,5586,0
Michael & Florence,2611,0
Michael & Florence,3683,0
Michael & Florence,2413,0
Michael & Florence,3904,0
Michael & Florence,1779,0
Michael & Florence,4165,0
Michael & Florence,2350,0
Michael & Florence,5051,0
Michael & Florence,4267,0
Michael & Florence,2158,0
Michael & Florence,4250,0
Michael & Florence,6890,0
Michael & Florence,7027,0
Michael & Florence,2937,0
Michael & Florence,5402,0
Michael & Florence,5327,0
Michael & Florence,2888,0
Michael & Florence,3786,0
Michael & Florence,3885,0
Michael & Florence,6582,0
Michael & Florence,7005,0
Michael & Florence,3656,0
Michael & Florence,3711,0
Michael & Florence,5882,0
Michael & Florence,4773,0
Michael & Florence,5549,0
Michael & Florence,5660,0
Michael & Florence,2963,0
Michael & Florence,5425,0
Michael & Florence,4255,0
Michael & Florence,6350,0
Michael & Florence,4603,0
Michael & Florence,4504,0
Michael & Florence,3104,0
Michael & Florence,4642,0
Michael & Florence,3765,0
Michael & Florence,4106,0
Michael & Florence,5778,0
Michael & Florence,4528,0
Michael & Florence,3228,0
Michael & Florence,4839,0
Michael & Florence,2748,0
Michael & Florence,1494,0
Michael & Florence,3881,0
Michael & Florence,3120,0
Michael & Florence,3656,0
Michael & Florence,2724,0
Michael & Florence,1965,0
Michael & Florence,4825,0
Michael & Florence,3138,0
Michael & Florence,2398,0
Michael & Florence,4567,0
Michael & Florence,3034,0
Michael & Florence,4006,0
Michael & Florence,3185,0
Michael & Florence,5763,0
Michael & Florence,5177,0
Michael & Florence,3962,0
Michael & Florence,6536,0
Michael & Florence,2787,0
Michael & Florence,5297,0
Michael & Florence,5431,0
Michael & Florence,4533,0
Michael & Florence,5690,0
Michael & Florence,4622,0
Michael & Florence,4680,0
Michael & Florence,3848,0
Michael & Florence,3497,0
Michael & Florence,2604,0
Michael & Florence,2968,0
Michael & Florence,3057,0
Michael & Florence,2570,0
Michael & Florence,3474,0
Michael & Florence,3611,0
Michael & Florence,4315,0
Michael & Florence,4983,0
Michael & Florence,2342,0
Michael & Florence,1553,0
Michael & Florence,1221,0
Michael & Florence,4673,0
Michael & Florence,3704,0
Michael & Florence,3442,0
Michael & Florence,9156,0
Michael & Florence,2447,0
Michael & Florence,3036,0
Michael & Florence,5028,0
Michael & Florence,4329,0
Michael & Florence,3130,0
Michael & Florence,5907,0
Michael & Florence,5658,0
Michael & Florence,2852,0
Michael & Florence,2581,0
Michael & Florence,4414,0
Michael & Florence,2612,0
Michael & Florence,4087,0
Michael & Florence,4092,0
Michael & Florence,4817,0
Michael & Florence,4938,0
Michael & Florence,3607,0
Michael & Florence,1376,0
Michael & Florence,3054,0
Michael & Florence,5016,0
Michael & Florence,2826,0
Michael & Florence,4297,0
Michael & Florence,6795,0
Michael & Florence,6889,0
Michael & Florence,3963,0
Michael & Florence,7680,0
Michael & Florence,5226,0
Michael & Florence,3119,0
Michael & Florence,4957,40
Michael & Florence,2264,0
Michael & Florence,1786,0
Michael & Florence,4851,0
Michael & Florence,5712,0
Michael & Florence,3301,0
Michael & Florence,3893,0
Michael & Florence,1758,0
Michael & Florence,8319,0
Michael & Florence,5068,0
Michael & Florence,2988,0
Michael & Florence,6553,0
Michael & Florence,5264,0
Michael & Florence,1900,0
Michael & Florence,3230,0
Michael & Florence,4979,0
Michael & Florence,5051,0
Michael & Florence,2653,0
Michael & Florence,4275,0
Michael & Florence,2540,0
Michael & Florence,6568,0
Michael & Florence,3655,0
Michael & Florence,4118,0
Michael & Florence,1616,0
Michael & Florence,4926,0
Michael & Florence,6081,0
Michael & Florence,4792,0
Michael & Florence,3876,0
Michael & Florence,4225,0
Michael & Florence,10240,0
Michael & Florence,5063,0
Michael & Florence,2883,0
Michael & Florence,6557,0
Michael & Florence,4598,0
Michael & Florence,6105,0
Michael & Florence,2738,0
Michael & Florence,9764,0
Michael & Florence,2691,0
Michael & Florence,4869,0
Michael & Florence,8376,0
Michael & Florence,2889,0
Michael & Florence,6470,0
Michael & Florence,9934,0
Michael & Florence,3302,0
Michael & Florence,3236,0
Michael & Florence,4880,0
Michael & Florence,3988,0
Michael & Florence,3101,0
Michael & Florence,5263,0
Michael & Florence,6296,0
Michael & Florence,5389,0
Michael & Florence,6300,0
Michael & Florence,5454,0
Michael & Florence,6989,0
Michael & Florence,3271,0
Michael & Florence,3482,0
Michael & Florence,5231,0
Michael & Florence,7021,0
Michael & Florence,7680,0
Michael & Florence,10471,0
Michael & Florence,7741,0
Michael & Florence,3316,0
Michael & Florence,3586,0
Michael & Florence,8561,0
Michael & Florence,8982,0
Michael & Florence,2786,0
Michael & Florence,6327,0
Michael & Florence,8990,0
Michael & Florence,4425,0
Michael & Florence,6457,0
Michael & Florence,4374,0
Michael & Florence,3599,0
Michael & Florence,3781,0
Michael & Florence,4752,0
Michael & Florence,4403,0
Michael & Florence,8183,0
Michael & Florence,3259,0
Michael & Florence,6264,0
Michael & Florence,5447,0
Michael & Florence,9491,0
Michael & Florence,289,0
Michael & Florence,3893,0
Michael & Florence,2485,0
Michael & Florence,4524,0
Michael & Florence,2783,0
Michael & Florence,2978,0
Michael & Florence,4984,0
Michael & Florence,5079,0
Michael & Florence,2741,0
Michael & Florence,6562,0
Michael & Florence,2067,0
Michael & Florence,2589,0
Michael & Florence,2248,0
Michael & Florence,5430,0
Michael & Florence,7313,0
Michael & Florence,3410,0
Michael & Florence,0,0
Michael & Florence,6243,0
Michael & Florence,7691,0
Michael & Florence,2870,0
Michael & Florence,4681,0
Michael & Florence,3924,0
Michael & Florence,3210,0
Michael & Florence,2837,0
Michael & Florence,4399,0
Michael & Florence,6056,0
Michael & Florence,6457,0
Michael & Florence,2686,0
Michael & Florence,5870,0
Michael & Florence,5783,0
Michael & Florence,4225,0
Michael & Florence,6342,0
Michael & Florence,11733,0
Michael & Florence,4302,0
Michael & Florence,4701,0
Michael & Florence,5738,0
Michael & Florence,6235,0
Michael & Florence,5708,0
Michael & Florence,5576,0
Michael & Florence,4161,0
Michael & Florence,4147,0
Michael & Florence,7407,0
Michael & Florence,8887,0
Michael & Florence,8460,0
Michael & Florence,8304,0
Michael & Florence,29662,0
Michael & Florence,5986,0
Michael & Florence,8699,0
Michael & Florence,5211,0
Michael & Florence,5659,0
Michael & Florence,2563,0
Michael & Florence,4375,0
Michael & Florence,10319,0
Michael & Florence,4160,0
Michael & Florence,2400,0
Michael & Florence,4060,0
Michael & Florence,5966,0
Michael & Florence,7062,0
Michael & Florence,6484,0
Michael & Florence,5884,0
Michael & Florence,6157,0
Michael & Florence,8649,0
Michael & Florence,4370,0
Michael & Florence,1829,0
Michael & Florence,2131,0
Michael & Florence,2326,0
Michael & Florence,3039,0
Michael & Florence,1538,0
Michael & Florence,5168,0
Michael & Florence,3690,0
Michael & Florence,2473,0
Michael & Florence,6784,0
Michael & Florence,5228,0
Michael & Florence,5523,0
Michael & Florence,4210,0
Michael & Florence,12464,0
Michael & Florence,3186,0
Michael & Florence,5297,0
Michael & Florence,3196,0
Michael & Florence,4628,0
Michael & Florence,5001,0
Michael & Florence,2503,0
Michael & Florence,3613,0
Michael & Florence,2989,0
Michael & Florence,7222,0
Michael & Florence,2442,0
Michael & Florence,3743,0
Michael & Florence,4092,0
Michael & Florence,6024,0
Michael & Florence,5863,0
Michael & Florence,1617,0
Michael & Florence,3054,0
Michael & Florence,5498,0
Michael & Florence,2865,0
Michael & Florence,3997,0
Michael & Florence,1427,0
Michael & Florence,3753,0
Michael & Florence,2021,0
Michael & Florence,2363,0
Michael & Florence,1646,0
Michael & Florence,5652,0
Michael & Florence,6582,0
Michael & Florence,9934,0
Michael & Florence,2719,0
Michael & Florence,3435,0
Michael & Florence,5332,0
Michael & Florence,2561,0
Michael & Florence,5317,0
Michael & Florence,4941,0
Michael & Florence,4053,0
Michael & Florence,3679,67
Michael & Florence,1404,33
Michael & Florence,2540,0
Michael & Florence,4403,0
Michael & Florence,4286,0
Michael & Florence,9251,0
Michael & Florence,7199,0
Michael & Florence,5608,0
Michael & Florence,8366,0
Michael & Florence,10109,0
Michael & Florence,5028,0
Michael & Florence,4048,0
Michael & Florence,5719,0
Michael & Florence,3780,0
Michael & Florence,5855,0
Michael & Florence,3630,0
Michael & Florence,8095,0
Michael & Florence,5825,0
Michael & Florence,4201,0
Michael & Florence,3105,0
Michael & Florence,2799,0
Michael & Florence,756,0
Michael & Florence,2019,0
Michael & Florence,3163,0
Michael & Florence,5154,0
Michael & Florence,5471,0
Michael & Florence,8143,0
Michael & Florence,6437,0
Michael & Florence,8891,0
Michael & Florence,4444,0
Michael & Florence,3047,0
Michael & Florence,3563,0
Michael & Florence,16277,0
Michael & Florence,13284,0
Michael & Florence,4722,0
Michael & Florence,11406,0
Michael & Florence,7806,0
Michael & Florence,2947,0
Michael & Florence,5489,0
Michael & Florence,4614,0
Michael & Florence,5644,0
Michael & Florence,6430,0
Michael & Florence,4534,0
Michael & Florence,7553,0
Michael & Florence,9910,0
Michael & Florence,5200,0
Michael & Florence,3644,0
Michael & Florence,0,0
Michael & Florence,3361,0
Michael & Florence,5116,0
Michael & Florence,2983,0
Michael & Florence,4595,0
Michael & Florence,3051,0
Michael & Florence,1663,0
Michael & Florence,3045,0
Michael & Florence,3665,0
Michael & Florence,5164,0
Michael & Florence,3773,0
Michael & Florence,3247,0
Michael & Florence,3337,0
Michael & Florence,5309,0
Michael & Florence,3925,0
Michael & Florence,6406,0
Michael & Florence,5433,0
Michael & Florence,6517,0
Michael & Florence,3897,0
Michael & Florence,3428,0
Michael & Florence,5810,0
Michael & Florence,7956,0
Michael & Florence,3843,0
Michael & Florence,0,0
Michael & Florence,0,0
Michael & Florence,1770,0
Michael & Florence,4241,0
Michael & Florence,2069,0
Michael & Florence,6580,0
Michael & Florence,8778,0
Michael & Florence,7541,0
Michael & Florence,12431,0
Michael & Florence,2990,0
Michael & Florence,6819,0
Michael & Florence,4855,0
Michael & Florence,3133,0
Michael & Florence,8011,0
Michael & Florence,7693,0
Michael & Florence,4628,0
Michael & Florence,7686,0
Michael & Florence,9384,0
Michael & Florence,3470,17
Michael & Florence,4340,0
Michael & Florence,3317,0
Michael & Florence,3416,0
Michael & Florence,4932,0
Michael & Florence,4341,0
Michael & Florence,5493,16
Michael & Florence,2809,0
Michael & Florence,5647,2
Michael & Florence,3943,0
Michael & Florence,5079,0
Michael & Florence,3817,0
Michael & Florence,4532,0
Michael & Florence,4002,93
Michael & Florence,3013,32
Michael & Florence,2487,0
Michael & Florence,4655,0
Michael & Florence,6214,0
Michael & Florence,3639,0
Michael & Florence,3356,0
Michael & Florence,6207,0
Michael & Florence,5547,0
Michael & Florence,2107,0
Michael & Florence,5963,0
Michael & Florence,4339,0
Michael & Florence,4904,0
Michael & Florence,7358,0
Michael & Florence,2768,0
Michael & Florence,2895,0
Michael & Florence,2865,0
Michael & Florence,3668,0
Michael & Florence,2639,0
Michael & Florence,5248,0
Michael & Florence,5249,0
Michael & Florence,6514,0
Michael & Florence,6850,0
Michael & Florence,6938,0
Michael & Florence,3675,0
Michael & Florence,5256,0
Michael & Florence,6187,0
Michael & Florence,1842,0
Michael & Florence,3024,0
Michael & Florence,2898,0
Michael & Florence,5128,0
Michael & Florence,6287,0
Michael & Florence,10895,0
Michael & Florence,2369,0
Michael & Florence,5793,0
Michael & Florence,2188,0
Michael & Florence,2346,0
Michael & Florence,4222,0
Michael & Florence,1312,0
Michael & Florence,2589,0
Michael & Florence,8129,0
Michael & Florence,5549,0
Michael & Florence,3077,0
Michael & Florence,2512,0
Michael & Florence,2707,0
Michael & Florence,2589,0
Michael & Florence,1162,0
Michael & Florence,1503,0
Michael & Florence,4601,0
Michael & Florence,8002,0
Michael & Florence,7541,0
Michael & Florence,3524,0
Michael & Florence,4586,0
Michael & Florence,4118,0
Michael & Florence,7215,0
Michael & Florence,6845,0
Michael & Florence,5121,0
Michael & Florence,9085,0
Michael & Florence,4058,0
Michael & Florence,3583,0
Michael & Florence,2419,0
Michael & Florence,4794,0
Michael & Florence,3867,0
Michael & Florence,3081,0
Michael & Florence,2060,0
Michael & Florence,2201,0
Michael & Florence,5820,0
Michael & Florence,8774,0
Michael & Florence,2878,0
Michael & Florence,5540,0
Michael & Florence,5352,0
Michael & Florence,3812,0
Michael & Florence,3519,0
Michael & Florence,6491,0
Michael & Florence,6259,0
Michael & Florence,4225,0
Michael & Florence,6219,0
Michael & Florence,2801,0
Michael & Florence,2077,0
Michael & Florence,4596,0
Michael & Florence,5058,0
Michael & Florence,4313,0
Michael & Florence,5940,0
Michael & Florence,4531,0
Michael & Florence,4704,0
Michael & Florence,5421,0
Michael & Florence,4558,0
Michael & Florence,5219,0
Michael & Florence,3625,0
Michael & Florence,5880,0
Michael & Florence,3591,0
Michael & Florence,2708,0
Michael & Florence,4181,0
Michael & Florence,5152,0
Michael & Florence,6286,0
Michael & Florence,5302,0
Michael & Florence,7544,0
Michael & Florence,4496,0
Michael & Florence,8818,0
Michael & Florence,6530,0
Michael & Florence,6841,2
Michael & Florence,7240,149
Michael & Florence,5225,10
Michael & Florence,3633,0
Michael & Florence,3263,0
Michael & Florence,1926,0
Michael & Florence,7968,98
Michael & Florence,3110,0
Michael & Florence,6822,29
Michael & Florence,5771,0
Michael & Florence,2463,0
Michael & Florence,2926,0
Michael & Florence,2609,0
Michael & Florence,2820,0
Michael & Florence,2273,0
Michael & Florence,2297,0
Michael & Florence,4767,0
Michael & Florence,3520,0
Michael & Florence,4444,0
Michael & Florence,7583,0
Michael & Florence,3113,0
Michael & Florence,3989,0
Michael & Florence,6775,0
Michael & Florence,7962,0
Michael & Florence,6130,0
Michael & Florence,4047,0
Michael & Florence,7724,0
Michael & Florence,4202,0
Michael & Florence,4724,0
Michael & Florence,6123,0
Michael & Florence,5691,0
Michael & Florence,4501,0
Michael & Florence,3530,0
Michael & Florence,1670,0
Michael & Florence,3212,0
Michael & Florence,7167,0
Michael & Florence,6769,0
Michael & Florence,5111,0
Michael & Florence,6196,0
Michael & Florence,5119,0
Michael & Florence,4787,0
Michael & Florence,4634,0
Michael & Florence,4433,0
Michael & Florence,8048,0
Michael & Florence,3566,0
Michael & Florence,3336,0
Michael & Florence,8208,0
Michael & Florence,4328,0
Michael & Florence,3917,0
Michael & Florence,5877,0
Michael & Florence,5734,0
Michael & Florence,5804,0
Michael & Florence,5231,0
Michael & Florence,5473,0
Michael & Florence,3851,0
Michael & Florence,1575,0
Michael & Florence,6239,0
Michael & Florence,3662,0
Michael & Florence,7419,0
Michael & Florence,4909,0
Michael & Florence,2444,0
Michael & Florence,2731,0
Michael & Florence,5639,0
Michael & Florence,6283,0
Michael & Florence,5225,0
Michael & Florence,7054,0
Michael & Florence,4721,0
Michael & Florence,4405,0
Michael & Florence,3619,0
Michael & Florence,5468,0
Michael & Florence,2595,0
Michael & Florence,5195,0
Michael & Florence,5779,0
Michael & Florence,2062,0
Michael & Florence,6902,0
Michael & Florence,1207,0
Michael & Florence,2278,0
Michael & Florence,3897,0
Michael & Florence,4698,0
Michael & Florence,5784,0
Michael & Florence,1889,0
Michael & Florence,4240,0
Michael & Florence,7684,0
Michael & Florence,6623,0
Michael & Florence,9568,0
Michael & Florence,5567,0
Michael & Florence,7961,0
Michael & Florence,8652,0
Michael & Florence,5996,0
Michael & Florence,12404,0
Michael & Florence,7144,0
Michael & Florence,4629,0
Michael & Florence,3779,0
Michael & Florence,3960,0
Michael & Florence,5727,0
Michael & Florence,3220,0
Michael & Florence,4956,0
Michael & Florence,5068,0
Michael & Florence,6321,0
Michael & Florence,7198,0
Michael & Florence,3170,0
Michael & Florence,2538,0
Michael & Florence,2456,0
Michael & Florence,1993,0
Michael & Florence,5829,0
Michael & Florence,7324,0
Michael & Florence,1704,0
Michael & Florence,2560,0
Michael & Florence,4897,0
Michael & Florence,5451,0
Michael & Florence,4963,0
Michael & Florence,5889,0
Michael & Florence,6456,0
Michael & Florence,4041,0
Michael & Florence,14022,0
Michael & Florence,3129,0
Michael & Florence,2637,0
Michael & Florence,4363,0
Michael & Florence,2448,0
Michael & Florence,4500,0
Michael & Florence,3382,0
Michael & Florence,4900,0
Michael & Florence,2700,0
Michael & Florence,4313,0
Michael & Florence,5370,0
Michael & Florence,5942,0
Michael & Florence,2930,0
Michael & Florence,2932,0
Michael & Florence,6740,0
Michael & Florence,3800,0
Michael & Florence,7127,0
Michael & Florence,4742,0
Michael & Florence,7782,0
Michael & Florence,5936,0
Michael & Florence,5375,0
Michael & Florence,5492,0
Michael & Florence,4262,0
Michael & Florence,10244,0
Michael & Florence,3119,0
Michael & Florence,7569,0
Michael & Florence,2731,0
Michael & Florence,6153,0
Michael & Florence,6541,0
Michael & Florence,1722,0
Michael & Florence,6725,0
Michael & Florence,3819,0
Michael & Florence,7595,0
Michael & Florence,1965,0
Michael & Florence,6556,0
Michael & Florence,3689,0
Michael & Florence,1525,0
Michael & Florence,2632,0
Michael & Florence,5439,0
Michael & Florence,2148,0
Michael & Florence,3815,0
Michael & Florence,6153,0
Michael & Florence,3227,0
Michael & Florence,4519,0
Michael & Florence,7044,0
Michael & Florence,5254,0
Michael & Florence,3121,0
Michael & Florence,1978,0
Michael & Florence,6136,0
Michael & Florence,1484,0
Michael & Florence,8262,0
Michael & Florence,5917,0
Michael & Florence,5237,0
Michael & Florence,3657,0
Michael & Florence,3680,0
Michael & Florence,3527,0
Michael & Florence,4646,0
Michael & Florence,8461,0
Michael & Florence,2358,0
Michael & Florence,6639,0
Michael & Florence,0,0
Michael & Florence,0,0
Michael & Florence,4028,0
Michael & Florence,5084,0
Michael & Florence,5076,0
Michael & Florence,4763,0
Michael & Florence,2497,0
Michael & Florence,4090,0
Michael & Florence,3919,0
Michael & Florence,3054,0
Michael & Florence,5304,0
Michael & Florence,5092,0
Michael & Florence,4992,0
Michael & Florence,3066,0
Michael & Florence,3685,0
Michael & Florence,6746,0
Michael & Florence,3631,0
Michael & Florence,6072,0
Michael & Florence,5616,0
Michael & Florence,2530,0
Michael & Florence,4998,0
Michael & Florence,2525,0
Michael & Florence,2908,0
Michael & Florence,2364,0
Michael & Florence,5249,0
Michael & Florence,2679,0
Michael & Florence,1059,0
Michael & Florence,6682,0
Michael & Florence,8078,0
Michael & Florence,868,0
Michael & Florence,767,0
Michael & Florence,1220,0
Michael & Florence,2326,0
Michael & Florence,3234,0
Michael & Florence,4952,0
Michael & Florence,754,0
Michael & Florence,1109,0
Michael & Florence,949,0
Michael & Florence,2665,0
Michael & Florence,4870,0
Michael & Florence,4399,0
Michael & Florence,6889,0
Michael & Florence,3421,0
Michael & Florence,8289,0
Michael & Florence,2535,0
Michael & Florence,3699,0
Michael & Florence,6826,0
Michael & Florence,8328,0
Michael & Florence,5591,0
Michael & Florence,4356,0
Michael & Florence,9909,0
Michael & Florence,8920,251
Michael & Florence,3022,0
Michael & Florence,7789,0
Michael & Florence,3527,0
Michael & Florence,4801,6
Michael & Florence,1722,2430
Michael & Florence,3478,926
Michael & Florence,0,49
Michael & Florence,2967,0
Michael & Florence,1793,0
Michael & Florence,1334,0
Michael & Florence,1623,0
Michael & Florence,1363,0
Michael & Florence,1295,0
Michael & Florence,5135,0
Michael & Florence,2485,0
Michael & Florence,2786,0
Michael & Florence,5911,0
Michael & Florence,3824,0
Michael & Florence,3335,0
Michael & Florence,2100,0
Michael & Florence,2886,0
Michael & Florence,877,0
Michael & Florence,2459,0
Michael & Florence,5105,0
Michael & Florence,5650,0
Michael & Florence,4790,0
Michael & Florence,2098,0
Michael & Florence,4919,0
Michael & Florence,4388,0
Michael & Florence,4605,0
Michael & Florence,3409,0
Michael & Florence,4701,0
Michael & Florence,4178,0
Michael & Florence,1463,0
Michael & Florence,3364,0
Michael & Florence,4724,0
Michael & Florence,4265,0
Michael & Florence,4478,0
Michael & Florence,2191,0
Michael & Florence,4365,0
Michael & Florence,6032,0
Michael & Florence,2965,0
Michael & Florence,4098,0
Michael & Florence,5215,0
Michael & Florence,4590,0
Michael & Florence,6081,0
Michael & Florence,2546,0
Michael & Florence,2337,0
Michael & Florence,7282,0
Michael & Florence,6224,0
Michael & Florence,3102,0
Michael & Florence,1636,0
Michael & Florence,3568,0
Michael & Florence,2723,0
Michael & Florence,3058,0
Michael & Florence,5147,0
Michael & Florence,4626,0
Michael & Florence,4047,0
Michael & Florence,3730,0
Michael & Florence,2242,0
Michael & Florence,3476,0
Michael & Florence,2028,0
Michael & Florence,5399,0
Michael & Florence,3259,0
Michael & Florence,5878,0
Michael & Florence,3445,0
Michael & Florence,6011,0
Michael & Florence,4119,0
Michael & Florence,1604,0
Michael & Florence,1674,0
Michael & Florence,5192,156
Michael & Florence,2217,0
Michael & Florence,4279,0
Michael & Florence,11211,0
Michael & Florence,2763,0
Michael & Florence,6527,0
Michael & Florence,2942,0
Michael & Florence,4823,0
Michael & Florence,5609,0
Michael & Florence,2937,0
Michael & Florence,2379,0
Michael & Florence,8655,0
Michael & Florence,9533,0
Michael & Florence,3117,0
Michael & Florence,3508,0
Michael & Florence,10123,0
Michael & Florence,7770,0
Michael & Florence,4420,0
Michael & Florence,5031,0
Michael & Florence,4190,0
Michael & Florence,5062,0
Michael & Florence,5857,0
Michael & Florence,5622,0
Michael & Florence,5586,0
Michael & Florence,2358,0
Michael & Florence,7012,0
Michael & Florence,7418,0
Michael & Florence,11118,0
Michael & Florence,5152,0
Michael & Florence,5822,0
Michael & Florence,9116,0
Michael & Florence,7024,0
Michael & Florence,2088,0
Michael & Florence,5856,0
Michael & Florence,2563,0
Michael & Florence,7341,0
Michael & Florence,1745,0
Michael & Florence,3063,0
Michael & Florence,5899,0
Michael & Florence,5316,0
Michael & Florence,2412,0
Michael & Florence,4940,0
Michael & Florence,8357,0
Michael & Florence,7488,0
Michael & Florence,4666,0
Michael & Florence,3822,0
Michael & Florence,5516,0
Michael & Florence,7713,0
Michael & Florence,4147,0
Michael & Florence,7030,0
Michael & Florence,2270,0
Michael & Florence,5616,0
Michael & Florence,4249,0
Michael & Florence,3284,0
Michael & Florence,9699,0
Michael & Florence,2152,0
Michael & Florence,10828,0
Michael & Florence,6378,0
Michael & Florence,6999,0
Michael & Florence,4524,0
Michael & Florence,6246,0
Michael & Florence,4678,0
Michael & Florence,2388,0
Michael & Florence,2779,0
Michael & Florence,5096,0
Michael & Florence,4632,0
Michael & Florence,2543,0
Michael & Florence,3001,0
Michael & Florence,7230,0
Michael & Florence,6357,0
Michael & Florence,3938,0
Michael & Florence,7500,0
Michael & Florence,3357,0
Michael & Florence,3060,0
Michael & Florence,4317,0
Michael & Florence,7339,0
Michael & Florence,6023,0
Michael & Florence,6336,0
Michael & Florence,5402,0
Michael & Florence,6318,0
Michael & Florence,2582,0
Michael & Florence,2670,0
Michael & Florence,4108,0
Michael & Florence,6111,0
Michael & Florence,5676,0
Michael & Florence,3961,0
Michael & Florence,3754,0
Michael & Florence,3681,0
Michael & Florence,11039,0
Michael & Florence,5908,0
Michael & Florence,6433,0
Michael & Florence,5266,0
Michael & Florence,5622,0
Michael & Florence,3561,0
Michael & Florence,2922,0
Michael & Florence,4107,0
Michael & Florence,7678,0
Michael & Florence,3137,0
Michael & Florence,2464,0
Michael & Florence,2904,0
Michael & Florence,2059,0
Michael & Florence,3617,0
Michael & Florence,7386,0
Michael & Florence,82,0
Michael & Florence,0,0
Michael & Florence,2383,0
Michael & Florence,4527,0
Michael & Florence,0,0
Michael & Florence,0,0
Michael & Florence,0,0
Michael & Florence,4295,0
Michael & Florence,4868,0
Michael & Florence,5958,0
Michael & Florence,6149,0
Michael & Florence,5703,0
Michael & Florence,4755,0
Michael & Florence,4072,0
Michael & Florence,5093,0
Michael & Florence,2572,0
Michael & Florence,3459,0
Michael & Florence,3326,0
Michael & Florence,1256,0
Michael & Florence,1958,0
Michael & Florence,4308,0
Michael & Florence,2022,0
Michael & Florence,5692,0
Michael & Florence,5220,0
Michael & Florence,6278,0
Michael & Florence,2225,0
Michael & Florence,4068,0
Michael & Florence,6701,0
Michael & Florence,5726,0
Michael & Florence,3213,0
Michael & Florence,5643,0
Michael & Florence,6345,0
Michael & Florence,2024,0
Michael & Florence,3310,0
Michael & Florence,9141,0
Michael & Florence,4256,0
Michael & Florence,945,0
Michael & Florence,3730,0
Michael & Florence,2980,0
Michael & Florence,2313,0
Michael & Florence,4886,0
Michael & Florence,3197,0
Michael & Florence,5476,0
Michael & Florence,4646,0
Michael & Florence,3395,0
Michael & Florence,5014,0
Michael & Florence,2111,0
Michael & Florence,3827,0
Michael & Florence,3190,0
Michael & Florence,4744,0
Michael & Florence,3074,0
Michael & Florence,4251,0
Michael & Florence,4736,0
Michael & Florence,4082,0
Michael & Florence,3100,0
Michael & Florence,4408,0
Michael & Florence,5463,0
Michael & Florence,4037,0
Michael & Florence,5971,0
Michael & Florence,5252,0
Michael & Florence,7262,0
Michael & Florence,2345,0
Michael & Florence,4080,0
Michael & Florence,0,0
Michael & Florence,5828,0
Michael & Florence,3248,0
Michael & Florence,4640,0
Michael & Florence,2355,0
Michael & Florence,2870,0
Michael & Florence,1567,0
Michael & Florence,1708,0
Michael & Florence,3934,0
Michael & Florence,1298,0
Michael & Florence,3465,0
Michael & Florence,1534,0
Michael & Florence,3323,0
Michael & Florence,1185,0
Michael & Florence,3308,0
Michael & Florence,2714,0
Michael & Florence,2441,0
Michael & Florence,2686,0
Michael & Florence,5503,0
Michael & Florence,2765,0
Michael & Florence,1754,0
Michael & Florence,4448,0
Michael & Florence,1421,0
Michael & Florence,4262,0
Michael & Florence,3415,0
Michael & Florence,4539,0
Michael & Florence,2036,0
Michael & Florence,2644,0
Michael & Florence,12235,0
Michael & Florence,9759,0
Michael & Florence,5680,0
Michael & Florence,5558,0
Michael & Florence,7082,0
Michael & Florence,3973,0
Michael & Florence,5837,0
Michael & Florence,3530,0
Michael & Florence,6067,0
Michael & Florence,4471,0
Michael & Florence,6050,0
Michael & Florence,5999,0
Michael & Florence,1624,9
Michael & Florence,4466,0
Michael & Florence,1671,1
Michael & Florence,4026,0
Michael & Florence,7085,0
Michael & Florence,4838,0
Michael & Florence,4145,0
Michael & Florence,3524,0
Michael & Florence,5,0
Michael & Florence,12,18
Michael & Florence,8614,0
Michael & Florence,2930,0
Michael & Florence,4577,0
Michael & Florence,5078,0
Michael & Florence,3462,0
Michael & Florence,5205,0
Michael & Florence,0,0
Michael & Florence,1838,0
Michael & Florence,4617,0
Michael & Florence,2099,0
Michael & Florence,2035,0
Michael & Florence,1914,0
Michael & Florence,2348,0
Michael & Florence,3892,0
Michael & Florence,4584,0
Michael & Florence,6099,0
Michael & Florence,5717,0
Michael & Florence,2210,0
Michael & Florence,3911,0
Michael & Florence,4708,0
Michael & Florence,3310,0
Michael & Florence,3936,0
Michael & Florence,4576,0
Michael & Florence,4928,0
Michael & Florence,4087,0
Michael & Florence,2795,0
Michael & Florence,2414,0
Michael & Florence,1815,0
Michael & Florence,1855,0
Michael & Florence,1808,0
Michael & Florence,2217,0
Michael & Florence,3580,0
Michael & Florence,2758,0
Michael & Florence,3352,0
Michael & Florence,4532,0
Michael & Florence,1411,0
Michael & Florence,1918,0
Michael & Florence,5931,0
Michael & Florence,3133,0
Michael & Florence,4500,0
Michael & Florence,5563,0
Michael & Florence,8526,0
Michael & Florence,6728,0
Michael & Florence,3324,0
Michael & Florence,5840,0
Michael & Florence,3126,0
Michael & Florence,4329,0
Michael & Florence,4605,0
Michael & Florence,4906,0
Michael & Florence,8785,0
Michael & Florence,5118,0
Michael & Florence,5009,0
Michael & Florence,6222,0
Michael & Florence,4170,0
Michael & Florence,7243,0
Michael & Florence,5442,0
Michael & Florence,3518,0
Michael & Florence,6861,0
Michael & Florence,6469,0
Michael & Florence,3471,0
Michael & Florence,3259,0
Michael & Florence,6420,0
Michael & Florence,9011,0
Michael & Florence,6174,0
Michael & Florence,5468,0
Michael & Florence,3638,0
Michael & Florence,3121,0
Michael & Florence,1960,104
Michael & Florence,2864,46
Michael & Florence,5499,84
Michael & Florence,5972,146
Michael & Florence,4369,164
Michael & Florence,4971,90
Michael & Florence,3683,120
Michael & Florence,6919,165
Michael & Florence,5078,216
Michael & Florence,3272,68
Michael & Florence,4123,154
Michael & Florence,5099,109
Michael & Florence,4297,40
Michael & Florence,6225,124
Michael & Florence,2554,59
Michael & Florence,5186,130
Michael & Florence,8929,202
Michael & Florence,5816,132
Michael & Florence,4564,398
Michael & Florence,9327,38
Michael & Florence,2748,125
Michael & Florence,6847,155
Michael & Florence,4029,38
Michael & Florence,8049,205
Michael & Florence,2795,204
Michael & Florence,2167,45
Michael & Florence,230,82
Michael & Florence,1896,135
Michael & Florence,2968,221
Michael & Florence,2568,73
Michael & Florence,5336,188
Michael & Florence,2800,80
Michael & Florence,3312,140
Michael & Florence,4227,58
Michael & Florence,2312,101
Michael & Florence,8313,66
Michael & Florence,7376,425
Michael & Florence,6313,272
Michael & Florence,2361,111
Michael & Florence,2134,77
Michael & Florence,3165,49
Michael & Florence,6164,131
Michael & Florence,2452,143
Michael & Florence,3527,67
Michael & Florence,3263,69
Michael & Florence,5911,160
Michael & Florence,4299,81
Michael & Florence,1570,71
Michael & Florence,2058,77
Michael & Florence,4883,186
Michael & Florence,2554,100
Michael & Florence,2427,54
Michael & Florence,3528,6
Michael & Florence,4876,112
Michael & Florence,3580,46
Michael & Florence,5433,135
Michael & Florence,8553,198
Michael & Florence,6810,228
Michael & Florence,5466,116
Michael & Florence,2615,151
Michael & Florence,4389,81
Michael & Florence,1239,29
Michael & Florence,3808,54
Michael & Florence,5224,76
Michael & Florence,5016,153
Michael & Florence,3831,113
Michael & Florence,6956,205
Michael & Florence,5019,156
Michael & Florence,2773,74
Michael & Florence,5440,188
Michael & Florence,3717,140
Michael & Florence,2682,93
Michael & Florence,3578,58
Michael & Florence,3196,214
Michael & Florence,9733,118
Michael & Florence,5617,116
Michael & Florence,4891,218
Michael & Florence,6309,145
Michael & Florence,5734,166
Michael & Florence,7195,190
Michael & Florence,5504,52
Michael & Florence,3411,85
Michael & Florence,4894,153
Michael & Florence,4465,146
Michael & Florence,8618,141
Michael & Florence,4418,23
Michael & Florence,4855,64
Michael & Florence,3150,83
Michael & Florence,4875,82
Michael & Florence,5797,176
Michael & Florence,4630,91
Michael & Florence,4218,61
Michael & Florence,3055,63
Michael & Florence,4290,20
Michael & Florence,0,7
Michael & Florence,5193,80
Michael & Florence,3546,111
Michael & Florence,3779,72
Michael & Florence,10537,111
Michael & Florence,13195,400
Michael & Florence,8644,159
Michael & Florence,4224,73
Michael & Florence,3682,48
Michael & Florence,3245,56
Michael & Florence,0,0
Michael & Florence,5213,46
Michael & Florence,0,208
Michael & Florence,0,30
Michael & Florence,5555,200
Michael & Florence,2045,121
Michael & Florence,1868,49
Michael & Florence,2569,62
Michael & Florence,4553,110
Michael & Florence,3381,113
Michael & Florence,3466,101
Michael & Florence,4474,172
Michael & Florence,676,146
Michael & Florence,4153,208
Michael & Florence,5241,103
Michael & Florence,7603,189
Michael & Florence,8365,379
Michael & Florence,8363,176
Michael & Florence,3472,76
Michael & Florence,2885,47
Michael & Florence,3237,47
Michael & Florence,5490,95
Michael & Florence,5486,235
Michael & Florence,4011,49
Michael & Florence,7509,90
Michael & Florence,4736,209
Michael & Florence,2038,86
Michael & Florence,7292,144
Michael & Florence,6586,26
Michael & Florence,3553,133
Michael & Florence,5573,179
Michael & Florence,6000,155
Michael & Florence,4318,94
Michael & Florence,3724,43
Michael & Florence,4222,166
Michael & Florence,4962,158
Michael & Florence,7403,162
Michael & Florence,5070,127
Michael & Florence,4928,126
Michael & Florence,4377,76
Michael & Florence,3425,9
Michael & Florence,5457,114
Michael & Florence,2818,104
Michael & Florence,5654,100
Michael & Florence,8680,226
Michael & Florence,4904,54
Michael & Florence,2650,44
Michael & Florence,3715,35
Michael & Florence,5814,149
Michael & Florence,4239,78
Michael & Florence,1740,101
Michael & Florence,1586,51
Michael & Florence,1505,49
Michael & Florence,3831,98
Michael & Florence,1213,10
Michael & Florence,4853,84
Michael & Florence,4311,79
Michael & Florence,7821,175
Michael & Florence,3473,63
Michael & Florence,5530,94
Michael & Florence,3809,25
Michael & Florence,3491,96
Michael & Florence,3956,100
Michael & Florence,8326,161
Michael & Florence,9398,181
Michael & Florence,3601,73
Michael & Florence,2463,34
Michael & Florence,4691,137
Michael & Florence,4846,69
Michael & Florence,4308,75
Michael & Florence,2206,214
Michael & Florence,3526,90
Michael & Florence,2368,131
Michael & Florence,6185,140
Michael & Florence,3533,46
Michael & Florence,2271,47
Michael & Florence,5480,17
Michael & Florence,4657,145
Michael & Florence,3399,63
Michael & Florence,2320,114
Michael & Florence,2259,51
Michael & Florence,2611,50
Michael & Florence,10609,302
Michael & Florence,2481,62
Michael & Florence,4410,119
Michael & Florence,3352,101
Michael & Florence,1475,38
Michael & Florence,4840,132
Michael & Florence,5617,83
Michael & Florence,4313,81
Michael & Florence,4030,68
Michael & Florence,5687,62
Michael & Florence,5418,61
Michael & Florence,3506,77
Michael & Florence,3310,46
Michael & Florence,5977,129
Michael & Florence,4137,86
Michael & Florence,4202,154
Michael & Florence,6935,200
Michael & Florence,6816,166
Michael & Florence,5843,179
Michael & Florence,2163,142
Michael & Florence,6142,241
Michael & Florence,8036,170
Michael & Florence,4578,93
Michael & Florence,2159,118
Michael & Florence,4715,144
Michael & Florence,6654,283
Michael & Florence,4705,126
Michael & Florence,4936,249
Michael & Florence,4953,91
Michael & Florence,7071,233
Michael & Florence,5517,122
Michael & Florence,3789,106
Michael & Florence,4926,151
Michael & Florence,4996,200
Michael & Florence,5730,255
Michael & Florence,4214,98
Michael & Florence,6893,198
Michael & Florence,2899,66
Michael & Florence,3273,60
Michael & Florence,3449,23
Michael & Florence,3627,133
Michael & Florence,6700,146
Michael & Florence,5924,119
Michael & Florence,2829,127
Michael & Florence,3025,140
Michael & Florence,2161,127
Michael & Florence,3478,106
Michael & Florence,3076,367
Michael & Florence,3645,34
Michael & Florence,4937,160
Michael & Florence,6960,194
Michael & Florence,4699,107
Michael & Florence,6538,201
Michael & Florence,4724,151
Michael & Florence,5504,111
Michael & Florence,5375,99
Michael & Florence,4975,95
Michael & Florence,3926,85
Michael & Florence,3618,65
Michael & Florence,4607,75
Michael & Florence,4219,159
Michael & Florence,8084,250
Michael & Florence,2673,66
Michael & Florence,3510,102
Michael & Florence,5261,118
Michael & Florence,5659,159
Michael & Florence,10688,230
Michael & Florence,6198,69
Michael & Florence,2244,87
Michael & Florence,2190,59
Michael & Florence,4619,270
Michael & Florence,2927,23
Michael & Florence,2350,158
Michael & Florence,8237,119
Michael & Florence,6988,135
Michael & Florence,2528,227
Michael & Florence,5267,100
Michael & Florence,8125,145
Michael & Florence,6862,217
Michael & Florence,5313,150
Michael & Florence,5849,291
Michael & Florence,4711,117
Michael & Florence,4695,23
Michael & Florence,4252,83
Michael & Florence,3226,19
Michael & Florence,4712,112
Michael & Florence,4478,88
Michael & Florence,3774,85
Michael & Florence,5306,79
Michael & Florence,3905,112
Michael & Florence,2093,25
Michael & Florence,5289,109
Michael & Florence,6810,66
Michael & Florence,6591,204
Michael & Florence,3218,107
Michael & Florence,9246,246
Michael & Florence,4443,154
Michael & Florence,4046,125
Michael & Florence,4874,109
Michael & Florence,5710,104
Michael & Florence,1590,98
Michael & Florence,6185,164
Michael & Florence,7066,181
Michael & Florence,4078,103
Michael & Florence,6383,182
Michael & Florence,5115,92
Michael & Florence,3760,154
Michael & Florence,2003,121
Michael & Florence,13448,266
Michael & Florence,5842,177
Michael & Florence,8857,141
Michael & Florence,8998,230
Michael & Florence,4635,173
Michael & Florence,5377,75
Michael & Florence,8355,137
Michael & Florence,6604,149
Michael & Florence,4330,72
Michael & Florence,4174,133
Michael & Florence,8798,180
Michael & Florence,4838,64
Michael & Florence,8119,85
Michael & Florence,4812,65
Michael & Florence,4827,140
Michael & Florence,4883,197
Michael & Florence,1888,199
Michael & Florence,6487,9
Michael & Florence,1663,87
Michael & Florence,4082,86
Michael & Florence,5774,90
Michael & Florence,5977,149
Michael & Florence,1278,39
Michael & Florence,4997,185
Michael & Florence,1671,141
Michael & Florence,3333,79
Michael & Florence,4614,65
Michael & Florence,2451,78
Michael & Florence,5942,185
Michael & Florence,2199,139
Michael & Florence,3951,168
Michael & Florence,3440,157
Michael & Florence,4870,92
Michael & Florence,4625,93
Michael & Florence,2371,196
Michael & Florence,6071,177
Michael & Florence,5269,103
Michael & Florence,5463,62
Michael & Florence,3970,142
Michael & Florence,4502,101
Michael & Florence,1991,25
Michael & Florence,1083,28
Michael & Florence,2536,31
Michael & Florence,4119,76
Michael & Florence,2603,121
Michael & Florence,4251,154
Michael & Florence,2576,93
Michael & Florence,4805,88
Michael & Florence,7085,110
Michael & Florence,4960,165
Michael & Florence,12074,171
Michael & Florence,2625,104
Michael & Florence,6381,128
Michael & Florence,2045,69
Michael & Florence,3193,99
Michael & Florence,4909,85
Michael & Florence,4323,134
Michael & Florence,2045,79
Michael & Florence,4496,73
Michael & Florence,5352,171
Michael & Florence,7639,198
Michael & Florence,2992,97
Michael & Florence,4861,135
Michael & Florence,2039,171
Michael & Florence,2412,201
Michael & Florence,932,92
Michael & Florence,4826,30
Michael & Florence,5378,6
Michael & Florence,3329,86
Michael & Florence,4739,119
Michael & Florence,5832,174
Michael & Florence,6711,248
Michael & Florence,10069,310
Michael & Florence,3963,217
Michael & Florence,7246,158
Michael & Florence,2146,119
Michael & Florence,1883,61
Michael & Florence,6543,61
Michael & Florence,8178,49
Michael & Florence,3169,96
Michael & Florence,5350,115
Michael & Florence,3410,136
Michael & Florence,5768,172
Michael & Florence,3248,151
Michael & Florence,4861,118
Michael & Florence,4744,149
Michael & Florence,3856,161
Michael & Florence,4458,115
Michael & Florence,4222,94
Michael & Florence,3922,59
Michael & Florence,3133,90
Michael & Florence,4811,118
Michael & Florence,6028,107
Michael & Florence,3103,90
Michael & Florence,2699,122
Michael & Florence,3128,52
Michael & Florence,2621,88
Michael & Florence,5679,91
Michael & Florence,5776,136
Michael & Florence,4909,85
Michael & Florence,4566,305
Michael & Florence,4208,153
Michael & Florence,3230,148
Michael & Florence,3725,88
Michael & Florence,7089,84
Michael & Florence,6892,109
Michael & Florence,7998,289
Michael & Florence,6306,233
Michael & Florence,4563,113
Michael & Florence,4736,89
Michael & Florence,3410,79
Michael & Florence,3690,64
Michael & Florence,3498,143
Michael & Florence,2664,102
Michael & Florence,4943,132
Michael & Florence,5363,92
Michael & Florence,7507,275
Michael & Florence,4291,147
Michael & Florence,6209,134
Michael & Florence,6501,255
Michael & Florence,7448,141
Michael & Florence,5575,152
Michael & Florence,6549,49
Michael & Florence,4715,212
Michael & Florence,12839,365
Michael & Florence,9669,275
Michael & Florence,9353,164
Michael & Florence,4209,82
Michael & Florence,6164,102
Michael & Florence,6940,89
Michael & Florence,2962,123
Michael & Florence,3581,133
Michael & Florence,6209,94
Michael & Florence,2740,84
Michael & Florence,6033,92
Michael & Florence,3044,84
Michael & Florence,5090,81
Michael & Florence,1910,74
Michael & Florence,4280,123
Michael & Florence,2182,28
Michael & Florence,5474,77
Michael & Florence,2505,59
Michael & Florence,2627,106
Michael & Florence,6951,215
Michael & Florence,3846,97
Michael & Florence,3831,54
Michael & Florence,8474,281
Michael & Florence,5082,89
Michael & Florence,9071,100
Michael & Florence,6688,124
Michael & Florence,10648,265
Michael & Florence,4681,145
Michael & Florence,1593,61
Michael & Florence,6758,98
Michael & Florence,3958,68
Michael & Florence,4406,213
Michael & Florence,1608,90
Michael & Florence,2692,66
Michael & Florence,2824,83
Michael & Florence,6439,110
Michael & Florence,3504,57
Michael & Florence,4584,252
Michael & Florence,1911,50
Michael & Florence,7308,158
Michael & Florence,2238,57
Michael & Florence,7565,104
Michael & Florence,1546,72
Michael & Florence,5530,172
Michael & Florence,5843,101
Michael & Florence,7005,181
Michael & Florence,7411,127
Michael & Florence,4902,112
Michael & Florence,5170,61
Michael & Florence,2948,172
Michael & Florence,6502,182
Michael & Florence,4146,157
Michael & Florence,2557,218
Michael & Florence,5511,107
Michael & Florence,9200,228
Michael & Florence,3704,65
Michael & Florence,6391,66
Michael & Florence,6502,138
Michael & Florence,6673,163
Michael & Florence,7209,383
Michael & Florence,4422,194
Michael & Florence,3912,69
Michael & Florence,5156,128
Michael & Florence,7461,244
Michael & Florence,6426,246
Michael & Florence,5426,42
Michael & Florence,12694,215
Michael & Florence,2684,105
Michael & Florence,2556,53
Michael & Florence,2954,126
Michael & Florence,3839,155
Michael & Florence,4488,228
Michael & Florence,6546,82
Michael & Florence,4508,50
Michael & Florence,3263,85
Michael & Florence,3266,100
Michael & Florence,2175,54
Michael & Florence,2553,44
Michael & Florence,7781,204
Michael & Florence,1474,38
Michael & Florence,4250,90
Michael & Florence,6360,119
Michael & Florence,2735,73
Michael & Florence,7531,130
Michael & Florence,3317,219
Michael & Florence,4256,109
Michael & Florence,7449,181
Michael & Florence,5631,187
Michael & Florence,6291,141
Michael & Florence,6503,109
Michael & Florence,6319,177
Michael & Florence,4694,115
Michael & Florence,6617,224
Michael & Florence,7459,170
Michael & Florence,6812,171
Michael & Florence,5290,116
Michael & Florence,6233,122
Michael & Florence,4655,116
Michael & Florence,5335,135
Michael & Florence,5042,68
Michael & Florence,7442,204
Michael & Florence,3486,105
Michael & Florence,6270,180
Michael & Florence,3807,167
Michael & Florence,966,31
Michael & Florence,4018,142
Michael & Florence,2763,138
Michael & Florence,2082,194
Michael & Florence,3236,70
Michael & Florence,6794,76
Michael & Florence,5236,43
Michael & Florence,3328,102
Michael & Florence,3270,126
Michael & Florence,7183,164
Michael & Florence,6324,97
Michael & Florence,8102,78
Michael & Florence,6599,142
Michael & Florence,8859,48
Michael & Florence,6499,259
Michael & Florence,5186,59
Michael & Florence,3445,141
Michael & Florence,4505,132
Michael & Florence,4604,102
Michael & Florence,4236,109
Michael & Florence,3704,113
Michael & Florence,3526,117
Michael & Florence,5810,262
Michael & Florence,5346,173
Michael & Florence,4706,171
Michael & Florence,6784,225
Michael & Florence,2870,83
Michael & Florence,7759,245
Michael & Florence,5905,169
Michael & Florence,6131,125
Michael & Florence,3452,192
Michael & Florence,3687,100
Michael & Florence,4940,85
Michael & Florence,3901,285
Michael & Florence,3807,231
Michael & Florence,3821,46
Michael & Florence,4123,148
Michael & Florence,4575,48
Michael & Florence,6584,89
Michael & Florence,4495,40
Michael & Florence,7028,101
Michael & Florence,3880,131
Michael & Florence,7001,179
Michael & Florence,2784,168
Michael & Florence,3910,45
Michael & Florence,6823,174
Michael & Florence,0,61
Michael & Florence,3391,26
Michael & Florence,5062,116
Michael & Florence,4429,350
Michael & Florence,9453,222
Michael & Florence,7406,232
Michael & Florence,4829,156
Michael & Florence,3514,70
Michael & Florence,4081,270
Michael & Florence,4943,54
Michael & Florence,5935,128
Michael & Florence,5415,39
Michael & Florence,5268,99
Michael & Florence,7931,324
Michael & Florence,6469,69
Michael & Florence,8055,146
Michael & Florence,4880,119
Michael & Florence,2274,63
Michael & Florence,8057,218
Michael & Florence,1957,73
Michael & Florence,5337,89
Michael & Florence,3146,191
Michael & Florence,3818,60
Michael & Florence,4516,96
Michael & Florence,4054,73
Michael & Florence,2778,160
Michael & Florence,5095,57
Michael & Florence,4426,96
Michael & Florence,2406,165
Michael & Florence,4929,167
Michael & Florence,4589,38
Michael & Florence,6901,184
Michael & Florence,7091,149
Michael & Florence,3753,250
Michael & Florence,3529,116
Michael & Florence,4820,83
Michael & Florence,4520,73
Michael & Florence,5321,125
Michael & Florence,4642,232
Michael & Florence,5062,136
Michael & Florence,3053,180
Michael & Florence,6224,210
Michael & Florence,5237,190
Michael & Florence,5472,95
Michael & Florence,2101,79
Michael & Florence,6438,243
Michael & Florence,9657,209
Michael & Florence,3577,60
Michael & Florence,4143,110
Michael & Florence,3519,145
Michael & Florence,3483,71
Michael & Florence,4216,114
Michael & Florence,3314,159
Michael & Florence,4332,108
Michael & Florence,4347,106
Michael & Florence,8017,227
Michael & Florence,2962,107
Michael & Florence,5265,166
Michael & Florence,2654,86
Michael & Florence,7288,136
Michael & Florence,3995,71
Michael & Florence,5926,262
Michael & Florence,11556,429
Michael & Florence,3657,99
Michael & Florence,2576,68
Michael & Florence,1136,57
Michael & Florence,7242,258
Michael & Florence,2950,67
Michael & Florence,7144,149
Michael & Florence,6257,279
Michael & Florence,7016,187
Michael & Florence,3894,107
Michael & Florence,6271,215
Michael & Florence,8963,247
Michael & Florence,3561,241
Michael & Florence,5199,242
Michael & Florence,5764,279
Michael & Florence,6323,246
Michael & Florence,9565,324
Michael & Florence,3466,121
Michael & Florence,3959,95
Michael & Florence,4151,98
Michael & Florence,3948,170
Michael & Florence,4766,104
Michael & Florence,4120,101
Michael & Florence,3240,62
Michael & Florence,3347,110
Michael & Florence,3129,97
Michael & Florence,3728,85
Michael & Florence,2947,64
Michael & Florence,13565,362
Michael & Florence,6510,166
Michael & Florence,4194,202
Michael & Florence,4341,59
Michael & Florence,2524,61
Michael & Florence,2568,105
Michael & Florence,9873,235
Michael & Florence,6477,212
Michael & Florence,1006,239
Michael & Florence,12071,471
Michael & Florence,3994,177
Michael & Florence,3628,120
Michael & Florence,4278,155
Michael & Florence,3973,113
Michael & Florence,3757,69
Michael & Florence,6541,104
Michael & Florence,4994,115
Michael & Florence,2936,171
Michael & Florence,3646,129
Michael & Florence,3402,83
Michael & Florence,1853,106
Michael & Florence,2982,92
Michael & Florence,3987,118
Michael & Florence,2834,121
Michael & Florence,7038,135
Michael & Florence,6161,143
Michael & Florence,4621,241
Michael & Florence,4516,99
Michael & Florence,5241,133
Michael & Florence,2202,106
Michael & Florence,9127,146
Michael & Florence,4105,61
Michael & Florence,7852,144
Michael & Florence,4075,34
Michael & Florence,6131,149
Michael & Florence,1976,124
Michael & Florence,7613,143
Michael & Florence,2353,127
Michael & Florence,8374,254
Michael & Florence,7315,156
Michael & Florence,4848,77
Michael & Florence,4235,72
Michael & Florence,2129,95
Michael & Florence,2967,153
Michael & Florence,4113,113
Michael & Florence,3760,78
Michael & Florence,3986,42
Michael & Florence,3147,177
Michael & Florence,4087,64
Michael & Florence,3884,133
Michael & Florence,5043,179
Michael & Florence,3350,93
Michael & Florence,12003,189
Michael & Florence,4426,80
Michael & Florence,3017,20
Michael & Florence,4605,162
Michael & Florence,8788,112
Michael & Florence,9288,231
Michael & Florence,3626,74
Michael & Florence,5187,112
Michael & Florence,2790,50
Michael & Florence,3012,124
Michael & Florence,4101,136
Michael & Florence,5505,69
Michael & Florence,4740,124
Michael & Florence,3704,205
Michael & Florence,4495,116
Michael & Florence,4410,46
Michael & Florence,3045,134
Michael & Florence,4744,63
Michael & Florence,4579,69
Michael & Florence,3092,183
Michael & Florence,7554,166
Michael & Florence,6397,113
Michael & Florence,1700,113
Michael & Florence,1989,118
Michael & Florence,8791,1
Michael & Florence,6237,144
Michael & Florence,8244,188
Michael & Florence,6484,95
Michael & Florence,7715,136
Michael & Florence,2032,115
Michael & Florence,4110,43
Michael & Florence,2364,24
Michael & Florence,3324,23
Michael & Florence,3006,103
Michael & Florence,6861,210
Michael & Florence,9240,180
Michael & Florence,6672,171
Michael & Florence,9283,140
Michael & Florence,6774,141
Michael & Florence,5216,88
Michael & Florence,5931,82
Michael & Florence,6420,177
Michael & Florence,6512,251
Michael & Florence,4734,106
Michael & Florence,7475,284
Michael & Florence,3575,117
Michael & Florence,3142,71
Michael & Florence,2865,114
Michael & Florence,13895,295
Michael & Florence,3501,138
Michael & Florence,3357,75
Michael & Florence,5065,105
Michael & Florence,4664,253
Michael & Florence,4735,139
Michael & Florence,5915,180
Michael & Florence,5922,90
Michael & Florence,5656,175
Michael & Florence,5821,298
Michael & Florence,3173,92
Michael & Florence,3178,33
Michael & Florence,6063,166
Michael & Florence,3430,142
Michael & Florence,1904,63
Michael & Florence,4559,86
Michael & Florence,10989,10
Michael & Florence,3141,69
Michael & Florence,5058,74
Michael & Florence,5007,134
Michael & Florence,4394,95
Michael & Florence,4778,123
Michael & Florence,3777,102
Michael & Florence,3235,137
Michael & Florence,3246,155
Michael & Florence,6567,176
Michael & Florence,5051,197
Michael & Florence,5715,97
Michael & Florence,2582,61
Michael & Florence,4942,65
Michael & Florence,6214,104
Michael & Florence,4724,61
Michael & Florence,3586,81
Michael & Florence,4977,195
Michael & Florence,4286,107
Michael & Florence,5296,242
Michael & Florence,4751,125
Michael & Florence,7239,206
Michael & Florence,18085,310
Michael & Florence,6558,134
Michael & Florence,11485,169
Michael & Florence,2677,109
Michael & Florence,2796,143
Michael & Florence,3223,107
Michael & Florence,3068,208
Michael & Florence,5999,230
Michael & Florence,2930,179
Michael & Florence,7801,213
Michael & Florence,5763,245
Michael & Florence,2937,149
Michael & Florence,4773,97
Michael & Florence,3123,121
Michael & Florence,3018,35
Michael & Florence,8492,66
Michael & Florence,7775,181
Michael & Florence,4346,327
Michael & Florence,3323,188
Michael & Florence,10561,301
Michael & Florence,3246,116
Michael & Florence,3597,121
Michael & Florence,2535,146
Michael & Florence,3433,91
Michael & Florence,3134,126
Michael & Florence,4047,268
Michael & Florence,5038,81
Michael & Florence,3021,63
Michael & Florence,4217,281
Michael & Florence,1675,107
Michael & Florence,2449,67
Michael & Florence,5025,147
Michael & Florence,3323,57
Michael & Florence,2110,58
Michael & Florence,11284,301
Michael & Florence,7143,140
Michael & Florence,10349,189
Michael & Florence,11311,253
Michael & Florence,8018,152
Michael & Florence,12015,199
Michael & Florence,2920,286
Michael & Florence,4883,110
Michael & Florence,6012,164
Michael & Florence,3997,171
Michael & Florence,5162,139
Michael & Florence,2796,66
Michael & Florence,4315,47
Michael & Florence,5725,155
Michael & Florence,4649,159
Michael & Florence,3821,175
Michael & Florence,7420,60
Michael & Florence,4629,54
Michael & Florence,7282,210
Michael & Florence,4027,115
Michael & Florence,3685,84
Michael & Florence,7052,152
Michael & Florence,2772,183
Michael & Florence,6521,153
Michael & Florence,4681,229
Michael & Florence,5060,54
Michael & Florence,5949,115
Michael & Florence,6944,176
Michael & Florence,3538,81
Michael & Florence,4570,151
Michael & Florence,7316,137
Michael & Florence,7110,75
Michael & Florence,6796,183
Michael & Florence,3538,60
Michael & Florence,4691,208
Michael & Florence,2668,76
Michael & Florence,4268,149
Michael & Florence,4551,152
Michael & Florence,3943,55
Michael & Florence,4577,102
Michael & Florence,1067,41
Michael & Florence,4788,160
Michael & Florence,6372,103
Michael & Florence,6761,243
Michael & Florence,3544,158
Michael & Florence,3690,97
Michael & Florence,6577,239
Michael & Florence,4542,200
Michael & Florence,5162,157
Michael & Florence,4616,91
Michael & Florence,5370,172
Michael & Florence,5516,181
Michael & Florence,4593,151
Michael & Florence,6099,118
Michael & Florence,4499,134
Michael & Florence,6970,22
Michael & Florence,3996,76
Michael & Florence,4228,121
Michael & Florence,2155,80
Michael & Florence,2741,35
Michael & Florence,5969,237
Michael & Florence,5297,261
Michael & Florence,3421,110
Michael & Florence,4158,71
Michael & Florence,5230,162
Michael & Florence,2352,32
Michael & Florence,6515,132
Michael & Florence,4997,109
Michael & Florence,2551,100
Michael & Florence,4522,87
Michael & Florence,6054,152
Michael & Florence,3820,98
Michael & Florence,4027,48
Michael & Florence,3862,107
Michael & Florence,9587,177
Michael & Florence,6435,152
Michael & Florence,1710,46
Michael & Florence,2337,56
Michael & Florence,3567,87
Michael & Florence,5736,51
Michael & Florence,7384,152
Michael & Florence,3304,145
Michael & Florence,3015,100
Michael & Florence,2270,65
Michael & Florence,2656,50
Michael & Florence,1852,74
Michael & Florence,1715,73
Michael & Florence,4579,140
Michael & Florence,2676,101
Michael & Florence,6052,228
Michael & Florence,5841,211
Michael & Florence,1839,162
Michael & Florence,3311,54
Michael & Florence,5173,242
Michael & Florence,1363,184
Michael & Florence,7063,105
Michael & Florence,5152,42
Michael & Florence,3969,266
Michael & Florence,2366,132
Michael & Florence,4563,171
Michael & Florence,8599,213
Michael & Florence,5051,152
Michael & Florence,4405,117
Michael & Florence,3219,161
Michael & Florence,5938,127
Michael & Florence,4383,102
Michael & Florence,4430,73
Michael & Florence,8121,178
Michael & Florence,5801,141
Michael & Florence,4532,64
Michael & Florence,3183,56
Michael & Florence,2397,84
Michael & Florence,5928,147
Michael & Florence,5245,118
Michael & Florence,5052,46
Michael & Florence,3343,48
Michael & Florence,6381,216
Michael & Florence,5321,123
Michael & Florence,7085,129
Michael & Florence,5304,166
Michael & Florence,3706,76
Michael & Florence,5931,115
Michael & Florence,1382,42
Michael & Florence,3985,51
Michael & Florence,1727,79
Michael & Florence,6829,122
Michael & Florence,5050,88
Michael & Florence,2900,78
Michael & Florence,3682,36
Michael & Florence,6964,121
Michael & Florence,3069,64
Michael & Florence,4679,197
Michael & Florence,2703,79
Michael & Florence,2909,75
Michael & Florence,3989,66
Michael & Florence,3408,94
Michael & Florence,5949,134
Michael & Florence,7913,206
Michael & Florence,4090,38
Michael & Florence,3360,54
Michael & Florence,5892,170
Michael & Florence,8022,257
Michael & Florence,5850,114
Michael & Florence,2633,69
Michael & Florence,3222,103
Michael & Florence,8273,136
Michael & Florence,5738,134
Michael & Florence,4051,141
Michael & Florence,4240,135
Michael & Florence,5127,115
Michael & Florence,8840,157
Michael & Florence,4206,92
Michael & Florence,1545,81
Michael & Florence,2338,101
Michael & Florence,4015,109
Michael & Florence,4379,93
Michael & Florence,947,427
Michael & Florence,7960,378
Michael & Florence,1437,141
Michael & Florence,5558,130
Michael & Florence,7505,161
Michael & Florence,6389,223
Michael & Florence,4564,154
Michael & Florence,2929,87
Michael & Florence,4413,103
Michael & Florence,4887,173
Michael & Florence,6091,279
Michael & Florence,7819,128
Michael & Florence,5356,123
Michael & Florence,4670,156
Michael & Florence,6567,246
Michael & Florence,4333,274
Michael & Florence,8634,203
Michael & Florence,3982,151
Michael & Florence,4025,165
Michael & Florence,3672,72
Michael & Florence,2488,198
Michael & Florence,3180,62
Michael & Florence,3711,97
Michael & Florence,5509,106
Michael & Florence,4759,154
Michael & Florence,4413,128
Michael & Florence,6751,138
Michael & Florence,2122,103
Michael & Florence,3971,144
Michael & Florence,5359,85
Michael & Florence,5333,210
Michael & Florence,5003,141
Michael & Florence,7195,162
Michael & Florence,4292,251
Michael & Florence,3748,70
Michael & Florence,3544,96
Michael & Florence,9478,262
Michael & Florence,6071,181
Michael & Florence,5977,243
Michael & Florence,12450,268
Michael & Florence,4315,162
Michael & Florence,9166,279
Michael & Florence,5093,312
Michael & Florence,4450,153
Michael & Florence,5130,154
Michael & Florence,10934,284
Michael & Florence,6250,249
Michael & Florence,11913,136
Michael & Florence,8189,168
Michael & Florence,9996,319
Michael & Florence,4002,254
Michael & Florence,4163,174
Michael & Florence,6701,159
Michael & Florence,7685,130
Michael & Florence,7311,143
Michael & Florence,4316,93
Michael & Florence,7389,212
Michael & Florence,3142,87
Michael & Florence,7863,153
Michael & Florence,5737,234
Michael & Florence,2497,61
Michael & Florence,2039,52
Michael & Florence,4613,130
Michael & Florence,3103,100
Michael & Florence,3448,149
Michael & Florence,5097,99
Michael & Florence,3164,78
Michael & Florence,3167,86
Michael & Florence,5080,98
Michael & Florence,6646,116
Michael & Florence,5752,45
Michael & Florence,3099,66
Michael & Florence,6281,195
Michael & Florence,6549,134
Michael & Florence,6505,144
Michael & Florence,4759,924
Michael & Florence,2938,582
Michael & Florence,1260,52
Michael & Florence,3709,69
Michael & Florence,5108,123
Michael & Florence,7464,171
Michael & Florence,740,50
Michael & Florence,2043,37
Michael & Florence,5847,133
Michael & Florence,3475,56
Michael & Florence,3649,78
Michael & Florence,2452,58
Michael & Florence,3225,55
Michael & Florence,4085,87
Michael & Florence,4967,89
Michael & Florence,1437,24
Michael & Florence,4976,169
Michael & Florence,7400,121
Michael & Florence,5565,138
Michael & Florence,2748,63
Michael & Florence,4760,101
Michael & Florence,6746,125
Michael & Florence,3999,114
Michael & Florence,4093,89
Michael & Florence,6018,117
Michael & Florence,7553,63
Michael & Florence,4095,67
Michael & Florence,4828,90
Michael & Florence,7173,147
Michael & Florence,7006,139
Michael & Florence,6771,159
Michael & Florence,5769,122
Michael & Florence,4837,105
Michael & Florence,3401,106
Michael & Florence,5114,54
Michael & Florence,4499,318
Michael & Florence,2599,0
Michael & Florence,6506,85
Michael & Florence,5809,182
Michael & Florence,7344,144
Michael & Florence,3633,97
Michael & Florence,4072,354
Michael & Florence,4216,93
Michael & Florence,7863,66
Michael & Florence,2400,82
Michael & Florence,9303,215
Michael & Florence,2653,64
Michael & Florence,7842,297
Michael & Florence,3370,91
Michael & Florence,9161,144
Michael & Florence,2378,73
Michael & Florence,3206,115
Michael & Florence,4895,135
Michael & Florence,2353,56
Michael & Florence,5657,149
Michael & Florence,7715,132
Michael & Florence,6322,131
Michael & Florence,3224,139
Michael & Florence,6075,126
Michael & Florence,6290,160
Michael & Florence,5740,202
Michael & Florence,3941,194
Michael & Florence,2381,93
Michael & Florence,3819,54
Michael & Florence,3387,146
Michael & Florence,7660,80
Michael & Florence,9200,103
Michael & Florence,4058,101
Michael & Florence,3819,122
Michael & Florence,4012,68
Michael & Florence,3113,110
Michael & Florence,2638,101
Michael & Florence,4973,238
Michael & Florence,4941,102
Michael & Florence,1661,56
Michael & Florence,5915,111
Michael & Florence,3406,104
Michael & Florence,3459,129
Michael & Florence,2216,86
Michael & Florence,4239,99
Michael & Florence,4117,86
Michael & Florence,4170,109
Michael & Florence,3947,148
Michael & Florence,8912,133
Michael & Florence,5448,208
Michael & Florence,7027,159
Michael & Florence,4940,142
Michael & Florence,7646,186
Michael & Florence,3860,65
Michael & Florence,13315,337
Michael & Florence,13810,336
Michael & Florence,4320,137
Michael & Florence,6200,157
Michael & Florence,2807,97
Michael & Florence,3198,79
Michael & Florence,2249,80
Michael & Florence,4003,124
Michael & Florence,4726,262
Michael & Florence,4890,169
Michael & Florence,4045,149
Michael & Florence,3969,75
Michael & Florence,3157,101
Michael & Florence,4772,100
Michael & Florence,4671,144
Michael & Florence,4960,211
Michael & Florence,5190,168
Michael & Florence,6078,262
Michael & Florence,3280,310
Michael & Florence,2692,106
Michael & Florence,3762,197
Michael & Florence,4909,114
Michael & Florence,4660,130
Michael & Florence,4320,152
Michael & Florence,3863,196
Michael & Florence,4102,122
Michael & Florence,3739,229
Michael & Florence,3613,175
Michael & Florence,7994,180
Michael & Florence,6063,381
Michael & Florence,6361,178
Michael & Florence,7060,188
Michael & Florence,19761,613
Michael & Florence,4899,155
Michael & Florence,5573,116
Michael & Florence,11817,202
Michael & Florence,7895,204
Michael & Florence,9273,399
Michael & Florence,8918,527
Michael & Florence,3700,71
Michael & Florence,4895,122
Michael & Florence,6206,142
Michael & Florence,3694,129
Michael & Florence,6983,219
Michael & Florence,5646,114
Michael & Florence,2952,156
Michael & Florence,2734,89
Michael & Florence,2232,60
Michael & Florence,4362,130
Michael & Florence,2955,64
Michael & Florence,3392,56
Michael & Florence,5005,89
Michael & Florence,3375,118
Michael & Florence,3507,101
Michael & Florence,2278,137
Michael & Florence,2712,145
Michael & Florence,3854,114
Michael & Florence,6005,89
Michael & Florence,4035,110
Michael & Florence,3767,97
Michael & Florence,2913,39
Michael & Florence,3474,132
Michael & Florence,4786,54
Michael & Florence,4277,58
Michael & Florence,4434,107
Michael & Florence,3373,57
Michael & Florence,5460,155
Michael & Florence,5686,136
Michael & Florence,2231,99
Michael & Florence,3305,80
Michael & Florence,3548,63
Michael & Florence,4821,103
Michael & Florence,4806,93
Michael & Florence,2984,97
Michael & Florence,1918,23
Michael & Florence,4265,66
Michael & Florence,3273,101
Michael & Florence,5706,110
Michael & Florence,6374,169
Michael & Florence,1752,14
Michael & Florence,4529,84
Michael & Florence,5641,134
Michael & Florence,5916,188
Michael & Florence,5030,129
Michael & Florence,4896,121
Michael & Florence,5313,252
Michael & Florence,3655,104
Michael & Florence,3818,69
Michael & Florence,5787,161
Michael & Florence,6215,72
Michael & Florence,4462,93
Michael & Florence,4091,128
Michael & Florence,3861,96
Michael & Florence,4403,245
Michael & Florence,6441,50
Michael & Florence,3345,196
Michael & Florence,2124,56
Michael & Florence,8928,266
Michael & Florence,0,61
Michael & Florence,0,1
Michael & Florence,4392,86
Michael & Florence,3742,68
Michael & Florence,6073,47
Michael & Florence,4405,35
Michael & Florence,1334,178
Michael & Florence,10795,312
Michael & Florence,12151,319
Michael & Florence,6007,150
Michael & Florence,9904,171
Michael & Florence,6849,112
Michael & Florence,7699,296
Michael & Florence,5204,160
Michael & Florence,3876,77
Michael & Florence,2615,48
Michael & Florence,669,50
Michael & Florence,4765,149
Michael & Florence,6019,249
Michael & Florence,5785,145
Michael & Florence,1192,62
Michael & Florence,2618,119
Michael & Florence,4302,83
Michael & Florence,4656,111
Michael & Florence,4615,151
Michael & Florence,2235,22
Michael & Florence,2859,73
Michael & Florence,3596,60
Michael & Florence,4393,69
Michael & Florence,3560,73
Michael & Florence,4313,123
Michael & Florence,3919,113
Michael & Florence,4738,165
Michael & Florence,5405,95
Michael & Florence,3764,87
Michael & Florence,7034,145
Michael & Florence,3953,44
Michael & Florence,3276,45
Michael & Florence,6535,89
Michael & Florence,5616,68
Michael & Florence,4002,132
Michael & Florence,3905,101
Michael & Florence,3641,53
Michael & Florence,0,1
Michael & Florence,4249,114
Michael & Florence,5438,176
Michael & Florence,5055,30
Michael & Florence,4366,68
Michael & Florence,5881,34
Michael & Florence,5000,178
Michael & Florence,5763,154
Michael & Florence,4113,181
Michael & Florence,7215,167
Michael & Florence,4725,102
Michael & Florence,4722,153
Michael & Florence,6517,124
Michael & Florence,2140,187
Michael & Florence,3885,113
Michael & Florence,6363,262
Michael & Florence,7067,152
Michael & Florence,5680,111
Michael & Florence,7036,191
Michael & Florence,6331,94
Michael & Florence,7671,196
Michael & Florence,2742,101
Michael & Florence,4647,133
Michael & Florence,3310,170
Michael & Florence,2891,137
Michael & Florence,7254,177
Michael & Florence,2649,51
Michael & Florence,5651,121
Michael & Florence,4009,63
Michael & Florence,4940,153
Michael & Florence,4306,70
Michael & Florence,8349,258
Michael & Florence,3217,124
Michael & Florence,4695,162
Michael & Florence,1307,93
Michael & Florence,7326,128
Michael & Florence,4120,68
Michael & Florence,1859,69
Michael & Florence,5125,186
Michael & Florence,5538,128
Michael & Florence,4113,170
Michael & Florence,3685,127
Michael & Florence,6848,155
Michael & Florence,7028,144
Michael & Florence,6421,173
Michael & Florence,3723,58
Michael & Florence,5069,111
Michael & Florence,5490,172
Michael & Florence,6433,62
Michael & Florence,9567,267
Michael & Florence,1370,145
Michael & Florence,7151,104
Michael & Florence,6870,66
Michael & Florence,11757,262
Michael & Florence,1518,58
Michael & Florence,5720,60
Michael & Florence,4342,125
Michael & Florence,3984,184
Michael & Florence,3448,175
Michael & Florence,10751,261
Michael & Florence,17451,375
Michael & Florence,2863,199
Michael & Florence,3393,200
Michael & Florence,4869,74
Michael & Florence,4658,119
Michael & Florence,7921,263
Michael & Florence,4687,14
Michael & Florence,2532,184
Michael & Florence,5230,127
Michael & Florence,2958,49
Michael & Florence,2573,16
Michael & Florence,5029,36
Michael & Florence,5839,226
Michael & Florence,6529,204
Michael & Florence,4344,163
Michael & Florence,4508,97
Michael & Florence,7828,130
Michael & Florence,8558,74
Michael & Florence,5897,477
Michael & Florence,1115,47
Michael & Florence,3180,100
Michael & Florence,4826,223
Michael & Florence,2814,49
Michael & Florence,5354,105
Michael & Florence,3344,85
Michael & Florence,5843,141
Michael & Florence,9612,155
Michael & Florence,3320,197
Michael & Florence,3043,97
Michael & Florence,2914,159
Michael & Florence,5188,84
Michael & Florence,3260,74
Michael & Florence,8460,157
Michael & Florence,2200,212
Michael & Florence,1657,16
Michael & Florence,3287,132
Michael & Florence,6361,120
Michael & Florence,6746,131
Michael & Florence,7296,143
Michael & Florence,10567,178
Michael & Florence,10201,334
Michael & Florence,2091,91
Michael & Florence,1633,49
Michael & Florence,0,99
Michael & Florence,4045,117
Michael & Florence,2898,65
Michael & Florence,3898,104
Michael & Florence,2285,53
Michael & Florence,3332,105
Michael & Florence,3577,130
Michael & Florence,3763,125
Michael & Florence,3140,78
Michael & Florence,4338,164
Michael & Florence,3822,116
Michael & Florence,5431,88
Michael & Florence,4337,151
Michael & Florence,1927,117
Michael & Florence,3444,58
Michael & Florence,1676,81
Michael & Florence,3400,67
Michael & Florence,3488,159
Michael & Florence,3259,78
Michael & Florence,4198,81
Michael & Florence,4337,90
Michael & Florence,5431,141
Michael & Florence,7234,100
Michael & Florence,3663,169
Michael & Florence,4714,85
Michael & Florence,6462,144
Michael & Florence,5637,83
Michael & Florence,3454,102
Michael & Florence,4450,55
Michael & Florence,4620,77
Michael & Florence,4137,177
Michael & Florence,4050,150
Michael & Florence,2954,97
Michael & Florence,4176,299
Michael & Florence,3009,291
Michael & Florence,4385,138
Michael & Florence,3647,326
Michael & Florence,5264,23
Michael & Florence,4164,101
Michael & Florence,5446,85
Michael & Florence,3887,80
Michael & Florence,8113,208
Michael & Florence,2279,55
Michael & Florence,3074,211
Michael & Florence,4882,163
Michael & Florence,1439,59
Michael & Florence,3021,89
Michael & Florence,13267,293
Michael & Florence,2697,143
Michael & Florence,5452,212
Michael & Florence,5579,214
Michael & Florence,1829,47
Michael & Florence,4862,110
Michael & Florence,4714,89
Michael & Florence,7101,200
Michael & Florence,3822,82
Michael & Florence,6167,105
Michael & Florence,4615,177
Michael & Florence,5780,79
Michael & Florence,4386,109
Michael & Florence,2804,158
Michael & Florence,2314,35
Michael & Florence,2233,108
Michael & Florence,3049,46
Michael & Florence,2669,51
Michael & Florence,3704,118
Michael & Florence,2718,199
Michael & Florence,3369,123
Michael & Florence,6830,404
Michael & Florence,5029,113
Michael & Florence,2680,76
Michael & Florence,3649,190
Michael & Florence,3541,86
Michael & Florence,2631,80
Michael & Florence,5700,130
Michael & Florence,6785,91
Michael & Florence,3754,117
Michael & Florence,4841,226
Michael & Florence,6087,117
Michael & Florence,4364,70
Michael & Florence,4454,58
Michael & Florence,7188,110
Michael & Florence,4898,120
Michael & Florence,7055,314
Michael & Florence,10393,163
Michael & Florence,7181,134
Michael & Florence,6821,121
Michael & Florence,6559,168
Michael & Florence,7685,125
Michael & Florence,3029,158
Michael & Florence,4067,210
Michael & Florence,3380,141
Michael & Florence,8228,191
Michael & Florence,8324,154
Michael & Florence,4314,153
Michael & Florence,3984,157
Michael & Florence,7342,144
Michael & Florence,4000,136
Michael & Florence,2332,63
Michael & Florence,2354,138
Michael & Florence,5721,226
Michael & Florence,3924,147
Michael & Florence,5667,85
Michael & Florence,2991,41
Michael & Florence,3431,65
Michael & Florence,3797,40
Michael & Florence,4097,186
Michael & Florence,2829,87
Michael & Florence,4053,73
Michael & Florence,3233,90
Michael & Florence,9214,189
Michael & Florence,5168,143
Michael & Florence,6778,112
Michael & Florence,3937,270
Michael & Florence,3544,117
Michael & Florence,6715,144
Michael & Florence,4171,137
Michael & Florence,2660,95
Michael & Florence,4099,215
Michael & Florence,1595,51
Michael & Florence,5264,195
Michael & Florence,4177,398
Michael & Florence,8096,237
Michael & Florence,5033,250
Michael & Florence,4500,64
Michael & Florence,4387,66
Michael & Florence,3423,59
Michael & Florence,3357,127
Michael & Florence,2531,214
Michael & Florence,2743,92
Michael & Florence,4578,74
Michael & Florence,5724,151
Michael & Florence,4827,40
Michael & Florence,959,41
Michael & Florence,2394,6
Michael & Florence,1174,99
Michael & Florence,1037,73
Michael & Florence,2209,49
Michael & Florence,1591,95
Michael & Florence,1315,36
Michael & Florence,1230,85
Michael & Florence,6217,104
Michael & Florence,3831,138
Michael & Florence,6587,211
Michael & Florence,6104,132
Michael & Florence,6186,138
Michael & Florence,4320,127
Michael & Florence,4357,154
Michael & Florence,3484,110
Michael & Florence,5276,130
Michael & Florence,1684,93
Michael & Florence,4275,128
Michael & Florence,4435,82
Michael & Florence,1974,60
Michael & Florence,2578,68
Michael & Florence,6337,103
Michael & Florence,3069,126
Michael & Florence,5069,156
Michael & Florence,7222,113
Michael & Florence,4751,173
Michael & Florence,3107,97
Michael & Florence,6405,263
Michael & Florence,5796,161
Michael & Florence,5421,116
Michael & Florence,4513,64
Michael & Florence,4035,176
Michael & Florence,9362,124
Michael & Florence,4963,79
Michael & Florence,5913,191
Michael & Florence,5434,117
Michael & Florence,5803,133
Michael & Florence,4611,134
Michael & Florence,3885,65
Michael & Florence,3682,66
Michael & Florence,6586,192
Michael & Florence,3053,76
Michael & Florence,5675,70
Michael & Florence,4285,132
Michael & Florence,7416,85
Michael & Florence,7445,127
Michael & Florence,10155,265
Michael & Florence,10407,213
Michael & Florence,6217,274
Michael & Florence,5064,98
Michael & Florence,4819,217
Michael & Florence,6353,152
Michael & Florence,2211,143
Michael & Florence,2911,219
Michael & Florence,4737,123
Michael & Florence,6658,150
Michael & Florence,4279,151
Michael & Florence,2135,73
Michael & Florence,4184,65
Michael & Florence,2717,83
Michael & Florence,3546,15
Michael & Florence,3574,137
Michael & Florence,2237,49
Michael & Florence,0,0
Michael & Florence,3459,69
Michael & Florence,4871,56
Michael & Florence,2942,79
Michael & Florence,5635,223
Michael & Florence,3041,13
Michael & Florence,409,95
Michael & Florence,1171,191
Michael & Florence,5420,218
Michael & Florence,7243,315
Michael & Florence,8873,191
Michael & Florence,5035,57
Michael & Florence,2608,27
Michael & Florence,4368,98
Michael & Florence,2667,87
Michael & Florence,3290,63
Michael & Florence,3605,107
Michael & Florence,4971,85
Michael & Florence,1811,50
Michael & Florence,3762,53
Michael & Florence,5166,238
Michael & Florence,0,25
Michael & Florence,6423,93
Michael & Florence,2948,104
Michael & Florence,4059,90
Michael & Florence,6712,129
Michael & Florence,6554,127
Michael & Florence,5487,132
Michael & Florence,2875,249
Michael & Florence,6946,182
Michael & Florence,5037,145
Michael & Florence,4674,142
Michael & Florence,5678,115
Michael & Florence,3389,33
Michael & Florence,3641,100
Michael & Florence,3256,81
Michael & Florence,3177,123
Michael & Florence,3585,59
Michael & Florence,3622,119
Michael & Florence,7519,49
Michael & Florence,7470,52
Michael & Florence,2438,96
Michael & Florence,1858,38
Michael & Florence,3559,57
Michael & Florence,5528,87
Michael & Florence,4379,105
Michael & Florence,7197,75
Michael & Florence,4044,60
Michael & Florence,3517,103
Michael & Florence,6120,95
Michael & Florence,4683,144
Michael & Florence,3265,78
Michael & Florence,7159,333
Michael & Florence,3828,29
Michael & Florence,5601,58
Michael & Florence,6617,141
Michael & Florence,4225,112
Michael & Florence,2790,57
Michael & Florence,4097,130
Michael & Florence,4807,74
Michael & Florence,5789,99
Michael & Florence,4982,124
Michael & Florence,3009,94
Michael & Florence,2940,133
Michael & Florence,4314,154
Michael & Florence,9012,179
Michael & Florence,6414,237
Michael & Florence,7964,208
Michael & Florence,8471,207
Michael & Florence,6043,123
Michael & Florence,10647,235
Michael & Florence,2137,56
Michael & Florence,6217,168
Michael & Florence,5851,218
Michael & Florence,8118,294
Michael & Florence,14095,366
Michael & Florence,15881,462
Michael & Florence,1445,248
Michael & Florence,2396,103
Michael & Florence,3454,228
Michael & Florence,3476,182
Michael & Florence,3432,284
Michael & Florence,6911,125
Michael & Florence,6408,255
Michael & Florence,4858,92
Michael & Florence,3743,64
Michael & Florence,3246,92
Michael & Florence,4819,90
Michael & Florence,4139,123
Michael & Florence,4044,78
Michael & Florence,4449,110
Michael & Florence,3031,55
Michael & Florence,1881,19
Michael & Florence,7496,107
Michael & Florence,3175,35
Michael & Florence,5566,134
Michael & Florence,3753,48
Michael & Florence,5234,107
Michael & Florence,3570,49
Michael & Florence,2348,111
Michael & Florence,3252,139
Michael & Florence,2566,32
Michael & Florence,5770,89
Michael & Florence,4981,98
Michael & Florence,6951,105
Michael & Florence,5164,114
Michael & Florence,3543,229
Michael & Florence,4725,105
Michael & Florence,4106,96
Michael & Florence,3249,101
Michael & Florence,1789,63
Michael & Florence,4575,90
Michael & Florence,3490,175
Michael & Florence,3031,48
Michael & Florence,5917,114
Michael & Florence,3923,183
Michael & Florence,1180,146
Michael & Florence,4877,138
Michael & Florence,6855,154
Michael & Florence,4590,111
Michael & Florence,4156,153
Michael & Florence,2996,106
Michael & Florence,4811,141
Michael & Florence,3899,116
Michael & Florence,5573,175
Michael & Florence,6862,123
Michael & Florence,9265,280
Michael & Florence,1402,80
Michael & Florence,1871,70
Michael & Florence,6950,134
Michael & Florence,3559,111
Michael & Florence,5740,158
Michael & Florence,9026,176
Michael & Florence,5518,252
Michael & Florence,4903,169
Michael & Florence,2711,109
Michael & Florence,3885,253
Michael & Florence,1605,74
Michael & Florence,6514,95
Michael & Florence,6446,184
Michael & Florence,1462,56
Michael & Florence,6591,212
Michael & Florence,4551,222
Michael & Florence,3814,29
Michael & Florence,2728,80
Michael & Florence,9074,253
Michael & Florence,12559,411
Michael & Florence,11313,264
Michael & Florence,13997,343
Michael & Florence,3521,89
Michael & Florence,6861,193
Michael & Florence,10774,223
Michael & Florence,0,193
Michael & Florence,0,21
Michael & Florence,2720,33
Michael & Florence,2145,133
Michael & Florence,1265,100
Michael & Florence,4958,61
Michael & Florence,5920,112
Michael & Florence,5448,100
Michael & Florence,1932,103
Michael & Florence,4922,94
Michael & Florence,4360,60
Michael & Florence,2247,123
Michael & Florence,1825,46
Michael & Florence,6183,178
Michael & Florence,7675,161
Michael & Florence,4877,131
Michael & Florence,6175,106
Michael & Florence,7032,113
Michael & Florence,2724,56
Michael & Florence,2155,68
Michael & Florence,5819,374
Michael & Florence,4338,71
Michael & Florence,4637,76
Michael & Florence,3220,75
Michael & Florence,5799,97
Michael & Florence,9440,158
Michael & Florence,6366,168
Michael & Florence,2266,51
Michael & Florence,4595,104
Michael & Florence,2361,72
Michael & Florence,6017,129
Michael & Florence,1688,65
Michael & Florence,3867,48
Michael & Florence,3407,79
Michael & Florence,3210,107
Michael & Florence,2325,102
Michael & Florence,5630,126
Michael & Florence,5364,339
Michael & Florence,5375,54
Michael & Florence,4573,150
Michael & Florence,4251,201
Michael & Florence,3069,106
Michael & Florence,9474,292
Michael & Florence,0,33
Michael & Florence,5090,56
Michael & Florence,3503,92
Michael & Florence,5773,85
Michael & Florence,6039,192
Michael & Florence,3204,52
Michael & Florence,8483,63
Michael & Florence,2423,135
Michael & Florence,6722,187
Michael & Florence,5034,77
Michael & Florence,3965,163
Michael & Florence,1864,34
Michael & Florence,3616,56
Michael & Florence,4880,168
Michael & Florence,10828,203
Michael & Florence,4105,188
Michael & Florence,5562,130
Michael & Florence,2633,109
Michael & Florence,4950,131
Michael & Florence,6677,134
Michael & Florence,5301,176
Michael & Florence,3106,63
Michael & Florence,2843,83
Michael & Florence,3945,43
Michael & Florence,4195,57
Michael & Florence,2077,172
Michael & Florence,3923,128
Michael & Florence,4706,119
Michael & Florence,3279,72
Michael & Florence,4929,131
Michael & Florence,2930,88
Michael & Florence,3638,184
Michael & Florence,8125,200
Michael & Florence,9261,255
Michael & Florence,2681,62
Michael & Florence,2289,113
Michael & Florence,8011,113
Michael & Florence,4417,99
Michael & Florence,3498,81
Michael & Florence,5241,192
Michael & Florence,8211,128
Michael & Florence,5518,231
Michael & Florence,3217,114
Michael & Florence,3015,72
Michael & Florence,4436,140
Michael & Florence,3995,111
Michael & Florence,5965,180
Michael & Florence,11602,103
Michael & Florence,6916,238
Michael & Florence,5162,129
Michael & Florence,2885,110
Michael & Florence,6671,146
Michael & Florence,8160,238
Michael & Florence,7618,156
Michael & Florence,3317,84
Michael & Florence,3801,44
Michael & Florence,4337,159
Michael & Florence,2697,54
Michael & Florence,1923,74
Michael & Florence,1642,103
Michael & Florence,1763,47
Michael & Florence,4918,104
Michael & Florence,2754,88
Michael & Florence,0,6
Michael & Florence,441,47
Michael & Florence,4636,167
Michael & Florence,3705,84
Michael & Florence,3635,88
Michael & Florence,4043,137
Michael & Florence,1597,45
Michael & Florence,2503,51
Michael & Florence,4737,171
Michael & Florence,4775,171
Michael & Florence,3566,76
Michael & Florence,2829,137
Michael & Florence,8488,132
Michael & Florence,2630,68
Michael & Florence,3957,191
Michael & Florence,4550,38
Michael & Florence,2953,115
Michael & Florence,3877,62
Michael & Florence,4058,113
Michael & Florence,2937,119
Michael & Florence,5898,148
Michael & Florence,1583,137
Michael & Florence,6150,75
Michael & Florence,6039,93
Michael & Florence,4359,51
Michael & Florence,5193,136
Michael & Florence,5344,160
Michael & Florence,6310,168
Michael & Florence,3454,168
Michael & Florence,2882,126
Michael & Florence,4749,141
Michael & Florence,4479,119
Michael & Florence,4119,91
Michael & Florence,6123,94
Michael & Florence,2702,92
Michael & Florence,2774,144
Michael & Florence,4984,87
Michael & Florence,7599,217
Michael & Florence,8934,225
Michael & Florence,4102,174
Michael & Florence,5105,169
Michael & Florence,3627,92
Michael & Florence,2377,84
Michael & Florence,3491,52
Michael & Florence,4011,117
Michael & Florence,4199,99
Michael & Florence,2723,65
Michael & Florence,2518,45
Michael & Florence,4271,117
Michael & Florence,4492,92
Michael & Florence,2601,75
Michael & Florence,2539,89
Michael & Florence,8550,175
Michael & Florence,2975,33
Michael & Florence,1825,50
Michael & Florence,3243,86
Michael & Florence,5149,74
Michael & Florence,6522,77
Michael & Florence,4972,77
Michael & Florence,4444,43
Michael & Florence,4434,84
Michael & Florence,1001,16
Michael & Florence,8311,88
Michael & Florence,4590,82
Michael & Florence,2786,92
Michael & Florence,5054,78
Michael & Florence,4247,101
Michael & Florence,4084,63
Michael & Florence,5643,121
Michael & Florence,3248,125
Michael & Florence,2910,83
Michael & Florence,6454,81
Michael & Florence,4644,81
Michael & Florence,2485,49
Michael & Florence,3042,55
Michael & Florence,9026,148
Michael & Florence,5453,30
Michael & Florence,8854,213
Michael & Florence,4180,137
Michael & Florence,1491,127
Michael & Florence,4523,138
Michael & Florence,2412,109
Michael & Florence,6960,187
Michael & Florence,4060,81
Michael & Florence,5035,108
Michael & Florence,6428,128
Michael & Florence,5041,59
Michael & Florence,4939,83
Michael & Florence,1991,54
Michael & Florence,2237,55
Michael & Florence,6265,122
Michael & Florence,5907,129
Michael & Florence,3073,26
Michael & Florence,2379,47
Michael & Florence,8289,167
Michael & Florence,5123,157
Michael & Florence,2288,105
Michael & Florence,5566,80
Michael & Florence,2296,73
Michael & Florence,4360,80
Michael & Florence,4716,113
Michael & Florence,8694,119
Michael & Florence,3483,195
Michael & Florence,3675,46
Michael & Florence,6792,112
Michael & Florence,3221,169
Michael & Florence,1908,242
Michael & Florence,6897,204
Michael & Florence,4859,305
Michael & Florence,3910,222
Michael & Florence,3176,143
Michael & Florence,1890,214
Michael & Florence,3159,90
Michael & Florence,2654,93
Michael & Florence,5475,40
Michael & Florence,5069,36
Michael & Florence,4885,65
Michael & Florence,4433,86
Michael & Florence,6396,129
Michael & Florence,8212,115
Michael & Florence,2690,72
Michael & Florence,3116,112
Michael & Florence,5831,122
Michael & Florence,4828,121
Michael & Florence,5224,279
Michael & Florence,5550,89
Michael & Florence,2874,130
Michael & Florence,5236,259
Michael & Florence,1865,110
Michael & Florence,2173,147
Michael & Florence,4067,157
Michael & Florence,6227,306
Michael & Florence,3822,90
Michael & Florence,5025,81
Michael & Florence,3187,69
Michael & Florence,1838,65
Michael & Florence,4089,79
Michael & Florence,5701,167
Michael & Florence,8006,131
Michael & Florence,4644,157
Michael & Florence,2647,28
Michael & Florence,3422,98
Michael & Florence,3162,75
Michael & Florence,3214,87
Michael & Florence,4833,96
Michael & Florence,1102,103
Michael & Florence,0,144
Michael & Florence,4158,373
Michael & Florence,3471,50
Michael & Florence,1072,11
Michael & Florence,3649,678
Michael & Florence,7782,198
Michael & Florence,1888,173
Michael & Florence,0,124
Michael & Florence,0,0
Michael & Florence,5566,135
Michael & Florence,7593,108
Michael & Florence,4603,100
Michael & Florence,2427,126
Michael & Florence,6054,169
Michael & Florence,4020,181
Michael & Florence,4870,197
Michael & Florence,2989,130
Michael & Florence,3325,83
Michael & Florence,0,21
Michael & Florence,4422,144
Michael & Florence,4686,89
Michael & Florence,7833,349
Michael & Florence,6572,44
Michael & Florence,3714,264
Michael & Florence,4724,111
Michael & Florence,4435,112
Michael & Florence,3866,59
Michael & Florence,3174,83
Michael & Florence,2552,72
Michael & Florence,2628,72
Michael & Florence,2389,120
Michael & Florence,2746,75
Michael & Florence,2492,80
Michael & Florence,2626,78
Michael & Florence,3761,59
Michael & Florence,5435,147
Michael & Florence,5408,130
Michael & Florence,3958,110
Michael & Florence,3288,90
Michael & Florence,3631,148
Michael & Florence,2480,121
Michael & Florence,2067,102
Michael & Florence,4193,76
Michael & Florence,2453,68
Michael & Florence,2778,79
Michael & Florence,3581,96
Michael & Florence,2640,104
Michael & Florence,2565,57
Michael & Florence,1538,111
Michael & Florence,4096,110
Michael & Florence,2154,178
Michael & Florence,3782,82
Michael & Florence,3990,123
Michael & Florence,3484,65
Michael & Florence,4000,64
Michael & Florence,3627,163
Michael & Florence,8897,144
Michael & Florence,3132,80
Michael & Florence,5143,215
Michael & Florence,2494,255
Michael & Florence,6281,197
Michael & Florence,6144,199
Michael & Florence,4529,121
Michael & Florence,4150,130
Michael & Florence,3190,236
Michael & Florence,5145,237
Michael & Florence,4498,123
Michael & Florence,6216,147
Michael & Florence,3661,217
Michael & Florence,6749,169
Michael & Florence,4027,143
Michael & Florence,5220,80
Michael & Florence,6270,273
Michael & Florence,7047,139
Michael & Florence,4985,141
Michael & Florence,6184,131
Michael & Florence,5142,73
Michael & Florence,6252,156
Michael & Florence,4007,181
Michael & Florence,0,673
Michael & Florence,0,133
Michael & Florence,28,64
Michael & Florence,2320,41
Michael & Florence,2691,51
Michael & Florence,6555,133
Michael & Florence,5014,164
Michael & Florence,3578,59
Michael & Florence,2307,37
Michael & Florence,1858,29
Michael & Florence,1458,102
Michael & Florence,1157,47
Michael & Florence,1371,64
Michael & Florence,2167,112
Michael & Florence,1408,87
Michael & Florence,1105,12
Michael & Florence,3011,81
Michael & Florence,5363,188
Michael & Florence,2330,15
Michael & Florence,3106,105
Michael & Florence,2130,110
Michael & Florence,1584,102
Michael & Florence,3532,53
Michael & Florence,1847,0
Michael & Florence,1196,76
Michael & Florence,1379,167
Michael & Florence,1128,149
Michael & Florence,520,51
Michael & Florence,1343,41
Michael & Florence,1268,90
Michael & Florence,0,0
Michael & Florence,560,87
Michael & Florence,0,12
Michael & Florence,0,8
Michael & Florence,2407,99
Michael & Florence,5376,109
Michael & Florence,3922,405
Michael & Florence,2229,47
Michael & Florence,3538,80
Michael & Florence,5212,66
Michael & Florence,3893,69
Michael & Florence,3857,110
Michael & Florence,5015,166
Michael & Florence,3141,155
Michael & Florence,7775,161
Michael & Florence,3764,98
Michael & Florence,2323,137
Michael & Florence,4853,146
Michael & Florence,4294,75
Michael & Florence,5420,120
Michael & Florence,3704,90
Michael & Florence,4971,317
Michael & Florence,3717,46
Michael & Florence,1995,98
Michael & Florence,4292,216
Michael & Florence,2128,68
Michael & Florence,5216,83
Michael & Florence,6893,114
Michael & Florence,3699,44
Michael & Florence,3247,64
Michael & Florence,1738,57
Michael & Florence,4569,92
Michael & Florence,3277,77
Michael & Florence,4442,46
Michael & Florence,3443,103
Michael & Florence,1348,37
Michael & Florence,2990,62
Michael & Florence,7190,172
Michael & Florence,3271,83
Michael & Florence,4624,58
Michael & Florence,4620,165
Michael & Florence,4450,69
Michael & Florence,4354,82
Michael & Florence,5936,92
Michael & Florence,3017,74
Michael & Florence,4710,71
Michael & Florence,4594,77
Michael & Florence,2447,97
Michael & Florence,6095,79
Michael & Florence,3604,66
Michael & Florence,4806,213
Michael & Florence,3929,55
Michael & Florence,4503,105
Michael & Florence,2922,143
Michael & Florence,3735,73
Michael & Florence,2579,63
Michael & Florence,3058,56
Michael & Florence,5177,99
Michael & Florence,6005,76
Michael & Florence,3583,76
Michael & Florence,0,116
Michael & Florence,3246,78
Michael & Florence,4617,204
Michael & Florence,4300,160
Michael & Florence,4005,258
Michael & Florence,4333,99
Michael & Florence,4059,32
Michael & Florence,5047,67
Michael & Florence,3675,101
Michael & Florence,5170,78
Michael & Florence,5051,92
Michael & Florence,3168,25
Michael & Florence,4519,69
Michael & Florence,3904,158
Michael & Florence,6773,138
Michael & Florence,2430,93
Michael & Florence,4924,120
Michael & Florence,3103,149
Michael & Florence,2779,113
Michael & Florence,2186,60
Michael & Florence,3524,90
Michael & Florence,3677,48
Michael & Florence,5228,132
Michael & Florence,3785,99
Michael & Florence,5517,135
Michael & Florence,4796,155
Michael & Florence,4063,135
Michael & Florence,4032,108
Michael & Florence,3635,112
Michael & Florence,4540,112
Michael & Florence,2625,70
Michael & Florence,13838,0
Michael & Florence,9711,0
Michael & Florence,6361,0
Michael & Florence,4072,0
Michael & Florence,5592,0
Michael & Florence,7347,0
Michael & Florence,4946,0
Michael & Florence,1177,0
Michael & Florence,5108,0
Michael & Florence,4673,0
Michael & Florence,9623,0
Michael & Florence,4922,0
Michael & Florence,5259,0
Michael & Florence,6501,0
Michael & Florence,12544,0
Michael & Florence,9110,0
Michael & Florence,8038,0
Michael & Florence,8527,0
Michael & Florence,10117,0
Michael & Florence,8263,0
Michael & Florence,10145,0
Michael & Florence,3145,0
Michael & Florence,6938,0
Michael & Florence,5612,0
Michael & Florence,5079,0
Michael & Florence,5484,0
Michael & Florence,3417,0
Michael & Florence,4282,0
Michael & Florence,3999,0
Michael & Florence,8390,0
Michael & Florence,6804,0
Michael & Florence,4912,0
Michael & Florence,5572,0
Michael & Florence,7826,0
Michael & Florence,6181,0
Michael & Florence,7908,0
Michael & Florence,5174,0
Michael & Florence,3587,0
Michael & Florence,1335,0
Michael & Florence,3560,0
Michael & Florence,7317,0
Michael & Florence,6356,0
Michael & Florence,4217,0
Michael & Florence,7559,0
Michael & Florence,6896,0
Michael & Florence,9369,0
Michael & Florence,8212,0
Michael & Florence,7542,0
Michael & Florence,4981,0
Michael & Florence,7928,0
Michael & Florence,6362,0
Michael & Florence,6608,0
Michael & Florence,6804,0
Michael & Florence,5122,0
Michael & Florence,6396,0
Michael & Florence,4580,0
Michael & Florence,5008,0
Michael & Florence,5916,0
Michael & Florence,4100,0
Michael & Florence,9362,0
Michael & Florence,6991,0
Michael & Florence,4045,0
Michael & Florence,4119,0
Michael & Florence,3908,0
Michael & Florence,9214,0
Michael & Florence,4983,0
Michael & Florence,6734,0
Michael & Florence,6904,0
Michael & Florence,6758,0
Michael & Florence,7571,0
Michael & Florence,1722,0
Michael & Florence,4369,0
Michael & Florence,3047,0
Michael & Florence,1469,0
Michael & Florence,3945,0
Michael & Florence,2599,0
Michael & Florence,4262,0
Michael & Florence,1714,0
Michael & Florence,3511,0
Michael & Florence,4524,0
Michael & Florence,6383,0
Michael & Florence,5081,0
Michael & Florence,2864,0
Michael & Florence,8456,0
Michael & Florence,5345,0
Michael & Florence,5075,0
Michael & Florence,5721,0
Michael & Florence,6097,0
Michael & Florence,3393,0
Michael & Florence,1454,0
Michael & Florence,1799,0
Michael & Florence,4804,0
Michael & Florence,2707,0
Michael & Florence,5296,0
Michael & Florence,6152,0
Michael & Florence,1542,0
Michael & Florence,7979,0
Michael & Florence,8109,0
Michael & Florence,6533,0
Michael & Florence,7974,0
Michael & Florence,4667,0
Michael & Florence,3503,0
Michael & Florence,3927,0
Michael & Florence,6550,0
Michael & Florence,2609,0
Michael & Florence,6071,0
Michael & Florence,4970,0
Michael & Florence,8870,0
Michael & Florence,7727,0
Michael & Florence,4935,0
Michael & Florence,8927,0
Michael & Florence,3904,0
Michael & Florence,4105,0
Michael & Florence,4414,0
Michael & Florence,4364,0
Michael & Florence,8411,0
Michael & Florence,6285,0
Michael & Florence,4322,0
Michael & Florence,7852,0
Michael & Florence,4449,0
Michael & Florence,3453,0
Michael & Florence,2570,0
Michael & Florence,4911,0
Michael & Florence,10961,0
Michael & Florence,3397,0
Michael & Florence,3846,0
Michael & Florence,5618,0
Michael & Florence,9543,0
Michael & Florence,1491,0
Michael & Florence,3490,0
Michael & Florence,1706,0
Michael & Florence,1994,0
Michael & Florence,5771,0
Michael & Florence,6117,0
Michael & Florence,7899,0
Michael & Florence,3508,0
Michael & Florence,3511,0
Michael & Florence,2982,0
Michael & Florence,6069,0
Michael & Florence,7426,0
Michael & Florence,6050,0
Michael & Florence,4378,0
Michael & Florence,3358,0
Michael & Florence,6882,0
Michael & Florence,6333,0
Michael & Florence,2448,0
Michael & Florence,2167,0
Michael & Florence,5645,0
Michael & Florence,5930,0
Michael & Florence,8002,0
Michael & Florence,5230,0
Michael & Florence,2337,0
Michael & Florence,5641,0
Michael & Florence,5602,0
Michael & Florence,6194,0
Michael & Florence,3638,0
Michael & Florence,2780,0
Michael & Florence,4728,0
Michael & Florence,2943,0
Michael & Florence,2590,0
Michael & Florence,6162,0
Michael & Florence,5862,0
Michael & Florence,6124,0
Michael & Florence,4361,0
Michael & Florence,1778,0
Michael & Florence,1025,0
Michael & Florence,6176,0
Michael & Florence,8183,0
Michael & Florence,3147,0
Michael & Florence,6320,0
Michael & Florence,3018,0
Michael & Florence,4763,0
Michael & Florence,2825,0
Michael & Florence,3375,0
Michael & Florence,6056,0
Michael & Florence,4602,0
Michael & Florence,1597,0
Michael & Florence,3973,0
Michael & Florence,5377,0
Michael & Florence,4716,0
Michael & Florence,5892,0
Michael & Florence,8043,0
Michael & Florence,5243,0
Michael & Florence,5154,0
Michael & Florence,5704,0
Michael & Florence,5176,0
Michael & Florence,2545,0
Michael & Florence,5383,0
Michael & Florence,9478,0
Michael & Florence,3182,0
Michael & Florence,5750,0
Michael & Florence,2606,0
Michael & Florence,3966,0
Michael & Florence,1469,0
Michael & Florence,1507,0
Michael & Florence,1882,0
Michael & Florence,1486,0
Michael & Florence,1927,0
Michael & Florence,2084,0
Michael & Florence,2616,46
Michael & Florence,5593,0
Michael & Florence,5167,0
Michael & Florence,5162,0
Michael & Florence,5899,0
Michael & Florence,6419,0
Michael & Florence,2213,0
Michael & Florence,1557,0
Michael & Florence,16070,0
Michael & Florence,2500,0
Michael & Florence,2671,0
Michael & Florence,4512,0
Michael & Florence,3912,0
Michael & Florence,6733,0
Michael & Florence,5944,0
Michael & Florence,4577,0
Michael & Florence,4693,0
Michael & Florence,4524,0
Michael & Florence,3712,0
Michael & Florence,2995,0
Michael & Florence,1045,0
Michael & Florence,1290,0
Michael & Florence,5638,0
Michael & Florence,5527,0
Michael & Florence,3916,0
Michael & Florence,2862,0
Michael & Florence,1004,0
Michael & Florence,4321,0
Michael & Florence,3303,0
Michael & Florence,3526,0
Michael & Florence,1634,0
Michael & Florence,2654,0
Michael & Florence,2054,0
Michael & Florence,7439,0
Michael & Florence,3606,0
Michael & Florence,2937,0
Michael & Florence,6843,0
Michael & Florence,6302,0
Michael & Florence,7074,0
Michael & Florence,6193,0
Michael & Florence,5489,0
Michael & Florence,1346,0
Michael & Florence,5591,0
Michael & Florence,3576,0
Michael & Florence,2627,4
Michael & Florence,2450,29
Michael & Florence,5249,0
Michael & Florence,5130,0
Michael & Florence,2259,0
Michael & Florence,5828,0
Michael & Florence,4232,0
Michael & Florence,14365,0
Michael & Florence,0,0
Michael & Florence,8511,0
Michael & Florence,3704,0
Michael & Florence,8601,0
Michael & Florence,3838,0
Michael & Florence,6739,0
Michael & Florence,4451,0
Michael & Florence,4412,0
Michael & Florence,10438,0
Michael & Florence,2616,0
Michael & Florence,7682,0
Michael & Florence,7163,0
Michael & Florence,5405,0
Michael & Florence,5424,0
Michael & Florence,5616,0
Michael & Florence,4961,0
Michael & Florence,3638,0
Michael & Florence,2296,0
Michael & Florence,4424,0
Michael & Florence,6236,0
Michael & Florence,5845,0
Michael & Florence,8111,0
Michael & Florence,4879,0
Michael & Florence,4558,0
Michael & Florence,2330,0
Michael & Florence,10519,0
Michael & Florence,10815,0
Michael & Florence,6956,0
Michael & Florence,6166,0
Michael & Florence,8938,0
Michael & Florence,5414,0
Michael & Florence,3907,0
Michael & Florence,3492,0
Michael & Florence,7030,0
Michael & Florence,4357,0
Michael & Florence,7340,0
Michael & Florence,3228,0
Michael & Florence,3137,0
Michael & Florence,2892,0
Michael & Florence,5817,0
Michael & Florence,5353,0
Michael & Florence,4131,0
Michael & Florence,6518,0
Michael & Florence,3904,0
Michael & Florence,1652,0
Michael & Florence,2511,0
Michael & Florence,1753,0
Michael & Florence,4301,0
Michael & Florence,1888,0
Michael & Florence,4443,0
Michael & Florence,7335,0
Michael & Florence,5607,0
Michael & Florence,4355,0
Michael & Florence,7941,0
Michael & Florence,5805,0
Michael & Florence,7295,0
Michael & Florence,4710,0
Michael & Florence,5307,0
Michael & Florence,7511,0
Michael & Florence,13185,0
Michael & Florence,9483,0
Michael & Florence,11702,0
Michael & Florence,15629,0
Michael & Florence,18658,0
Michael & Florence,5490,0
Michael & Florence,14579,0
Michael & Florence,26399,0
Michael & Florence,3348,0
Michael & Florence,4220,0
Michael & Florence,5078,0
Michael & Florence,2832,0
Michael & Florence,1555,0
Michael & Florence,2586,0
Michael & Florence,5099,0
Michael & Florence,5865,0
Michael & Florence,4582,0
Michael & Florence,2772,0
Michael & Florence,7125,0
Michael & Florence,6930,0
Michael & Florence,6771,0
Michael & Florence,4716,0
Michael & Florence,3147,0
Michael & Florence,5976,0
Michael & Florence,1741,0
Michael & Florence,8386,0
Michael & Florence,6726,0
Michael & Florence,21870,0
Michael & Florence,9422,0
Michael & Florence,5658,0
Michael & Florence,7707,0
Michael & Florence,7043,0
Michael & Florence,6559,0
Michael & Florence,2696,0
Michael & Florence,10084,0
Michael & Florence,4094,0
Michael & Florence,2444,0
Michael & Florence,2746,0
Michael & Florence,8726,0
Michael & Florence,3140,0
Michael & Florence,4830,0
Michael & Florence,1721,0
Michael & Florence,2254,0
Michael & Florence,6255,0
Michael & Florence,4430,0
Michael & Florence,4788,0
Michael & Florence,2362,0
Michael & Florence,8922,0
Michael & Florence,6553,0
Michael & Florence,5949,0
Michael & Florence,2184,0
Michael & Florence,1510,0
Michael & Florence,5506,0
Michael & Florence,5000,0
Michael & Florence,5784,0
Michael & Florence,6363,0
Michael & Florence,6017,0
Michael & Florence,6325,0
Michael & Florence,11905,0
Michael & Florence,11437,0
Michael & Florence,4726,0
Michael & Florence,4350,0
Michael & Florence,5583,0
Michael & Florence,3310,0
Michael & Florence,3106,0
Michael & Florence,5352,0
Michael & Florence,4327,0
Michael & Florence,6989,0
Michael & Florence,2884,0
Michael & Florence,4616,0
Michael & Florence,4741,0
Michael & Florence,2562,0
Michael & Florence,3053,0
Michael & Florence,8102,0
Michael & Florence,6478,0
Michael & Florence,4814,0
Michael & Florence,6190,0
Michael & Florence,12602,490
Michael & Florence,5576,122
Michael & Florence,3861,253
Michael & Florence,6074,438
Michael & Florence,1155,0
Michael & Florence,1616,0
Michael & Florence,7762,0
Michael & Florence,0,0
Michael & Florence,5872,0
Michael & Florence,5172,0
Michael & Florence,10218,0
Michael & Florence,12725,0
Michael & Florence,6751,0
Michael & Florence,3047,0
Michael & Florence,9664,0
Michael & Florence,3273,0
Michael & Florence,8778,0
Michael & Florence,6052,0
Michael & Florence,8218,0
Michael & Florence,8695,0
Michael & Florence,4344,0
Michael & Florence,4178,0
Michael & Florence,6564,0
Michael & Florence,7574,0
Michael & Florence,6058,0
Michael & Florence,5249,0
Michael & Florence,5108,0
Michael & Florence,1124,0
Michael & Florence,737,0
Michael & Florence,3816,0
Michael & Florence,7869,0
Michael & Florence,5274,0
Michael & Florence,4091,0
Michael & Florence,2739,0
Michael & Florence,6452,0
Michael & Florence,2788,0
Michael & Florence,2056,0
Michael & Florence,3899,0
Michael & Florence,7929,97
Michael & Florence,1774,0
Michael & Florence,3811,0
Michael & Florence,5053,0
Michael & Florence,5803,0
Michael & Florence,4672,0
Michael & Florence,2766,0
Michael & Florence,2074,0
Michael & Florence,964,0
Michael & Florence,2368,0
Michael & Florence,7087,0
Michael & Florence,6483,0
Michael & Florence,6040,0
Michael & Florence,11568,0
Michael & Florence,3324,0
Michael & Florence,2986,0
Michael & Florence,5982,0
Michael & Florence,5758,0
Michael & Florence,3987,0
Michael & Florence,5614,0
Michael & Florence,6234,0
Michael & Florence,4515,0
Michael & Florence,4621,0
Michael & Florence,6525,0
Michael & Florence,2584,0
Michael & Florence,6753,0
Michael & Florence,3438,0
Michael & Florence,5628,0
Michael & Florence,3368,0
Michael & Florence,7211,0
Michael & Florence,11238,0
Michael & Florence,10820,0
Michael & Florence,2917,0
Michael & Florence,9283,0
Michael & Florence,3868,0
Michael & Florence,8303,0
Michael & Florence,12912,0
Michael & Florence,11272,0
Michael & Florence,2011,0
Michael & Florence,3572,0
Michael & Florence,4790,0
Michael & Florence,3919,0
Michael & Florence,5857,0
Michael & Florence,6629,0
Michael & Florence,6286,0
Michael & Florence,6431,0
Michael & Florence,7570,0
Michael & Florence,2523,0
Michael & Florence,10095,0
Michael & Florence,2862,0
Michael & Florence,2350,0
Michael & Florence,2279,0
Michael & Florence,1692,0
Michael & Florence,4516,0
Michael & Florence,1288,0
Michael & Florence,2312,0
Michael & Florence,1425,0
Michael & Florence,2316,0
Michael & Florence,5675,0
Michael & Florence,5511,0
Michael & Florence,3042,0
Michael & Florence,5751,0
Michael & Florence,6045,0
Michael & Florence,5613,0
Michael & Florence,6671,0
Michael & Florence,4488,0
Michael & Florence,7180,0
Michael & Florence,5178,0
Michael & Florence,5812,0
Michael & Florence,2106,0
Michael & Florence,4454,0
Michael & Florence,6971,0
Michael & Florence,1612,0
Michael & Florence,2180,0
Michael & Florence,1883,0
Michael & Florence,2455,0
Michael & Florence,2110,0
Michael & Florence,3589,0
Michael & Florence,3759,0
Michael & Florence,7958,0
Michael & Florence,6025,0
Michael & Florence,4673,0
Michael & Florence,5384,0
Michael & Florence,6762,0
Michael & Florence,4207,0
Michael & Florence,10504,0
Michael & Florence,8078,0
Michael & Florence,1881,0
Michael & Florence,5869,0
Michael & Florence,4599,0
Michael & Florence,2701,0
Michael & Florence,2509,0
Michael & Florence,5751,0
Michael & Florence,5065,0
Michael & Florence,4893,0
Michael & Florence,2115,0
Michael & Florence,2056,0
Michael & Florence,9022,0
Michael & Florence,6061,0
Michael & Florence,4462,0
Michael & Florence,4557,0
Michael & Florence,5788,0
Michael & Florence,7764,0
Michael & Florence,3767,0
Michael & Florence,3390,0
Michael & Florence,4428,0
Michael & Florence,4640,0
Michael & Florence,5170,0
Michael & Florence,936,0
Michael & Florence,2136,0
Michael & Florence,3359,0
Michael & Florence,4347,0
Michael & Florence,5073,0
Michael & Florence,4185,0
Michael & Florence,4391,0
Michael & Florence,3930,0
Michael & Florence,5443,0
Michael & Florence,3242,0
Michael & Florence,3764,0
Michael & Florence,4081,0
Michael & Florence,4156,0
Michael & Florence,3687,0
Michael & Florence,2298,0
Michael & Florence,4322,0
Michael & Florence,7687,0
Michael & Florence,5342,0
Michael & Florence,3622,0
Michael & Florence,6333,0
Michael & Florence,6927,0
Michael & Florence,4006,0
Michael & Florence,5377,0
Michael & Florence,3921,0
Michael & Florence,7922,0
Michael & Florence,8001,0
Michael & Florence,4990,0
Michael & Florence,3697,0
Michael & Florence,1920,0
Michael & Florence,6595,0
Michael & Florence,9822,0
Michael & Florence,4474,0
Michael & Florence,3253,0
Michael & Florence,3199,0
Michael & Florence,7165,0
Michael & Florence,6449,0
Michael & Florence,5956,0
Michael & Florence,6003,0
Michael & Florence,6146,0
Michael & Florence,3241,0
Michael & Florence,4566,0
Michael & Florence,8152,0
Michael & Florence,7662,0
Michael & Florence,6752,0
Michael & Florence,8700,0
Michael & Florence,5366,0
Michael & Florence,5932,0
Michael & Florence,9443,0
Michael & Florence,5991,0
Michael & Florence,4442,0
Michael & Florence,2047,0
Michael & Florence,5410,0
Michael & Florence,7952,0
Michael & Florence,2074,0
Michael & Florence,2214,0
Michael & Florence,2586,0
Michael & Florence,2846,0
Michael & Florence,3908,0
Michael & Florence,1492,0
Michael & Florence,3348,0
Michael & Florence,3404,0
Michael & Florence,4580,0
Michael & Florence,6647,0
Michael & Florence,5735,0
Michael & Florence,1487,0
Michael & Florence,10296,0
Michael & Florence,10696,0
Michael & Florence,8975,0
Michael & Florence,3081,0
Michael & Florence,7004,0
Michael & Florence,2765,0
Michael & Florence,5230,0
Michael & Florence,4823,0
Michael & Florence,4390,0
Michael & Florence,4329,0
Michael & Florence,5791,0
Michael & Florence,3997,0
Michael & Florence,2548,0
Michael & Florence,18598,0
Michael & Florence,19821,0
Michael & Florence,14829,0
Michael & Florence,16924,0
Michael & Florence,3998,0
Michael & Florence,8095,0
Michael & Florence,18893,0
Michael & Florence,6520,0
Michael & Florence,10413,0
Michael & Florence,10850,0
Michael & Florence,15493,0
Michael & Florence,3381,0
Michael & Florence,7460,0
Michael & Florence,10440,0
Michael & Florence,4108,0
Michael & Florence,4062,0
Michael & Florence,5463,0
Michael & Florence,4402,0
Michael & Florence,5053,0
Michael & Florence,8095,0
Michael & Florence,6171,0
Michael & Florence,7272,0
Michael & Florence,4730,0
Michael & Florence,3489,0
Michael & Florence,4069,0
Michael & Florence,4143,0
Michael & Florence,2485,0
Michael & Florence,3683,0
Michael & Florence,4782,0
Michael & Florence,6606,0
Michael & Florence,6193,0
Michael & Florence,6236,0
Michael & Florence,2752,0
Michael & Florence,6120,0
Michael & Florence,1569,0
Michael & Florence,3938,0
Michael & Florence,5357,0
Michael & Florence,6577,0
Michael & Florence,7783,0
Michael & Florence,9520,0
Michael & Florence,3036,0
Michael & Florence,2365,0
Michael & Florence,2409,0
Michael & Florence,5210,0
Michael & Florence,3380,0
Michael & Florence,2090,0
Michael & Florence,6809,0
Michael & Florence,6155,0
Michael & Florence,7067,0
Michael & Florence,7644,0
Michael & Florence,4120,0
Michael & Florence,5545,0
Michael & Florence,6045,0
Michael & Florence,5693,0
Michael & Florence,6144,0
Michael & Florence,6415,0
Michael & Florence,5040,0
Michael & Florence,6304,0
Michael & Florence,4988,0
Michael & Florence,5952,0
Michael & Florence,6130,0
Michael & Florence,4724,0
Michael & Florence,4942,0
Michael & Florence,5147,0
Michael & Florence,6738,0
Michael & Florence,4717,0
Michael & Florence,5888,0
Michael & Florence,7928,0
Michael & Florence,3588,0
Michael & Florence,5933,0
Michael & Florence,8865,0
Michael & Florence,10658,0
Michael & Florence,9102,0
Michael & Florence,6779,0
Michael & Florence,8817,0
Michael & Florence,6576,0
Michael & Florence,5641,0
Michael & Florence,3658,0
Michael & Florence,7809,0
Michael & Florence,8462,0
Michael & Florence,4140,0
Michael & Florence,4987,0
Michael & Florence,4294,0
Michael & Florence,5139,0
Michael & Florence,11603,0
Michael & Florence,11557,0
Michael & Florence,8384,0
Michael & Florence,7526,0
Michael & Florence,5208,0
Michael & Florence,11914,0
Michael & Florence,9636,0
Michael & Florence,4028,0
Michael & Florence,5374,0
Michael & Florence,6591,0
Michael & Florence,6110,0
Michael & Florence,4594,0
Michael & Florence,4690,0
Michael & Florence,2140,0
Michael & Florence,1031,0
Michael & Florence,1568,0
Michael & Florence,2384,0
Michael & Florence,3608,0
Michael & Florence,5181,0
Michael & Florence,6220,0
Michael & Florence,1693,0
Michael & Florence,3423,0
Michael & Florence,2906,0
Michael & Florence,4515,0
Michael & Florence,1611,0
Michael & Florence,2883,0
Michael & Florence,4263,0
Michael & Florence,7402,0
Michael & Florence,6027,0
Michael & Florence,4807,0
Michael & Florence,2648,39
Michael & Florence,3209,0
Michael & Florence,2464,70
Michael & Florence,2890,0
Michael & Florence,1526,0
Michael & Florence,2551,0
Michael & Florence,8007,0
Michael & Florence,5213,0
Michael & Florence,4371,0
Michael & Florence,5607,0
Michael & Florence,4029,0
Michael & Florence,21010,0
Michael & Florence,7495,0
Michael & Florence,6175,0
Michael & Florence,5064,0
Michael & Florence,2425,0
Michael & Florence,3630,0
Michael & Florence,2846,0
Michael & Florence,1479,0
Michael & Florence,3435,0
Michael & Florence,4155,14
Michael & Florence,2280,0
Michael & Florence,6613,0
Michael & Florence,5371,11
Michael & Florence,3999,0
Michael & Florence,6960,0
Michael & Florence,2401,8
Michael & Florence,5935,0
Michael & Florence,4388,0
Michael & Florence,5456,0
Michael & Florence,3090,0
Michael & Florence,3310,0
Michael & Florence,4793,0
Michael & Florence,4231,0
Michael & Florence,2738,0
Michael & Florence,2041,0
Michael & Florence,8448,0
Michael & Florence,5740,0
Michael & Florence,6666,0
Michael & Florence,3892,0
Michael & Florence,6535,0
Michael & Florence,4971,0
Michael & Florence,2850,0
Michael & Florence,7329,0
Michael & Florence,13311,0
Michael & Florence,7920,0
Michael & Florence,7778,0
Michael & Florence,5552,0
Michael & Florence,8399,0
Michael & Florence,7359,0
Michael & Florence,6850,0
Michael & Florence,0,0
Michael & Florence,0,0
Michael & Florence,3167,0
Michael & Florence,1678,0
Michael & Florence,2455,0
Michael & Florence,737,0
Michael & Florence,2004,0
Michael & Florence,6370,0
Michael & Florence,2737,0
Michael & Florence,5344,0
Michael & Florence,5807,0
Michael & Florence,2550,0
Michael & Florence,11939,0
Michael & Florence,9670,0
Michael & Florence,10465,0
Michael & Florence,4206,0
Michael & Florence,6719,0
Michael & Florence,9507,0
Michael & Florence,4262,0
Michael & Florence,1410,0
Michael & Florence,8352,0
Michael & Florence,2951,0
Michael & Florence,3340,0
Michael & Florence,4387,0
Michael & Florence,0,0
Michael & Florence,12018,0
Michael & Florence,6674,0
Michael & Florence,0,0
Michael & Florence,5768,0
Michael & Florence,7540,0
Michael & Florence,7389,0
Michael & Florence,4650,0
Michael & Florence,5308,0
Michael & Florence,0,0
Michael & Florence,0,0
Michael & Florence,4216,0
Michael & Florence,1852,0
Michael & Florence,1409,0
Michael & Florence,5128,0
Michael & Florence,4916,0
Michael & Florence,4305,0
Michael & Florence,4127,0
Michael & Florence,6585,0
Michael & Florence,7515,0
Michael & Florence,6057,0
Michael & Florence,4693,0
Michael & Florence,2789,0
Michael & Florence,10151,0
Michael & Florence,0,0
Michael & Florence,6224,0
Michael & Florence,5533,0
Michael & Florence,5021,0
Michael & Florence,4070,0
Michael & Florence,4173,0
Michael & Florence,2233,0
Michael & Florence,2975,0
Michael & Florence,1337,0
Michael & Florence,1635,0
Michael & Florence,7616,0
Michael & Florence,3603,0
Michael & Florence,5463,0
Michael & Florence,8288,0
Michael & Florence,4817,0
Michael & Florence,8201,0
Michael & Florence,5339,0
Michael & Florence,6189,0
Michael & Florence,8492,0
Michael & Florence,9531,0
Michael & Florence,7293,0
Michael & Florence,7314,0
Michael & Florence,6895,0
Michael & Florence,6135,0
Michael & Florence,8313,0
Michael & Florence,8628,0
Michael & Florence,5190,0
Michael & Florence,5194,0
Michael & Florence,6899,0
Michael & Florence,8613,0
Michael & Florence,2828,0
Michael & Florence,2948,0
Michael & Florence,1435,0
Michael & Florence,2083,0
Michael & Florence,2692,0
Michael & Florence,8046,0
Michael & Florence,6256,0
Michael & Florence,4356,0
Michael & Florence,7232,0
Michael & Florence,4502,0
Michael & Florence,2313,0
Michael & Florence,3061,0
Michael & Florence,12054,0
Michael & Florence,6176,0
Michael & Florence,11353,0
Michael & Florence,18312,0
Michael & Florence,9679,0
Michael & Florence,5976,0
Michael & Florence,4333,0
Michael & Florence,3672,0
Michael & Florence,3944,0
Michael & Florence,3416,0
Michael & Florence,1339,0
Michael & Florence,8606,0
Michael & Florence,2174,0
Michael & Florence,2703,0
Michael & Florence,7356,0
Michael & Florence,12226,0
Michael & Florence,7938,0
Michael & Florence,5915,0
Michael & Florence,7166,0
Michael & Florence,4698,0
Michael & Florence,4046,0
Michael & Florence,5789,0
Michael & Florence,3894,0
Michael & Florence,13393,0
Michael & Florence,3138,0
Michael & Florence,2127,20
Michael & Florence,1391,0
Michael & Florence,7183,0
Michael & Florence,6462,0
Michael & Florence,3859,0
Michael & Florence,3950,0
Michael & Florence,2327,0
Michael & Florence,6824,0
Michael & Florence,7234,0
Michael & Florence,5529,0
Michael & Florence,2649,0
Michael & Florence,1562,0
Michael & Florence,5341,0
Michael & Florence,5298,0
Michael & Florence,5537,0
Michael & Florence,1990,0
Michael & Florence,16329,0
Michael & Florence,4298,0
Michael & Florence,196,0
Michael & Florence,2902,0
Michael & Florence,7721,0
Michael & Florence,4521,0
Michael & Florence,5348,0
Michael & Florence,6522,0
Michael & Florence,4001,0
Michael & Florence,2586,0
Michael & Florence,3944,10
Michael & Florence,13088,0
Michael & Florence,2639,0
Michael & Florence,4395,0
Michael & Florence,2593,0
Michael & Florence,5787,0
Michael & Florence,4414,0
Michael & Florence,3851,529
Michael & Florence,4904,0
Michael & Florence,1510,0
Michael & Florence,8336,0
Michael & Florence,7795,0
Michael & Florence,7032,0
Michael & Florence,10441,0
Michael & Florence,5304,0
Michael & Florence,5458,0
Michael & Florence,5232,0
Michael & Florence,3264,0
Michael & Florence,2197,0
Michael & Florence,1631,0
Michael & Florence,2347,0
Michael & Florence,1809,0
Michael & Florence,4205,0
Michael & Florence,4446,0
Michael & Florence,3085,0
Michael & Florence,6723,0
Michael & Florence,4995,0
Michael & Florence,13503,0
Michael & Florence,3258,0
Michael & Florence,7447,0
Michael & Florence,2206,0
Michael & Florence,3607,0
Michael & Florence,5982,0
Michael & Florence,6206,0
Michael & Florence,6793,0
Michael & Florence,16529,0
Michael & Florence,7087,0
Michael & Florence,4297,0
Michael & Florence,7102,0
Michael & Florence,5575,0
Michael & Florence,6875,0
Michael & Florence,3119,0
Michael & Florence,2814,0
Michael & Florence,1672,0
Michael & Florence,3368,0
Michael & Florence,4953,0
Michael & Florence,3412,0
Michael & Florence,6367,0
Michael & Florence,2357,0
Michael & Florence,3925,0
Michael & Florence,8275,0
Michael & Florence,10840,0
Michael & Florence,4943,0
Michael & Florence,6732,0
Michael & Florence,4371,0
Michael & Florence,6698,0
Michael & Florence,4361,0
Michael & Florence,5569,0
Michael & Florence,3480,0
Michael & Florence,10076,0
Michael & Florence,10967,0
Michael & Florence,6603,0
Michael & Florence,3188,0
Michael & Florence,6785,0
Michael & Florence,5572,0
Michael & Florence,5395,0
Michael & Florence,6600,0
Michael & Florence,4201,0
Michael & Florence,3361,0
Michael & Florence,3650,0
Michael & Florence,6054,0
Michael & Florence,4125,0
Michael & Florence,8059,0
Michael & Florence,6762,0
Michael & Florence,3537,0
Michael & Florence,3396,0
Michael & Florence,4723,0
Michael & Florence,8822,0
Michael & Florence,2907,0
Michael & Florence,10971,0
Michael & Florence,9388,0
Michael & Florence,4488,0
Michael & Florence,3662,0
Michael & Florence,6957,0
Michael & Florence,3937,0
Michael & Florence,2807,0
Michael & Florence,5856,0
Michael & Florence,6759,0
Michael & Florence,7363,0
Michael & Florence,13473,0
Michael & Florence,6472,0
Michael & Florence,4631,0
Michael & Florence,6630,0
Michael & Florence,4948,0
Michael & Florence,4804,0
Michael & Florence,6741,0
Michael & Florence,7819,0
Michael & Florence,3987,0
Michael & Florence,4301,0
Michael & Florence,3036,0
Michael & Florence,6996,0
Michael & Florence,2776,0
Michael & Florence,3347,0
Michael & Florence,5751,0
Michael & Florence,5062,0
Michael & Florence,5801,0
Michael & Florence,5221,0
Michael & Florence,1465,6
Michael & Florence,7819,0
Michael & Florence,3873,0
Michael & Florence,3087,0
Michael & Florence,8892,0
Michael & Florence,11099,0
Michael & Florence,8371,0
Michael & Florence,8230,0
Michael & Florence,6452,0
Michael & Florence,5557,0
Michael & Florence,11259,0
Michael & Florence,13020,0
Michael & Florence,3966,0
Michael & Florence,3483,0
Michael & Florence,2651,0
Michael & Florence,2751,0
Michael & Florence,1917,0
Michael & Florence,7359,0
Michael & Florence,5403,0
Michael & Florence,5401,0
Michael & Florence,8551,0
Michael & Florence,2285,0
Michael & Florence,2907,0
Michael & Florence,6858,0
Michael & Florence,3575,0
Michael & Florence,3688,0
Michael & Florence,6674,0
Michael & Florence,3163,0
Michael & Florence,2086,0
Michael & Florence,4869,0
Michael & Florence,2303,0
Michael & Florence,5327,0
Michael & Florence,5429,0
Michael & Florence,4199,0
Michael & Florence,5816,0
Michael & Florence,2505,0
Michael & Florence,3392,0
Michael & Florence,4325,0
Michael & Florence,1849,0
Michael & Florence,1899,0
Michael & Florence,3239,0
Michael & Florence,3967,0
Michael & Florence,6171,0
Michael & Florence,6054,0
Michael & Florence,5566,0
Michael & Florence,4674,0
Michael & Florence,4284,0
Michael & Florence,4479,0
Michael & Florence,5929,0
Michael & Florence,7186,0
Michael & Florence,6092,0
Michael & Florence,6698,0
Michael & Florence,4604,0
Michael & Florence,8489,0
Michael & Florence,4617,0
Michael & Florence,1268,0
Michael & Florence,5919,0
Michael & Florence,8235,0
Michael & Florence,4280,0
Michael & Florence,3795,0
Michael & Florence,4774,0
Michael & Florence,5748,0
Michael & Florence,7236,0
Michael & Florence,2465,0
Michael & Florence,7950,0
Michael & Florence,11325,0
Michael & Florence,13727,0
Michael & Florence,4377,0
Michael & Florence,5969,0
Michael & Florence,5918,0
Michael & Florence,8707,0
Michael & Florence,3376,0
Michael & Florence,7137,0
Michael & Florence,15411,0
Michael & Florence,10672,0
Michael & Florence,6372,0
Michael & Florence,7891,0
Michael & Florence,4599,0
Michael & Florence,7869,0
Michael & Florence,10206,0
Michael & Florence,6962,0
Michael & Florence,11005,0
Michael & Florence,12517,0
Michael & Florence,4138,0
Michael & Florence,8542,0
Michael & Florence,9546,0
Michael & Florence,1867,0
Michael & Florence,3517,0
Michael & Florence,3311,0
Michael & Florence,4065,0
Michael & Florence,5907,0
Michael & Florence,6545,0
Michael & Florence,7643,0
Michael & Florence,5751,0
Michael & Florence,11311,0
Michael & Florence,9279,0
Michael & Florence,3895,0
Michael & Florence,7323,0
Michael & Florence,8163,0
Michael & Florence,8218,0
Michael & Florence,5390,0
Michael & Florence,5879,0
Michael & Florence,5952,0
Michael & Florence,5942,0
Michael & Florence,8690,0
Michael & Florence,2830,0
Michael & Florence,7885,0
Michael & Florence,6380,0
Michael & Florence,1602,0
Michael & Florence,3592,0
Michael & Florence,5929,0
Michael & Florence,10812,0
Michael & Florence,6255,0
Michael & Florence,2730,0
Michael & Florence,4113,0
Michael & Florence,2701,0
Michael & Florence,3597,0
Michael & Florence,3147,0
Michael & Florence,5570,0
Michael & Florence,6102,0
Michael & Florence,5989,0
Michael & Florence,4639,0
Michael & Florence,2564,0
Michael & Florence,6240,0
Michael & Florence,2319,0
Michael & Florence,2255,0
Michael & Florence,1349,0
Michael & Florence,3661,0
Michael & Florence,1654,0
Michael & Florence,2858,0
Michael & Florence,1797,0
Michael & Florence,5757,0
Michael & Florence,4625,0
Michael & Florence,4455,0
Michael & Florence,3850,0
Michael & Florence,5602,0
Michael & Florence,4642,0
Michael & Florence,2862,0
Michael & Florence,3184,0
Michael & Florence,4656,0
Michael & Florence,2206,0
Michael & Florence,5269,0
Michael & Florence,5554,0
Michael & Florence,3389,0
Michael & Florence,4824,0
Michael & Florence,4979,0
Michael & Florence,9189,0
Michael & Florence,6709,0
Michael & Florence,1411,0
Michael & Florence,7511,0
Michael & Florence,4588,0
Michael & Florence,9296,0
Michael & Florence,5478,0
Michael & Florence,5410,0
Michael & Florence,6069,0
Michael & Florence,3613,0
Michael & Florence,4048,0
Michael & Florence,7000,0
Michael & Florence,6212,0
Michael & Florence,2303,0
Michael & Florence,8270,0
Michael & Florence,5522,0
Michael & Florence,7230,0
Michael & Florence,4191,0
Michael & Florence,5066,0
Michael & Florence,5501,0
Michael & Florence,1570,0
Michael & Florence,3589,0
Michael & Florence,1979,0
Michael & Florence,4419,0
Michael & Florence,4259,0
Michael & Florence,4181,0
Michael & Florence,1894,0
Michael & Florence,1392,0
Michael & Florence,2472,0
Michael & Florence,7175,0
Michael & Florence,10149,0
Michael & Florence,5525,0
Michael & Florence,8328,0
Michael & Florence,3981,0
Michael & Florence,4736,0
Michael & Florence,2347,0
Michael & Florence,2464,0
Michael & Florence,7384,0
Michael & Florence,6588,0
Michael & Florence,6722,0
Michael & Florence,724,0
Michael & Florence,2229,0
Michael & Florence,2537,0
Michael & Florence,1470,0
Michael & Florence,4987,0
Michael & Florence,2673,0
Michael & Florence,2535,0
Michael & Florence,2317,0
Michael & Florence,1280,0
Michael & Florence,1576,0
Michael & Florence,6103,0
Michael & Florence,8399,0
Michael & Florence,13374,0
Michael & Florence,5106,0
Michael & Florence,6745,0
Michael & Florence,7659,0
Michael & Florence,7683,0
Michael & Florence,2235,0
Michael & Florence,1725,0
Michael & Florence,3843,0
Michael & Florence,2195,0
Michael & Florence,5047,0
Michael & Florence,1816,0
Michael & Florence,1752,0
Michael & Florence,1778,0
Michael & Florence,10565,0
Michael & Florence,7148,0
Michael & Florence,6165,0
Michael & Florence,2240,0
Michael & Florence,5045,0
Michael & Florence,10571,0
Michael & Florence,5294,0
Michael & Florence,6061,0
Michael & Florence,6850,0
Michael & Florence,2847,0
Michael & Florence,2927,0
Michael & Florence,1617,0
Michael & Florence,4636,0
Michael & Florence,3420,0
Michael & Florence,3137,0
Michael & Florence,2578,0
Michael & Florence,7538,0
Michael & Florence,6241,0
Michael & Florence,5495,0
Michael & Florence,5314,0
Michael & Florence,6366,0
Michael & Florence,8343,0
Michael & Florence,4019,0
Michael & Florence,4281,0
Michael & Florence,8217,0
Michael & Florence,3777,0
Michael & Florence,3207,0
Michael & Florence,6819,0
Michael & Florence,5709,0
Michael & Florence,6893,0
Michael & Florence,11573,0
Michael & Florence,8021,0
Michael & Florence,7549,0
Michael & Florence,4892,0
Michael & Florence,3281,0
Michael & Florence,6224,0
Michael & Florence,4512,0
Michael & Florence,5379,0
Michael & Florence,8946,0
Michael & Florence,3735,0
Michael & Florence,4648,0
Michael & Florence,4502,0
Michael & Florence,5038,0
Michael & Florence,2068,0
Michael & Florence,6527,0
Michael & Florence,3746,0
Michael & Florence,5850,0
Michael & Florence,4854,0
Michael & Florence,4153,0
Michael & Florence,3563,0
Michael & Florence,4969,0
Michael & Florence,2984,0
Michael & Florence,7343,0
Michael & Florence,3124,0
Michael & Florence,7061,0
Michael & Florence,2111,0
Michael & Florence,8451,0
Michael & Florence,1329,0
Michael & Florence,2556,0
Michael & Florence,4575,0
Michael & Florence,10083,0
Michael & Florence,8224,0
Michael & Florence,0,0
Michael & Florence,3412,0
Michael & Florence,2833,0
Michael & Florence,5815,0
Michael & Florence,5513,0
Michael & Florence,3886,0
Michael & Florence,5351,0
Michael & Florence,6618,0
Michael & Florence,2697,0
Michael & Florence,4059,0
Michael & Florence,6944,0
Michael & Florence,3032,0
Michael & Florence,1775,0
Michael & Florence,2066,0
Michael & Florence,4053,0
Michael & Florence,1486,4
Michael & Florence,2495,15
Michael & Florence,2685,0
Michael & Florence,7485,0
Michael & Florence,8038,0
Michael & Florence,4849,0
Michael & Florence,6703,0
Michael & Florence,3697,0
Michael & Florence,2887,0
Michael & Florence,3478,0
Michael & Florence,3937,0
Michael & Florence,5167,0
Michael & Florence,5290,0
Michael & Florence,1746,0
Michael & Florence,4560,0
Michael & Florence,4834,0
Michael & Florence,1304,0
Michael & Florence,4799,0
Michael & Florence,5618,0
Michael & Florence,6864,0
Michael & Florence,6634,0
Michael & Florence,3769,0
Michael & Florence,4317,0
Michael & Florence,3599,0
Michael & Florence,4035,0
Michael & Florence,2494,0
Michael & Florence,4288,0
Michael & Florence,4213,0
Michael & Florence,2959,0
Michael & Florence,5551,0
Michael & Florence,4729,0
Michael & Florence,1430,0
Michael & Florence,2830,0
Michael & Florence,4517,0
Michael & Florence,4099,0
Michael & Florence,26753,0
Michael & Florence,3219,0
Michael & Florence,3349,0
Michael & Florence,3700,0
Michael & Florence,10648,0
Michael & Florence,2070,0
Michael & Florence,8350,0
Michael & Florence,2030,0
Michael & Florence,2824,0
Michael & Florence,1655,0
Michael & Florence,4563,0
Michael & Florence,4411,0
Michael & Florence,4713,0
Michael & Florence,5133,0
Michael & Florence,5443,0
Michael & Florence,7168,0
Michael & Florence,9060,0
Michael & Florence,7376,0
Michael & Florence,10669,0
Michael & Florence,11950,0
Michael & Florence,4155,0
Michael & Florence,6587,0
Michael & Florence,1692,62
Michael & Florence,6410,0
Michael & Florence,3393,0
Michael & Florence,4211,0
Michael & Florence,2767,0
Michael & Florence,2494,0
Michael & Florence,1647,0
Michael & Florence,9545,0
Michael & Florence,6658,0
Michael & Florence,5362,0
Michael & Florence,4162,0
Michael & Florence,1622,0
Michael & Florence,6414,0
Michael & Florence,2094,0
Michael & Florence,2688,0
Michael & Florence,2675,0
Michael & Florence,6497,0
Michael & Florence,3236,0
Michael & Florence,1483,0
Michael & Florence,5496,192
Michael & Florence,3359,0
Michael & Florence,9079,0
Michael & Florence,7964,0
Michael & Florence,7489,0
Michael & Florence,1509,0
Michael & Florence,997,0
Michael & Florence,1600,0
Michael & Florence,1615,0
Michael & Florence,3146,0
Michael & Florence,3569,0
Michael & Florence,1572,0
Michael & Florence,1778,0
Michael & Florence,3254,233
Michael & Florence,3945,62
Michael & Florence,4418,288
Michael & Florence,1844,0
Michael & Florence,4951,0
Michael & Florence,3183,0
Michael & Florence,4760,0
Michael & Florence,2186,0
Michael & Florence,3624,0
Michael & Florence,3987,0
Michael & Florence,5315,0
Michael & Florence,5158,0
Michael & Florence,5260,0
Michael & Florence,4268,0
Michael & Florence,5862,0
Michael & Florence,4476,0
Michael & Florence,2050,0
Michael & Florence,9751,0
Michael & Florence,1143,0
Michael & Florence,2543,0
Michael & Florence,1055,0
Michael & Florence,3736,0
Michael & Florence,1835,0
Michael & Florence,9431,0
Michael & Florence,7305,0
Michael & Florence,5206,0
Michael & Florence,2904,0
Michael & Florence,4527,0
Michael & Florence,4565,0
Michael & Florence,2575,0
Michael & Florence,4463,0
Michael & Florence,3883,0
Michael & Florence,7059,0
Michael & Florence,5395,0
Michael & Florence,5190,0
Michael & Florence,10652,0
Michael & Florence,5993,0
Michael & Florence,6239,0
Michael & Florence,1663,0
Michael & Florence,6508,0
Michael & Florence,11024,0
Michael & Florence,8236,0
Michael & Florence,6819,0
Michael & Florence,8329,0
Michael & Florence,9133,0
Michael & Florence,4836,0
Michael & Florence,5596,0
Michael & Florence,3213,0
Michael & Florence,4719,0
Michael & Florence,2090,0
Michael & Florence,6311,0
Michael & Florence,2630,0
Michael & Florence,7448,0
Michael & Florence,6050,0
Michael & Florence,3614,0
Michael & Florence,3582,0
Michael & Florence,3723,0
Michael & Florence,1963,0
Michael & Florence,1897,0
Michael & Florence,4749,0
Michael & Florence,7088,0
Michael & Florence,5815,0
Michael & Florence,6953,0
Michael & Florence,6596,0
Michael & Florence,6096,0
Michael & Florence,5943,0
Michael & Florence,9627,0
Michael & Florence,4335,0
Michael & Florence,23491,0
Michael & Florence,16463,0
Michael & Florence,7584,0
Michael & Florence,8172,0
Michael & Florence,6848,0
Michael & Florence,15936,0
Michael & Florence,7399,0
Michael & Florence,8370,0
Michael & Florence,7697,0
Michael & Florence,5540,0
Michael & Florence,6070,0
Michael & Florence,8722,0
Michael & Florence,11749,0
Michael & Florence,7470,0
Michael & Florence,7821,0
Michael & Florence,12944,0
Michael & Florence,2949,0
Michael & Florence,0,0
Michael & Florence,2996,0
Michael & Florence,1517,0
Michael & Florence,3039,0
Michael & Florence,3298,0
Michael & Florence,5878,0
Michael & Florence,4043,0
Michael & Florence,9597,0
Michael & Florence,2250,0
Michael & Florence,5155,0
Michael & Florence,5630,0
Michael & Florence,3344,0
Michael & Florence,5781,0
Michael & Florence,3706,0
Michael & Florence,5268,0
Michael & Florence,4484,0
Michael & Florence,3867,0
Michael & Florence,2631,0
Michael & Florence,5514,0
Michael & Florence,4830,0
Michael & Florence,4746,0
Michael & Florence,4553,0
Michael & Florence,4923,0
Michael & Florence,8716,0
Michael & Florence,5771,0
Michael & Florence,2770,0
Michael & Florence,6849,0
Michael & Florence,4319,0
Michael & Florence,5728,0
Michael & Florence,6351,0
Michael & Florence,2238,0
Michael & Florence,2095,0
Michael & Florence,3839,0
Michael & Florence,7510,0
Michael & Florence,5988,0
Michael & Florence,5376,0
Michael & Florence,7826,0
Michael & Florence,4907,0
Michael & Florence,4646,0
Michael & Florence,4659,0
Michael & Florence,7628,0
Michael & Florence,6062,0
Michael & Florence,6671,0
Michael & Florence,5954,0
Michael & Florence,4286,0
Michael & Florence,6832,0
Michael & Florence,5568,0
Michael & Florence,5923,0
Michael & Florence,4468,0
Michael & Florence,3912,0
Michael & Florence,3295,0
Michael & Florence,4690,0
Michael & Florence,4387,0
Michael & Florence,6131,0
Michael & Florence,6169,0
Michael & Florence,6588,0
Michael & Florence,10395,0
Michael & Florence,4714,0
Michael & Florence,6010,0
Michael & Florence,5493,0
Michael & Florence,1592,0
Michael & Florence,10552,0
Michael & Florence,7188,0
Michael & Florence,3507,0
Michael & Florence,4266,0
Michael & Florence,3366,0
Michael & Florence,6186,0
Michael & Florence,7314,0
Michael & Florence,5411,0
Michael & Florence,6592,0
Michael & Florence,5728,0
Michael & Florence,4689,0
Michael & Florence,5988,0
Michael & Florence,3315,0
Michael & Florence,5468,0
Michael & Florence,1328,0
Michael & Florence,6908,0
Michael & Florence,2289,0
Michael & Florence,3512,8
Michael & Florence,2611,0
Michael & Florence,3266,0
Michael & Florence,1760,0
Michael & Florence,1660,0
Michael & Florence,1838,0
Michael & Florence,4634,0
Michael & Florence,1456,0
Michael & Florence,1309,0
Michael & Florence,1140,0
Michael & Florence,2852,0
Michael & Florence,2621,0
Michael & Florence,6496,0
Michael & Florence,2038,0
Michael & Florence,5008,0
Michael & Florence,2565,0
Michael & Florence,2691,0
Michael & Florence,1143,0
Michael & Florence,1989,0
Michael & Florence,3871,0
Michael & Florence,3151,0
Michael & Florence,2373,0
Michael & Florence,3224,118
Michael & Florence,5466,108
Michael & Florence,2808,0
Michael & Florence,2323,0
Michael & Florence,6621,0
Michael & Florence,4973,0
Michael & Florence,6374,0
Michael & Florence,1755,0
Michael & Florence,4539,0
Michael & Florence,5193,0
Michael & Florence,2345,0
Michael & Florence,4281,0
Michael & Florence,2389,0
Michael & Florence,1254,0
Michael & Florence,2287,0
Michael & Florence,5430,0
Michael & Florence,6460,0
Michael & Florence,14560,0
Michael & Florence,3998,0
Michael & Florence,2584,0
Michael & Florence,3683,0
Michael & Florence,3339,0
Michael & Florence,4421,0
Michael & Florence,4283,0
Michael & Florence,2705,0
Michael & Florence,2477,0
Michael & Florence,2835,0
Michael & Florence,4424,0
Michael & Florence,4040,0
Michael & Florence,5394,0
Michael & Florence,4531,0
Michael & Florence,4005,0
Michael & Florence,1849,0
Michael & Florence,2988,0
Michael & Florence,5583,0
Michael & Florence,2687,0
Michael & Florence,4117,0
Michael & Florence,2788,0
Michael & Florence,8485,0
Michael & Florence,7843,0
Michael & Florence,4792,0
Michael & Florence,3525,0
Michael & Florence,2495,0
Michael & Florence,2618,0
Michael & Florence,5252,0
Michael & Florence,7897,247
Michael & Florence,11691,0
Michael & Florence,3720,0
Michael & Florence,3855,0
Michael & Florence,0,0
Michael & Florence,2682,0
Michael & Florence,2958,0
Michael & Florence,4586,0
Michael & Florence,8379,0
Michael & Florence,10054,0
Michael & Florence,8273,0
Michael & Florence,8013,0
Michael & Florence,9073,0
Michael & Florence,8495,0
Michael & Florence,5623,0
Michael & Florence,13564,0
Michael & Florence,13617,0
Michael & Florence,5231,0
Michael & Florence,988,0
Michael & Florence,3861,0
Michael & Florence,1664,0
Michael & Florence,15147,0
Michael & Florence,5219,0
Michael & Florence,2237,0
Michael & Florence,2051,0
Michael & Florence,2547,0
Michael & Florence,2262,0
Michael & Florence,2959,0
Michael & Florence,4215,0
Michael & Florence,4310,0
Michael & Florence,2988,0
Michael & Florence,2150,0
Michael & Florence,6831,0
Michael & Florence,6621,0
Michael & Florence,5145,0
Michael & Florence,1970,0
Michael & Florence,2549,0
Michael & Florence,4005,0
Michael & Florence,4133,0
Michael & Florence,1275,0
Michael & Florence,5168,0
Michael & Florence,3237,0
Michael & Florence,6006,0
Michael & Florence,3509,0
Michael & Florence,4450,0
Michael & Florence,5572,0
Michael & Florence,2424,0
Michael & Florence,2130,0
Michael & Florence,8242,0
Michael & Florence,2263,0
Michael & Florence,4877,0
Michael & Florence,2780,0
Michael & Florence,2901,0
Michael & Florence,11011,0
Michael & Florence,6441,0
Michael & Florence,6125,0
Michael & Florence,5619,0
Michael & Florence,5424,0
Michael & Florence,4432,0
Michael & Florence,8689,0
Michael & Florence,6442,0
Michael & Florence,6186,0
Michael & Florence,3354,0
Michael & Florence,5265,0
Michael & Florence,3449,0
Michael & Florence,3077,0
Michael & Florence,3145,0
Michael & Florence,5177,0
Michael & Florence,2549,0
Michael & Florence,7045,0
Michael & Florence,8035,0
Michael & Florence,3034,0
Michael & Florence,3439,0
Michael & Florence,9788,78
Michael & Florence,3252,132
Michael & Florence,3386,0
Michael & Florence,4999,0
Michael & Florence,5339,0
Michael & Florence,5629,0
Michael & Florence,3759,0
Michael & Florence,6045,0
Michael & Florence,4879,0
Michael & Florence,4559,0
Michael & Florence,4098,0
Michael & Florence,3873,0
Michael & Florence,3689,0
Michael & Florence,5313,0
Michael & Florence,3526,0
Michael & Florence,4220,0
Michael & Florence,4486,0
Michael & Florence,2142,0
Michael & Florence,5203,0
Michael & Florence,3341,0
Michael & Florence,3041,0
Michael & Florence,6288,0
Michael & Florence,5804,0
Michael & Florence,6032,0
Michael & Florence,3855,0
Michael & Florence,9042,0
Michael & Florence,7121,0
Michael & Florence,10346,0
Michael & Florence,11332,0
Michael & Florence,5268,0
Michael & Florence,5192,0
Michael & Florence,7596,0
Michael & Florence,4257,0
Michael & Florence,7498,0
Michael & Florence,6917,0
Michael & Florence,6003,0
Michael & Florence,8494,0
Michael & Florence,8459,0
Michael & Florence,5836,0
Michael & Florence,5082,0
Michael & Florence,5010,0
Michael & Florence,5900,0
Michael & Florence,3066,0
Michael & Florence,2833,0
Michael & Florence,3961,0
Michael & Florence,4968,0
Michael & Florence,3257,0
Michael & Florence,5061,0
Michael & Florence,3064,0
Michael & Florence,4853,0
Michael & Florence,4286,0
Michael & Florence,2095,0
Michael & Florence,0,0
Michael & Florence,3956,0
Michael & Florence,6773,0
Michael & Florence,3649,0
Michael & Florence,3460,0
Michael & Florence,1865,0
Michael & Florence,2149,0
Michael & Florence,1871,0
Michael & Florence,4440,0
Michael & Florence,2769,0
Michael & Florence,3721,0
Michael & Florence,2065,0
Michael & Florence,4781,0
Michael & Florence,3521,0
Michael & Florence,4499,0
Michael & Florence,2864,0
Michael & Florence,2460,0
Michael & Florence,3636,0
Michael & Florence,1732,0
Michael & Florence,4778,0
Michael & Florence,5038,43
Michael & Florence,3158,75
Michael & Florence,13139,0
Michael & Florence,1493,0
Michael & Florence,3722,0
Michael & Florence,1248,0
Michael & Florence,7134,0
Michael & Florence,1433,0
Michael & Florence,2119,0
Michael & Florence,4687,0
Michael & Florence,4766,0
Michael & Florence,1674,0
Michael & Florence,3667,0
Michael & Florence,3179,0
Michael & Florence,5154,0
Michael & Florence,2737,0
Michael & Florence,7943,0
Michael & Florence,4863,0
Michael & Florence,4564,0
Michael & Florence,8349,0
Michael & Florence,3745,0
Michael & Florence,7145,0
Michael & Florence,9696,0
Michael & Florence,8998,0
Michael & Florence,7680,0
Michael & Florence,7332,0
Michael & Florence,9392,0
Michael & Florence,9633,0
Michael & Florence,8309,0
Michael & Florence,4603,0
Michael & Florence,3510,0
Michael & Florence,5997,0
Michael & Florence,6273,0
Michael & Florence,7908,0
Michael & Florence,7654,0
Michael & Florence,3389,0
Michael & Florence,3840,0
Michael & Florence,5768,0
Michael & Florence,3838,0
Michael & Florence,1844,0
Michael & Florence,4773,0
Michael & Florence,5432,0
Michael & Florence,4549,0
Michael & Florence,2663,0
Michael & Florence,8416,0
Michael & Florence,5517,0
Michael & Florence,8969,0
Michael & Florence,1633,0
Michael & Florence,1903,0
Michael & Florence,9177,0
Michael & Florence,6336,0
Michael & Florence,4436,0
Michael & Florence,1649,0
Michael & Florence,7995,0
Michael & Florence,2039,0
Michael & Florence,1815,0
Michael & Florence,1924,0
Michael & Florence,5154,0
Michael & Florence,6368,0
Michael & Florence,5358,0
Michael & Florence,16734,0
Michael & Florence,8707,0
Michael & Florence,10738,0
Michael & Florence,5583,0
Michael & Florence,6453,0
Michael & Florence,6404,0
Michael & Florence,4997,0
Michael & Florence,15465,0
Michael & Florence,14821,0
Michael & Florence,11456,0
Michael & Florence,3114,0
Michael & Florence,5098,0
Michael & Florence,8609,0
Michael & Florence,6517,0
Michael & Florence,12972,0
Michael & Florence,1772,0
Michael & Florence,7469,0
Michael & Florence,8616,0
Michael & Florence,5142,0
Michael & Florence,5064,0
Michael & Florence,10417,0
Michael & Florence,2585,0
Michael & Florence,1305,0
Michael & Florence,2614,0
Michael & Florence,1603,0
Michael & Florence,7284,0
Michael & Florence,3681,0
Michael & Florence,4389,0
Michael & Florence,3467,0
Michael & Florence,5749,0
Michael & Florence,5092,0
Michael & Florence,4366,0
Michael & Florence,6302,0
Michael & Florence,3220,0
Michael & Florence,3960,0
Michael & Florence,2023,0
Michael & Florence,1911,0
Michael & Florence,6357,0
Michael & Florence,1572,0
Michael & Florence,3337,0
Michael & Florence,4940,0
Michael & Florence,1690,0
Michael & Florence,2165,0
Michael & Florence,5173,0
Michael & Florence,2432,0
Michael & Florence,3399,0
Michael & Florence,5731,0
Michael & Florence,2401,0
Michael & Florence,4847,0
Michael & Florence,3792,85
Michael & Florence,7205,260
Michael & Florence,7150,0
Michael & Florence,14564,0
Michael & Florence,11535,0
Michael & Florence,2743,0
Michael & Florence,2082,0
Michael & Florence,1836,0
Michael & Florence,2837,0
Michael & Florence,1174,0
Michael & Florence,3241,0
Michael & Florence,7010,0
Michael & Florence,3742,0
Michael & Florence,4352,0
Michael & Florence,5413,0
Michael & Florence,7514,0
Michael & Florence,6465,0
Michael & Florence,6008,0
Michael & Florence,7054,0
Michael & Florence,3161,0
Michael & Florence,5927,0
Michael & Florence,2634,0
Michael & Florence,3002,0
Michael & Florence,3526,0
Michael & Florence,7536,0
Michael & Florence,5754,0
Michael & Florence,7666,0
Michael & Florence,3608,0
Michael & Florence,3238,0
Michael & Florence,2299,0
Michael & Florence,1997,0
Michael & Florence,3817,0
Michael & Florence,7675,0
Michael & Florence,8127,0
Michael & Florence,3965,0
Michael & Florence,4104,0
Michael & Florence,4533,0
Michael & Florence,4237,0
Michael & Florence,3818,0
Michael & Florence,5826,0
Michael & Florence,5120,0
Michael & Florence,7150,0
Michael & Florence,4862,0
Michael & Florence,4884,0
Michael & Florence,8224,0
Michael & Florence,6729,0
Michael & Florence,2200,0
Michael & Florence,8356,0
Michael & Florence,3457,0
Michael & Florence,8635,0
Michael & Florence,8523,0
Michael & Florence,4486,0
Michael & Florence,6288,0
Michael & Florence,8125,0
Michael & Florence,6952,0
Michael & Florence,4904,0
Michael & Florence,4357,0
Michael & Florence,6329,0
Michael & Florence,9156,0
Michael & Florence,8214,0
Michael & Florence,9018,0
Michael & Florence,9026,0
Michael & Florence,1975,0
Michael & Florence,4403,0
Michael & Florence,3106,0
Michael & Florence,7119,0
Michael & Florence,17862,0
Michael & Florence,4955,0
Michael & Florence,6948,0
Michael & Florence,5302,0
Michael & Florence,3170,0
Michael & Florence,6661,0
Michael & Florence,7822,0
Michael & Florence,6176,0
Michael & Florence,6304,0
Michael & Florence,5424,0
Michael & Florence,11339,0
Michael & Florence,7661,0
Michael & Florence,14560,0
Michael & Florence,5852,0
Michael & Florence,2229,0
Michael & Florence,5981,0
Michael & Florence,8847,0
Michael & Florence,7395,0
Michael & Florence,16150,351
Michael & Florence,18753,248
Michael & Florence,7863,0
Michael & Florence,7417,0
Michael & Florence,4602,0
Michael & Florence,6580,0
Michael & Florence,6123,0
Michael & Florence,12304,0
Michael & Florence,5863,0
Michael & Florence,4900,0
Michael & Florence,7087,0
Michael & Florence,8386,0
Michael & Florence,7850,0
Michael & Florence,5824,0
Michael & Florence,5480,0
Michael & Florence,8183,0
Michael & Florence,6146,0
Michael & Florence,10382,0
Michael & Florence,2989,0
Michael & Florence,2187,0
Michael & Florence,5778,0
Michael & Florence,3335,0
Michael & Florence,5468,0
Michael & Florence,7189,0
Michael & Florence,2352,0
Michael & Florence,4417,0
Michael & Florence,6015,0
Michael & Florence,444,0
Michael & Florence,3315,0
Michael & Florence,4524,0
Michael & Florence,4912,0
Michael & Florence,6730,0
Michael & Florence,5536,0
Michael & Florence,3764,0
Michael & Florence,2501,0
Michael & Florence,1850,0
Michael & Florence,2510,0
Michael & Florence,1350,0
Michael & Florence,4894,0
Michael & Florence,3259,0
Michael & Florence,2614,0
Michael & Florence,1497,0
Michael & Florence,13568,0
Michael & Florence,8881,0
Michael & Florence,7228,0
Michael & Florence,0,0
Michael & Florence,3395,253
Michael & Florence,7510,114
Michael & Florence,1993,71
Michael & Florence,2475,0
Michael & Florence,3507,24
Michael & Florence,1598,0
Michael & Florence,5505,0
Michael & Florence,6869,0
Michael & Florence,8839,0
Michael & Florence,4573,0
Michael & Florence,9381,0
Michael & Florence,6191,0
Michael & Florence,2106,0
Michael & Florence,3743,0
Michael & Florence,3026,0
Michael & Florence,4439,0
Michael & Florence,4292,0
Michael & Florence,1387,0
Michael & Florence,3540,0
Michael & Florence,3060,0
Michael & Florence,3457,0
Michael & Florence,3742,0
Michael & Florence,4778,0
Michael & Florence,4913,0
Michael & Florence,1689,0
Michael & Florence,5768,0
Michael & Florence,4281,0
Michael & Florence,4789,0
Michael & Florence,5307,0
Michael & Florence,2209,0
Michael & Florence,3054,0
Michael & Florence,2717,0
Michael & Florence,1215,0
Michael & Florence,4716,0
Michael & Florence,0,0
Michael & Florence,4720,0
Michael & Florence,3549,0
Michael & Florence,2457,0
Michael & Florence,2825,0
Michael & Florence,2051,0
Michael & Florence,3949,0
Michael & Florence,3552,0
Michael & Florence,2864,0
Michael & Florence,4384,0
Michael & Florence,4547,0
Michael & Florence,6918,0
Michael & Florence,6105,53
Michael & Florence,3784,0
Michael & Florence,4399,0
Michael & Florence,4658,0
Michael & Florence,6465,0
Michael & Florence,7572,0
Michael & Florence,4888,0
Michael & Florence,3773,0
Michael & Florence,3257,0
Michael & Florence,5401,0
Michael & Florence,7145,0
Michael & Florence,12195,0
Michael & Florence,4251,0
Michael & Florence,9648,0
Michael & Florence,10379,0
Michael & Florence,4399,0
Michael & Florence,7150,0
Michael & Florence,3401,0
Michael & Florence,0,0
Michael & Florence,2954,0
Michael & Florence,3676,0
Michael & Florence,3515,0
Michael & Florence,3714,0
Michael & Florence,3543,0
Michael & Florence,6736,0
Michael & Florence,5074,0
Michael & Florence,5076,198
Michael & Florence,4241,54
Michael & Florence,2877,2
Michael & Florence,1432,35
Michael & Florence,2171,0
Michael & Florence,4498,0
Michael & Florence,4932,63
Michael & Florence,4094,221
Michael & Florence,3319,66
Michael & Florence,7972,0
Michael & Florence,3457,0
Michael & Florence,2896,0
Michael & Florence,5772,0
Michael & Florence,4297,0
Michael & Florence,5982,0
Michael & Florence,4546,16
Michael & Florence,6902,0
Michael & Florence,6695,0
Michael & Florence,3995,0
Michael & Florence,4504,0
Michael & Florence,2869,0
Michael & Florence,2677,0
Michael & Florence,2018,84
Michael & Florence,2874,0
Michael & Florence,3002,0
Michael & Florence,2150,0
Michael & Florence,2158,0
Michael & Florence,1684,0
Michael & Florence,2545,0
Michael & Florence,5350,12
Michael & Florence,2331,0
Michael & Florence,5708,281
Michael & Florence,3955,205
Michael & Florence,4000,0
Michael & Florence,8800,0
Michael & Florence,2076,0
Michael & Florence,13455,0
Michael & Florence,9284,0
Michael & Florence,6474,0
Michael & Florence,3182,0
Michael & Florence,4166,0
Michael & Florence,7909,0
Michael & Florence,5128,0
Michael & Florence,6381,0
Michael & Florence,1909,0
Michael & Florence,7253,0
Michael & Florence,4242,0
Michael & Florence,5520,0
Michael & Florence,3609,0
Michael & Florence,6152,0
Michael & Florence,3778,0
Michael & Florence,6133,0
Michael & Florence,3732,0
Michael & Florence,1211,0
Michael & Florence,4160,0
Michael & Florence,3823,0
Michael & Florence,3272,0
Michael & Florence,1938,0
Michael & Florence,9196,0
Michael & Florence,5645,0
Michael & Florence,5437,0
Michael & Florence,3299,0
Michael & Florence,3150,0
Michael & Florence,3268,0
Michael & Florence,3621,0
Michael & Florence,1451,0
Michael & Florence,3920,0
Michael & Florence,8083,0
Michael & Florence,4207,0
Michael & Florence,3465,0
Michael & Florence,4662,0
Michael & Florence,5009,0
Michael & Florence,7288,0
Michael & Florence,3823,0
Michael & Florence,4754,0
Michael & Florence,0,0
Michael & Florence,3518,0
Michael & Florence,1676,0
Michael & Florence,1842,0
Michael & Florence,2889,0
Michael & Florence,6354,0
Michael & Florence,5810,0
Michael & Florence,3519,0
Michael & Florence,4568,0
Michael & Florence,2606,0
Michael & Florence,8846,0
Michael & Florence,29512,0
Michael & Florence,8849,0
Michael & Florence,7996,0
Michael & Florence,4283,0
Michael & Florence,9600,0
Michael & Florence,7240,0
Michael & Florence,1754,0
Michael & Florence,7715,0
Michael & Florence,6178,0
Michael & Florence,3161,0
Michael & Florence,3548,0
Michael & Florence,2493,0
Michael & Florence,4161,0
Michael & Florence,10271,0
Michael & Florence,5627,0
Michael & Florence,1461,0
Michael & Florence,5068,0
Michael & Florence,6746,0
Michael & Florence,14007,0
Michael & Florence,4999,0
Michael & Florence,4381,0
Michael & Florence,2723,0
Michael & Florence,1789,0
Michael & Florence,1182,0
Michael & Florence,3359,0
Michael & Florence,3784,0
Michael & Florence,3192,0
Michael & Florence,2849,0
Michael & Florence,2203,0
Michael & Florence,7028,0
Michael & Florence,6274,218
Michael & Florence,6100,0
Michael & Florence,9551,0
Michael & Florence,4541,0
Michael & Florence,6113,2
Michael & Florence,5057,0
Michael & Florence,4618,17
Michael & Florence,3288,165
Michael & Florence,1216,0
Michael & Florence,4617,0
Michael & Florence,6668,0
Michael & Florence,4843,0
Michael & Florence,1342,0
Michael & Florence,2708,90
Michael & Florence,2074,0
Michael & Florence,2187,0
Michael & Florence,0,0
Michael & Florence,4769,0
Michael & Florence,3015,0
Michael & Florence,4139,0
Michael & Florence,2270,0
Michael & Florence,4889,0
Michael & Florence,3752,0
Michael & Florence,4021,0
Michael & Florence,4168,0
Michael & Florence,4056,0
Michael & Florence,3044,0
Michael & Florence,1628,0
Michael & Florence,1467,0
Michael & Florence,6874,0
Michael & Florence,4816,0
Michael & Florence,4052,0
Michael & Florence,5095,0
Michael & Florence,8580,0
Michael & Florence,11606,0
Michael & Florence,7318,0
Michael & Florence,3423,0
Michael & Florence,5026,0
Michael & Florence,3906,0
Michael & Florence,3568,0
Michael & Florence,4335,0
Michael & Florence,7194,0
Michael & Florence,4481,0
Michael & Florence,4121,0
Michael & Florence,3986,0
Michael & Florence,4850,0
Michael & Florence,3852,0
Michael & Florence,2593,0
Michael & Florence,2353,0
Michael & Florence,3405,0
Michael & Florence,4824,0
Michael & Florence,4446,0
Michael & Florence,5722,0
Michael & Florence,8030,0
Michael & Florence,4186,0
Michael & Florence,4019,0
Michael & Florence,7348,0
Michael & Florence,9536,0
Michael & Florence,3339,0
Michael & Florence,5150,0
Michael & Florence,4532,0
Michael & Florence,8936,0
Michael & Florence,5393,0
Michael & Florence,6089,0
Michael & Florence,6127,0
Michael & Florence,2156,0
Michael & Florence,3475,0
Michael & Florence,3125,0
Michael & Florence,3293,14
Michael & Florence,4595,62
Michael & Florence,2383,0
Michael & Florence,4415,9
Michael & Florence,5036,40
Michael & Florence,2246,43
Michael & Florence,4785,0
Michael & Florence,4268,140
Michael & Florence,6641,206
Michael & Florence,4475,22
Michael & Florence,4227,164
Michael & Florence,3205,120
Michael & Florence,4687,0
Michael & Florence,5860,143
Michael & Florence,4558,180
Michael & Florence,4669,258
Michael & Florence,8070,138
Michael & Florence,8426,145
Michael & Florence,832,0
Michael & Florence,3709,0
Michael & Florence,2855,0
Michael & Florence,3530,0
Michael & Florence,1852,0
Michael & Florence,1522,0
Michael & Florence,12031,0
Michael & Florence,3456,0
Michael & Florence,2411,0
Michael & Florence,5427,0
Michael & Florence,2024,0
Michael & Florence,3493,0
Michael & Florence,2029,0
Michael & Florence,6026,0
Michael & Florence,6245,0
Michael & Florence,4772,0
Michael & Florence,4405,0
Michael & Florence,7210,0
Michael & Florence,4649,278
Michael & Florence,9770,177
Michael & Florence,9694,157
Michael & Florence,13505,405
Michael & Florence,8832,302
Michael & Florence,12707,360
Michael & Florence,3537,235
Michael & Florence,7505,224
Michael & Florence,7679,174
Michael & Florence,7156,170
Michael & Florence,5352,194
Michael & Florence,5418,123
Michael & Florence,3644,133
Michael & Florence,5346,114
Michael & Florence,5600,323
Michael & Florence,10563,296
Michael & Florence,5910,155
Michael & Florence,8648,0
Michael & Florence,5526,0
Michael & Florence,5391,0
Michael & Florence,8698,0
Michael & Florence,4248,0
Michael & Florence,8625,0
Michael & Florence,2563,0
Michael & Florence,5835,0
Michael & Florence,3300,0
Michael & Florence,1491,0
Michael & Florence,2525,0
Michael & Florence,8266,203
Michael & Florence,1643,0
Michael & Florence,4310,9
Michael & Florence,8157,0
Michael & Florence,4778,116
Michael & Florence,4204,0
Michael & Florence,7996,0
Michael & Florence,2447,0
Michael & Florence,1371,0
Michael & Florence,1584,0
Michael & Florence,1336,0
Michael & Florence,1970,0
Michael & Florence,4909,0
Michael & Florence,3275,0
Michael & Florence,1940,0
Michael & Florence,1992,0
Michael & Florence,2546,0
Michael & Florence,4643,0
Michael & Florence,3299,0
Michael & Florence,2536,0
Michael & Florence,1114,0
Michael & Florence,4753,0
Michael & Florence,3346,12
Michael & Florence,6446,157
Michael & Florence,4048,146
Michael & Florence,6561,238
Michael & Florence,5511,0
Michael & Florence,3661,0
Michael & Florence,3727,133
Michael & Florence,8554,175
Michael & Florence,3494,0
Michael & Florence,3569,0
Michael & Florence,3358,219
Michael & Florence,5704,168
Michael & Florence,3803,145
Michael & Florence,899,78
Michael & Florence,2365,0
Michael & Florence,3751,0
Michael & Florence,2076,0
Michael & Florence,3405,0
Michael & Florence,4923,0
Michael & Florence,4103,0
Michael & Florence,7984,0
Michael & Florence,4800,0
Michael & Florence,6067,0
Michael & Florence,5084,0
Michael & Florence,2448,0
Michael & Florence,6663,0
Michael & Florence,1940,0
Michael & Florence,6634,0
Michael & Florence,2248,0
Michael & Florence,3626,0
Michael & Florence,1748,0
Michael & Florence,5948,0
Michael & Florence,2747,0
Michael & Florence,3548,0
Michael & Florence,2279,0
Michael & Florence,3272,0
Michael & Florence,2426,0
Michael & Florence,2492,0
Michael & Florence,4167,0
Michael & Florence,2718,0
Michael & Florence,5299,0
Michael & Florence,2910,0
Michael & Florence,3740,0
Michael & Florence,1649,0
Michael & Florence,2276,0
Michael & Florence,5376,0
Michael & Florence,2733,0
Michael & Florence,3923,0
Michael & Florence,3593,0
Michael & Florence,2558,0
Michael & Florence,10008,0
Michael & Florence,3142,0
Michael & Florence,3124,0
Michael & Florence,4988,0
Michael & Florence,6751,0
Michael & Florence,2661,0
Michael & Florence,5293,0
Michael & Florence,5706,0
Michael & Florence,2728,0
Michael & Florence,4377,0
Michael & Florence,6004,0
Michael & Florence,7274,0
Michael & Florence,1945,0
Michael & Florence,5218,0
Michael & Florence,2550,0
Michael & Florence,5144,0
Michael & Florence,5709,0
Michael & Florence,3618,0
Michael & Florence,6053,0
Michael & Florence,3261,0
Michael & Florence,3721,0
Michael & Florence,1896,0
Michael & Florence,4480,0
Michael & Florence,2480,0
Michael & Florence,3233,0
Michael & Florence,2081,0
Michael & Florence,5524,0
Michael & Florence,1926,0
Michael & Florence,4787,0
Michael & Florence,0,0
Michael & Florence,2657,0
Michael & Florence,7896,0
Michael & Florence,5978,0
Michael & Florence,4250,0
Michael & Florence,7677,0
Michael & Florence,2221,0
Michael & Florence,5032,0
Michael & Florence,4291,0
Michael & Florence,2518,0
Michael & Florence,7227,0
Michael & Florence,3300,0
Michael & Florence,7342,0
Michael & Florence,5435,0
Michael & Florence,3858,0
Michael & Florence,2629,0
Michael & Florence,5724,0
Michael & Florence,3600,0
Michael & Florence,6140,0
Michael & Florence,5904,0
Michael & Florence,4538,0
Michael & Florence,5839,0
Michael & Florence,5092,0
Michael & Florence,3404,0
Michael & Florence,0,0
Michael & Florence,2635,0
Michael & Florence,2717,0
Michael & Florence,1334,0
Michael & Florence,2377,0
Michael & Florence,1116,0
Michael & Florence,3373,0
Michael & Florence,4402,0
Michael & Florence,2051,0
Michael & Florence,4752,0
Michael & Florence,2731,68
Michael & Florence,2825,74
Michael & Florence,2259,63
Michael & Florence,2413,64
Michael & Florence,8213,309
Michael & Florence,4907,189
Michael & Florence,5848,219
Michael & Florence,3171,72
Michael & Florence,1857,82
Michael & Florence,5352,402
Michael & Florence,7033,273
Michael & Florence,1824,100
Michael & Florence,3925,104
Michael & Florence,9430,252
Michael & Florence,4397,0
Michael & Florence,7454,0
Michael & Florence,3018,0
Michael & Florence,2498,0
Michael & Florence,7643,0
Michael & Florence,6890,0
Michael & Florence,5924,0
Michael & Florence,4471,0
Michael & Florence,7349,0
Michael & Florence,6567,0
Michael & Florence,3122,0
Michael & Florence,4717,0
Michael & Florence,2707,0
Michael & Florence,2585,0
Michael & Florence,2377,46
Michael & Florence,6022,2
Michael & Florence,3997,0
Michael & Florence,1124,0
Michael & Florence,3564,0
Michael & Florence,3866,0
Michael & Florence,3483,0
Michael & Florence,0,0
Michael & Florence,4938,0
Michael & Florence,8521,0
Michael & Florence,6839,0
Michael & Florence,7411,0
Michael & Florence,4590,0
Michael & Florence,7630,0
Michael & Florence,2842,0
Michael & Florence,5134,0
Michael & Florence,4234,282
Michael & Florence,3740,214
Michael & Florence,4017,0
Michael & Florence,4151,128
Michael & Florence,7582,28
Michael & Florence,2888,0
Michael & Florence,4846,0
Michael & Florence,2815,37
Michael & Florence,5429,0
Michael & Florence,4968,0
Michael & Florence,1527,0
Michael & Florence,3779,0
Michael & Florence,3790,0
Michael & Florence,2627,0
Michael & Florence,7676,202
Michael & Florence,1356,0
Michael & Florence,2612,0
Michael & Florence,3396,24
Michael & Florence,6046,0
Michael & Florence,3475,44
Michael & Florence,5629,214
Michael & Florence,7539,0
Michael & Florence,6435,0
Michael & Florence,5787,0
Michael & Florence,6057,0
Michael & Florence,3683,0
Michael & Florence,4131,0
Michael & Florence,4079,0
Michael & Florence,5512,0
Michael & Florence,5200,0
Michael & Florence,3220,0
Michael & Florence,2902,0
Michael & Florence,1266,0
Michael & Florence,5516,109
Michael & Florence,1647,0
Michael & Florence,1518,0
Michael & Florence,3584,0
Michael & Florence,2575,0
Michael & Florence,3433,0
Michael & Florence,3359,0
Michael & Florence,1437,0
Michael & Florence,2592,0
Michael & Florence,2993,0
Michael & Florence,2963,0
Michael & Florence,5541,0
Michael & Florence,5428,0
Michael & Florence,21490,0
Michael & Florence,4781,0
Michael & Florence,5724,0
Michael & Florence,9542,0
Michael & Florence,4083,0
Michael & Florence,3666,0
Michael & Florence,3011,0
Michael & Florence,2162,0
Michael & Florence,2698,0
Michael & Florence,1054,0
Michael & Florence,4068,0
Michael & Florence,4982,0
Michael & Florence,8466,0
Michael & Florence,5668,0
Michael & Florence,12487,0
Michael & Florence,14051,0
Michael & Florence,8508,0
Michael & Florence,4099,0
Michael & Florence,4307,0
Michael & Florence,11709,0
Michael & Florence,3271,0
Michael & Florence,4082,0
Michael & Florence,6298,0
Michael & Florence,266,0
Michael & Florence,1610,207
Michael & Florence,5509,0
Michael & Florence,3976,0
Michael & Florence,2975,0
Michael & Florence,2261,0
Michael & Florence,1304,0
Michael & Florence,3804,107
Michael & Florence,2609,0
Michael & Florence,1879,0
Michael & Florence,688,61
Michael & Florence,3230,32
Michael & Florence,4107,195
Michael & Florence,5970,203
Michael & Florence,5214,176
Michael & Florence,5970,240
Michael & Florence,2912,121
Michael & Florence,2525,285
Michael & Florence,3636,0
Michael & Florence,2896,0
Michael & Florence,2315,0
Michael & Florence,1913,0
Michael & Florence,3073,0
Michael & Florence,6673,0
Michael & Florence,4747,0
Michael & Florence,3379,128
Michael & Florence,3975,677
Michael & Florence,4061,0
Michael & Florence,1726,0
Michael & Florence,6357,0
Michael & Florence,5295,0
Michael & Florence,4254,0
Michael & Florence,5003,0
Michael & Florence,9101,0
Michael & Florence,8819,0
Michael & Florence,2117,0
Michael & Florence,2406,0
Michael & Florence,3628,0
Michael & Florence,5087,0
Michael & Florence,3530,0
Michael & Florence,3637,0
Michael & Florence,3483,0
Michael & Florence,7944,0
Michael & Florence,4353,0
Michael & Florence,5177,0
Michael & Florence,3762,0
Michael & Florence,2618,0
Michael & Florence,3134,0
Michael & Florence,2578,0
Michael & Florence,3892,0
Michael & Florence,2336,0
Michael & Florence,7814,0
Michael & Florence,3876,0
Michael & Florence,3620,0
Michael & Florence,3387,0
Michael & Florence,6522,0
Michael & Florence,4627,0
Michael & Florence,3607,0
Michael & Florence,1135,0
Michael & Florence,7209,0
Michael & Florence,5337,0
Michael & Florence,4088,0
Michael & Florence,5597,0
Michael & Florence,3676,0
Michael & Florence,6527,0
Michael & Florence,3844,0
Michael & Florence,1620,0
Michael & Florence,2180,0
Michael & Florence,9657,0
Michael & Florence,7624,0
Michael & Florence,1826,0
Michael & Florence,1932,0
Michael & Florence,3254,0
Michael & Florence,11767,0
Michael & Florence,4757,234
Michael & Florence,5441,26
Michael & Florence,3848,86
Michael & Florence,3053,0
Michael & Florence,4835,0
Michael & Florence,2930,0
Michael & Florence,2833,0
Michael & Florence,2489,0
Michael & Florence,8539,0
Michael & Florence,2922,0
Michael & Florence,5006,0
Michael & Florence,4539,0
Michael & Florence,5057,0
Michael & Florence,4841,0
Michael & Florence,2244,0
Michael & Florence,2220,0
Michael & Florence,2110,0
Michael & Florence,3236,0
Michael & Florence,2866,0
Michael & Florence,4683,0
Michael & Florence,5735,0
Michael & Florence,4948,0
Michael & Florence,5906,0
Michael & Florence,4974,0
Michael & Florence,4820,0
Michael & Florence,3611,0
Michael & Florence,5197,0
Michael & Florence,3682,0
Michael & Florence,1126,0
Michael & Florence,4216,0
Michael & Florence,3432,0
Michael & Florence,3765,0
Michael & Florence,5429,0
Michael & Florence,4672,0
Michael & Florence,3331,0
Michael & Florence,2827,0
Michael & Florence,3825,0
Michael & Florence,6748,0
Michael & Florence,5189,0
Michael & Florence,3255,1
Michael & Florence,4296,0
Michael & Florence,4255,0
Michael & Florence,5378,0
Michael & Florence,3817,0
Michael & Florence,3207,0
Michael & Florence,3562,0
Michael & Florence,4876,42
Michael & Florence,3948,0
Michael & Florence,4624,124
Michael & Florence,3882,25
Michael & Florence,3561,51
Michael & Florence,3178,0
Michael & Florence,5504,0
Michael & Florence,8991,0
Michael & Florence,2178,0
Michael & Florence,2131,0
Michael & Florence,5968,0
Michael & Florence,3107,0
Michael & Florence,5516,0
Michael & Florence,3032,0
Michael & Florence,5977,0
Michael & Florence,2579,0
Michael & Florence,4344,0
Michael & Florence,6207,0
Michael & Florence,5471,0
Michael & Florence,3453,0
Michael & Florence,3452,0
Michael & Florence,4956,0
Michael & Florence,4437,0
Michael & Florence,2545,0
Michael & Florence,4128,0
Michael & Florence,2532,0
Michael & Florence,4701,0
Michael & Florence,5901,0
Michael & Florence,5214,0
Michael & Florence,2757,0
Michael & Florence,2981,0
Michael & Florence,4310,0
Michael & Florence,3464,0
Michael & Florence,1111,0
Michael & Florence,4980,0
Michael & Florence,1248,0
Michael & Florence,7037,0
Michael & Florence,1154,0
Michael & Florence,5089,0
Michael & Florence,762,0
Michael & Florence,1061,0
Michael & Florence,2515,0
Michael & Florence,5536,0
Michael & Florence,2031,0
Michael & Florence,6522,0
Michael & Florence,5073,0
Michael & Florence,5695,0
Michael & Florence,7990,154
Michael & Florence,6239,147
Michael & Florence,3597,0
Michael & Florence,7954,0
Michael & Florence,3551,0
Michael & Florence,1866,0
Michael & Florence,4327,0
Michael & Florence,1877,0
Michael & Florence,3763,0
Michael & Florence,5820,0
Michael & Florence,2871,0
Michael & Florence,6484,0
Michael & Florence,3968,0
Michael & Florence,5018,0
Michael & Florence,4475,0
Michael & Florence,3250,0
Michael & Florence,4084,0
Michael & Florence,4974,0
Michael & Florence,3953,0
Michael & Florence,3940,0
Michael & Florence,4944,0
Michael & Florence,4879,0
Michael & Florence,1778,0
Michael & Florence,4097,0
Michael & Florence,1977,0
Michael & Florence,5238,0
Michael & Florence,2483,0
Michael & Florence,6885,0
Michael & Florence,1967,0
Michael & Florence,2582,0
Michael & Florence,4392,0
Michael & Florence,1670,0
Michael & Florence,4849,0
Michael & Florence,7266,0
Michael & Florence,3774,0
Michael & Florence,1862,0
Michael & Florence,1611,0
Michael & Florence,6505,0
Michael & Florence,2801,0
Michael & Florence,7008,0
Michael & Florence,4866,0
Michael & Florence,2571,0
Michael & Florence,7464,0
Michael & Florence,1438,0
Michael & Florence,4444,0
Michael & Florence,4111,67
Michael & Florence,5979,127
Michael & Florence,5432,0
Michael & Florence,3879,2
Michael & Florence,8023,0
Michael & Florence,2710,0
Michael & Florence,5288,0
Michael & Florence,2317,0
Michael & Florence,5051,0
Michael & Florence,6172,0
Michael & Florence,3694,72
Michael & Florence,4749,151
Michael & Florence,2358,0
Michael & Florence,6261,0
Michael & Florence,6380,0
Michael & Florence,6784,0
Michael & Florence,5750,0
Michael & Florence,8065,0
Michael & Florence,7002,0
Michael & Florence,1291,0
Michael & Florence,4083,0
Michael & Florence,1733,0
Michael & Florence,1880,0
Michael & Florence,4028,0
Michael & Florence,4404,0
Michael & Florence,6386,0
Michael & Florence,5554,0
Michael & Florence,4045,0
Michael & Florence,5780,0
Michael & Florence,4279,0
Michael & Florence,4364,0
Michael & Florence,787,0
Michael & Florence,5515,0
Michael & Florence,4699,0
Michael & Florence,5141,0
Michael & Florence,3639,0
Michael & Florence,2287,0
Michael & Florence,2788,0
Michael & Florence,3614,0
Michael & Florence,9437,0
Michael & Florence,4359,0
Michael & Florence,7038,0
Michael & Florence,5082,0
Michael & Florence,4425,0
Michael & Florence,4002,0
Michael & Florence,4589,0
Michael & Florence,6296,0
Michael & Florence,6530,0
Michael & Florence,1903,0
Michael & Florence,3307,0
Michael & Florence,2979,0
Michael & Florence,2578,0
Michael & Florence,2831,0
Michael & Florence,3407,0
Michael & Florence,3648,0
Michael & Florence,2466,0
Michael & Florence,3124,0
Michael & Florence,6244,0
Michael & Florence,4370,0
Michael & Florence,3225,0
Michael & Florence,3326,0
Michael & Florence,4309,0
Michael & Florence,3720,0
Michael & Florence,1404,0
Michael & Florence,3819,56
Michael & Florence,8777,0
Michael & Florence,2170,0
Michael & Florence,4872,0
Michael & Florence,8029,0
Michael & Florence,5759,0
Michael & Florence,1829,0
Michael & Florence,8919,0
Michael & Florence,4958,0
Michael & Florence,2836,47
Michael & Florence,11542,0
Michael & Florence,3259,0
Michael & Florence,4615,0
Michael & Florence,1493,0
Michael & Florence,2610,0
Michael & Florence,5842,0
Michael & Florence,4077,0
Michael & Florence,3703,0
Michael & Florence,4198,0
Michael & Florence,10409,0
Michael & Florence,4635,0
Michael & Florence,5572,0
Michael & Florence,11687,0
Michael & Florence,7554,0
Michael & Florence,1524,0
Michael & Florence,5149,0
Michael & Florence,3231,0
Michael & Florence,7889,0
Michael & Florence,8334,0
Michael & Florence,9202,0
Michael & Florence,7223,0
Michael & Florence,3796,0
Michael & Florence,7062,0
Michael & Florence,4264,0
Michael & Florence,2628,0
Michael & Florence,6775,0
Michael & Florence,2945,0
Michael & Florence,2345,0
Michael & Florence,7451,0
Michael & Florence,6790,0
Michael & Florence,4845,0
Michael & Florence,3514,0
Michael & Florence,4723,0
Michael & Florence,9101,0
Michael & Florence,4707,0
Michael & Florence,6233,0
Michael & Florence,3617,0
Michael & Florence,5811,0
Michael & Florence,3167,0
Michael & Florence,2782,0
Michael & Florence,3794,0
Michael & Florence,3631,0
Michael & Florence,3319,0
Michael & Florence,2990,0
Michael & Florence,4537,0
Michael & Florence,2408,0
Michael & Florence,1325,0
Michael & Florence,2191,0
Michael & Florence,2757,0
Michael & Florence,5493,193
Michael & Florence,1929,0
Michael & Florence,7431,231
Michael & Florence,1891,214
Michael & Florence,5441,0
Michael & Florence,3890,0
Michael & Florence,3852,0
Michael & Florence,3113,0
Michael & Florence,2151,0
Michael & Florence,1734,137
Michael & Florence,4233,114
Michael & Florence,2861,0
Michael & Florence,3933,0
Michael & Florence,1800,0
Michael & Florence,2195,0
Michael & Florence,5937,0
Michael & Florence,4932,0
Michael & Florence,5835,0
Michael & Florence,5804,0
Michael & Florence,1900,0
Michael & Florence,1824,0
Michael & Florence,2059,0
Michael & Florence,3287,0
Michael & Florence,2398,0
Michael & Florence,4784,0
Michael & Florence,3758,0
Michael & Florence,2617,0
Michael & Florence,3327,0
Michael & Florence,1218,0
Michael & Florence,1623,0
Michael & Florence,1786,0
Michael & Florence,1309,0
Michael & Florence,6258,0
Michael & Florence,7756,0
Michael & Florence,5040,0
Michael & Florence,6464,0
Michael & Florence,4757,0
Michael & Florence,5335,0
Michael & Florence,5728,0
Michael & Florence,2403,0
Michael & Florence,2887,170
Michael & Florence,5331,198
Michael & Florence,2796,0
Michael & Florence,152,0
Michael & Florence,0,0
Michael & Florence,6683,0
Michael & Florence,8097,0
Michael & Florence,0,0
Michael & Florence,2336,0
Michael & Florence,4689,0
Michael & Florence,3293,0
Michael & Florence,7517,0
Michael & Florence,9368,0
Michael & Florence,2720,0
Michael & Florence,4315,218
Michael & Florence,7327,317
Michael & Florence,6793,220
Michael & Florence,7312,167
Michael & Florence,9665,126
Michael & Florence,3457,37
Michael & Florence,3736,132
Michael & Florence,4016,0
Michael & Florence,2016,0
Michael & Florence,4692,0
Michael & Florence,2300,0
Michael & Florence,4385,0
Michael & Florence,8072,0
Michael & Florence,8167,0
Michael & Florence,7422,190
Michael & Florence,3214,0
Michael & Florence,4945,0
Michael & Florence,5038,0
Michael & Florence,7132,0
Michael & Florence,4062,0
Michael & Florence,2114,0
Michael & Florence,2450,0
Michael & Florence,6669,0
Michael & Florence,3910,0
Michael & Florence,6013,0
Michael & Florence,3051,0
Michael & Florence,5511,0
Michael & Florence,2438,0
Michael & Florence,5778,0
Michael & Florence,3005,0
Michael & Florence,4003,0
Michael & Florence,4535,0
Michael & Florence,6804,0
Michael & Florence,2392,0
Michael & Florence,4741,0
Michael & Florence,3726,0
Michael & Florence,3424,0
Michael & Florence,5208,0
Michael & Florence,3404,0
Michael & Florence,4598,0
Michael & Florence,4346,0
Michael & Florence,2745,0
Michael & Florence,3936,0
Michael & Florence,6693,0
Michael & Florence,3165,0
Michael & Florence,6003,166
Michael & Florence,9138,0
Michael & Florence,6045,0
Michael & Florence,4300,0
Michael & Florence,6209,0
Michael & Florence,10498,0
Michael & Florence,2127,0
Michael & Florence,5929,0
Michael & Florence,6762,0
Michael & Florence,7338,2
Michael & Florence,8322,0
Michael & Florence,1109,0
Michael & Florence,2200,0
Michael & Florence,3888,0
Michael & Florence,4458,0
Michael & Florence,2498,0
Michael & Florence,3530,0
Michael & Florence,5071,0
Michael & Florence,4355,0
Michael & Florence,1828,0
Michael & Florence,6156,265
Michael & Florence,0,0
Michael & Florence,9267,0
Michael & Florence,8997,0
Michael & Florence,4899,0
Michael & Florence,4346,0
Michael & Florence,3847,0
Michael & Florence,5397,0
Michael & Florence,4500,0
Michael & Florence,4847,0
Michael & Florence,9346,0
Michael & Florence,3241,0
Michael & Florence,5118,0
Michael & Florence,4942,0
Michael & Florence,3077,0
Michael & Florence,9587,0
Michael & Florence,0,0
Michael & Florence,7917,0
Michael & Florence,7253,0
Michael & Florence,6369,0
Michael & Florence,3010,0
Michael & Florence,2423,0
Michael & Florence,3826,0
Michael & Florence,7820,20
Michael & Florence,1505,0
Michael & Florence,5883,0
Michael & Florence,4933,0
Michael & Florence,2795,0
Michael & Florence,4235,103
Michael & Florence,4158,0
Michael & Florence,1516,0
Michael & Florence,4010,0
Michael & Florence,2587,0
Michael & Florence,4523,0
Michael & Florence,9725,0
