disaster,distance_km,density
Harvey (2017),0.0,0.0
Harvey (2017),0.40080160320641284,0.0
Harvey (2017),0.8016032064128257,0.0
Harvey (2017),1.2024048096192386,0.010826076027202541
Harvey (2017),1.6032064128256514,0.011482539773238579
Harvey (2017),2.0040080160320644,0.012146362048251869
Harvey (2017),2.404809619238477,0.012814763271471626
Harvey (2017),2.80561122244489,0.013484856976447183
Harvey (2017),3.2064128256513027,0.01415367952876627
Harvey (2017),3.6072144288577155,0.01481822146779028
Harvey (2017),4.008016032064129,0.015475459926119163
Harvey (2017),4.408817635270541,0.01612239155072889
Harvey (2017),4.809619238476954,0.016756065334281325
Harvey (2017),5.210420841683367,0.01737361476455334
Harvey (2017),5.61122244488978,0.017972288714347615
Harvey (2017),6.012024048096192,0.0185494805232263
Harvey (2017),6.412825651302605,0.019102754765067394
Harvey (2017),6.813627254509019,0.01962987125045962
Harvey (2017),7.214428857715431,0.02012880587861984
Harvey (2017),7.615230460921844,0.0205977680277902
Harvey (2017),8.016032064128257,0.02103521425366646
Harvey (2017),8.41683366733467,0.021439858149885218
Harvey (2017),8.817635270541082,0.021810676310416378
Harvey (2017),9.218436873747494,0.02214691041839824
Harvey (2017),9.619238476953909,0.02244806556708988
Harvey (2017),10.02004008016032,0.022713904994054523
Harvey (2017),10.420841683366733,0.022944441477444077
Harvey (2017),10.821643286573147,0.023139925701778506
Harvey (2017),11.22244488977956,0.023300831948624725
Harvey (2017),11.623246492985972,0.023427841504287443
Harvey (2017),12.024048096192384,0.023521824201564425
Harvey (2017),12.424849699398798,0.023583818525804535
Harvey (2017),12.82565130260521,0.0236150107172773
Harvey (2017),13.226452905811623,0.023616713292945624
Harvey (2017),13.627254509018037,0.02359034339212944
Harvey (2017),14.02805611222445,0.023537401323517827
Harvey (2017),14.428857715430862,0.023459449656967498
Harvey (2017),14.829659318637274,0.02335809316406464
Harvey (2017),15.230460921843688,0.023234959868123132
Harvey (2017),15.6312625250501,0.0230916834187481
Harvey (2017),16.032064128256515,0.022929886959787826
Harvey (2017),16.432865731462925,0.02275116861386786
Harvey (2017),16.83366733466934,0.022557088662924957
Harvey (2017),17.234468937875754,0.022349158463314762
Harvey (2017),17.635270541082164,0.02212883109693501
Harvey (2017),18.03607214428858,0.02189749372700428
Harvey (2017),18.43687374749499,0.02165646159903598
Harvey (2017),18.837675350701403,0.02140697360429213
Harvey (2017),19.238476953907817,0.021150189304588445
Harvey (2017),19.639278557114228,0.020887187303540965
Harvey (2017),20.04008016032064,0.02061896483986171
Harvey (2017),20.440881763527056,0.020346438472706622
Harvey (2017),20.841683366733466,0.020070445726843116
Harvey (2017),21.24248496993988,0.019791747565993723
Harvey (2017),21.643286573146295,0.019511031565599496
Harvey (2017),22.044088176352705,0.019228915660895983
Harvey (2017),22.44488977955912,0.018945952352126854
Harvey (2017),22.845691382765533,0.018662633255541256
Harvey (2017),23.246492985971944,0.018379393896144066
Harvey (2017),23.647294589178358,0.018096618645761935
Harvey (2017),24.04809619238477,0.017814645717638307
Harvey (2017),24.448897795591183,0.01753377213635743
Harvey (2017),24.849699398797597,0.017254258609369067
Harvey (2017),25.250501002004007,0.016976334233733157
Harvey (2017),25.65130260521042,0.016700200978958604
Harvey (2017),26.052104208416836,0.016426037894030066
Harvey (2017),26.452905811623246,0.0161540049939675
Harvey (2017),26.85370741482966,0.0158842467886085
Harvey (2017),27.254509018036075,0.015616895423789103
Harvey (2017),27.655310621242485,0.015352073412753926
Harvey (2017),28.0561122244489,0.015089895943431374
Harvey (2017),28.45691382765531,0.014830472755144071
Harvey (2017),28.857715430861724,0.014573909586294162
Harvey (2017),29.258517034068138,0.014320309202471243
Harvey (2017),29.65931863727455,0.014069772022142272
Harvey (2017),30.060120240480963,0.013822396364442461
Harvey (2017),30.460921843687377,0.013578278350426395
Harvey (2017),30.861723446893787,0.013337511495296916
Harvey (2017),31.2625250501002,0.013100186034430148
Harvey (2017),31.663326653306616,0.01286638803033173
Harvey (2017),32.06412825651303,0.012636198310842369
Harvey (2017),32.46492985971944,0.01240969129089475
Harvey (2017),32.86573146292585,0.01218693373082552
Harvey (2017),33.26653306613227,0.011967983483671151
Harvey (2017),33.66733466933868,0.011752888282019978
Harvey (2017),34.06813627254509,0.011541684611944904
Harvey (2017),34.46893787575151,0.011334396717373862
Harvey (2017),34.86973947895792,0.011131035773114471
Harvey (2017),35.27054108216433,0.010931599258794089
Harvey (2017),35.671342685370746,0.010736070559375971
Harvey (2017),36.07214428857716,0.010544418810873105
Harvey (2017),36.47294589178357,0.010356599002598981
Harvey (2017),36.87374749498998,0.010172552339967895
Harvey (2017),37.274549098196395,0.009992206864688396
Harvey (2017),37.675350701402806,0.009815478322354935
Harvey (2017),38.07615230460922,0.0096422712611076
Harvey (2017),38.476953907815634,0.009472480339329502
Harvey (2017),38.877755511022045,0.00930599181541156
Harvey (2017),39.278557114228455,0.009142685188519706
Harvey (2017),39.67935871743487,0.008982434956111425
Harvey (2017),40.08016032064128,0.008825112451705214
Harvey (2017),40.480961923847694,0.008670587725113537
Harvey (2017),40.88176352705411,0.008518731426991744
Harvey (2017),41.28256513026052,0.008369416660096333
Harvey (2017),41.68336673346693,0.008222520761025517
Harvey (2017),42.08416833667335,0.008077926978366904
Harvey (2017),42.48496993987976,0.007935526016006725
Harvey (2017),42.88577154308617,0.007795217413778779
Harvey (2017),43.28657314629259,0.007656910741536869
Harvey (2017),43.687374749499,0.0075205265870239135
Harvey (2017),44.08817635270541,0.007385997322472935
Harvey (2017),44.48897795591183,0.007253267639606291
Harvey (2017),44.88977955911824,0.007122294847494058
Harvey (2017),45.29058116232465,0.006993048932490098
Harvey (2017),45.69138276553107,0.006865512384097939
Harvey (2017),46.09218436873748,0.006739679795029419
Harvey (2017),46.49298597194389,0.006615557247838766
Harvey (2017),46.8937875751503,0.006493161504269678
Harvey (2017),47.294589178356716,0.006372519016774311
Harvey (2017),47.69539078156313,0.00625366478451539
Harvey (2017),48.09619238476954,0.0061366410784874795
Harvey (2017),48.496993987975955,0.006021496062177675
Harvey (2017),48.897795591182366,0.005908282335399467
Harvey (2017),49.298597194388776,0.005797055429577202
Harvey (2017),49.699398797595194,0.005687872282837844
Harvey (2017),50.100200400801604,0.0055807897227914995
Harvey (2017),50.501002004008015,0.005475862983891069
Harvey (2017),50.90180360721443,0.005373144284783023
Harvey (2017),51.30260521042084,0.005272681489150657
Harvey (2017),51.703406813627254,0.005174516871255291
Harvey (2017),52.10420841683367,0.005078686004774956
Harvey (2017),52.50501002004008,0.004985216790674699
Harvey (2017),52.90581162324649,0.004894128636803087
Harvey (2017),53.30661322645291,0.004805431798757426
Harvey (2017),53.70741482965932,0.004719126888369789
Harvey (2017),54.10821643286573,0.00463520455300305
Harvey (2017),54.50901803607215,0.0045536453257768224
Harvey (2017),54.90981963927856,0.004474419643920556
Harvey (2017),55.31062124248497,0.004397488029728227
Harvey (2017),55.71142284569139,0.004322801426105766
Harvey (2017),56.1122244488978,0.004250301676492929
Harvey (2017),56.51302605210421,0.004179922137027843
Harvey (2017),56.91382765531062,0.004111588407221129
Harvey (2017),57.31462925851704,0.004045219164124888
Harvey (2017),57.71543086172345,0.003980727084015611
Harvey (2017),58.11623246492986,0.003918019834956138
Harvey (2017),58.517034068136276,0.003857001123242495
Harvey (2017),58.91783567134269,0.003797571776663404
Harvey (2017),59.3186372745491,0.003739630847679124
Harvey (2017),59.719438877755515,0.0036830767200417194
Harvey (2017),60.120240480961925,0.0036278082030065137
Harvey (2017),60.521042084168336,0.0035737255980995237
Harvey (2017),60.92184368737475,0.00352073172438413
Harvey (2017),61.322645290581164,0.003468732889291173
Harvey (2017),61.723446893787575,0.003417639793313329
Harvey (2017),62.12424849699399,0.003367368358200481
Harvey (2017),62.5250501002004,0.003317840469702723
Harvey (2017),62.92585170340681,0.003268984627374943
Harvey (2017),63.32665330661323,0.003220736495457389
Harvey (2017),63.72745490981964,0.00317303935036642
Harvey (2017),64.12825651302606,0.003125844421841085
Harvey (2017),64.52905811623246,0.0030791111262826174
Harvey (2017),64.92985971943888,0.003032807192268972
Harvey (2017),65.3306613226453,0.0029869086796101355
Harvey (2017),65.7314629258517,0.002941399894611743
Harvey (2017),66.13226452905812,0.00289627320541908
Harvey (2017),66.53306613226454,0.0028515287624045807
Harvey (2017),66.93386773547094,0.0028071741295290975
Harvey (2017),67.33466933867736,0.00276322383344049
Harvey (2017),67.73547094188378,0.002719698837768977
Harvey (2017),68.13627254509018,0.0026766259506345452
Harvey (2017),68.5370741482966,0.0026340371738042953
Harvey (2017),68.93787575150301,0.0025919690022307654
Harvey (2017),69.33867735470942,0.002550461682881368
Harvey (2017),69.73947895791584,0.002509558441846106
Harvey (2017),70.14028056112225,0.0024693046887040563
Harvey (2017),70.54108216432866,0.0024297472070566126
Harvey (2017),70.94188376753507,0.0023909333400148275
Harvey (2017),71.34268537074149,0.0023529101792778176
Harvey (2017),71.7434869739479,0.002315723766270869
Harvey (2017),72.14428857715431,0.002279418313639967
Harvey (2017),72.54509018036072,0.002244035455227008
Harvey (2017),72.94589178356713,0.002209613532480154
Harvey (2017),73.34669338677355,0.0021761869250815804
Harvey (2017),73.74749498997996,0.0021437854333905696
Harvey (2017),74.14829659318637,0.002112433720088163
Harvey (2017),74.54909819639279,0.0020821508181523055
Harvey (2017),74.9498997995992,0.002052949711966175
Harvey (2017),75.35070140280561,0.002024836997944039
Harvey (2017),75.75150300601203,0.0019978126305246545
Harvey (2017),76.15230460921843,0.0019718697587091777
Harvey (2017),76.55310621242485,0.0019469946574911595
Harvey (2017),76.95390781563127,0.001923166757526138
Harvey (2017),77.35470941883767,0.0019003587752128817
Harvey (2017),77.75551102204409,0.0018785369440072568
Harvey (2017),78.15631262525051,0.001857661346275612
Harvey (2017),78.55711422845691,0.0018376863433366842
Harvey (2017),78.95791583166333,0.0018185610995695401
Harvey (2017),79.35871743486975,0.0018002301946182
Harvey (2017),79.75951903807615,0.001782634315848839
Harvey (2017),80.16032064128257,0.0017657110213642256
Harvey (2017),80.56112224448898,0.001749395562112632
Harvey (2017),80.96192384769539,0.0017336217500015477
Harvey (2017),81.3627254509018,0.0017183228575040192
Harvey (2017),81.76352705410822,0.0017034325330816003
Harvey (2017),82.16432865731463,0.0016888857158979377
Harvey (2017),82.56513026052104,0.0016746195328042918
Harvey (2017),82.96593186372746,0.0016605741604798726
Harvey (2017),83.36673346693387,0.0016466936359279354
Harvey (2017),83.76753507014028,0.0016329265992762374
Harvey (2017),84.1683366733467,0.0016192269540028653
Harvey (2017),84.5691382765531,0.0016055544312889337
Harvey (2017),84.96993987975952,0.0015918750471568583
Harvey (2017),85.37074148296594,0.001578161443340679
Harvey (2017),85.77154308617234,0.0015643931053955034
Harvey (2017),86.17234468937876,0.0015505564543187049
Harvey (2017),86.57314629258518,0.0015366448108483583
Harvey (2017),86.97394789579158,0.0015226582345418786
Harvey (2017),87.374749498998,0.0015086032426339646
Harvey (2017),87.77555110220442,0.0014944924164418828
Harvey (2017),88.17635270541082,0.0014803439056445718
Harvey (2017),88.57715430861724,0.0014661808430328376
Harvey (2017),88.97795591182366,0.0014520306842436635
Harvey (2017),89.37875751503006,0.0014379244884943573
Harvey (2017),89.77955911823648,0.0014238961573797581
Harvey (2017),90.1803607214429,0.001409981649358995
Harvey (2017),90.5811623246493,0.001396218187625749
Harvey (2017),90.98196392785572,0.0013826434786326875
Harvey (2017),91.38276553106213,0.0013692949576472216
Harvey (2017),91.78356713426854,0.0013562090763901838
Harvey (2017),92.18436873747495,0.0013434206461020175
Harvey (2017),92.58517034068136,0.0013309622473569368
Harvey (2017),92.98597194388778,0.0013188637156778356
Harvey (2017),93.3867735470942,0.0013071517095747183
Harvey (2017),93.7875751503006,0.001295849365120938
Harvey (2017),94.18837675350701,0.0012849760386812715
Harvey (2017),94.58917835671343,0.001274547136995345
Harvey (2017),94.98997995991984,0.0012645740315768757
Harvey (2017),95.39078156312625,0.0012550640523816764
Harvey (2017),95.79158316633267,0.0012460205539822982
Harvey (2017),96.19238476953907,0.0012374430461089612
Harvey (2017),96.59318637274549,0.0012293273794038255
Harvey (2017),96.99398797595191,0.0012216659766036693
Harvey (2017),97.39478957915831,0.0012144480991125143
Harvey (2017),97.79559118236473,0.001207660139035639
Harvey (2017),98.19639278557115,0.001201285927189636
Harvey (2017),98.59719438877755,0.0011953070483388287
Harvey (2017),98.99799599198397,0.001189703155885924
Harvey (2017),99.39879759519039,0.001184452279406455
Harvey (2017),99.79959919839679,0.0011795311197013408
Harvey (2017),100.20040080160321,0.0011749153273864774
Harvey (2017),100.60120240480963,0.0011705797623825852
Harvey (2017),101.00200400801603,0.001166498732954736
Harvey (2017),101.40280561122245,0.0011626462141301763
Harvey (2017),101.80360721442887,0.0011589960463522736
Harvey (2017),102.20440881763527,0.0011555221160766572
Harvey (2017),102.60521042084169,0.0011521985206603517
Harvey (2017),103.0060120240481,0.001148999720326096
Harvey (2017),103.40681362725451,0.0011459006802008503
Harvey (2017),103.80761523046093,0.0011428770054394684
Harvey (2017),104.20841683366734,0.0011399050722691625
Harvey (2017),104.60921843687375,0.0011369621574519751
Harvey (2017),105.01002004008016,0.00113402656819061
Harvey (2017),105.41082164328658,0.0011310777739306152
Harvey (2017),105.81162324649299,0.0011280965408724682
Harvey (2017),106.2124248496994,0.0011250650693348794
Harvey (2017),106.61322645290582,0.0011219671334367625
Harvey (2017),107.01402805611222,0.0011187882219185511
Harvey (2017),107.41482965931864,0.0011155156783280629
Harvey (2017),107.81563126252506,0.0011121388382714433
Harvey (2017),108.21643286573146,0.0011086491609908682
Harvey (2017),108.61723446893788,0.0011050403521869446
Harvey (2017),109.0180360721443,0.0011013084747612937
Harvey (2017),109.4188376753507,0.0010974520440142658
Harvey (2017),109.81963927855712,0.0010934721037937577
Harvey (2017),110.22044088176354,0.0010893722801489489
Harvey (2017),110.62124248496994,0.0010851588091931666
Harvey (2017),111.02204408817636,0.001080840536116494
Harvey (2017),111.42284569138278,0.0010764288826058607
Harvey (2017),111.82364729458918,0.0010719377803222185
Harvey (2017),112.2244488977956,0.0010673835685458613
Harvey (2017),112.62525050100201,0.001062784854627956
Harvey (2017),113.02605210420842,0.001058162336473657
Harvey (2017),113.42685370741484,0.0010535385869264516
Harvey (2017),113.82765531062124,0.0010489378006186536
Harvey (2017),114.22845691382766,0.0010443855045935895
Harvey (2017),114.62925851703407,0.0010399082347828477
Harvey (2017),115.03006012024048,0.0010355331812267618
Harvey (2017),115.4308617234469,0.001031287805745231
Harvey (2017),115.83166332665331,0.0010271994365832226
Harvey (2017),116.23246492985972,0.0010232948453525025
Harvey (2017),116.63326653306613,0.0010195998123466823
Harvey (2017),117.03406813627255,0.0010161386869976573
Harvey (2017),117.43486973947896,0.0010129339508427307
Harvey (2017),117.83567134268537,0.0010100057908581956
Harvey (2017),118.23647294589179,0.0010073716913617773
Harvey (2017),118.6372745490982,0.0010050460528703128
Harvey (2017),119.03807615230461,0.0010030398462998833
Harvey (2017),119.43887775551103,0.0010013603106973237
Harvey (2017),119.83967935871743,0.001000010702283484
Harvey (2017),120.24048096192385,0.0009989901019647066
Harvey (2017),120.64128256513027,0.0009982932876314028
Harvey (2017),121.04208416833667,0.000997910676519957
Harvey (2017),121.44288577154309,0.0009978283416825036
Harvey (2017),121.8436873747495,0.000998028105211205
Harvey (2017),122.24448897795591,0.0009984877093291349
Harvey (2017),122.64529058116233,0.0009991810648239971
Harvey (2017),123.04609218436875,0.001000078574603695
Harvey (2017),123.44689378757515,0.0010011475284379544
Harvey (2017),123.84769539078157,0.0010023525632634675
Harvey (2017),124.24849699398798,0.0010036561818178719
Harvey (2017),124.64929859719439,0.0010050193208760614
Harvey (2017),125.0501002004008,0.0010064019590339528
Harvey (2017),125.45090180360722,0.0010077637528596748
Harvey (2017),125.85170340681363,0.0010090646893445307
Harvey (2017),126.25250501002004,0.0010102657419644777
Harvey (2017),126.65330661322646,0.0010113295173283976
Harvey (2017),127.05410821643287,0.0010122208793556956
Harvey (2017),127.45490981963928,0.0010129075381978933
Harvey (2017),127.8557114228457,0.0010133605916939526
Harvey (2017),128.25651302605212,0.0010135550080156471
Harvey (2017),128.6573146292585,0.0010134700392980896
Harvey (2017),129.05811623246493,0.001013089557434925
Harvey (2017),129.45891783567134,0.0010124023048145602
Harvey (2017),129.85971943887776,0.0010114020545440477
Harvey (2017),130.26052104208418,0.0010100876766078644
Harvey (2017),130.6613226452906,0.0010084631083929852
Harvey (2017),131.06212424849699,0.0010065372300308334
Harvey (2017),131.4629258517034,0.0010043236470119211
Harvey (2017),131.86372745490982,0.001001840384471609
Harvey (2017),132.26452905811624,0.0009991094993793675
Harvey (2017),132.66533066132266,0.0009961566185461906
Harvey (2017),133.06613226452907,0.0009930104118567496
Harvey (2017),133.46693386773546,0.0009897020114018331
Harvey (2017),133.86773547094188,0.0009862643882055573
Harvey (2017),134.2685370741483,0.0009827316989911917
Harvey (2017),134.66933867735472,0.000979138615896847
Harvey (2017),135.07014028056113,0.00097551965223264
Harvey (2017),135.47094188376755,0.0009719084972671601
Harvey (2017),135.87174348697394,0.0009683373726527009
Harvey (2017),136.27254509018036,0.0009648364224623993
Harvey (2017),136.67334669338678,0.0009614331479407011
Harvey (2017),137.0741482965932,0.0009581518969889995
Harvey (2017),137.4749498997996,0.0009550134171527025
Harvey (2017),137.87575150300603,0.0009520344794792606
Harvey (2017),138.27655310621242,0.0009492275791153209
Harvey (2017),138.67735470941884,0.0009466007169426369
Harvey (2017),139.07815631262525,0.0009441572649535735
Harvey (2017),139.47895791583167,0.0009418959164731851
Harvey (2017),139.8797595190381,0.000939810720779141
Harvey (2017),140.2805611222445,0.0009378912001825544
Harvey (2017),140.6813627254509,0.0009361225462381459
Harvey (2017),141.0821643286573,0.0009344858904724293
Harvey (2017),141.48296593186373,0.0009329586438708963
Harvey (2017),141.88376753507015,0.0009315148983619025
Harvey (2017),142.28456913827657,0.0009301258826842433
Harvey (2017),142.68537074148298,0.0009287604643313097
Harvey (2017),143.08617234468937,0.0009273856887277267
Harvey (2017),143.4869739478958,0.0009259673464120952
Harvey (2017),143.8877755511022,0.0009244705587667545
Harvey (2017),144.28857715430863,0.0009228603727461877
Harvey (2017),144.68937875751504,0.0009211023551017509
Harvey (2017),145.09018036072143,0.0009191631767740986
Harvey (2017),145.49098196392785,0.0009170111784174315
Harvey (2017),145.89178356713427,0.0009146169084243856
Harvey (2017),146.2925851703407,0.0009119536253289909
Harvey (2017),146.6933867735471,0.0009089977570722332
Harvey (2017),147.09418837675352,0.0009057293103132236
Harvey (2017),147.4949899799599,0.0009021322237544516
Harvey (2017),147.89579158316633,0.0008981946603155216
Harvey (2017),148.29659318637275,0.0008939092339307848
Harvey (2017),148.69739478957916,0.0008892731677551757
Harvey (2017),149.09819639278558,0.0008842883816310643
Harvey (2017),149.498997995992,0.0008789615077866606
Harvey (2017),149.8997995991984,0.0008733038348910298
Harvey (2017),150.3006012024048,0.000867331181766598
Harvey (2017),150.70140280561122,0.0008610637032395597
Harvey (2017),151.10220440881764,0.0008545256317709237
Harvey (2017),151.50300601202406,0.0008477449596334876
Harvey (2017),151.90380761523048,0.0008407530674576498
Harvey (2017),152.30460921843687,0.0008335843059361334
Harvey (2017),152.70541082164328,0.0008262755383277665
Harvey (2017),153.1062124248497,0.0008188656521084233
Harvey (2017),153.50701402805612,0.0008113950486591746
Harvey (2017),153.90781563126254,0.0008039051202374848
Harvey (2017),154.30861723446895,0.0007964377236303429
Harvey (2017),154.70941883767534,0.0007890346598279631
Harvey (2017),155.11022044088176,0.0007817371687778384
Harvey (2017),155.51102204408818,0.0007745854477839504
Harvey (2017),155.9118236472946,0.0007676182014136768
Harvey (2017),156.31262525050101,0.0007608722298821893
Harvey (2017),156.71342685370743,0.000754382061824155
Harvey (2017),157.11422845691382,0.0007481796361655945
Harvey (2017),157.51503006012024,0.0007422940365099436
Harvey (2017),157.91583166332666,0.0007367512800915577
Harvey (2017),158.31663326653307,0.0007315741619695284
Harvey (2017),158.7174348697395,0.0007267821537783366
Harvey (2017),159.1182364729459,0.0007223913550624814
Harvey (2017),159.5190380761523,0.0007184144940405428
Harvey (2017),159.91983967935872,0.0007148609736067576
Harvey (2017),160.32064128256513,0.0007117369575160886
Harvey (2017),160.72144288577155,0.0007090454910363852
Harvey (2017),161.12224448897797,0.0007067866499048894
Harvey (2017),161.5230460921844,0.0007049577112042717
Harvey (2017),161.92384769539078,0.0007035533397748757
Harvey (2017),162.3246492985972,0.000702565783996059
Harvey (2017),162.7254509018036,0.0007019850751832323
Harvey (2017),163.12625250501003,0.0007017992254345188
Harvey (2017),163.52705410821645,0.0007019944194917789
Harvey (2017),163.92785571142286,0.000702555197020549
Harvey (2017),164.32865731462925,0.0007034646226248289
Harvey (2017),164.72945891783567,0.0007047044418567747
Harvey (2017),165.1302605210421,0.0007062552224197249
Harvey (2017),165.5310621242485,0.0007080964806590543
Harvey (2017),165.93186372745492,0.000710206794255798
Harvey (2017),166.3326653306613,0.0007125639027538631
Harvey (2017),166.73346693386773,0.0007151447981396093
Harvey (2017),167.13426853707415,0.0007179258081353922
Harvey (2017),167.53507014028057,0.0007208826751550858
Harvey (2017),167.93587174348698,0.0007239906339957671
Harvey (2017),168.3366733466934,0.0007272244913073365
Harvey (2017),168.7374749498998,0.0007305587096988818
Harvey (2017),169.1382765531062,0.0007339674990204986
Harvey (2017),169.53907815631263,0.0007374249169194705
Harvey (2017),169.93987975951904,0.000740904980231946
Harvey (2017),170.34068136272546,0.0007443817881589772
Harvey (2017),170.74148296593188,0.000747829657515191
Harvey (2017),171.14228456913827,0.0007512232696551173
Harvey (2017),171.5430861723447,0.0007545378280027714
Harvey (2017),171.9438877755511,0.0007577492244589505
Harvey (2017),172.34468937875752,0.000760834212361261
Harvey (2017),172.74549098196394,0.0007637705831442382
Harvey (2017),173.14629258517036,0.0007665373434088945
Harvey (2017),173.54709418837675,0.000769114888776417
Harvey (2017),173.94789579158316,0.0007714851706799699
Harvey (2017),174.34869739478958,0.0007736318521479402
Harvey (2017),174.749498997996,0.0007755404486538966
Harvey (2017),175.15030060120242,0.0007771984502515593
Harvey (2017),175.55110220440883,0.0007785954214715526
Harvey (2017),175.95190380761522,0.0007797230758221099
Harvey (2017),176.35270541082164,0.0007805753221956035
Harvey (2017),176.75350701402806,0.0007811482810222319
Harvey (2017),177.15430861723448,0.0007814402686140164
Harvey (2017),177.5551102204409,0.0007814517487877012
Harvey (2017),177.9559118236473,0.0007811852515244704
Harvey (2017),178.3567134268537,0.000780645259097697
Harvey (2017),178.75751503006012,0.0007798380607576592
Harvey (2017),179.15831663326654,0.000778771577686441
Harvey (2017),179.55911823647295,0.0007774551605107268
Harvey (2017),179.95991983967937,0.0007758993621717684
Harvey (2017),180.3607214428858,0.0007741156893898927
Harvey (2017),180.76152304609218,0.0007721163363191906
Harvey (2017),181.1623246492986,0.0007699139042633749
Harvey (2017),181.56312625250501,0.0007675211115170863
Harvey (2017),181.96392785571143,0.0007649504975128786
Harvey (2017),182.36472945891785,0.0007622141254999659
Harvey (2017),182.76553106212427,0.0007593232879670138
Harvey (2017),183.16633266533066,0.0007562882189594522
Harvey (2017),183.56713426853707,0.0007531178173448094
Harvey (2017),183.9679358717435,0.0007498193849596189
Harvey (2017),184.3687374749499,0.0007463983834400465
Harvey (2017),184.76953907815633,0.0007428582134040771
Harvey (2017),185.17034068136272,0.0007392000195221987
Harvey (2017),185.57114228456913,0.0007354225248876202
Harvey (2017),185.97194388777555,0.0007315218979744172
Harvey (2017),186.37274549098197,0.0007274916553458323
Harvey (2017),186.7735470941884,0.000723322603134777
Harvey (2017),187.1743486973948,0.0007190028201498517
Harvey (2017),187.5751503006012,0.0007145176852460065
Harvey (2017),187.9759519038076,0.0007098499513202652
Harvey (2017),188.37675350701403,0.0007049798679308251
Harvey (2017),188.77755511022045,0.0006998853540742855
Harvey (2017),189.17835671342687,0.0006945422220760439
Harvey (2017),189.57915831663328,0.0006889244528422991
Harvey (2017),189.97995991983967,0.000683004521884338
Harvey (2017),190.3807615230461,0.0006767537745594137
Harvey (2017),190.7815631262525,0.0006701428478884148
Harvey (2017),191.18236472945893,0.0006631421351279178
Harvey (2017),191.58316633266534,0.0006557222880213727
Harvey (2017),191.98396793587176,0.0006478547503666576
Harvey (2017),192.38476953907815,0.0006395123152587506
Harvey (2017),192.78557114228457,0.0006306696971449547
Harvey (2017),193.18637274549098,0.0006213041087186588
Harvey (2017),193.5871743486974,0.0006113958317292131
Harvey (2017),193.98797595190382,0.0006009287700527578
Harvey (2017),194.38877755511024,0.0005898909728997116
Harvey (2017),194.78957915831663,0.0005782751158711492
Harvey (2017),195.19038076152304,0.0005660789277508124
Harvey (2017),195.59118236472946,0.0005533055514535093
Harvey (2017),195.99198396793588,0.0005399638284524946
Harvey (2017),196.3927855711423,0.0005260684972723124
Harvey (2017),196.79358717434872,0.0005116402982390892
Harvey (2017),197.1943887775551,0.000496705978592406
Harvey (2017),197.59519038076152,0.00048129819423306546
Harvey (2017),197.99599198396794,0.0004654553067485374
Harvey (2017),198.39679358717436,0.00044922107685195793
Harvey (2017),198.79759519038078,0.00043264425791329195
Harvey (2017),199.1983967935872,0.00041577809577053566
Harvey (2017),199.59919839679358,0.00039867974340160924
Harvey (2017),200.0,0.0003814096012334373
Irma (2017),0.0,0.0
Irma (2017),0.40080160320641284,0.0
Irma (2017),0.8016032064128257,0.0
Irma (2017),1.2024048096192386,0.014596054825102655
Irma (2017),1.6032064128256514,0.015268162085613077
Irma (2017),2.0040080160320644,0.0159378742863209
Irma (2017),2.404809619238477,0.016602565203625817
Irma (2017),2.80561122244489,0.01725958231422552
Irma (2017),3.2064128256513027,0.01790626957539446
Irma (2017),3.6072144288577155,0.018539990603309353
Irma (2017),4.008016032064129,0.019158151930837204
Irma (2017),4.408817635270541,0.019758226021187545
Irma (2017),4.809619238476954,0.020337773714960844
Irma (2017),5.210420841683367,0.020894465795420276
Irma (2017),5.61122244488978,0.021426103370155422
Irma (2017),6.012024048096192,0.021930636786403643
Irma (2017),6.412825651302605,0.022406182821747167
Irma (2017),6.813627254509019,0.022851039921157165
Irma (2017),7.214428857715431,0.02326370128476204
Irma (2017),7.615230460921844,0.023642865647524013
Irma (2017),8.016032064128257,0.023987445631396074
Irma (2017),8.41683366733467,0.02429657359161562
Irma (2017),8.817635270541082,0.024569604920698266
Irma (2017),9.218436873747494,0.02480611881548772
Irma (2017),9.619238476953909,0.02500591655345025
Irma (2017),10.02004008016032,0.025169017363413638
Irma (2017),10.420841683366733,0.02529565201238341
Irma (2017),10.821643286573147,0.025386254263225817
Irma (2017),11.22244488977956,0.025441450387305928
Irma (2017),11.623246492985972,0.02546204694111981
Irma (2017),12.024048096192384,0.025449017036207732
Irma (2017),12.424849699398798,0.025403485346931053
Irma (2017),12.82565130260521,0.025326712110937084
Irma (2017),13.226452905811623,0.025220076382306025
Irma (2017),13.627254509018037,0.025085058797616803
Irma (2017),14.02805611222445,0.024923224110684865
Irma (2017),14.428857715430862,0.024736203742858905
Irma (2017),14.829659318637274,0.024525678582890686
Irma (2017),15.230460921843688,0.02429336225401217
Irma (2017),15.6312625250501,0.024040985046458088
Irma (2017),16.032064128256515,0.023770278691835938
Irma (2017),16.432865731462925,0.023482962132039625
Irma (2017),16.83366733466934,0.02318072841040143
Irma (2017),17.234468937875754,0.022865232787061446
Irma (2017),17.635270541082164,0.022538082154637123
Irma (2017),18.03607214428858,0.022200825804733967
Irma (2017),18.43687374749499,0.021854947571094775
Irma (2017),18.837675350701403,0.02150185935168489
Irma (2017),19.238476953907817,0.021142895990098793
Irma (2017),19.639278557114228,0.02077931147666637
Irma (2017),20.04008016032064,0.020412276411765563
Irma (2017),20.440881763527056,0.020042876658298375
Irma (2017),20.841683366733466,0.019672113097175856
Irma (2017),21.24248496993988,0.019300902389042536
Irma (2017),21.643286573146295,0.018930078637363047
Irma (2017),22.044088176352705,0.018560395842347147
Irma (2017),22.44488977955912,0.018192531031912044
Irma (2017),22.845691382765533,0.017827087954862847
Irma (2017),23.246492985971944,0.01746460122252718
Irma (2017),23.647294589178358,0.017105540788058978
Irma (2017),24.04809619238477,0.01675031665728566
Irma (2017),24.448897795591183,0.016399283731124564
Irma (2017),24.849699398797597,0.016052746686992317
Irma (2017),25.250501002004007,0.015710964815034718
Irma (2017),25.65130260521042,0.015374156734207396
Irma (2017),26.052104208416836,0.0150425049229753
Irma (2017),26.452905811623246,0.014716160009478823
Irma (2017),26.85370741482966,0.014395244776214199
Irma (2017),27.254509018036075,0.01407985784439553
Irma (2017),27.655310621242485,0.013770077013040354
Irma (2017),28.0561122244489,0.013465962237272032
Irma (2017),28.45691382765531,0.01316755823923258
Irma (2017),28.857715430861724,0.012874896753215423
Irma (2017),29.258517034068138,0.012587998414068826
Irma (2017),29.65931863727455,0.01230687430450226
Irma (2017),30.060120240480963,0.01203152718259075
Irma (2017),30.460921843687377,0.011761952415488375
Irma (2017),30.861723446893787,0.011498138649103101
Irma (2017),31.2625250501002,0.011240068246265555
Irma (2017),31.663326653306616,0.010987717527754294
Irma (2017),32.06412825651303,0.010741056851470998
Irma (2017),32.46492985971944,0.01050005056512483
Irma (2017),32.86573146292585,0.010264656867074708
Irma (2017),33.26653306613227,0.010034827608544811
Irma (2017),33.66733466933868,0.009810508068378595
Irma (2017),34.06813627254509,0.009591636728908807
Irma (2017),34.46893787575151,0.009378145078496856
Irma (2017),34.86973947895792,0.009169957462939339
Irma (2017),35.27054108216433,0.00896699100433972
Irma (2017),35.671342685370746,0.008769155602309325
Irma (2017),36.07214428857716,0.008576354028578764
Irma (2017),36.47294589178357,0.00838848212235901
Irma (2017),36.87374749498998,0.008205429090171423
Irma (2017),37.274549098196395,0.008027077910438553
Irma (2017),37.675350701402806,0.00785330583995541
Irma (2017),38.07615230460922,0.007683985016495139
Irma (2017),38.476953907815634,0.00751898314928463
Irma (2017),38.877755511022045,0.007358164286944792
Irma (2017),39.278557114228455,0.007201389650744905
Irma (2017),39.67935871743487,0.007048518519681678
Irma (2017),40.08016032064128,0.006899409152953904
Irma (2017),40.480961923847694,0.006753919734861368
Irma (2017),40.88176352705411,0.0066119093269846035
Irma (2017),41.28256513026052,0.0064732388126784186
Irma (2017),41.68336673346693,0.0063377718194068235
Irma (2017),42.08416833667335,0.006205375605219855
Irma (2017),42.48496993987976,0.006075921896688062
Irma (2017),42.88577154308617,0.005949287666824968
Irma (2017),43.28657314629259,0.005825355842901216
Irma (2017),43.687374749499,0.0057040159355413456
Irma (2017),44.08817635270541,0.005585164582059577
Irma (2017),44.48897795591183,0.0054687059985924335
Irma (2017),44.88977955911824,0.00535455233718988
Irma (2017),45.29058116232465,0.005242623945600715
Irma (2017),45.69138276553107,0.005132849529004708
Irma (2017),46.09218436873748,0.005025166214380112
Irma (2017),46.49298597194389,0.0049195195195281625
Irma (2017),46.8937875751503,0.004815863229996074
Irma (2017),47.294589178356716,0.004714159188230815
Irma (2017),47.69539078156313,0.0046143770002528735
Irma (2017),48.09619238476954,0.004516493665957863
Irma (2017),48.496993987975955,0.004420493139835085
Irma (2017),48.897795591182366,0.004326365829435329
Irma (2017),49.298597194388776,0.004234108039333551
Irma (2017),49.699398797595194,0.004143721368619139
Irma (2017),50.100200400801604,0.004055212070118056
Irma (2017),50.501002004008015,0.003968590379612544
Irma (2017),50.90180360721443,0.0038838698232900298
Irma (2017),51.30260521042084,0.003801066511527626
Irma (2017),51.703406813627254,0.0037201984269183137
Irma (2017),52.10420841683367,0.0036412847141733605
Irma (2017),52.50501002004008,0.003564344979207886
Irma (2017),52.90581162324649,0.0034893986043363964
Irma (2017),53.30661322645291,0.003416464086085743
Irma (2017),53.70741482965932,0.0033455584016770707
Irma (2017),54.10821643286573,0.003276696409746737
Irma (2017),54.50901803607215,0.0032098902903714564
Irma (2017),54.90981963927856,0.003145149028943133
Irma (2017),55.31062124248497,0.003082477947905726
Irma (2017),55.71142284569139,0.00302187828982588
Irma (2017),56.1122244488978,0.0029633468547234218
Irma (2017),56.51302605210421,0.0029068756940392273
Irma (2017),56.91382765531062,0.0028524518630698927
Irma (2017),57.31462925851704,0.002800057233151953
Irma (2017),57.71543086172345,0.002749668364335321
Irma (2017),58.11623246492986,0.002701256438747178
Irma (2017),58.517034068136276,0.0026547872543163384
Irma (2017),58.91783567134269,0.0026102212780036303
Irma (2017),59.3186372745491,0.0025675137571696356
Irma (2017),59.719438877755515,0.0025266148872082326
Irma (2017),60.120240480961925,0.002487470033084231
Irma (2017),60.521042084168336,0.002450020001939764
Irma (2017),60.92184368737475,0.0024142013634787635
Irma (2017),61.322645290581164,0.002379946814405316
Irma (2017),61.723446893787575,0.0023471855827843745
Irma (2017),62.12424849699399,0.0023158438678148583
Irma (2017),62.5250501002004,0.002285845310162481
Irma (2017),62.92585170340681,0.002257111487694435
Irma (2017),63.32665330661323,0.0022295624311995037
Irma (2017),63.72745490981964,0.002203117154466239
Irma (2017),64.12825651302606,0.002177694192937652
Irma (2017),64.52905811623246,0.002153212145065859
Irma (2017),64.92985971943888,0.0021295902104604063
Irma (2017),65.3306613226453,0.00210674871896307
Irma (2017),65.7314629258517,0.002084609644893625
Irma (2017),66.13226452905812,0.0020630971008966307
Irma (2017),66.53306613226454,0.0020421378060816262
Irma (2017),66.93386773547094,0.0020216615234859058
Irma (2017),67.33466933867736,0.002001601462299367
Irma (2017),67.73547094188378,0.0019818946407718645
Irma (2017),68.13627254509018,0.001962482206268079
Irma (2017),68.5370741482966,0.001943309709537805
Irma (2017),68.93787575150301,0.0019243273309207797
Irma (2017),69.33867735470942,0.001905490056895114
Irma (2017),69.73947895791584,0.0018867578060948486
Irma (2017),70.14028056112225,0.0018680955046521978
Irma (2017),70.54108216432866,0.0018494731114505245
Irma (2017),70.94188376753507,0.0018308655945887048
Irma (2017),71.34268537074149,0.001812252861044432
Irma (2017),71.7434869739479,0.0017936196421661139
Irma (2017),72.14428857715431,0.0017749553382081893
Irma (2017),72.54509018036072,0.0017562538256399667
Irma (2017),72.94589178356713,0.0017375132313920125
Irma (2017),73.34669338677355,0.001718735678547501
Irma (2017),73.74749498997996,0.0016999270082321413
Irma (2017),74.14829659318637,0.0016810964825998273
Irma (2017),74.54909819639279,0.0016622564738510797
Irma (2017),74.9498997995992,0.0016434221441577529
Irma (2017),75.35070140280561,0.0016246111212045076
Irma (2017),75.75150300601203,0.0016058431738012692
Irma (2017),76.15230460921843,0.0015871398916809092
Irma (2017),76.55310621242485,0.0015685243731832007
Irma (2017),76.95390781563127,0.0015500209240541117
Irma (2017),77.35470941883767,0.0015316547700725835
Irma (2017),77.75551102204409,0.0015134517856720308
Irma (2017),78.15631262525051,0.001495438240167206
Irma (2017),78.55711422845691,0.0014776405626449696
Irma (2017),78.95791583166333,0.0014600851260472341
Irma (2017),79.35871743486975,0.0014427980504797097
Irma (2017),79.75951903807615,0.0014258050253354796
Irma (2017),80.16032064128257,0.001409131149439171
Irma (2017),80.56112224448898,0.0013928007881041952
Irma (2017),80.96192384769539,0.0013768374457596877
Irma (2017),81.3627254509018,0.0013612636526472103
Irma (2017),81.76352705410822,0.0013461008640124365
Irma (2017),82.16432865731463,0.0013313693702194168
Irma (2017),82.56513026052104,0.001317088216290869
Irma (2017),82.96593186372746,0.0013032751295180053
Irma (2017),83.36673346693387,0.001289946453978418
Irma (2017),83.76753507014028,0.0012771170910371899
Irma (2017),84.1683366733467,0.0012648004451724297
Irma (2017),84.5691382765531,0.0012530083747461407
Irma (2017),84.96993987975952,0.0012417511476212231
Irma (2017),85.37074148296594,0.00123103740179029
Irma (2017),85.77154308617234,0.001220874111419121
Irma (2017),86.17234468937876,0.0012112665589047048
Irma (2017),86.57314629258518,0.0012022183136947994
Irma (2017),86.97394789579158,0.0011937312187055426
Irma (2017),87.374749498998,0.0011858053852002164
Irma (2017),87.77555110220442,0.0011784391969542267
Irma (2017),88.17635270541082,0.0011716293244285892
Irma (2017),88.57715430861724,0.0011653707495112994
Irma (2017),88.97795591182366,0.001159656801168273
Irma (2017),89.37875751503006,0.00115447920208271
Irma (2017),89.77955911823648,0.0011498281260641555
Irma (2017),90.1803607214429,0.0011456922656894039
Irma (2017),90.5811623246493,0.0011420589093100997
Irma (2017),90.98196392785572,0.0011389140262414493
Irma (2017),91.38276553106213,0.0011362423586470272
Irma (2017),91.78356713426854,0.0011340275183705755
Irma (2017),92.18436873747495,0.0011322520867497708
Irma (2017),92.58517034068136,0.0011308977152904311
Irma (2017),92.98597194388778,0.001129945224992004
Irma (2017),93.3867735470942,0.0011293747021029483
Irma (2017),93.7875751503006,0.0011291655881519186
Irma (2017),94.18837675350701,0.0011292967622485621
Irma (2017),94.58917835671343,0.0011297466138742809
Irma (2017),94.98997995991984,0.0011304931046835188
Irma (2017),95.39078156312625,0.0011315138182023399
Irma (2017),95.79158316633267,0.0011327859967328801
Irma (2017),96.19238476953907,0.0011342865652372253
Irma (2017),96.59318637274549,0.0011359921424678116
Irma (2017),96.99398797595191,0.0011378790401182714
Irma (2017),97.39478957915831,0.001139923251271633
Irma (2017),97.79559118236473,0.0011421004299062094
Irma (2017),98.19639278557115,0.001144385863665577
Irma (2017),98.59719438877755,0.0011467544424938526
Irma (2017),98.99799599198397,0.0011491806260652787
Irma (2017),99.39879759519039,0.0011516384131866988
Irma (2017),99.79959919839679,0.0011541013165121312
Irma (2017),100.20040080160321,0.0011565423459729358
Irma (2017),100.60120240480963,0.0011589340042900491
Irma (2017),101.00200400801603,0.001161248297794769
Irma (2017),101.40280561122245,0.0011634567655422444
Irma (2017),101.80360721442887,0.0011655305293616428
Irma (2017),102.20440881763527,0.001167440367055317
Irma (2017),102.60521042084169,0.0011691568104457793
Irma (2017),103.0060120240481,0.0011706502693856484
Irma (2017),103.40681362725451,0.0011718911822057566
Irma (2017),103.80761523046093,0.0011728501923955158
Irma (2017),104.20841683366734,0.0011734983506043678
Irma (2017),104.60921843687375,0.0011738073403407812
Irma (2017),105.01002004008016,0.0011737497250438442
Irma (2017),105.41082164328658,0.001173299213529335
Irma (2017),105.81162324649299,0.0011724309401848392
Irma (2017),106.2124248496994,0.0011711217557225484
Irma (2017),106.61322645290582,0.001169350523809187
Irma (2017),107.01402805611222,0.0011670984184929463
Irma (2017),107.41482965931864,0.0011643492170485307
Irma (2017),107.81563126252506,0.0011610895826724304
Irma (2017),108.21643286573146,0.0011573093313880058
Irma (2017),108.61723446893788,0.0011530016775674495
Irma (2017),109.0180360721443,0.0011481634526470225
Irma (2017),109.4188376753507,0.001142795291901321
Irma (2017),109.81963927855712,0.0011369017845478707
Irma (2017),110.22044088176354,0.0011304915829684794
Irma (2017),110.62124248496994,0.0011235774674491752
Irma (2017),111.02204408817636,0.001116176363545196
Irma (2017),111.42284569138278,0.0011083093099574727
Irma (2017),111.82364729458918,0.0011000013756476174
Irma (2017),112.2244488977956,0.001091281525802423
Irma (2017),112.62525050100201,0.0010821824371686332
Irma (2017),113.02605210420842,0.0010727402641956506
Irma (2017),113.42685370741484,0.0010629943583285572
Irma (2017),113.82765531062124,0.0010529869436674856
Irma (2017),114.22845691382766,0.0010427627530333705
Irma (2017),114.62925851703407,0.0010323686292362522
Irma (2017),115.03006012024048,0.0010218530970144532
Irma (2017),115.4308617234469,0.001011265911685726
Irma (2017),115.83166332665331,0.0010006575910120228
Irma (2017),116.23246492985972,0.0009900789371171128
Irma (2017),116.63326653306613,0.00097958055550255
Irma (2017),117.03406813627255,0.0009692123782773781
Irma (2017),117.43486973947896,0.0009590231986476056
Irma (2017),117.83567134268537,0.0009490602235039786
Irma (2017),118.23647294589179,0.000939368650604268
Irma (2017),118.6372745490982,0.0009299912763760912
Irma (2017),119.03807615230461,0.0009209681397779058
Irma (2017),119.43887775551103,0.0009123362069616213
Irma (2017),119.83967935871743,0.0009041291006950216
Irma (2017),120.24048096192385,0.0008963768776432058
Irma (2017),120.64128256513027,0.0008891058556939368
Irma (2017),121.04208416833667,0.0008823384925625923
Irma (2017),121.44288577154309,0.0008760933159489294
Irma (2017),121.8436873747495,0.0008703849045617538
Irma (2017),122.24448897795591,0.0008652239183995996
Irma (2017),122.64529058116233,0.0008606171757964359
Irma (2017),123.04609218436875,0.0008565677739302393
Irma (2017),123.44689378757515,0.0008530752487667824
Irma (2017),123.84769539078157,0.0008501357697866778
Irma (2017),124.24849699398798,0.0008477423643335711
Irma (2017),124.64929859719439,0.0008458851660359093
Irma (2017),125.0501002004008,0.0008445516815008633
Irma (2017),125.45090180360722,0.0008437270693611183
Irma (2017),125.85170340681363,0.0008433944257739116
Irma (2017),126.25250501002004,0.0008435350706244526
Irma (2017),126.65330661322646,0.0008441288289668925
Irma (2017),127.05410821643287,0.000845154302636512
Irma (2017),127.45490981963928,0.0008465891274749744
Irma (2017),127.8557114228457,0.0008484102122123286
Irma (2017),128.25651302605212,0.0008505939557282257
Irma (2017),128.6573146292585,0.0008531164401526986
Irma (2017),129.05811623246493,0.0008559535980441244
Irma (2017),129.45891783567134,0.0008590813526784794
Irma (2017),129.85971943887776,0.0008624757312792062
Irma (2017),130.26052104208418,0.0008661129517902865
Irma (2017),130.6613226452906,0.0008699694845273066
Irma (2017),131.06212424849699,0.0008740220907134503
Irma (2017),131.4629258517034,0.000878247840503226
Irma (2017),131.86372745490982,0.0008826241136013619
Irma (2017),132.26452905811624,0.0008871285859857827
Irma (2017),132.66533066132266,0.0008917392065324778
Irma (2017),133.06613226452907,0.0008964341675101085
Irma (2017),133.46693386773546,0.0009011918729602766
Irma (2017),133.86773547094188,0.0009059909089057922
Irma (2017),134.2685370741483,0.0009108100191373374
Irma (2017),134.66933867735472,0.0009156280900255102
Irma (2017),135.07014028056113,0.0009204241474000201
Irma (2017),135.47094188376755,0.0009251773680431831
Irma (2017),135.87174348697394,0.0009298671077760371
Irma (2017),136.27254509018036,0.0009344729474890551
Irma (2017),136.67334669338678,0.0009389747578043393
Irma (2017),137.0741482965932,0.0009433527823718474
Irma (2017),137.4749498997996,0.000947587739118646
Irma (2017),137.87575150300603,0.0009516609381074623
Irma (2017),138.27655310621242,0.0009555544140382357
Irma (2017),138.67735470941884,0.0009592510708618458
Irma (2017),139.07815631262525,0.0009627348354851573
Irma (2017),139.47895791583167,0.0009659908171448505
Irma (2017),139.8797595190381,0.0009690054687254331
Irma (2017),140.2805611222445,0.0009717667461026868
Irma (2017),140.6813627254509,0.0009742642615123669
Irma (2017),141.0821643286573,0.0009764894269768433
Irma (2017),141.48296593186373,0.0009784355839674407
Irma (2017),141.88376753507015,0.0009800981157321715
Irma (2017),142.28456913827657,0.0009814745390687367
Irma (2017),142.68537074148298,0.0009825645727595262
Irma (2017),143.08617234468937,0.0009833701803951152
Irma (2017),143.4869739478958,0.0009838955858790738
Irma (2017),143.8877755511022,0.0009841472605127115
Irma (2017),144.28857715430863,0.0009841338811851477
Irma (2017),144.68937875751504,0.0009838662598233715
Irma (2017),145.09018036072143,0.0009833572448706557
Irma (2017),145.49098196392785,0.000982621596142822
Irma (2017),145.89178356713427,0.0009816758349447045
Irma (2017),146.2925851703407,0.0009805380718006628
Irma (2017),146.6933867735471,0.0009792278145518787
Irma (2017),147.09418837675352,0.0009777657598916078
Irma (2017),147.4949899799599,0.0009761735716422968
Irma (2017),147.89579158316633,0.0009744736492234298
Irma (2017),148.29659318637275,0.0009726888898172204
Irma (2017),148.69739478957916,0.0009708424477145933
Irma (2017),149.09819639278558,0.000968957494222674
Irma (2017),149.498997995992,0.0009670569813459522
Irma (2017),149.8997995991984,0.0009651634122267603
Irma (2017),150.3006012024048,0.000963298621058417
Irma (2017),150.70140280561122,0.0009614835648787192
Irma (2017),151.10220440881764,0.0009597381293250887
Irma (2017),151.50300601202406,0.0009580809500977827
Irma (2017),151.90380761523048,0.0009565292515456239
Irma (2017),152.30460921843687,0.0009550987034698276
Irma (2017),152.70541082164328,0.0009538032969441741
Irma (2017),153.1062124248497,0.0009526552396806297
Irma (2017),153.50701402805612,0.0009516648712329843
Irma (2017),153.90781563126254,0.0009508405981296116
Irma (2017),154.30861723446895,0.0009501888488601201
Irma (2017),154.70941883767534,0.0009497140485080012
Irma (2017),155.11022044088176,0.0009494186127185373
Irma (2017),155.51102204408818,0.0009493029606135867
Irma (2017),155.9118236472946,0.0009493655462062011
Irma (2017),156.31262525050101,0.0009496029078217053
Irma (2017),156.71342685370743,0.0009500097349908122
Irma (2017),157.11422845691382,0.0009505789522378343
Irma (2017),157.51503006012024,0.0009513018191366287
Irma (2017),157.91583166332666,0.0009521680459432705
Irma (2017),158.31663326653307,0.0009531659240333242
Irma (2017),158.7174348697395,0.0009542824702700965
Irma (2017),159.1182364729459,0.0009555035843073181
Irma (2017),159.5190380761523,0.0009568142176855234
Irma (2017),159.91983967935872,0.0009581985534181317
Irma (2017),160.32064128256513,0.0009596401945843884
Irma (2017),160.72144288577155,0.0009611223602567198
Irma (2017),161.12224448897797,0.0009626280868958665
Irma (2017),161.5230460921844,0.0009641404331552359
Irma (2017),161.92384769539078,0.0009656426858535627
Irma (2017),162.3246492985972,0.0009671185647101891
Irma (2017),162.7254509018036,0.0009685524232972441
Irma (2017),163.12625250501003,0.0009699294435552284
Irma (2017),163.52705410821645,0.0009712358211491558
Irma (2017),163.92785571142286,0.0009724589389171121
Irma (2017),164.32865731462925,0.0009735875256861655
Irma (2017),164.72945891783567,0.0009746117978048655
Irma (2017),165.1302605210421,0.0009755235808689207
Irma (2017),165.5310621242485,0.0009763164092969177
Irma (2017),165.93186372745492,0.0009769856016451544
Irma (2017),166.3326653306613,0.0009775283098318278
Irma (2017),166.73346693386773,0.000977943540767376
Irma (2017),167.13426853707415,0.0009782321492543653
Irma (2017),167.53507014028057,0.0009783968014212285
Irma (2017),167.93587174348698,0.0009784419083825014
Irma (2017),168.3366733466934,0.0009783735302666804
Irma (2017),168.7374749498998,0.0009781992512137014
Irma (2017),169.1382765531062,0.0009779280264093566
Irma (2017),169.53907815631263,0.000977570002685742
Irma (2017),169.93987975951904,0.0009771363146669973
Irma (2017),170.34068136272546,0.0009766388588706416
Irma (2017),170.74148296593188,0.0009760900485790158
Irma (2017),171.14228456913827,0.000975502552666
Irma (2017),171.5430861723447,0.0009748890218944186
Irma (2017),171.9438877755511,0.0009742618064835791
Irma (2017),172.34468937875752,0.0009736326689786576
Irma (2017),172.74549098196394,0.0009730124966293752
Irma (2017),173.14629258517036,0.0009724110176004856
Irma (2017),173.54709418837675,0.0009718365253877081
Irma (2017),173.94789579158316,0.000971295615797265
Irma (2017),174.34869739478958,0.0009707929407635391
Irma (2017),174.749498997996,0.0009703309831268074
Irma (2017),175.15030060120242,0.0009699098562719171
Irma (2017),175.55110220440883,0.0009695271322403827
Irma (2017),175.95190380761522,0.0009691777015757007
Irma (2017),176.35270541082164,0.0009688536677479634
Irma (2017),176.75350701402806,0.0009685442785346974
Irma (2017),177.15430861723448,0.0009682358962162383
Irma (2017),177.5551102204409,0.0009679120078835129
Irma (2017),177.9559118236473,0.0009675532765626518
Irma (2017),178.3567134268537,0.0009671376332439789
Irma (2017),178.75751503006012,0.0009666404092734055
Irma (2017),179.15831663326654,0.0009660345079334802
Irma (2017),179.55911823647295,0.0009652906134210958
Irma (2017),179.95991983967937,0.000964377434831237
Irma (2017),180.3607214428858,0.000963261982193238
Irma (2017),180.76152304609218,0.0009619098710892396
Irma (2017),181.1623246492986,0.000960285651924936
Irma (2017),181.56312625250501,0.0009583531595299728
Irma (2017),181.96392785571143,0.000956075878448086
Irma (2017),182.36472945891785,0.0009534173190420268
Irma (2017),182.76553106212427,0.0009503413993905719
Irma (2017),183.16633266533066,0.0009468128278973991
Irma (2017),183.56713426853707,0.0009427974815649649
Irma (2017),183.9679358717435,0.0009382627750096232
Irma (2017),184.3687374749499,0.0009331780155029501
Irma (2017),184.76953907815633,0.0009275147396132304
Irma (2017),185.17034068136272,0.0009212470273822779
Irma (2017),185.57114228456913,0.0009143517903967914
Irma (2017),185.97194388777555,0.000906809030589444
Irma (2017),186.37274549098197,0.0008986020671206785
Irma (2017),186.7735470941884,0.0008897177292350985
Irma (2017),187.1743486973948,0.0008801465135432758
Irma (2017),187.5751503006012,0.0008698827047377392
Irma (2017),187.9759519038076,0.0008589244592984232
Irma (2017),188.37675350701403,0.0008472738522662599
Irma (2017),188.77755511022045,0.000834936887653594
Irma (2017),189.17835671342687,0.0008219234735076894
Irma (2017),189.57915831663328,0.0008082473630417743
Irma (2017),189.97995991983967,0.0007939260635915137
Irma (2017),190.3807615230461,0.0007789807154403648
Irma (2017),190.7815631262525,0.0007634359427836623
Irma (2017),191.18236472945893,0.0007473196792692126
Irma (2017),191.58316633266534,0.00073066297066431
Irma (2017),191.98396793587176,0.0007134997572591792
Irma (2017),192.38476953907815,0.0006958666386307841
Irma (2017),192.78557114228457,0.0006778026233646978
Irma (2017),193.18637274549098,0.0006593488662738907
Irma (2017),193.5871743486974,0.0006405483955690425
Irma (2017),193.98797595190382,0.0006214458323330221
Irma (2017),194.38877755511024,0.0006020871045397451
Irma (2017),194.78957915831663,0.0005825191577410914
Irma (2017),195.19038076152304,0.0005627896644309743
Irma (2017),195.59118236472946,0.000542946733987444
Irma (2017),195.99198396793588,0.0005230386249953598
Irma (2017),196.3927855711423,0.0005031134616659747
Irma (2017),196.79358717434872,0.00048321895599632127
Irma (2017),197.1943887775551,0.0004634021372504018
Irma (2017),197.59519038076152,0.00044370909029396846
Irma (2017),197.99599198396794,0.00042418470427285046
Irma (2017),198.39679358717436,0.00040487243308754165
Irma (2017),198.79759519038078,0.0003858140690803623
Irma (2017),199.1983967935872,0.00036704953131158266
Irma (2017),199.59919839679358,0.0003486166697527897
Irma (2017),200.0,0.00033055108666565355
Florence (2018),0.0,0.0
Florence (2018),0.40080160320641284,0.0
Florence (2018),0.8016032064128257,0.0
Florence (2018),1.2024048096192386,0.011920162680128781
Florence (2018),1.6032064128256514,0.01252054587533307
Florence (2018),2.0040080160320644,0.013123537522426227
Florence (2018),2.404809619238477,0.013726971124731192
Florence (2018),2.80561122244489,0.014328625096029824
Florence (2018),3.2064128256513027,0.01492624051948913
Florence (2018),3.6072144288577155,0.015517539557707972
Florence (2018),4.008016032064129,0.016100244267853683
Florence (2018),4.408817635270541,0.01667209556797836
Florence (2018),4.809619238476954,0.01723087209760311
Florence (2018),5.210420841683367,0.017774408717613814
Florence (2018),5.61122244488978,0.01830061440134884
Florence (2018),6.012024048096192,0.01880748928028368
Florence (2018),6.412825651302605,0.019293140623637052
Florence (2018),6.813627254509019,0.019755797551108026
Florence (2018),7.214428857715431,0.02019382430131261
Florence (2018),7.615230460921844,0.02060573190474416
Florence (2018),8.016032064128257,0.020990188138568015
Florence (2018),8.41683366733467,0.02134602567064607
Florence (2018),8.817635270541082,0.02167224833111706
Florence (2018),9.218436873747494,0.02196803548099313
Florence (2018),9.619238476953909,0.02223274447784974
Florence (2018),10.02004008016032,0.02246591126818174
Florence (2018),10.420841683366733,0.022667249163776944
Florence (2018),10.821643286573147,0.022836645884997
Florence (2018),11.22244488977956,0.0229741589767467
Florence (2018),11.623246492985972,0.023080009722781278
Florence (2018),12.024048096192384,0.023154575700605615
Florence (2018),12.424849699398798,0.023198382132404896
Florence (2018),12.82565130260521,0.023212092197119616
Florence (2018),13.226452905811623,0.023196496474990155
Florence (2018),13.627254509018037,0.023152501698709776
Florence (2018),14.02805611222445,0.0230811189849531
Florence (2018),14.428857715430862,0.02298345171668567
Florence (2018),14.829659318637274,0.022860683240620388
Florence (2018),15.230460921843688,0.022714064535790796
Florence (2018),15.6312625250501,0.022544901998799993
Florence (2018),16.032064128256515,0.022354545479255892
Florence (2018),16.432865731462925,0.02214437668558818
Florence (2018),16.83366733466934,0.021915798067223324
Florence (2018),17.234468937875754,0.021670222264325866
Florence (2018),17.635270541082164,0.021409062201313965
Florence (2018),18.03607214428858,0.021133721885449562
Florence (2018),18.43687374749499,0.020845587957217398
Florence (2018),18.837675350701403,0.020546022025217367
Florence (2018),19.238476953907817,0.020236353805048842
Florence (2018),19.639278557114228,0.019917875069363926
Florence (2018),20.04008016032064,0.019591834404993215
Florence (2018),20.440881763527056,0.019259432762904455
Florence (2018),20.841683366733466,0.018921819777800542
Florence (2018),21.24248496993988,0.018580090826399137
Florence (2018),21.643286573146295,0.018235284786891872
Florence (2018),22.044088176352705,0.017888382456705692
Florence (2018),22.44488977955912,0.01754030558146162
Florence (2018),22.845691382765533,0.01719191644488938
Florence (2018),23.246492985971944,0.016844017967328796
Florence (2018),23.647294589178358,0.016497354259281876
Florence (2018),24.04809619238477,0.016152611576168697
Florence (2018),24.448897795591183,0.01581041962092604
Florence (2018),24.849699398797597,0.015471353142258119
Florence (2018),25.250501002004007,0.015135933778148621
Florence (2018),25.65130260521042,0.01480463209656357
Florence (2018),26.052104208416836,0.014477869788046886
Florence (2018),26.452905811623246,0.014156021968052277
Florence (2018),26.85370741482966,0.013839419550286575
Florence (2018),27.254509018036075,0.013528351655991918
Florence (2018),27.655310621242485,0.013223068027894394
Florence (2018),28.0561122244489,0.012923781421427014
Florence (2018),28.45691382765531,0.012630669949745033
Florence (2018),28.857715430861724,0.012343879362917394
Florence (2018),29.258517034068138,0.012063525245459132
Florence (2018),29.65931863727455,0.011789695120013757
Florence (2018),30.060120240480963,0.011522450448461697
Florence (2018),30.460921843687377,0.011261828524971701
Florence (2018),30.861723446893787,0.01100784425851406
Florence (2018),31.2625250501002,0.01076049184506578
Florence (2018),31.663326653306616,0.010519746332156096
Florence (2018),32.06412825651303,0.010285565080497272
Florence (2018),32.46492985971944,0.010057889129211605
Florence (2018),32.86573146292585,0.009836644472597288
Florence (2018),33.26653306613227,0.009621743257464213
Florence (2018),33.66733466933868,0.009413084910830587
Florence (2018),34.06813627254509,0.009210557208194695
Florence (2018),34.46893787575151,0.009014037292713342
Florence (2018),34.86973947895792,0.00882339265542724
Florence (2018),35.27054108216433,0.008638482086209246
Florence (2018),35.671342685370746,0.008459156604388375
Florence (2018),36.07214428857716,0.008285260377046438
Florence (2018),36.47294589178357,0.008116631631834684
Florence (2018),36.87374749498998,0.007953103569832766
Florence (2018),37.274549098196395,0.007794505282516448
Florence (2018),37.675350701402806,0.007640662675344099
Florence (2018),38.07615230460922,0.007491399398856639
Florence (2018),38.476953907815634,0.007346537786542944
Florence (2018),38.877755511022045,0.007205899797101726
Florence (2018),39.278557114228455,0.007069307957158148
Florence (2018),39.67935871743487,0.006936586299020493
Florence (2018),40.08016032064128,0.006807561286714094
Florence (2018),40.480961923847694,0.006682062722352876
Florence (2018),40.88176352705411,0.006559924623924063
Florence (2018),41.28256513026052,0.00644098606481155
Florence (2018),41.68336673346693,0.0063250919648805025
Florence (2018),42.08416833667335,0.006212093822718724
Florence (2018),42.48496993987976,0.006101850378688435
Florence (2018),42.88577154308617,0.005994228198796413
Florence (2018),43.28657314629259,0.005889102170040584
Florence (2018),43.687374749499,0.005786355898828409
Florence (2018),44.08817635270541,0.005685882005278473
Florence (2018),44.48897795591183,0.005587582307684565
Florence (2018),44.88977955911824,0.005491367893111567
Florence (2018),45.29058116232465,0.0053971590719781165
Florence (2018),45.69138276553107,0.005304885216505051
Florence (2018),46.09218436873748,0.005214484485034707
Florence (2018),46.49298597194389,0.005125903436399688
Florence (2018),46.8937875751503,0.005039096540680461
Florence (2018),47.294589178356716,0.00495402559478711
Florence (2018),47.69539078156313,0.004870659053276488
Florence (2018),48.09619238476954,0.004788971286609202
Florence (2018),48.496993987975955,0.004708941780618032
Florence (2018),48.897795591182366,0.004630554292249189
Florence (2018),49.298597194388776,0.004553795977610782
Florence (2018),49.699398797595194,0.004478656508987228
Florence (2018),50.100200400801604,0.0044051271977326115
Florence (2018),50.501002004008015,0.004333200139820688
Florence (2018),50.90180360721443,0.004262867400312338
Florence (2018),51.30260521042084,0.004194120252100088
Florence (2018),51.703406813627254,0.004126948483027584
Florence (2018),52.10420841683367,0.004061339783892698
Florence (2018),52.50501002004008,0.0039972792279552565
Florence (2018),52.90581162324649,0.003934748850441854
Florence (2018),53.30661322645291,0.003873727334216175
Florence (2018),53.70741482965932,0.003814189805332102
Florence (2018),54.10821643286573,0.003756107739662714
Florence (2018),54.50901803607215,0.0036994489792760857
Florence (2018),54.90981963927856,0.003644177854765923
Florence (2018),55.31062124248497,0.003590255407408787
Florence (2018),55.71142284569139,0.003537639702869458
Florence (2018),56.1122244488978,0.003486286226262289
Florence (2018),56.51302605210421,0.00343614834674855
Florence (2018),56.91382765531062,0.003387177838543442
Florence (2018),57.31462925851704,0.0033393254442522315
Florence (2018),57.71543086172345,0.003292541465866421
Florence (2018),58.11623246492986,0.003246776368540673
Florence (2018),58.517034068136276,0.0032019813824328246
Florence (2018),58.91783567134269,0.0031581090884079104
Florence (2018),59.3186372745491,0.0031151139742638797
Florence (2018),59.719438877755515,0.0030729529492954525
Florence (2018),60.120240480961925,0.003031585806433727
Florence (2018),60.521042084168336,0.0029909756228415777
Florence (2018),60.92184368737475,0.002951089091649594
Florence (2018),61.322645290581164,0.0029118967794403397
Florence (2018),61.723446893787575,0.0028733733060658908
Florence (2018),62.12424849699399,0.0028354974453676054
Florence (2018),62.5250501002004,0.0027982521472993496
Florence (2018),62.92585170340681,0.00276162448379147
Florence (2018),63.32665330661323,0.0027256055223835525
Florence (2018),63.72745490981964,0.0026901901331645097
Florence (2018),64.12825651302606,0.0026553767358540314
Florence (2018),64.52905811623246,0.002621166994917975
Florence (2018),64.92985971943888,0.0025875654714133003
Florence (2018),65.3306613226453,0.0025545792407980156
Florence (2018),65.7314629258517,0.0025222174862191142
Florence (2018),66.13226452905812,0.002490491076810537
Florence (2018),66.53306613226454,0.002459412140311568
Florence (2018),66.93386773547094,0.0024289936388701017
Florence (2018),67.33466933867736,0.0023992489562544824
Florence (2018),67.73547094188378,0.002370191503887189
Florence (2018),68.13627254509018,0.002341834352170065
Florence (2018),68.5370741482966,0.002314189892526753
Florence (2018),68.93787575150301,0.002287269534478114
Florence (2018),69.33867735470942,0.0022610834409274114
Florence (2018),69.73947895791584,0.002235640303695612
Florence (2018),70.14028056112225,0.002210947160244718
Florence (2018),70.54108216432866,0.002187009251486216
Florence (2018),70.94188376753507,0.0021638299196176485
Florence (2018),71.34268537074149,0.002141410544079525
Florence (2018),71.7434869739479,0.0021197505129964644
Florence (2018),72.14428857715431,0.0020988472268670772
Florence (2018),72.54509018036072,0.0020786961308059404
Florence (2018),72.94589178356713,0.002059290771315995
Florence (2018),73.34669338677355,0.0020406228733819277
Florence (2018),73.74749498997996,0.0020226824336149257
Florence (2018),74.14829659318637,0.002005457825239865
Florence (2018),74.54909819639279,0.001988935910884922
Florence (2018),74.9498997995992,0.0019731021593967666
Florence (2018),75.35070140280561,0.0019579407632480785
Florence (2018),75.75150300601203,0.0019434347535125253
Florence (2018),76.15230460921843,0.0019295661098392381
Florence (2018),76.55310621242485,0.001916315863350219
Florence (2018),76.95390781563127,0.0019036641908945255
Florence (2018),77.35470941883767,0.0018915904996098494
Florence (2018),77.75551102204409,0.0018800735012516878
Florence (2018),78.15631262525051,0.001869091276243536
Florence (2018),78.55711422845691,0.0018586213278668439
Florence (2018),78.95791583166333,0.0018486406274394688
Florence (2018),79.35871743486975,0.0018391256517194113
Florence (2018),79.75951903807615,0.0018300524141088696
Florence (2018),80.16032064128257,0.0018213964915195053
Florence (2018),80.56112224448898,0.0018131330489866604
Florence (2018),80.96192384769539,0.0018052368642869666
Florence (2018),81.3627254509018,0.0017976823549151714
Florence (2018),81.76352705410822,0.0017904436098124957
Florence (2018),82.16432865731463,0.001783494428207078
Florence (2018),82.56513026052104,0.0017768083678264613
Florence (2018),82.96593186372746,0.0017703588045744846
Florence (2018),83.36673346693387,0.0017641190055283846
Florence (2018),83.76753507014028,0.00175806221681093
Florence (2018),84.1683366733467,0.001752161767529129
Florence (2018),84.5691382765531,0.0017463911905498584
Florence (2018),84.96993987975952,0.0017407243604108265
Florence (2018),85.37074148296594,0.0017351356481497425
Florence (2018),85.77154308617234,0.0017296000922846133
Florence (2018),86.17234468937876,0.001724093584606446
Florence (2018),86.57314629258518,0.0017185930688627424
Florence (2018),86.97394789579158,0.0017130767498324713
Florence (2018),87.374749498998,0.0017075243097342662
Florence (2018),87.77555110220442,0.001701917128386557
Florence (2018),88.17635270541082,0.001696238503066591
Florence (2018),88.57715430861724,0.0016904738636127738
Florence (2018),88.97795591182366,0.0016846109779950112
Florence (2018),89.37875751503006,0.001678640143357583
Florence (2018),89.77955911823648,0.001672554357429548
Florence (2018),90.1803607214429,0.001666349465210635
Florence (2018),90.5811623246493,0.0016600242759832486
Florence (2018),90.98196392785572,0.001653580645978783
Florence (2018),91.38276553106213,0.0016470235224397365
Florence (2018),91.78356713426854,0.0016403609453658969
Florence (2018),92.18436873747495,0.0016336040039071384
Florence (2018),92.58517034068136,0.0016267667451553766
Florence (2018),92.98597194388778,0.0016198660339821857
Florence (2018),93.3867735470942,0.0016129213635460815
Florence (2018),93.7875751503006,0.0016059546171357905
Florence (2018),94.18837675350701,0.0015989897830982636
Florence (2018),94.58917835671343,0.0015920526256962256
Florence (2018),94.98997995991984,0.0015851703158244442
Florence (2018),95.39078156312625,0.001578371026555323
Florence (2018),95.79158316633267,0.0015716834994578613
Florence (2018),96.19238476953907,0.0015651365885093749
Florence (2018),96.59318637274549,0.001558758789172642
Florence (2018),96.99398797595191,0.0015525777608178485
Florence (2018),97.39478957915831,0.0015466198511084538
Florence (2018),97.79559118236473,0.0015409096312273905
Florence (2018),98.19639278557115,0.0015354694508807633
Florence (2018),98.59719438877755,0.0015303190218749327
Florence (2018),98.99799599198397,0.0015254750387156363
Florence (2018),99.39879759519039,0.0015209508441291699
Florence (2018),99.79959919839679,0.001516756146662837
Florence (2018),100.20040080160321,0.0015128967965996611
Florence (2018),100.60120240480963,0.0015093746253396826
Florence (2018),101.00200400801603,0.0015061873521794787
Florence (2018),101.40280561122245,0.0015033285610924496
Florence (2018),101.80360721442887,0.0015007877487043504
Florence (2018),102.20440881763527,0.0014985504432061065
Florence (2018),102.60521042084169,0.001496598392484715
Florence (2018),103.0060120240481,0.001494909818318598
Florence (2018),103.40681362725451,0.0014934597321130585
Florence (2018),103.80761523046093,0.0014922203063778448
Florence (2018),104.20841683366734,0.0014911612950062715
Florence (2018),104.60921843687375,0.0014902504944311233
Florence (2018),105.01002004008016,0.0014894542369331017
Florence (2018),105.41082164328658,0.0014887379067819555
Florence (2018),105.81162324649299,0.0014880664695131657
Florence (2018),106.2124248496994,0.0014874050044929143
Florence (2018),106.61322645290582,0.00148671923100262
Florence (2018),107.01402805611222,0.0014859760183773753
Florence (2018),107.41482965931864,0.001485143871249903
Florence (2018),107.81563126252506,0.0014841933816660423
Florence (2018),108.21643286573146,0.0014830976407276062
Florence (2018),108.61723446893788,0.0014818326034569706
Florence (2018),109.0180360721443,0.001480377401734055
Florence (2018),109.4188376753507,0.0014787146013972225
Florence (2018),109.81963927855712,0.001476830400889106
Florence (2018),110.22044088176354,0.0014747147701309026
Florence (2018),110.62124248496994,0.0014723615295879576
Florence (2018),111.02204408817636,0.0014697683707119015
Florence (2018),111.42284569138278,0.0014669368200780706
Florence (2018),111.82364729458918,0.0014638721505540492
Florence (2018),112.2244488977956,0.0014605832437122248
Florence (2018),112.62525050100201,0.001457082408417606
Florence (2018),113.02605210420842,0.0014533851610696695
Florence (2018),113.42685370741484,0.0014495099733462613
Florence (2018),113.82765531062124,0.0014454779934879407
Florence (2018),114.22845691382766,0.0014413127471775648
Florence (2018),114.62925851703407,0.001437039823922918
Florence (2018),115.03006012024048,0.0014326865545550992
Florence (2018),115.4308617234469,0.00142828168503215
Florence (2018),115.83166332665331,0.0014238550512094032
Florence (2018),116.23246492985972,0.001419437258630904
Florence (2018),116.63326653306613,0.001415059370737506
Florence (2018),117.03406813627255,0.001410752608205052
Florence (2018),117.43486973947896,0.0014065480614476448
Florence (2018),117.83567134268537,0.0014024764176722411
Florence (2018),118.23647294589179,0.0013985677032757804
Florence (2018),118.6372745490982,0.0013948510418544152
Florence (2018),119.03807615230461,0.0013913544276634407
Florence (2018),119.43887775551103,0.0013881045140375062
Florence (2018),119.83967935871743,0.001385126416061902
Florence (2018),120.24048096192385,0.0013824435266788083
Florence (2018),120.64128256513027,0.0013800773454156218
Florence (2018),121.04208416833667,0.001378047319028724
Florence (2018),121.44288577154309,0.001376370693553587
Florence (2018),121.8436873747495,0.0013750623775265556
Florence (2018),122.24448897795591,0.001374134816476262
Florence (2018),122.64529058116233,0.0013735978791532876
Florence (2018),123.04609218436875,0.0013734587563528763
Florence (2018),123.44689378757515,0.001373721873565408
Florence (2018),123.84769539078157,0.0013743888190394563
Florence (2018),124.24849699398798,0.001375458289142164
Florence (2018),124.64929859719439,0.001376926053131829
Florence (2018),125.0501002004008,0.0013787849396010995
Florence (2018),125.45090180360722,0.0013810248468930102
Florence (2018),125.85170340681363,0.0013836327797270588
Florence (2018),126.25250501002004,0.001386592914092706
Florence (2018),126.65330661322646,0.0013898866921730865
Florence (2018),127.05410821643287,0.0013934929486558254
Florence (2018),127.45490981963928,0.0013973880692783138
Florence (2018),127.8557114228457,0.0014015461818549233
Florence (2018),128.25651302605212,0.0014059393793585356
Florence (2018),128.6573146292585,0.0014105379738977573
Florence (2018),129.05811623246493,0.0014153107796669997
Florence (2018),129.45891783567134,0.0014202254221711906
Florence (2018),129.85971943887776,0.0014252486702667911
Florence (2018),130.26052104208418,0.0014303467868390755
Florence (2018),130.6613226452906,0.0014354858932781559
Florence (2018),131.06212424849699,0.0014406323423444604
Florence (2018),131.4629258517034,0.0014457530935500305
Florence (2018),131.86372745490982,0.001450816084842187
Florence (2018),132.26452905811624,0.0014557905941752854
Florence (2018),132.66533066132266,0.0014606475845052205
Florence (2018),133.06613226452907,0.0014653600258454685
Florence (2018),133.46693386773546,0.0014699031882849844
Florence (2018),133.86773547094188,0.0014742549002839693
Florence (2018),134.2685370741483,0.0014783957671259537
Florence (2018),134.66933867735472,0.0014823093451021606
Florence (2018),135.07014028056113,0.0014859822678212268
Florence (2018),135.47094188376755,0.001489404321954575
Florence (2018),135.87174348697394,0.0014925684707235648
Florence (2018),136.27254509018036,0.001495470824484332
Florence (2018),136.67334669338678,0.0014981105588442573
Florence (2018),137.0741482965932,0.0015004897818240012
Florence (2018),137.4749498997996,0.0015026133526333824
Florence (2018),137.87575150300603,0.0015044886556334328
Florence (2018),138.27655310621242,0.0015061253339843856
Florence (2018),138.67735470941884,0.001507534988309674
Florence (2018),139.07815631262525,0.0015087308464168927
Florence (2018),139.47895791583167,0.0015097274106938862
Florence (2018),139.8797595190381,0.0015105400902262179
Florence (2018),140.2805611222445,0.0015111848249538633
Florence (2018),140.6813627254509,0.0015116777092934067
Florence (2018),141.0821643286573,0.0015120346225968914
Florence (2018),141.48296593186373,0.0015122708736029246
Florence (2018),141.88376753507015,0.0015124008656659182
Florence (2018),142.28456913827657,0.0015124377890367747
Florence (2018),142.68537074148298,0.00151239334582665
Florence (2018),143.08617234468937,0.0015122775125309
Florence (2018),143.4869739478958,0.0015120983441436323
Florence (2018),143.8877755511022,0.001511861822973821
Florence (2018),144.28857715430863,0.0015115717543056175
Florence (2018),144.68937875751504,0.0015112297100506962
Florence (2018),145.09018036072143,0.001510835020542275
Florence (2018),145.49098196392785,0.0015103848136424915
Florence (2018),145.89178356713427,0.0015098740993974434
Florence (2018),146.2925851703407,0.0015092958975989452
Florence (2018),146.6933867735471,0.0015086414048157912
Florence (2018),147.09418837675352,0.0015079001967568308
Florence (2018),147.4949899799599,0.0015070604612356495
Florence (2018),147.89579158316633,0.0015061092565324245
Florence (2018),148.29659318637275,0.0015050327895999964
Florence (2018),148.69739478957916,0.0015038167083409226
Florence (2018),149.09819639278558,0.0015024464020921798
Florence (2018),149.498997995992,0.001500907304490642
Florence (2018),149.8997995991984,0.001499185193050545
Florence (2018),150.3006012024048,0.0014972664800553094
Florence (2018),150.70140280561122,0.001495138489740416
Florence (2018),151.10220440881764,0.0014927897172076587
Florence (2018),151.50300601202406,0.0014902100650512281
Florence (2018),151.90380761523048,0.0014873910542758243
Florence (2018),152.30460921843687,0.0014843260067307507
Florence (2018),152.70541082164328,0.0014810101969546909
Florence (2018),153.1062124248497,0.0014774409720071024
Florence (2018),153.50701402805612,0.0014736178385373778
Florence (2018),153.90781563126254,0.001469542516997245
Florence (2018),154.30861723446895,0.001465218963521039
Florence (2018),154.70941883767534,0.0014606533605700431
Florence (2018),155.11022044088176,0.0014558540779504206
Florence (2018),155.51102204408818,0.001450831606260867
Florence (2018),155.9118236472946,0.0014455984651992357
Florence (2018),156.31262525050101,0.0014401690894531565
Florence (2018),156.71342685370743,0.0014345596951157416
Florence (2018),157.11422845691382,0.001428788129704343
Florence (2018),157.51503006012024,0.0014228737089199918
Florence (2018),157.91583166332666,0.001416837043271686
Florence (2018),158.31663326653307,0.0014106998576094338
Florence (2018),158.7174348697395,0.0014044848064690037
Florence (2018),159.1182364729459,0.0013982152879393752
Florence (2018),159.5190380761523,0.0013919152585287276
Florence (2018),159.91983967935872,0.0013856090512369976
Florence (2018),160.32064128256513,0.0013793211987519383
Florence (2018),160.72144288577155,0.001373076263380762
Florence (2018),161.12224448897797,0.0013668986750207826
Florence (2018),161.5230460921844,0.0013608125781675781
Florence (2018),161.92384769539078,0.0013548416886668177
Florence (2018),162.3246492985972,0.0013490091606421163
Florence (2018),162.7254509018036,0.0013433374637819508
Florence (2018),163.12625250501003,0.001337848270947802
Florence (2018),163.52705410821645,0.0013325623558768343
Florence (2018),163.92785571142286,0.0013274995005968513
Florence (2018),164.32865731462925,0.0013226784120497644
Florence (2018),164.72945891783567,0.0013181166473320671
Florence (2018),165.1302605210421,0.0013138305469049597
Florence (2018),165.5310621242485,0.0013098351751007133
Florence (2018),165.93186372745492,0.0013061442672526458
Florence (2018),166.3326653306613,0.0013027701827997503
Florence (2018),166.73346693386773,0.0012997238637605167
Florence (2018),167.13426853707415,0.001297014798028785
Florence (2018),167.53507014028057,0.0012946509870143562
Florence (2018),167.93587174348698,0.0012926389172282131
Florence (2018),168.3366733466934,0.0012909835354927763
Florence (2018),168.7374749498998,0.0012896882275386043
Florence (2018),169.1382765531062,0.0012887547998268044
Florence (2018),169.53907815631263,0.0012881834645090946
Florence (2018),169.93987975951904,0.0012879728275023404
Florence (2018),170.34068136272546,0.0012881198797099684
Florence (2018),170.74148296593188,0.00128861999146788
Florence (2018),171.14228456913827,0.0012894669103258886
Florence (2018),171.5430861723447,0.0012906527622977466
Florence (2018),171.9438877755511,0.0012921680567223482
Florence (2018),172.34468937875752,0.0012940016948770618
Florence (2018),172.74549098196394,0.0012961409824707828
Florence (2018),173.14629258517036,0.0012985716461209056
Florence (2018),173.54709418837675,0.0013012778538855191
Florence (2018),173.94789579158316,0.0013042422398812648
Florence (2018),174.34869739478958,0.0013074459329698303
Florence (2018),174.749498997996,0.0013108685894441957
Florence (2018),175.15030060120242,0.001314488429590616
Florence (2018),175.55110220440883,0.001318282277947363
Florence (2018),175.95190380761522,0.00132222560702763
Florence (2018),176.35270541082164,0.0013262925842251593
Florence (2018),176.75350701402806,0.001330456121579399
Florence (2018),177.15430861723448,0.0013346879280451756
Florence (2018),177.5551102204409,0.0013389585638926382
Florence (2018),177.9559118236473,0.0013432374968593696
Florence (2018),178.3567134268537,0.0013474931596903755
Florence (2018),178.75751503006012,0.0013516930087351478
Florence (2018),179.15831663326654,0.0013558035833259275
Florence (2018),179.55911823647295,0.0013597905657384234
Florence (2018),179.95991983967937,0.0013636188416360792
Florence (2018),180.3607214428858,0.0013672525610204796
Florence (2018),180.76152304609218,0.0013706551998525958
Florence (2018),181.1623246492986,0.0013737896226691624
Florence (2018),181.56312625250501,0.0013766181466921994
Florence (2018),181.96392785571143,0.0013791026081125912
Florence (2018),182.36472945891785,0.0013812044314147776
Florence (2018),182.76553106212427,0.0013828847027928012
Florence (2018),183.16633266533066,0.001384104248879738
Florence (2018),183.56713426853707,0.0013848237221655072
Florence (2018),183.9679358717435,0.0013850036946035835
Florence (2018),184.3687374749499,0.0013846047609959902
Florence (2018),184.76953907815633,0.0013835876537907335
Florence (2018),185.17034068136272,0.0013819133709178225
Florence (2018),185.57114228456913,0.001379543318222897
Florence (2018),185.97194388777555,0.0013764394679253642
Florence (2018),186.37274549098197,0.001372564534326801
Florence (2018),186.7735470941884,0.00136788216772312
Florence (2018),187.1743486973948,0.001362357167130714
Florence (2018),187.5751503006012,0.001355955712024613
Florence (2018),187.9759519038076,0.0013486456128110305
Florence (2018),188.37675350701403,0.0013403965792244004
Florence (2018),188.77755511022045,0.001331180505260581
Florence (2018),189.17835671342687,0.0013209717686457686
Florence (2018),189.57915831663328,0.0013097475422090728
Florence (2018),189.97995991983967,0.0012974881138925855
Florence (2018),190.3807615230461,0.0012841772115141485
Florence (2018),190.7815631262525,0.0012698023278135272
Florence (2018),191.18236472945893,0.0012543550407825162
Florence (2018),191.58316633266534,0.0012378313238223294
Florence (2018),191.98396793587176,0.0012202318399068006
Florence (2018),192.38476953907815,0.0012015622136740307
Florence (2018),192.78557114228457,0.0011818332752379713
Florence (2018),193.18637274549098,0.001161061269516994
Florence (2018),193.5871743486974,0.001139268025028715
Florence (2018),193.98797595190382,0.001116481076404276
Florence (2018),194.38877755511024,0.0010927337353330866
Florence (2018),194.78957915831663,0.0010680651052576114
Florence (2018),195.19038076152304,0.0010425200358902301
Florence (2018),195.59118236472946,0.0010161490145086667
Florence (2018),195.99198396793588,0.000989007991987551
Florence (2018),196.3927855711423,0.0009611581426207985
Florence (2018),196.79358717434872,0.0009326655579602093
Florence (2018),197.1943887775551,0.0009036008761127373
Florence (2018),197.59519038076152,0.000874038849174593
Florence (2018),197.99599198396794,0.0008440578527041268
Florence (2018),198.39679358717436,0.0008137393423169854
Florence (2018),198.79759519038078,0.0007831672635961796
Florence (2018),199.1983967935872,0.0007524274225172552
Florence (2018),199.59919839679358,0.0007216068244680499
Florence (2018),200.0,0.0006907929906696696
Michael (2018),0.0,0.0
Michael (2018),0.40080160320641284,0.0
Michael (2018),0.8016032064128257,0.0
Michael (2018),1.2024048096192386,0.011638586840662823
Michael (2018),1.6032064128256514,0.012278237112668075
Michael (2018),2.0040080160320644,0.012923018744679915
Michael (2018),2.404809619238477,0.013570487494610517
Michael (2018),2.80561122244489,0.01421811708816745
Michael (2018),3.2064128256513027,0.01486332094701676
Michael (2018),3.6072144288577155,0.015503474960240364
Michael (2018),4.008016032064129,0.01613594096735031
Michael (2018),4.408817635270541,0.01675809060671076
Michael (2018),4.809619238476954,0.01736732917614593
Michael (2018),5.210420841683367,0.0179611191529224
Michael (2018),5.61122244488978,0.01853700302812648
Michael (2018),6.012024048096192,0.01909262512545369
Michael (2018),6.412825651302605,0.019625752096108826
Michael (2018),6.813627254509019,0.020134291809268446
Michael (2018),7.214428857715431,0.02061631039055468
Michael (2018),7.615230460921844,0.02107004719833671
Michael (2018),8.016032064128257,0.021493927568350894
Michael (2018),8.41683366733467,0.02188657320009341
Michael (2018),8.817635270541082,0.022246810102550682
Michael (2018),9.218436873747494,0.022573674061041927
Michael (2018),9.619238476953909,0.022866413630194198
Michael (2018),10.02004008016032,0.023124490699399532
Michael (2018),10.420841683366733,0.023347578715643923
Michael (2018),10.821643286573147,0.023535558683595352
Michael (2018),11.22244488977956,0.02368851309371707
Michael (2018),11.623246492985972,0.023806717955409604
Michael (2018),12.024048096192384,0.02389063313354545
Michael (2018),12.424849699398798,0.023940891203008394
Michael (2018),12.82565130260521,0.023958285047022954
Michael (2018),13.226452905811623,0.02394375443124281
Michael (2018),13.627254509018037,0.0238983717869984
Michael (2018),14.02805611222445,0.02382332743412909
Michael (2018),14.428857715430862,0.02371991446683926
Michael (2018),14.829659318637274,0.023589513515525934
Michael (2018),15.230460921843688,0.02343357758401972
Michael (2018),15.6312625250501,0.023253617145725033
Michael (2018),16.032064128256515,0.02305118566427714
Michael (2018),16.432865731462925,0.022827865685091597
Michael (2018),16.83366733466934,0.022585255624069746
Michael (2018),17.234468937875754,0.022324957359234027
Michael (2018),17.635270541082164,0.02204856471060043
Michael (2018),18.03607214428858,0.0217576528735716
Michael (2018),18.43687374749499,0.021453768851834754
Michael (2018),18.837675350701403,0.021138422917494033
Michael (2018),19.238476953907817,0.020813081109136003
Michael (2018),19.639278557114228,0.020479158762922698
Michael (2018),20.04008016032064,0.020138015057731988
Michael (2018),20.440881763527056,0.019790948542920125
Michael (2018),20.841683366733466,0.01943919360648348
Michael (2018),21.24248496993988,0.01908391783230248
Michael (2018),21.643286573146295,0.018726220187701058
Michael (2018),22.044088176352705,0.018367129976736278
Michael (2018),22.44488977955912,0.01800760649038935
Michael (2018),22.845691382765533,0.017648539282075586
Michael (2018),23.246492985971944,0.017290748995545936
Michael (2018),23.647294589178358,0.016934988672218695
Michael (2018),24.04809619238477,0.016581945466146275
Michael (2018),24.448897795591183,0.016232242697071277
Michael (2018),24.849699398797597,0.01588644217523382
Michael (2018),25.250501002004007,0.015545046735626034
Michael (2018),25.65130260521042,0.015208502924123691
Michael (2018),26.052104208416836,0.014877203783198024
Michael (2018),26.452905811623246,0.014551491690610423
Michael (2018),26.85370741482966,0.014231661210451189
Michael (2018),27.254509018036075,0.013917961921979985
Michael (2018),27.655310621242485,0.013610601197813736
Michael (2018),28.0561122244489,0.01330974690896053
Michael (2018),28.45691382765531,0.013015530039905718
Michael (2018),28.857715430861724,0.012728047202286387
Michael (2018),29.258517034068138,0.012447363040582997
Michael (2018),29.65931863727455,0.012173512527594039
Michael (2018),30.060120240480963,0.01190650315121017
Michael (2018),30.460921843687377,0.011646316997106672
Michael (2018),30.861723446893787,0.011392912734409937
Michael (2018),31.2625250501002,0.011146227513154507
Michael (2018),31.663326653306616,0.010906178783449386
Michael (2018),32.06412825651303,0.010672666046742744
Michael (2018),32.46492985971944,0.01044557254945993
Michael (2018),32.86573146292585,0.010224766928653529
Michael (2018),33.26653306613227,0.010010104818212904
Michael (2018),33.66733466933868,0.009801430422720775
Michael (2018),34.06813627254509,0.009598578064299418
Michael (2018),34.46893787575151,0.009401373705850999
Michael (2018),34.86973947895792,0.009209636452052628
Michael (2018),35.27054108216433,0.009023180027411886
Michael (2018),35.671342685370746,0.008841814228692749
Michael (2018),36.07214428857716,0.008665346347178233
Michael (2018),36.47294589178357,0.008493582554592151
Michael (2018),36.87374749498998,0.008326329245126635
Michael (2018),37.274549098196395,0.008163394324953763
Michael (2018),37.675350701402806,0.008004588439863148
Michael (2018),38.07615230460922,0.007849726131296312
Michael (2018),38.476953907815634,0.007698626911029822
Michael (2018),38.877755511022045,0.0075511162450998676
Michael (2018),39.278557114228455,0.007407026438238636
Michael (2018),39.67935871743487,0.007266197411079292
Michael (2018),40.08016032064128,0.007128477363645883
Michael (2018),40.480961923847694,0.006993723320137496
Michael (2018),40.88176352705411,0.0068618015516853864
Michael (2018),41.28256513026052,0.006732587875568386
Michael (2018),41.68336673346693,0.0066059678312461925
Michael (2018),42.08416833667335,0.006481836735471586
Michael (2018),42.48496993987976,0.006360099620607741
Michael (2018),42.88577154308617,0.006240671062061875
Michael (2018),43.28657314629259,0.006123474902396997
Michael (2018),43.687374749499,0.006008443881170276
Michael (2018),44.08817635270541,0.005895519180817886
Michael (2018),44.48897795591183,0.005784649899948403
Michael (2018),44.88977955911824,0.00567579246618884
Michael (2018),45.29058116232465,0.0055689100012400895
Michael (2018),45.69138276553107,0.005463971651033184
Michael (2018),46.09218436873748,0.005360951893840758
Michael (2018),46.49298597194389,0.005259829838892074
Michael (2018),46.8937875751503,0.005160588527488652
Michael (2018),47.294589178356716,0.0050632142478371995
Michael (2018),47.69539078156313,0.004967695873837956
Michael (2018),48.09619238476954,0.004874024236925908
Michael (2018),48.496993987975955,0.004782191538785479
Michael (2018),48.897795591182366,0.004692190811396793
Michael (2018),49.298597194388776,0.004604015429453075
Michael (2018),49.699398797595194,0.0045176586787576975
Michael (2018),50.100200400801604,0.004433113382803262
Michael (2018),50.501002004008015,0.004350371588385519
Michael (2018),50.90180360721443,0.004269424309848242
Michael (2018),51.30260521042084,0.004190261330413095
Michael (2018),51.703406813627254,0.004112871058045987
Michael (2018),52.10420841683367,0.004037240432462412
Michael (2018),52.50501002004008,0.003963354879188425
Michael (2018),52.90581162324649,0.00389119830607648
Michael (2018),53.30661322645291,0.003820753137321698
Michael (2018),53.70741482965932,0.0037520003798270462
Michael (2018),54.10821643286573,0.003684919716715186
Michael (2018),54.50901803607215,0.003619489622859939
Michael (2018),54.90981963927856,0.0035556874974945344
Michael (2018),55.31062124248497,0.0034934898092261993
Michael (2018),55.71142284569139,0.0034328722491203507
Michael (2018),56.1122244488978,0.0033738098878980994
Michael (2018),56.51302605210421,0.0033162773336897046
Michael (2018),56.91382765531062,0.0032602488871901945
Michael (2018),57.31462925851704,0.0032056986914557888
Michael (2018),57.71543086172345,0.0031526008739464003
Michael (2018),58.11623246492986,0.0031009296787558507
Michael (2018),58.517034068136276,0.003050659587270038
Michael (2018),58.91783567134269,0.0030017654257574865
Michael (2018),59.3186372745491,0.002954222458624985
Michael (2018),59.719438877755515,0.002908006466275488
Michael (2018),60.120240480961925,0.002863093806687532
Michael (2018),60.521042084168336,0.00281946146001076
Michael (2018),60.92184368737475,0.0027770870556465183
Michael (2018),61.322645290581164,0.002735948881467938
Michael (2018),61.723446893787575,0.0026960258750365887
Michael (2018),62.12424849699399,0.0026572975969023182
Michael (2018),62.5250501002004,0.0026197441863274663
Michael (2018),62.92585170340681,0.00258334630006453
Michael (2018),63.32665330661323,0.00254808503512636
Michael (2018),63.72745490981964,0.002513941836823059
Michael (2018),64.12825651302606,0.0024808983936845355
Michael (2018),64.52905811623246,0.002448936521235386
Michael (2018),64.92985971943888,0.0024180380369250173
Michael (2018),65.3306613226453,0.002388184628827151
Michael (2018),65.7314629258517,0.0023593577209940837
Michael (2018),66.13226452905812,0.0023315383385698455
Michael (2018),66.53306613226454,0.0023047069759191794
Michael (2018),66.93386773547094,0.002278843471105951
Michael (2018),67.33466933867736,0.002253926890047826
Michael (2018),67.73547094188378,0.0022299354235781024
Michael (2018),68.13627254509018,0.002206846300461871
Michael (2018),68.5370741482966,0.0021846357191409437
Michael (2018),68.93787575150301,0.0021632788006289267
Michael (2018),69.33867735470942,0.002142749564552967
Michael (2018),69.73947895791584,0.0021230209298522098
Michael (2018),70.14028056112225,0.0021040647411107016
Michael (2018),70.54108216432866,0.0020858518209387663
Michael (2018),70.94188376753507,0.002068352048237852
Michael (2018),71.34268537074149,0.002051534461606619
Michael (2018),71.7434869739479,0.002035367386585449
Michael (2018),72.14428857715431,0.0020198185849070035
Michael (2018),72.54509018036072,0.0020048554234368774
Michael (2018),72.94589178356713,0.0019904450600572135
Michael (2018),73.34669338677355,0.0019765546433808405
Michael (2018),73.74749498997996,0.001963151522886302
Michael (2018),74.14829659318637,0.001950203465839874
Michael (2018),74.54909819639279,0.001937678877221742
Michael (2018),74.9498997995992,0.00192554701879765
Michael (2018),75.35070140280561,0.0019137782234740438
Michael (2018),75.75150300601203,0.0019023441011390128
Michael (2018),76.15230460921843,0.0018912177323212656
Michael (2018),76.55310621242485,0.0018803738461878347
Michael (2018),76.95390781563127,0.0018697889796448887
Michael (2018),77.35470941883767,0.001859441614600311
Michael (2018),77.75551102204409,0.0018493122907858504
Michael (2018),78.15631262525051,0.0018393836919174608
Michael (2018),78.55711422845691,0.0018296407033904865
Michael (2018),78.95791583166333,0.0018200704401576096
Michael (2018),79.35871743486975,0.0018106622439182129
Michael (2018),79.75951903807615,0.0018014076492529902
Michael (2018),80.16032064128257,0.001792300318863666
Michael (2018),80.56112224448898,0.0017833359486168117
Michael (2018),80.96192384769539,0.001774512143637918
Michael (2018),81.3627254509018,0.0017658282672483824
Michael (2018),81.76352705410822,0.001757285265073283
Michael (2018),82.16432865731463,0.0017488854671635905
Michael (2018),82.56513026052104,0.001740632371458549
Michael (2018),82.96593186372746,0.0017325304123508175
Michael (2018),83.36673346693387,0.0017245847184958127
Michael (2018),83.76753507014028,0.0017168008643129614
Michael (2018),84.1683366733467,0.0017091846198494741
Michael (2018),84.5691382765531,0.0017017417038027733
Michael (2018),84.96993987975952,0.00169447754451938
Michael (2018),85.37074148296594,0.0016873970536946108
Michael (2018),85.77154308617234,0.0016805044172886498
Michael (2018),86.17234468937876,0.0016738029078450802
Michael (2018),86.57314629258518,0.0016672947219551603
Michael (2018),86.97394789579158,0.0016609808460578026
Michael (2018),87.374749498998,0.001654860953115745
Michael (2018),87.77555110220442,0.0016489333319753142
Michael (2018),88.17635270541082,0.0016431948504209714
Michael (2018),88.57715430861724,0.0016376409520976111
Michael (2018),88.97795591182366,0.0016322656866173955
Michael (2018),89.37875751503006,0.001627061771321653
Michael (2018),89.77955911823648,0.0016220206823564503
Michael (2018),90.1803607214429,0.0016171327719724225
Michael (2018),90.5811623246493,0.0016123874082984119
Michael (2018),90.98196392785572,0.0016077731332893087
Michael (2018),91.38276553106213,0.0016032778341299565
Michael (2018),91.78356713426854,0.0015988889231055322
Michael (2018),92.18436873747495,0.0015945935208342824
Michael (2018),92.58517034068136,0.0015903786378069686
Michael (2018),92.98597194388778,0.0015862313493874279
Michael (2018),93.3867735470942,0.0015821389597938669
Michael (2018),93.7875751503006,0.001578089151088386
Michael (2018),94.18837675350701,0.0015740701138346888
Michael (2018),94.58917835671343,0.0015700706568180503
Michael (2018),94.98997995991984,0.0015660802940305543
Michael (2018),95.39078156312625,0.0015620893079787716
Michael (2018),95.79158316633267,0.0015580887892380337
Michael (2018),96.19238476953907,0.00155407065302621
Michael (2018),96.59318637274549,0.001550027634367548
Michael (2018),96.99398797595191,0.0015459532641354037
Michael (2018),97.39478957915831,0.0015418418288744792
Michael (2018),97.79559118236473,0.0015376883177872403
Michael (2018),98.19639278557115,0.0015334883606079545
Michael (2018),98.59719438877755,0.0015292381602713377
Michael (2018),98.99799599198397,0.0015249344243058328
Michael (2018),99.39879759519039,0.0015205742987464321
Michael (2018),99.79959919839679,0.0015161553080768992
Michael (2018),100.20040080160321,0.001511675304290059
Michael (2018),100.60120240480963,0.0015071324276183906
Michael (2018),101.00200400801603,0.001502525080857375
Michael (2018),101.40280561122245,0.001497851918510644
Michael (2018),101.80360721442887,0.0014931118512566837
Michael (2018),102.20440881763527,0.0014883040655031443
Michael (2018),102.60521042084169,0.001483428057086623
Michael (2018),103.0060120240481,0.0014784836775212022
Michael (2018),103.40681362725451,0.001473471190624164
Michael (2018),103.80761523046093,0.0014683913368732711
Michael (2018),104.20841683366734,0.0014632454024946727
Michael (2018),104.60921843687375,0.0014580352900544242
Michael (2018),105.01002004008016,0.0014527635872370126
Michael (2018),105.41082164328658,0.001447433630540192
Michael (2018),105.81162324649299,0.0014420495607924777
Michael (2018),106.2124248496994,0.0014366163676958334
Michael (2018),106.61322645290582,0.0014311399209972337
Michael (2018),107.01402805611222,0.0014256269863783093
Michael (2018),107.41482965931864,0.0014200852247011218
Michael (2018),107.81563126252506,0.0014145231738350549
Michael (2018),108.21643286573146,0.0014089502128905584
Michael (2018),108.61723446893788,0.0014033765092750989
Michael (2018),109.0180360721443,0.0013978129495418594
Michael (2018),109.4188376753507,0.0013922710555012428
Michael (2018),109.81963927855712,0.0013867628874914505
Michael (2018),110.22044088176354,0.0013813009370423478
Michael (2018),110.62124248496994,0.0013758980114074533
Michael (2018),111.02204408817636,0.0013705671125752601
Michael (2018),111.42284569138278,0.001365321313403704
Michael (2018),111.82364729458918,0.0013601736334520932
Michael (2018),112.2244488977956,0.001355136916922318
Michael (2018),112.62525050100201,0.0013502237148754236
Michael (2018),113.02605210420842,0.0013454461735757505
Michael (2018),113.42685370741484,0.0013408159304489047
Michael (2018),113.82765531062124,0.0013363440187400865
Michael (2018),114.22845691382766,0.0013320407815447992
Michael (2018),114.62925851703407,0.001327915795473599
Michael (2018),115.03006012024048,0.0013239778038244092
Michael (2018),115.4308617234469,0.0013202346587871425
Michael (2018),115.83166332665331,0.0013166932719100458
Michael (2018),116.23246492985972,0.001313359571827934
Michael (2018),116.63326653306613,0.0013102384680976648
Michael (2018),117.03406813627255,0.0013073338199120579
Michael (2018),117.43486973947896,0.0013046484084716175
Michael (2018),117.83567134268537,0.0013021839118828825
Michael (2018),118.23647294589179,0.001299940881617789
Michael (2018),118.6372745490982,0.0012979187198024372
Michael (2018),119.03807615230461,0.0012961156568946043
Michael (2018),119.43887775551103,0.00129452872964446
Michael (2018),119.83967935871743,0.0012931537595959619
Michael (2018),120.24048096192385,0.0012919853327611362
Michael (2018),120.64128256513027,0.0012910167814678916
Michael (2018),121.04208416833667,0.0012902401697263784
Michael (2018),121.44288577154309,0.0012896462837620002
Michael (2018),121.8436873747495,0.001289224629608757
Michael (2018),122.24448897795591,0.0012889634398305812
Michael (2018),122.64529058116233,0.0012888496915286077
Michael (2018),123.04609218436875,0.0012888691377898832
Michael (2018),123.44689378757515,0.0012890063546324498
Michael (2018),123.84769539078157,0.0012892448053006655
Michael (2018),124.24849699398798,0.0012895669234652095
Michael (2018),124.64929859719439,0.0012899542164898135
Michael (2018),125.0501002004008,0.001290387389451318
Michael (2018),125.45090180360722,0.0012908464900541522
Michael (2018),125.85170340681363,0.0012913110739810774
Michael (2018),126.25250501002004,0.001291760389588457
Michael (2018),126.65330661322646,0.0012921735802077288
Michael (2018),127.05410821643287,0.0012925299016773107
Michael (2018),127.45490981963928,0.0012928089521249896
Michael (2018),127.8557114228457,0.0012929909104719742
Michael (2018),128.25651302605212,0.0012930567796585947
Michael (2018),128.6573146292585,0.001292988630217543
Michael (2018),129.05811623246493,0.0012927698395602133
Michael (2018),129.45891783567134,0.0012923853222084958
Michael (2018),129.85971943887776,0.0012918217462068197
Michael (2018),130.26052104208418,0.0012910677310918179
Michael (2018),130.6613226452906,0.0012901140230782318
Michael (2018),131.06212424849699,0.0012889536435341832
Michael (2018),131.4629258517034,0.001287582007355067
Michael (2018),131.86372745490982,0.0012859970084875912
Michael (2018),132.26452905811624,0.0012841990705842595
Michael (2018),132.66533066132266,0.0012821911615598061
Michael (2018),133.06613226452907,0.0012799787716498297
Michael (2018),133.46693386773546,0.001277569855409722
Michael (2018),133.86773547094188,0.001274974738911756
Michael (2018),134.2685370741483,0.0012722059941720038
Michael (2018),134.66933867735472,0.0012692782835416563
Michael (2018),135.07014028056113,0.001266208177405742
Michael (2018),135.47094188376755,0.0012630139490281416
Michael (2018),135.87174348697394,0.0012597153507499673
Michael (2018),136.27254509018036,0.0012563333759798444
Michael (2018),136.67334669338678,0.0012528900115055955
Michael (2018),137.0741482965932,0.0012494079846090884
Michael (2018),137.4749498997996,0.0012459105092870828
Michael (2018),137.87575150300603,0.0012424210355832283
Michael (2018),138.27655310621242,0.0012389630056376837
Michael (2018),138.67735470941884,0.0012355596195812266
Michael (2018),139.07815631262525,0.0012322336138653825
Michael (2018),139.47895791583167,0.0012290070540531871
Michael (2018),139.8797595190381,0.0012259011435240086
Michael (2018),140.2805611222445,0.001222936048995179
Michael (2018),140.6813627254509,0.001220130743256829
Michael (2018),141.0821643286573,0.0012175028650747678
Michael (2018),141.48296593186373,0.0012150685958569442
Michael (2018),141.88376753507015,0.0012128425524128594
Michael (2018),142.28456913827657,0.0012108376949707888
Michael (2018),142.68537074148298,0.001209065249554975
Michael (2018),143.08617234468937,0.0012075346438608493
Michael (2018),143.4869739478958,0.0012062534558915227
Michael (2018),143.8877755511022,0.0012052273748187714
Michael (2018),144.28857715430863,0.001204460173789511
Michael (2018),144.68937875751504,0.0012039536946920322
Michael (2018),145.09018036072143,0.001203707845203194
Michael (2018),145.49098196392785,0.0012037206087334457
Michael (2018),145.89178356713427,0.0012039880681483925
Michael (2018),146.2925851703407,0.00120450444435092
Michael (2018),146.6933867735471,0.0012052621509382752
Michael (2018),147.09418837675352,0.001206251866188227
Michael (2018),147.4949899799599,0.0012074626235667727
Michael (2018),147.89579158316633,0.0012088819217811742
Michael (2018),148.29659318637275,0.0012104958551265872
Michael (2018),148.69739478957916,0.001212289264497139
Michael (2018),149.09819639278558,0.001214245908964487
Michael (2018),149.498997995992,0.0012163486572841662
Michael (2018),149.8997995991984,0.0012185796980924795
Michael (2018),150.3006012024048,0.001220920766928041
Michael (2018),150.70140280561122,0.0012233533875777025
Michael (2018),151.10220440881764,0.0012258591246336295
Michael (2018),151.50300601202406,0.0012284198435831071
Michael (2018),151.90380761523048,0.0012310179742610664
Michael (2018),152.30460921843687,0.0012336367730996643
Michael (2018),152.70541082164328,0.0012362605793292494
Michael (2018),153.1062124248497,0.0012388750601354042
Michael (2018),153.50701402805612,0.001241467439767481
Michael (2018),153.90781563126254,0.0012440267077292223
Michael (2018),154.30861723446895,0.0012465438014610426
Michael (2018),154.70941883767534,0.0012490117593388754
Michael (2018),155.11022044088176,0.0012514258403545633
Michael (2018),155.51102204408818,0.0012537836074914535
Michael (2018),155.9118236472946,0.0012560849725446847
Michael (2018),156.31262525050101,0.001258332200936804
Michael (2018),156.71342685370743,0.0012605298759194757
Michael (2018),157.11422845691382,0.0012626848224061768
Michael (2018),157.51503006012024,0.0012648059915227282
Michael (2018),157.91583166332666,0.001266904307768873
Michael (2018),158.31663326653307,0.0012689924814316786
Michael (2018),158.7174348697395,0.0012710847895631011
Michael (2018),159.1182364729459,0.0012731968294125379
Michael (2018),159.5190380761523,0.0012753452486806967
Michael (2018),159.91983967935872,0.0012775474573255693
Michael (2018),160.32064128256513,0.0012798213259022138
Michael (2018),160.72144288577155,0.0012821848755560136
Michael (2018),161.12224448897797,0.0012846559648185402
Michael (2018),161.5230460921844,0.0012872519782833195
Michael (2018),161.92384769539078,0.0012899895220753073
Michael (2018),162.3246492985972,0.0012928841307835463
Michael (2018),162.7254509018036,0.001295949990213702
Michael (2018),163.12625250501003,0.0012991996799476039
Michael (2018),163.52705410821645,0.0013026439392824043
Michael (2018),163.92785571142286,0.001306291459673503
Michael (2018),164.32865731462925,0.0013101487063317853
Michael (2018),164.72945891783567,0.00131421977113574
Michael (2018),165.1302605210421,0.001318506258518304
Michael (2018),165.5310621242485,0.001323007205482108
Michael (2018),165.93186372745492,0.0013277190363889966
Michael (2018),166.3326653306613,0.0013326355526626051
Michael (2018),166.73346693386773,0.001337747957039027
Michael (2018),167.13426853707415,0.0013430449115024521
Michael (2018),167.53507014028057,0.0013485126275524797
Michael (2018),167.93587174348698,0.0013541349869712574
Michael (2018),168.3366733466934,0.0013598936907962091
Michael (2018),168.7374749498998,0.001365768433763622
Michael (2018),169.1382765531062,0.0013717371010771374
Michael (2018),169.53907815631263,0.0013777759839816502
Michael (2018),169.93987975951904,0.0013838600102970913
Michael (2018),170.34068136272546,0.0013899629857981352
Michael (2018),170.74148296593188,0.0013960578421256754
Michael (2018),171.14228456913827,0.0014021168867940524
Michael (2018),171.5430861723447,0.0014081120508236107
Michael (2018),171.9438877755511,0.001414015129588067
Michael (2018),172.34468937875752,0.0014197980126260527
Michael (2018),172.74549098196394,0.0014254328984270414
Michael (2018),173.14629258517036,0.001430892490562872
Michael (2018),173.54709418837675,0.0014361501719914764
Michael (2018),173.94789579158316,0.0014411801549001893
Michael (2018),174.34869739478958,0.001445957604069261
Michael (2018),174.749498997996,0.0014504587324051996
Michael (2018),175.15030060120242,0.0014546608679992256
Michael (2018),175.55110220440883,0.001458542492786331
Michael (2018),175.95190380761522,0.0014620832535923317
Michael (2018),176.35270541082164,0.0014652639470362973
Michael (2018),176.75350701402806,0.001468066480380561
Michael (2018),177.15430861723448,0.0014704738109694757
Michael (2018),177.5551102204409,0.0014724698673522381
Michael (2018),177.9559118236473,0.0014740394555300231
Michael (2018),178.3567134268537,0.0014751681539928489
Michael (2018),178.75751503006012,0.0014758422013119654
Michael (2018),179.15831663326654,0.0014760483800293257
Michael (2018),179.55911823647295,0.0014757739004424362
Michael (2018),179.95991983967937,0.0014750062876317679
Michael (2018),180.3607214428858,0.0014737332747344913
Michael (2018),180.76152304609218,0.0014719427050526365
Michael (2018),181.1623246492986,0.0014696224451186768
Michael (2018),181.56312625250501,0.0014667603103517336
Michael (2018),181.96392785571143,0.0014633440044489311
Michael (2018),182.36472945891785,0.0014593610731931555
Michael (2018),182.76553106212427,0.0014547988729440315
Michael (2018),183.16633266533066,0.0014496445537321406
Michael (2018),183.56713426853707,0.0014438850566130506
Michael (2018),183.9679358717435,0.001437507124767193
Michael (2018),184.3687374749499,0.0014304973277581882
Michael (2018),184.76953907815633,0.0014228420983835117
Michael (2018),185.17034068136272,0.0014145277816594666
Michael (2018),185.57114228456913,0.001405540695662668
Michael (2018),185.97194388777555,0.0013958672041838934
Michael (2018),186.37274549098197,0.0013854938014133482
Michael (2018),186.7735470941884,0.0013744072091430542
Michael (2018),187.1743486973948,0.0013625944872143764
Michael (2018),187.5751503006012,0.001350043158128548
Michael (2018),187.9759519038076,0.0013367413468497924
Michael (2018),188.37675350701403,0.0013226779368406257
Michael (2018),188.77755511022045,0.001307842743259663
Michael (2018),189.17835671342687,0.001292226704010401
Michael (2018),189.57915831663328,0.0012758220889502515
Michael (2018),189.97995991983967,0.0012586227270539915
Michael (2018),190.3807615230461,0.0012406242506844563
Michael (2018),190.7815631262525,0.0012218243553739072
Michael (2018),191.18236472945893,0.0012022230726856534
Michael (2018),191.58316633266534,0.0011818230528393653
Michael (2018),191.98396793587176,0.0011606298528804996
Michael (2018),192.38476953907815,0.0011386522252947284
Michael (2018),192.78557114228457,0.0011159024011538313
Michael (2018),193.18637274549098,0.001092396361172049
Michael (2018),193.5871743486974,0.0010681540874915149
Michael (2018),193.98797595190382,0.0010431997886381408
Michael (2018),194.38877755511024,0.0010175620899260096
Michael (2018),194.78957915831663,0.0009912741816623242
Michael (2018),195.19038076152304,0.0009643739178313025
Michael (2018),195.59118236472946,0.0009369038585199475
Michael (2018),195.99198396793588,0.0009089112501867557
Michael (2018),196.3927855711423,0.000880447938952253
Michael (2018),196.79358717434872,0.0008515702133831746
Michael (2018),197.1943887775551,0.0008223385747175012
Michael (2018),197.59519038076152,0.0007928174340939099
Michael (2018),197.99599198396794,0.0007630747380595248
Michael (2018),198.39679358717436,0.0007331815253815712
Michael (2018),198.79759519038078,0.0007032114199271283
Michael (2018),199.1983967935872,0.0006732400660449877
Michael (2018),199.59919839679358,0.0006433445144307193
Michael (2018),200.0,0.0006136025678298177
Imelda (2019),0.0,0.0
Imelda (2019),0.40080160320641284,0.0
Imelda (2019),0.8016032064128257,0.0
Imelda (2019),1.2024048096192386,0.011095806086602504
Imelda (2019),1.6032064128256514,0.011712019943421728
Imelda (2019),2.0040080160320644,0.012332916861414583
Imelda (2019),2.404809619238477,0.012956062294361094
Imelda (2019),2.80561122244489,0.013578947387464343
Imelda (2019),3.2064128256513027,0.014199012577291965
Imelda (2019),3.6072144288577155,0.014813672231349231
Imelda (2019),4.008016032064129,0.015420339937066851
Imelda (2019),4.408817635270541,0.016016454032638558
Imelda (2019),4.809619238476954,0.01659950296394806
Imelda (2019),5.210420841683367,0.017167050053105627
Imelda (2019),5.61122244488978,0.01771675727488288
Imelda (2019),6.012024048096192,0.018246407657345313
Imelda (2019),6.412825651302605,0.01875392595170163
Imelda (2019),6.813627254509019,0.019237397253056874
Imelda (2019),7.214428857715431,0.01969508329733428
Imelda (2019),7.615230460921844,0.02012543620895297
Imelda (2019),8.016032064128257,0.020527109527521036
Imelda (2019),8.41683366733467,0.020898966398386117
Imelda (2019),8.817635270541082,0.021240084869838714
Imelda (2019),9.218436873747494,0.021549760297551117
Imelda (2019),9.619238476953909,0.021827504912964285
Imelda (2019),10.02004008016032,0.022073044665394198
Imelda (2019),10.420841683366733,0.02228631349634235
Imelda (2019),10.821643286573147,0.02246744524774184
Imelda (2019),11.22244488977956,0.022616763442755674
Imelda (2019),11.623246492985972,0.022734769207552963
Imelda (2019),12.024048096192384,0.02282212762478663
Imelda (2019),12.424849699398798,0.02287965282403621
Imelda (2019),12.82565130260521,0.022908292121317664
Imelda (2019),13.226452905811623,0.022909109519091066
Imelda (2019),13.627254509018037,0.022883268870508667
Imelda (2019),14.02805611222445,0.02283201699753491
Imelda (2019),14.428857715430862,0.022756667032829244
Imelda (2019),14.829659318637274,0.022658582230788236
Imelda (2019),15.230460921843688,0.022539160464894088
Imelda (2019),15.6312625250501,0.022399819597483366
Imelda (2019),16.032064128256515,0.022241983875311386
Imelda (2019),16.432865731462925,0.02206707147079072
Imelda (2019),16.83366733466934,0.021876483255496598
Imelda (2019),17.234468937875754,0.021671592860319968
Imelda (2019),17.635270541082164,0.02145373804624453
Imelda (2019),18.03607214428858,0.0212242133817858
Imelda (2019),18.43687374749499,0.020984264198160393
Imelda (2019),18.837675350701403,0.020735081771615597
Imelda (2019),19.238476953907817,0.020477799664283678
Imelda (2019),19.639278557114228,0.02021349114055607
Imelda (2019),20.04008016032064,0.019943167565246795
Imelda (2019),20.440881763527056,0.01966777768265263
Imelda (2019),20.841683366733466,0.01938820767176157
Imelda (2019),21.24248496993988,0.019105281872047866
Imelda (2019),21.643286573146295,0.018819764076135066
Imelda (2019),22.044088176352705,0.018532359289743037
Imelda (2019),22.44488977955912,0.018243715865307944
Imelda (2019),22.845691382765533,0.017954427923075417
Imelda (2019),23.246492985971944,0.017665037981877085
Imelda (2019),23.647294589178358,0.017376039730816997
Imelda (2019),24.04809619238477,0.017087880882359695
Imelda (2019),24.448897795591183,0.016800966056478173
Imelda (2019),24.849699398797597,0.016515659654332257
Imelda (2019),25.250501002004007,0.016232288688163107
Imelda (2019),25.65130260521042,0.01595114554154074
Imelda (2019),26.052104208416836,0.015672490640657025
Imelda (2019),26.452905811623246,0.01539655502295816
Imelda (2019),26.85370741482966,0.015123542794017725
Imelda (2019),27.254509018036075,0.014853633467190742
Imelda (2019),27.655310621242485,0.014586984183309238
Imelda (2019),28.0561122244489,0.014323731809561587
Imelda (2019),28.45691382765531,0.01406399491785067
Imelda (2019),28.857715430861724,0.013807875643465336
Imelda (2019),29.258517034068138,0.013555461424964619
Imelda (2019),29.65931863727455,0.013306826625891848
Imelda (2019),30.060120240480963,0.013062034038440955
Imelda (2019),30.460921843687377,0.012821136268620456
Imelda (2019),30.861723446893787,0.012584177001901396
Imelda (2019),31.2625250501002,0.012351192147905546
Imelda (2019),31.663326653306616,0.012122210862459539
Imelda (2019),32.06412825651303,0.011897256445366594
Imelda (2019),32.46492985971944,0.011676347112579411
Imelda (2019),32.86573146292585,0.011459496642096683
Imelda (2019),33.26653306613227,0.011246714893860471
Imelda (2019),33.66733466933868,0.011038008205173026
Imelda (2019),34.06813627254509,0.010833379664643036
Imelda (2019),34.46893787575151,0.010632829269355331
Imelda (2019),34.86973947895792,0.01043635397177498
Imelda (2019),35.27054108216433,0.010243947624768128
Imelda (2019),35.671342685370746,0.010055600834976138
Imelda (2019),36.07214428857716,0.009871300736531627
Imelda (2019),36.47294589178357,0.009691030698690298
Imelda (2019),36.87374749498998,0.009514769982286814
Imelda (2019),37.274549098196395,0.00934249336096504
Imelda (2019),37.675350701402806,0.00917417072381204
Imelda (2019),38.07615230460922,0.00900976667632606
Imelda (2019),38.476953907815634,0.008849240156532717
Imelda (2019),38.877755511022045,0.008692544082535602
Imelda (2019),39.278557114228455,0.008539625046849422
Imelda (2019),39.67935871743487,0.008390423071542584
Imelda (2019),40.08016032064128,0.008244871436547643
Imelda (2019),40.480961923847694,0.008102896591526146
Imelda (2019),40.88176352705411,0.00796441815946867
Imelda (2019),41.28256513026052,0.007829349037821409
Imelda (2019),41.68336673346693,0.007697595600444009
Imelda (2019),42.08416833667335,0.007569058001176173
Imelda (2019),42.48496993987976,0.00744363057731404
Imelda (2019),42.88577154308617,0.007321202348916225
Imelda (2019),43.28657314629259,0.007201657607662497
Imelda (2019),43.687374749499,0.00708487658701283
Imelda (2019),44.08817635270541,0.006970736203715263
Imelda (2019),44.48897795591183,0.006859110859324186
Imelda (2019),44.88977955911824,0.006749873289338975
Imelda (2019),45.29058116232465,0.006642895446868851
Imelda (2019),45.69138276553107,0.006538049407378482
Imelda (2019),46.09218436873748,0.006435208281052976
Imelda (2019),46.49298597194389,0.006334247119628871
Imelda (2019),46.8937875751503,0.006235043805129375
Imelda (2019),47.294589178356716,0.006137479908789079
Imelda (2019),47.69539078156313,0.006041441509504582
Imelda (2019),48.09619238476954,0.0059468199623589
Imelda (2019),48.496993987975955,0.0058535126090855415
Imelda (2019),48.897795591182366,0.005761423423716805
Imelda (2019),49.298597194388776,0.0056704635880443265
Imelda (2019),49.699398797595194,0.005580551992868175
Imelda (2019),50.100200400801604,0.00549161566228117
Imelda (2019),50.501002004008015,0.005403590099392488
Imelda (2019),50.90180360721443,0.00531641955291438
Imelda (2019),51.30260521042084,0.0052300572048974555
Imelda (2019),51.703406813627254,0.005144465280597853
Imelda (2019),52.10420841683367,0.005059615081988038
Imelda (2019),52.50501002004008,0.00497548694679489
Imelda (2019),52.90581162324649,0.004892070135177936
Imelda (2019),53.30661322645291,0.00480936264626893
Imelda (2019),53.70741482965932,0.004727370966813674
Imelda (2019),54.10821643286573,0.0046461097541164315
Imelda (2019),54.50901803607215,0.004565601455424901
Imelda (2019),54.90981963927856,0.004485875865844595
Imelda (2019),55.31062124248497,0.00440696962686746
Imelda (2019),55.71142284569139,0.004328925667676628
Imelda (2019),56.1122244488978,0.004251792591568891
Imelda (2019),56.51302605210421,0.004175624010141865
Imelda (2019),56.91382765531062,0.004100477828337265
Imelda (2019),57.31462925851704,0.0040264154840143175
Imelda (2019),57.71543086172345,0.003953501146450945
Imelda (2019),58.11623246492986,0.0038818008790135906
Imelda (2019),58.517034068136276,0.003811381772182658
Imelda (2019),58.91783567134269,0.0037423110541346975
Imelda (2019),59.3186372745491,0.003674655187130106
Imelda (2019),59.719438877755515,0.003608478958992355
Imelda (2019),60.120240480961925,0.0035438445799435003
Imelda (2019),60.521042084168336,0.0034808107959353285
Imelda (2019),60.92184368737475,0.0034194320303359807
Imelda (2019),61.322645290581164,0.0033597575663517885
Imelda (2019),61.723446893787575,0.003301830782844308
Imelda (2019),62.12424849699399,0.003245688456205613
Imelda (2019),62.5250501002004,0.003191360140655072
Imelda (2019),62.92585170340681,0.003138867638698867
Imelda (2019),63.32665330661323,0.0030882245725434693
Imelda (2019),63.72745490981964,0.0030394360659781404
Imelda (2019),64.12825651302606,0.002992498544653638
Imelda (2019),64.52905811623246,0.0029473996608127074
Imelda (2019),64.92985971943888,0.0029041183464047623
Imelda (2019),65.3306613226453,0.0028626249961922552
Imelda (2019),65.7314629258517,0.0028228817799793265
Imelda (2019),66.13226452905812,0.00278484308052744
Imelda (2019),66.53306613226454,0.0027484560511316495
Imelda (2019),66.93386773547094,0.002713661284282507
Imelda (2019),67.33466933867736,0.0026803935804012168
Imelda (2019),67.73547094188378,0.002648582803376441
Imelda (2019),68.13627254509018,0.0026181548076133496
Imelda (2019),68.5370741482966,0.0025890324195878564
Imelda (2019),68.93787575150301,0.0025611364555317966
Imelda (2019),69.33867735470942,0.0025343867559008996
Imelda (2019),69.73947895791584,0.0025087032167297662
Imelda (2019),70.14028056112225,0.0024840067978761375
Imelda (2019),70.54108216432866,0.0024602204885134523
Imelda (2019),70.94188376753507,0.002437270211040541
Imelda (2019),71.34268537074149,0.0024150856458295877
Imelda (2019),71.7434869739479,0.0023936009608992097
Imelda (2019),72.14428857715431,0.0023727554326448746
Imelda (2019),72.54509018036072,0.002352493946134778
Imelda (2019),72.94589178356713,0.0023327673661315404
Imelda (2019),73.34669338677355,0.0023135327728646352
Imelda (2019),73.74749498997996,0.0022947535595867633
Imelda (2019),74.14829659318637,0.0022763993920263026
Imelda (2019),74.54909819639279,0.0022584460329229624
Imelda (2019),74.9498997995992,0.002240875037828458
Imelda (2019),75.35070140280561,0.0022236733311970986
Imelda (2019),75.75150300601203,0.002206832674411423
Imelda (2019),76.15230460921843,0.002190349039722709
Imelda (2019),76.55310621242485,0.002174221906079289
Imelda (2019),76.95390781563127,0.0021584534944185285
Imelda (2019),77.35470941883767,0.002143047961175587
Imelda (2019),77.75551102204409,0.00212801056948658
Imelda (2019),78.15631262525051,0.0021133468578211656
Imelda (2019),78.55711422845691,0.0020990618255695473
Imelda (2019),78.95791583166333,0.0020851591544395758
Imelda (2019),79.35871743486975,0.0020716404834149184
Imelda (2019),79.75951903807615,0.002058504753517294
Imelda (2019),80.16032064128257,0.002045747636748145
Imelda (2019),80.56112224448898,0.002033361061410374
Imelda (2019),80.96192384769539,0.002021332843587225
Imelda (2019),81.3627254509018,0.0020096464319490823
Imelda (2019),81.76352705410822,0.001998280770336788
Imelda (2019),82.16432865731463,0.0019872102798036617
Imelda (2019),82.56513026052104,0.0019764049590556276
Imelda (2019),82.96593186372746,0.0019658305995781025
Imelda (2019),83.36673346693387,0.0019554491092422088
Imelda (2019),83.76753507014028,0.0019452189358989225
Imelda (2019),84.1683366733467,0.0019350955804474101
Imelda (2019),84.5691382765531,0.0019250321871459597
Imelda (2019),84.96993987975952,0.001914980197551209
Imelda (2019),85.37074148296594,0.0019048900534477085
Imelda (2019),85.77154308617234,0.0018947119334767279
Imelda (2019),86.17234468937876,0.0018843965078925986
Imelda (2019),86.57314629258518,0.001873895695959695
Imelda (2019),86.97394789579158,0.0018631634109355275
Imelda (2019),87.374749498998,0.0018521562783409549
Imelda (2019),87.77555110220442,0.0018408343142633369
Imelda (2019),88.17635270541082,0.0018291615517351037
Imelda (2019),88.57715430861724,0.0018171066047331262
Imelda (2019),88.97795591182366,0.0018046431610086882
Imelda (2019),89.37875751503006,0.0017917503967321527
Imelda (2019),89.77955911823648,0.0017784133077731444
Imelda (2019),90.1803607214429,0.0017646229542861356
Imelda (2019),90.5811623246493,0.0017503766170866859
Imelda (2019),90.98196392785572,0.0017356778660420345
Imelda (2019),91.38276553106213,0.0017205365423222565
Imelda (2019),91.78356713426854,0.0017049686578316028
Imelda (2019),92.18436873747495,0.0016889962164363488
Imelda (2019),92.58517034068136,0.001672646962704812
Imelda (2019),92.98597194388778,0.001655954064762919
Imelda (2019),93.3867735470942,0.0016389557385383103
Imelda (2019),93.7875751503006,0.0016216948211170772
Imelda (2019),94.18837675350701,0.0016042183011765149
Imelda (2019),94.58917835671343,0.0015865768144974956
Imelda (2019),94.98997995991984,0.001568824112419593
Imelda (2019),95.39078156312625,0.0015510165108030972
Imelda (2019),95.79158316633267,0.0015332123266320102
Imelda (2019),96.19238476953907,0.0015154713088592394
Imelda (2019),96.59318637274549,0.0014978540694904501
Imelda (2019),96.99398797595191,0.001480421520257842
Imelda (2019),97.39478957915831,0.0014632343195784194
Imelda (2019),97.79559118236473,0.001446352333852431
Imelda (2019),98.19639278557115,0.0014298341165611093
Imelda (2019),98.59719438877755,0.0014137364080897396
Imelda (2019),98.99799599198397,0.0013981136587496764
Imelda (2019),99.39879759519039,0.0013830175771117564
Imelda (2019),99.79959919839679,0.0013684967054999515
Imelda (2019),100.20040080160321,0.0013545960243279626
Imelda (2019),100.60120240480963,0.0013413565868869613
Imelda (2019),101.00200400801603,0.001328815186199561
Imelda (2019),101.40280561122245,0.0013170040556266351
Imelda (2019),101.80360721442887,0.0013059506050320698
Imelda (2019),102.20440881763527,0.0012956771944507134
Imelda (2019),102.60521042084169,0.0012862009473450908
Imelda (2019),103.0060120240481,0.001277533605648531
Imelda (2019),103.40681362725451,0.0012696814288535607
Imelda (2019),103.80761523046093,0.0012626451393897673
Imelda (2019),104.20841683366734,0.0012564199164252006
Imelda (2019),104.60921843687375,0.0012509954400023117
Imelda (2019),105.01002004008016,0.001246355987072281
Imelda (2019),105.41082164328658,0.0012424805805132646
Imelda (2019),105.81162324649299,0.0012393431916089038
Imelda (2019),106.2124248496994,0.0012369129957294812
Imelda (2019),106.61322645290582,0.0012351546801118098
Imelda (2019),107.01402805611222,0.001234028801694746
Imelda (2019),107.41482965931864,0.0012334921919594044
Imelda (2019),107.81563126252506,0.0012334984046767652
Imelda (2019),108.21643286573146,0.001233998201414403
Imelda (2019),108.61723446893788,0.001234940068635009
Imelda (2019),109.0180360721443,0.0012362707592710924
Imelda (2019),109.4188376753507,0.0012379358508209791
Imelda (2019),109.81963927855712,0.0012398803113184455
Imelda (2019),110.22044088176354,0.0012420490640160957
Imelda (2019),110.62124248496994,0.001244387541321203
Imelda (2019),111.02204408817636,0.0012468422184558317
Imelda (2019),111.42284569138278,0.0012493611174982302
Imelda (2019),111.82364729458918,0.0012518942729084386
Imelda (2019),112.2244488977956,0.0012543941503482382
Imelda (2019),112.62525050100201,0.0012568160115649988
Imelda (2019),113.02605210420842,0.0012591182193018473
Imelda (2019),113.42685370741484,0.0012612624775962741
Imelda (2019),113.82765531062124,0.0012632140043984065
Imelda (2019),114.22845691382766,0.0012649416351362694
Imelda (2019),114.62925851703407,0.0012664178576276416
Imelda (2019),115.03006012024048,0.0012676187805321102
Imelda (2019),115.4308617234469,0.001268524039295073
Imelda (2019),115.83166332665331,0.0012691166451995039
Imelda (2019),116.23246492985972,0.0012693827846537481
Imelda (2019),116.63326653306613,0.0012693115771514323
Imelda (2019),117.03406813627255,0.0012688948013945564
Imelda (2019),117.43486973947896,0.0012681265998325285
Imelda (2019),117.83567134268537,0.0012670031723079453
Imelda (2019),118.23647294589179,0.0012655224695934933
Imelda (2019),118.6372745490982,0.0012636838973457578
Imelda (2019),119.03807615230461,0.0012614880403949344
Imelda (2019),119.43887775551103,0.0012589364163513085
Imelda (2019),119.83967935871743,0.0012560312662690221
Imelda (2019),120.24048096192385,0.0012527753886054356
Imelda (2019),120.64128256513027,0.0012491720210007582
Imelda (2019),121.04208416833667,0.0012452247725365977
Imelda (2019),121.44288577154309,0.0012409376071777988
Imelda (2019),121.8436873747495,0.0012363148771290765
Imelda (2019),122.24448897795591,0.0012313614029152915
Imelda (2019),122.64529058116233,0.0012260825951907481
Imelda (2019),123.04609218436875,0.001220484611662481
Imelda (2019),123.44689378757515,0.0012145745411331573
Imelda (2019),123.84769539078157,0.0012083606055795372
Imelda (2019),124.24849699398798,0.0012018523704211714
Imelda (2019),124.64929859719439,0.001195060952727196
Imelda (2019),125.0501002004008,0.0011879992170702933
Imelda (2019),125.45090180360722,0.0011806819490659639
Imelda (2019),125.85170340681363,0.0011731259973190812
Imelda (2019),126.25250501002004,0.001165350375511789
Imelda (2019),126.65330661322646,0.0011573763176702938
Imelda (2019),127.05410821643287,0.0011492272811946625
Imelda (2019),127.45490981963928,0.0011409288939701109
Imelda (2019),127.8557114228457,0.0011325088437384948
Imelda (2019),128.25651302605212,0.0011239967098297839
Imelda (2019),128.6573146292585,0.0011154237392682982
Imelda (2019),129.05811623246493,0.0011068225711129782
Imelda (2019),129.45891783567134,0.0010982269146026053
Imelda (2019),129.85971943887776,0.001089671188200402
Imelda (2019),130.26052104208418,0.0010811901279191808
Imelda (2019),130.6613226452906,0.0010728183743189004
Imelda (2019),131.06212424849699,0.0010645900482741234
Imelda (2019),131.4629258517034,0.0010565383259909815
Imelda (2019),131.86372745490982,0.0010486950238049254
Imelda (2019),132.26452905811624,0.0010410902030157814
Imelda (2019),132.66533066132266,0.0010337518044299663
Imelda (2019),133.06613226452907,0.0010267053214058491
Imelda (2019),133.46693386773546,0.0010199735190700538
Imelda (2019),133.86773547094188,0.0010135762060306426
Imelda (2019),134.2685370741483,0.0010075300634037785
Imelda (2019),134.66933867735472,0.0010018485343437512
Imelda (2019),135.07014028056113,0.0009965417755751684
Imelda (2019),135.47094188376755,0.0009916166707233968
Imelda (2019),135.87174348697394,0.000987076903577526
Imelda (2019),136.27254509018036,0.0009829230878480707
Imelda (2019),136.67334669338678,0.0009791529485450175
Imelda (2019),137.0741482965932,0.0009757615488397267
Imelda (2019),137.4749498997996,0.000972741555220395
Imelda (2019),137.87575150300603,0.0009700835329305122
Imelda (2019),138.27655310621242,0.0009677762631112687
Imelda (2019),138.67735470941884,0.0009658070727616824
Imelda (2019),139.07815631262525,0.0009641621685856093
Imelda (2019),139.47895791583167,0.0009628269660063469
Imelda (2019),139.8797595190381,0.0009617864050825042
Imelda (2019),140.2805611222445,0.0009610252457325945
Imelda (2019),140.6813627254509,0.0009605283355425348
Imelda (2019),141.0821643286573,0.0009602808444581505
Imelda (2019),141.48296593186373,0.0009602684618177387
Imelda (2019),141.88376753507015,0.0009604775524192582
Imelda (2019),142.28456913827657,0.0009608952696030713
Imelda (2019),142.68537074148298,0.0009615096246251484
Imelda (2019),143.08617234468937,0.0009623095128587394
Imelda (2019),143.4869739478958,0.0009632846985600045
Imelda (2019),143.8877755511022,0.000964425761032423
Imelda (2019),144.28857715430863,0.0009657240059997987
Imelda (2019),144.68937875751504,0.0009671713468257441
Imelda (2019),145.09018036072143,0.0009687601608829422
Imelda (2019),145.49098196392785,0.0009704831268681348
Imelda (2019),145.89178356713427,0.0009723330491740787
Imelda (2019),146.2925851703407,0.0009743026755695978
Imelda (2019),146.6933867735471,0.0009763845144094992
Imelda (2019),147.09418837675352,0.0009785706574091011
Imelda (2019),147.4949899799599,0.000980852613688128
Imelda (2019),147.89579158316633,0.0009832211603339523
Imelda (2019),148.29659318637275,0.000985666214173949
Imelda (2019),148.69739478957916,0.0009881767288023647
Imelda (2019),149.09819639278558,0.0009907406201991288
Imelda (2019),149.498997995992,0.0009933447235268185
Imelda (2019),149.8997995991984,0.000995974782916377
Imelda (2019),150.3006012024048,0.000998615475269241
Imelda (2019),150.70140280561122,0.0010012504683280037
Imelda (2019),151.10220440881764,0.0010038625125123452
Imelda (2019),151.50300601202406,0.0010064335652919033
Imelda (2019),151.90380761523048,0.001008944946181232
Imelda (2019),152.30460921843687,0.0010113775198008592
Imelda (2019),152.70541082164328,0.0010137119038575214
Imelda (2019),153.1062124248497,0.001015928698360822
Imelda (2019),153.50701402805612,0.001018008731916782
Imelda (2019),153.90781563126254,0.0010199333205252981
Imelda (2019),154.30861723446895,0.0010216845339632416
Imelda (2019),154.70941883767534,0.0010232454645632307
Imelda (2019),155.11022044088176,0.001024600493006145
Imelda (2019),155.51102204408818,0.0010257355456402314
Imelda (2019),155.9118236472946,0.0010266383378283671
Imelda (2019),156.31262525050101,0.0010272985979148986
Imelda (2019),156.71342685370743,0.001027708266601423
Imelda (2019),157.11422845691382,0.001027861666831867
Imelda (2019),157.51503006012024,0.0010277556397151318
Imelda (2019),157.91583166332666,0.0010273896425588172
Imelda (2019),158.31663326653307,0.0010267658057475809
Imelda (2019),158.7174348697395,0.001025888945967907
Imelda (2019),159.1182364729459,0.0010247665341464333
Imelda (2019),159.5190380761523,0.0010234086174161613
Imelda (2019),159.91983967935872,0.0010218276954336253
Imelda (2019),160.32064128256513,0.0010200385524165
Imelda (2019),160.72144288577155,0.0010180580473272605
Imelda (2019),161.12224448897797,0.0010159048656637542
Imelda (2019),161.5230460921844,0.0010135992372997398
Imelda (2019),161.92384769539078,0.0010111626257149158
Imelda (2019),162.3246492985972,0.001008617394732445
Imelda (2019),162.7254509018036,0.0010059864595136393
Imelda (2019),163.12625250501003,0.0010032929290179037
Imelda (2019),163.52705410821645,0.0010005597474010237
Imelda (2019),163.92785571142286,0.0009978093418818942
Imelda (2019),164.32865731462925,0.0009950632844495833
Imelda (2019),164.72945891783567,0.0009923419744098673
Imelda (2019),165.1302605210421,0.0009896643481917575
Imelda (2019),165.5310621242485,0.0009870476220668674
Imelda (2019),165.93186372745492,0.0009845070725018326
Imelda (2019),166.3326653306613,0.0009820558577976893
Imelda (2019),166.73346693386773,0.0009797048835064896
Imelda (2019),167.13426853707415,0.0009774627128952245
Imelda (2019),167.53507014028057,0.0009753355224934223
Imelda (2019),167.93587174348698,0.0009733271015571149
Imelda (2019),168.3366733466934,0.000971438893150755
Imelda (2019),168.7374749498998,0.0009696700735290489
Imelda (2019),169.1382765531062,0.0009680176656270437
Imelda (2019),169.53907815631263,0.0009664766817670657
Imelda (2019),169.93987975951904,0.0009650402901855639
Imelda (2019),170.34068136272546,0.0009636999996837205
Imelda (2019),170.74148296593188,0.0009624458566157676
Imelda (2019),171.14228456913827,0.0009612666485426996
Imelda (2019),171.5430861723447,0.0009601501091822796
Imelda (2019),171.9438877755511,0.0009590831197568712
Imelda (2019),172.34468937875752,0.0009580519024504452
Imelda (2019),172.74549098196394,0.0009570422024016834
Imelda (2019),173.14629258517036,0.0009560394554444931
Imelda (2019),173.54709418837675,0.0009550289396223321
Imelda (2019),173.94789579158316,0.0009539959093104417
Imelda (2019),174.34869739478958,0.0009529257115445639
Imelda (2019),174.749498997996,0.0009518038848440255
Imelda (2019),175.15030060120242,0.0009506162414043595
Imelda (2019),175.55110220440883,0.0009493489339995121
Imelda (2019),175.95190380761522,0.000947988509263105
Imelda (2019),176.35270541082164,0.0009465219492063202
Imelda (2019),176.75350701402806,0.0009449367028789919
Imelda (2019),177.15430861723448,0.0009432207099996281
Imelda (2019),177.5551102204409,0.0009413624181849246
Imelda (2019),177.9559118236473,0.0009393507951214396
Imelda (2019),178.3567134268537,0.0009371753366666296
Imelda (2019),178.75751503006012,0.000934826071471768
Imelda (2019),179.15831663326654,0.0009322935623146356
Imelda (2019),179.55911823647295,0.0009295689039443439
Imelda (2019),179.95991983967937,0.0009266437169012218
Imelda (2019),180.3607214428858,0.0009235101365053403
Imelda (2019),180.76152304609218,0.0009201607960272127
Imelda (2019),181.1623246492986,0.0009165888029778282
Imelda (2019),181.56312625250501,0.0009127877074904481
Imelda (2019),181.96392785571143,0.0009087514619157156
Imelda (2019),182.36472945891785,0.0009044743710101571
Imelda (2019),182.76553106212427,0.0008999510324561507
Imelda (2019),183.16633266533066,0.0008951762678933311
Imelda (2019),183.56713426853707,0.0008901450451471686
Imelda (2019),183.9679358717435,0.0008848523928867697
Imelda (2019),184.3687374749499,0.0008792933095046069
Imelda (2019),184.76953907815633,0.0008734626685590023
Imelda (2019),185.17034068136272,0.0008673551236283169
Imelda (2019),185.57114228456913,0.0008609650158681608
Imelda (2019),185.97194388777555,0.0008542862879154709
Imelda (2019),186.37274549098197,0.0008473124080255089
Imelda (2019),186.7735470941884,0.0008400363084429367
Imelda (2019),187.1743486973948,0.0008324503419841341
Imelda (2019),187.5751503006012,0.0008245462606376226
Imelda (2019),187.9759519038076,0.0008163152196710999
Imelda (2019),188.37675350701403,0.0008077478102707153
Imelda (2019),188.77755511022045,0.0007988341231392981
Imelda (2019),189.17835671342687,0.0007895638447589564
Imelda (2019),189.57915831663328,0.0007799263871976915
Imelda (2019),189.97995991983967,0.0007699110514312562
Imelda (2019),190.3807615230461,0.0007595072231854059
Imelda (2019),190.7815631262525,0.0007487045993075987
Imelda (2019),191.18236472945893,0.0007374934416800635
Imelda (2019),191.58316633266534,0.0007258648547182114
Imelda (2019),191.98396793587176,0.0007138110815892977
Imelda (2019),192.38476953907815,0.0007013258134654938
Imelda (2019),192.78557114228457,0.0006884045054199675
Imelda (2019),193.18637274549098,0.0006750446920095277
Imelda (2019),193.5871743486974,0.0006612462951837687
Imelda (2019),193.98797595190382,0.0006470119169363872
Imelda (2019),194.38877755511024,0.0006323471090819134
Imelda (2019),194.78957915831663,0.0006172606127084633
Imelda (2019),195.19038076152304,0.0006017645602262489
Imelda (2019),195.59118236472946,0.0005858746334992015
Imelda (2019),195.99198396793588,0.0005696101723034321
Imelda (2019),196.3927855711423,0.000552994228286729
Imelda (2019),196.79358717434872,0.0005360535606867968
Imelda (2019),197.1943887775551,0.0005188185712772735
Imelda (2019),197.59519038076152,0.0005013231773194641
Imelda (2019),197.99599198396794,0.00048360462267070444
Imelda (2019),198.39679358717436,0.00046570322860098676
Imelda (2019),198.79759519038078,0.000447662087260121
Imelda (2019),199.1983967935872,0.00042952670207990176
Imelda (2019),199.59919839679358,0.0004113445806520344
Imelda (2019),200.0,0.00039316478675728204
