disaster,home_zip,int_bin
Florence (2018),27607,Tropical-storm (34–49kt)
Florence (2018),27801,Tropical-storm (34–49kt)
Florence (2018),27858,Gale-force (50–63kt)
Florence (2018),28472,Gale-force (50–63kt)
Florence (2018),28712,No TS winds (<34kt)
Florence (2018),29732,No TS winds (<34kt)
Florence (2018),32308,No TS winds (<34kt)
Florence (2018),32625,No TS winds (<34kt)
Florence (2018),32824,No TS winds (<34kt)
Florence (2018),32904,No TS winds (<34kt)
Florence (2018),33010,No TS winds (<34kt)
Florence (2018),33076,No TS winds (<34kt)
Florence (2018),33126,No TS winds (<34kt)
Florence (2018),27253,Tropical-storm (34–49kt)
Florence (2018),27910,Tropical-storm (34–49kt)
Florence (2018),28778,No TS winds (<34kt)
Florence (2018),32084,No TS winds (<34kt)
Florence (2018),32233,No TS winds (<34kt)
Florence (2018),33055,No TS winds (<34kt)
Florence (2018),33127,No TS winds (<34kt)
Florence (2018),33463,No TS winds (<34kt)
Florence (2018),33606,No TS winds (<34kt)
Florence (2018),27516,Tropical-storm (34–49kt)
Florence (2018),28104,Tropical-storm (34–49kt)
Florence (2018),28270,Tropical-storm (34–49kt)
Florence (2018),32080,No TS winds (<34kt)
Florence (2018),33190,No TS winds (<34kt)
Florence (2018),33760,No TS winds (<34kt)
Florence (2018),34653,No TS winds (<34kt)
Florence (2018),27873,Gale-force (50–63kt)
Florence (2018),32669,No TS winds (<34kt)
Florence (2018),32812,No TS winds (<34kt)
Florence (2018),33437,No TS winds (<34kt)
Florence (2018),33613,No TS winds (<34kt)
Florence (2018),33716,No TS winds (<34kt)
Florence (2018),34461,No TS winds (<34kt)
Florence (2018),34604,No TS winds (<34kt)
Florence (2018),27021,No TS winds (<34kt)
Florence (2018),27370,No TS winds (<34kt)
Florence (2018),28075,Tropical-storm (34–49kt)
Florence (2018),33306,No TS winds (<34kt)
Florence (2018),34292,No TS winds (<34kt)
Florence (2018),27281,Tropical-storm (34–49kt)
Florence (2018),32129,No TS winds (<34kt)
Florence (2018),32301,No TS winds (<34kt)
Florence (2018),34269,No TS winds (<34kt)
Florence (2018),34448,No TS winds (<34kt)
Florence (2018),27127,No TS winds (<34kt)
Florence (2018),30568,No TS winds (<34kt)
Florence (2018),32701,No TS winds (<34kt)
Florence (2018),33146,No TS winds (<34kt)
Florence (2018),34788,No TS winds (<34kt)
Florence (2018),27295,No TS winds (<34kt)
Florence (2018),30546,No TS winds (<34kt)
Florence (2018),33890,No TS winds (<34kt)
Florence (2018),27042,No TS winds (<34kt)
Florence (2018),27244,No TS winds (<34kt)
Florence (2018),27283,No TS winds (<34kt)
Florence (2018),28586,Hurricane-force (>=64kt)
Florence (2018),27024,No TS winds (<34kt)
Florence (2018),28394,Tropical-storm (34–49kt)
Florence (2018),28605,No TS winds (<34kt)
Florence (2018),28786,No TS winds (<34kt)
Florence (2018),36607,No TS winds (<34kt)
Florence (2018),32757,No TS winds (<34kt)
Florence (2018),37690,No TS winds (<34kt)
Florence (2018),27235,No TS winds (<34kt)
Florence (2018),27851,Tropical-storm (34–49kt)
Florence (2018),27805,Tropical-storm (34–49kt)
Florence (2018),32097,No TS winds (<34kt)
Florence (2018),37391,No TS winds (<34kt)
Florence (2018),33973,No TS winds (<34kt)
Florence (2018),34734,No TS winds (<34kt)
Florence (2018),34428,No TS winds (<34kt)
Florence (2018),34433,No TS winds (<34kt)
Florence (2018),32072,No TS winds (<34kt)
Florence (2018),28726,No TS winds (<34kt)
Florence (2018),27229,Tropical-storm (34–49kt)
Florence (2018),27562,Tropical-storm (34–49kt)
Florence (2018),28305,Tropical-storm (34–49kt)
Florence (2018),28685,No TS winds (<34kt)
Florence (2018),28032,No TS winds (<34kt)
Florence (2018),33767,No TS winds (<34kt)
Florence (2018),28385,Gale-force (50–63kt)
Florence (2018),28429,Hurricane-force (>=64kt)
Florence (2018),27350,No TS winds (<34kt)
Florence (2018),28373,Tropical-storm (34–49kt)
Florence (2018),32403,No TS winds (<34kt)
Florence (2018),27872,Tropical-storm (34–49kt)
Florence (2018),27053,No TS winds (<34kt)
Florence (2018),29635,No TS winds (<34kt)
Florence (2018),31643,No TS winds (<34kt)
Florence (2018),33838,No TS winds (<34kt)
Florence (2018),27581,Tropical-storm (34–49kt)
Florence (2018),37385,No TS winds (<34kt)
Florence (2018),28585,Hurricane-force (>=64kt)
Florence (2018),27551,Tropical-storm (34–49kt)
Florence (2018),24054,No TS winds (<34kt)
Florence (2018),27980,Tropical-storm (34–49kt)
Florence (2018),29741,Tropical-storm (34–49kt)
Florence (2018),27568,Tropical-storm (34–49kt)
Florence (2018),27860,Gale-force (50–63kt)
Florence (2018),36314,No TS winds (<34kt)
Florence (2018),32509,No TS winds (<34kt)
Florence (2018),37317,No TS winds (<34kt)
Florence (2018),28720,No TS winds (<34kt)
Florence (2018),23847,Tropical-storm (34–49kt)
Florence (2018),29676,No TS winds (<34kt)
Florence (2018),31569,No TS winds (<34kt)
Florence (2018),24520,No TS winds (<34kt)
Florence (2018),34268,No TS winds (<34kt)
Irma (2017),33414,Gale-force (50–63kt)
Irma (2017),33523,Hurricane-force (>=64kt)
Irma (2017),33578,Gale-force (50–63kt)
Irma (2017),33813,Hurricane-force (>=64kt)
Irma (2017),33912,Hurricane-force (>=64kt)
Irma (2017),34785,Gale-force (50–63kt)
Irma (2017),32312,Gale-force (50–63kt)
Irma (2017),32564,Tropical-storm (34–49kt)
Irma (2017),32773,Gale-force (50–63kt)
Irma (2017),33012,Gale-force (50–63kt)
Irma (2017),33013,Gale-force (50–63kt)
Irma (2017),33020,Gale-force (50–63kt)
Irma (2017),33446,Gale-force (50–63kt)
Irma (2017),33714,Gale-force (50–63kt)
Irma (2017),34145,Hurricane-force (>=64kt)
Irma (2017),34432,Gale-force (50–63kt)
Irma (2017),34761,Gale-force (50–63kt)
Irma (2017),34953,Gale-force (50–63kt)
Irma (2017),32607,Gale-force (50–63kt)
Irma (2017),33175,Gale-force (50–63kt)
Irma (2017),33193,Hurricane-force (>=64kt)
Irma (2017),33326,Gale-force (50–63kt)
Irma (2017),33510,Hurricane-force (>=64kt)
Irma (2017),33584,Hurricane-force (>=64kt)
Irma (2017),33709,Gale-force (50–63kt)
Irma (2017),32703,Gale-force (50–63kt)
Irma (2017),32779,Gale-force (50–63kt)
Irma (2017),32211,Gale-force (50–63kt)
Irma (2017),32765,Gale-force (50–63kt)
Irma (2017),33525,Hurricane-force (>=64kt)
Irma (2017),33905,Hurricane-force (>=64kt)
Irma (2017),33948,Hurricane-force (>=64kt)
Irma (2017),34747,Gale-force (50–63kt)
Irma (2017),32821,Gale-force (50–63kt)
Irma (2017),33172,Gale-force (50–63kt)
Irma (2017),33563,Hurricane-force (>=64kt)
Irma (2017),34607,Hurricane-force (>=64kt)
Irma (2017),34685,Gale-force (50–63kt)
Irma (2017),33023,Gale-force (50–63kt)
Irma (2017),34957,Gale-force (50–63kt)
Irma (2017),32065,Gale-force (50–63kt)
Irma (2017),32735,Gale-force (50–63kt)
Irma (2017),34945,Gale-force (50–63kt)
Irma (2017),32208,Gale-force (50–63kt)
Irma (2017),32459,Tropical-storm (34–49kt)
Irma (2017),34108,Hurricane-force (>=64kt)
Irma (2017),32308,Gale-force (50–63kt)
Irma (2017),32541,Tropical-storm (34–49kt)
Irma (2017),32344,Gale-force (50–63kt)
Irma (2017),33527,Hurricane-force (>=64kt)
Irma (2017),36441,Tropical-storm (34–49kt)
Irma (2017),33944,Hurricane-force (>=64kt)
Irma (2017),39828,Gale-force (50–63kt)
Irma (2017),31601,Gale-force (50–63kt)
Irma (2017),36530,No TS winds (<34kt)
Irma (2017),32449,Tropical-storm (34–49kt)
Irma (2017),33744,Gale-force (50–63kt)
Irma (2017),32432,Tropical-storm (34–49kt)
Irma (2017),34137,Hurricane-force (>=64kt)
Florence (2018),39897,No TS winds (<34kt)
Michael (2018),28557,Gale-force (50–63kt)
Michael (2018),28625,No TS winds (<34kt)
Michael (2018),28754,No TS winds (<34kt)
Michael (2018),32164,No TS winds (<34kt)
Michael (2018),32210,No TS winds (<34kt)
Michael (2018),32407,Hurricane-force (>=64kt)
Michael (2018),32533,Tropical-storm (34–49kt)
Michael (2018),33184,No TS winds (<34kt)
Michael (2018),33311,No TS winds (<34kt)
Michael (2018),33404,No TS winds (<34kt)
Michael (2018),33406,No TS winds (<34kt)
Michael (2018),33579,No TS winds (<34kt)
Michael (2018),33710,No TS winds (<34kt)
Michael (2018),34746,No TS winds (<34kt)
Michael (2018),34953,No TS winds (<34kt)
Michael (2018),34990,No TS winds (<34kt)
Michael (2018),36608,No TS winds (<34kt)
Michael (2018),27278,No TS winds (<34kt)
Michael (2018),27504,Tropical-storm (34–49kt)
Michael (2018),27891,No TS winds (<34kt)
Michael (2018),28016,No TS winds (<34kt)
Michael (2018),28086,No TS winds (<34kt)
Michael (2018),28211,No TS winds (<34kt)
Michael (2018),28352,Tropical-storm (34–49kt)
Michael (2018),28673,No TS winds (<34kt)
Michael (2018),32066,Tropical-storm (34–49kt)
Michael (2018),33426,No TS winds (<34kt)
Michael (2018),33605,No TS winds (<34kt)
Michael (2018),33843,No TS winds (<34kt)
Michael (2018),34731,No TS winds (<34kt)
Michael (2018),36526,No TS winds (<34kt)
Michael (2018),27609,No TS winds (<34kt)
Michael (2018),28031,No TS winds (<34kt)
Michael (2018),29732,No TS winds (<34kt)
Michael (2018),32225,No TS winds (<34kt)
Michael (2018),32765,No TS winds (<34kt)
Michael (2018),33021,No TS winds (<34kt)
Michael (2018),33172,No TS winds (<34kt)
Michael (2018),33331,No TS winds (<34kt)
Michael (2018),33440,No TS winds (<34kt)
Michael (2018),27607,No TS winds (<34kt)
Michael (2018),27893,No TS winds (<34kt)
Michael (2018),28273,No TS winds (<34kt)
Michael (2018),32778,No TS winds (<34kt)
Michael (2018),32953,No TS winds (<34kt)
Michael (2018),32963,No TS winds (<34kt)
Michael (2018),33125,No TS winds (<34kt)
Michael (2018),33189,No TS winds (<34kt)
Michael (2018),34207,No TS winds (<34kt)
Michael (2018),28208,No TS winds (<34kt)
Michael (2018),32465,Hurricane-force (>=64kt)
Michael (2018),33136,No TS winds (<34kt)
Michael (2018),33162,No TS winds (<34kt)
Michael (2018),33407,No TS winds (<34kt)
Michael (2018),33913,No TS winds (<34kt)
Michael (2018),34209,No TS winds (<34kt)
Michael (2018),34695,No TS winds (<34kt)
Michael (2018),34771,No TS winds (<34kt)
Michael (2018),27557,No TS winds (<34kt)
Michael (2018),28521,Tropical-storm (34–49kt)
Michael (2018),28901,No TS winds (<34kt)
Michael (2018),32189,No TS winds (<34kt)
Michael (2018),34748,No TS winds (<34kt)
Michael (2018),27896,No TS winds (<34kt)
Michael (2018),28805,No TS winds (<34kt)
Michael (2018),33305,No TS winds (<34kt)
Michael (2018),33606,No TS winds (<34kt)
Michael (2018),27013,No TS winds (<34kt)
Michael (2018),27330,Tropical-storm (34–49kt)
Michael (2018),32460,Gale-force (50–63kt)
Michael (2018),32615,No TS winds (<34kt)
Michael (2018),32920,No TS winds (<34kt)
Michael (2018),33540,No TS winds (<34kt)
Michael (2018),28144,No TS winds (<34kt)
Michael (2018),28217,No TS winds (<34kt)
Michael (2018),28398,Tropical-storm (34–49kt)
Michael (2018),29690,No TS winds (<34kt)
Michael (2018),32444,Hurricane-force (>=64kt)
Michael (2018),27842,Tropical-storm (34–49kt)
Michael (2018),28097,No TS winds (<34kt)
Michael (2018),28371,Tropical-storm (34–49kt)
Michael (2018),28642,No TS winds (<34kt)
Michael (2018),32208,No TS winds (<34kt)
Michael (2018),28337,Tropical-storm (34–49kt)
Michael (2018),28670,No TS winds (<34kt)
Michael (2018),28683,No TS winds (<34kt)
Michael (2018),32535,No TS winds (<34kt)
Michael (2018),34753,No TS winds (<34kt)
Michael (2018),36561,Tropical-storm (34–49kt)
Michael (2018),29307,No TS winds (<34kt)
Michael (2018),32046,Tropical-storm (34–49kt)
Michael (2018),36611,No TS winds (<34kt)
Michael (2018),28032,No TS winds (<34kt)
Michael (2018),34607,No TS winds (<34kt)
Michael (2018),27355,No TS winds (<34kt)
Michael (2018),31537,Tropical-storm (34–49kt)
Michael (2018),27830,Tropical-storm (34–49kt)
Michael (2018),28719,No TS winds (<34kt)
Michael (2018),33715,No TS winds (<34kt)
Michael (2018),32176,No TS winds (<34kt)
Michael (2018),27041,No TS winds (<34kt)
Michael (2018),32759,No TS winds (<34kt)
Michael (2018),32744,No TS winds (<34kt)
Michael (2018),28618,No TS winds (<34kt)
Michael (2018),39815,Gale-force (50–63kt)
Michael (2018),27233,No TS winds (<34kt)
Michael (2018),28708,No TS winds (<34kt)
Michael (2018),27857,Gale-force (50–63kt)
Michael (2018),32437,Gale-force (50–63kt)
Michael (2018),28698,No TS winds (<34kt)
Michael (2018),27252,Tropical-storm (34–49kt)
Michael (2018),28554,Gale-force (50–63kt)
Michael (2018),32798,No TS winds (<34kt)
Michael (2018),28167,No TS winds (<34kt)
Michael (2018),28528,Gale-force (50–63kt)
Michael (2018),37616,No TS winds (<34kt)
Michael (2018),28430,Tropical-storm (34–49kt)
Michael (2018),36343,Gale-force (50–63kt)
Michael (2018),37657,No TS winds (<34kt)
Michael (2018),28436,Tropical-storm (34–49kt)
Michael (2018),29685,No TS winds (<34kt)
Michael (2018),24317,No TS winds (<34kt)
Michael (2018),28909,No TS winds (<34kt)
Michael (2018),36344,Tropical-storm (34–49kt)
Michael (2018),28702,No TS winds (<34kt)
Michael (2018),32361,Tropical-storm (34–49kt)
Michael (2018),28725,No TS winds (<34kt)
Michael (2018),28757,No TS winds (<34kt)
Michael (2018),28707,No TS winds (<34kt)
Michael (2018),36564,No TS winds (<34kt)
Michael (2018),32026,No TS winds (<34kt)
Michael (2018),39897,Gale-force (50–63kt)
Michael (2018),31626,Tropical-storm (34–49kt)
Harvey (2017),71105,No TS winds (<34kt)
Harvey (2017),75455,No TS winds (<34kt)
Harvey (2017),78701,No TS winds (<34kt)
Harvey (2017),79029,No TS winds (<34kt)
Harvey (2017),75152,No TS winds (<34kt)
Harvey (2017),77447,Tropical-storm (34–49kt)
Harvey (2017),78046,No TS winds (<34kt)
Harvey (2017),78259,Tropical-storm (34–49kt)
Harvey (2017),75070,No TS winds (<34kt)
Harvey (2017),76052,No TS winds (<34kt)
Harvey (2017),76104,No TS winds (<34kt)
Harvey (2017),75103,No TS winds (<34kt)
Harvey (2017),75219,No TS winds (<34kt)
Harvey (2017),76849,No TS winds (<34kt)
Harvey (2017),78741,No TS winds (<34kt)
Harvey (2017),79226,No TS winds (<34kt)
Harvey (2017),77433,Tropical-storm (34–49kt)
Harvey (2017),77546,Tropical-storm (34–49kt)
Harvey (2017),75232,No TS winds (<34kt)
Harvey (2017),75482,No TS winds (<34kt)
Harvey (2017),76270,No TS winds (<34kt)
Harvey (2017),77703,No TS winds (<34kt)
Harvey (2017),78745,No TS winds (<34kt)
Harvey (2017),75080,No TS winds (<34kt)
Harvey (2017),76119,No TS winds (<34kt)
Harvey (2017),77099,Tropical-storm (34–49kt)
Harvey (2017),77389,Tropical-storm (34–49kt)
Harvey (2017),78101,Tropical-storm (34–49kt)
Harvey (2017),78108,Tropical-storm (34–49kt)
Harvey (2017),79022,No TS winds (<34kt)
Harvey (2017),79501,No TS winds (<34kt)
Harvey (2017),76044,No TS winds (<34kt)
Harvey (2017),76134,No TS winds (<34kt)
Harvey (2017),78609,No TS winds (<34kt)
Harvey (2017),75020,No TS winds (<34kt)
Harvey (2017),76017,No TS winds (<34kt)
Harvey (2017),78573,No TS winds (<34kt)
Harvey (2017),79359,No TS winds (<34kt)
Harvey (2017),75791,No TS winds (<34kt)
Harvey (2017),77005,Tropical-storm (34–49kt)
Harvey (2017),79252,No TS winds (<34kt)
Harvey (2017),75686,No TS winds (<34kt)
Harvey (2017),76309,No TS winds (<34kt)
Harvey (2017),75789,No TS winds (<34kt)
Harvey (2017),77625,No TS winds (<34kt)
Harvey (2017),78114,Tropical-storm (34–49kt)
Harvey (2017),78832,No TS winds (<34kt)
Harvey (2017),75117,No TS winds (<34kt)
Harvey (2017),78516,No TS winds (<34kt)
Harvey (2017),79935,No TS winds (<34kt)
Harvey (2017),76301,No TS winds (<34kt)
Harvey (2017),76874,No TS winds (<34kt)
Harvey (2017),77591,Tropical-storm (34–49kt)
Harvey (2017),76251,No TS winds (<34kt)
Harvey (2017),78387,Gale-force (50–63kt)
Harvey (2017),78757,No TS winds (<34kt)
Harvey (2017),75453,No TS winds (<34kt)
Harvey (2017),75925,No TS winds (<34kt)
Harvey (2017),77622,No TS winds (<34kt)
Harvey (2017),78705,No TS winds (<34kt)
Harvey (2017),78932,Tropical-storm (34–49kt)
Harvey (2017),75417,No TS winds (<34kt)
Harvey (2017),78827,No TS winds (<34kt)
Harvey (2017),75938,No TS winds (<34kt)
Harvey (2017),79553,No TS winds (<34kt)
Harvey (2017),76259,No TS winds (<34kt)
Harvey (2017),76366,No TS winds (<34kt)
Harvey (2017),79549,No TS winds (<34kt)
Harvey (2017),77640,No TS winds (<34kt)
Harvey (2017),71822,No TS winds (<34kt)
Harvey (2017),76264,No TS winds (<34kt)
Harvey (2017),79521,No TS winds (<34kt)
Harvey (2017),79903,No TS winds (<34kt)
Harvey (2017),77560,No TS winds (<34kt)
Harvey (2017),78379,Tropical-storm (34–49kt)
Harvey (2017),75651,No TS winds (<34kt)
Harvey (2017),79783,No TS winds (<34kt)
Harvey (2017),78881,No TS winds (<34kt)
Harvey (2017),76631,No TS winds (<34kt)
Harvey (2017),79078,No TS winds (<34kt)
Harvey (2017),75778,No TS winds (<34kt)
Harvey (2017),73560,No TS winds (<34kt)
Harvey (2017),79241,No TS winds (<34kt)
Harvey (2017),79505,No TS winds (<34kt)
Harvey (2017),76621,No TS winds (<34kt)
Harvey (2017),76701,Tropical-storm (34–49kt)
Harvey (2017),79250,No TS winds (<34kt)
Harvey (2017),79325,No TS winds (<34kt)
Harvey (2017),76693,No TS winds (<34kt)
Harvey (2017),79024,No TS winds (<34kt)
Harvey (2017),79376,No TS winds (<34kt)
Harvey (2017),79013,No TS winds (<34kt)
Harvey (2017),75939,No TS winds (<34kt)
Harvey (2017),76455,No TS winds (<34kt)
Harvey (2017),79051,No TS winds (<34kt)
Harvey (2017),76935,No TS winds (<34kt)
Harvey (2017),79755,No TS winds (<34kt)
Harvey (2017),75853,No TS winds (<34kt)
Harvey (2017),79082,No TS winds (<34kt)
Harvey (2017),79754,No TS winds (<34kt)
Harvey (2017),75132,No TS winds (<34kt)
Harvey (2017),74753,No TS winds (<34kt)
Harvey (2017),78560,No TS winds (<34kt)
Harvey (2017),77876,Tropical-storm (34–49kt)
Harvey (2017),77661,No TS winds (<34kt)
Harvey (2017),75481,No TS winds (<34kt)
Harvey (2017),75847,No TS winds (<34kt)
Harvey (2017),76854,No TS winds (<34kt)
Harvey (2017),76885,No TS winds (<34kt)
Harvey (2017),76373,No TS winds (<34kt)
Harvey (2017),77201,Tropical-storm (34–49kt)
Harvey (2017),76599,No TS winds (<34kt)
Harvey (2017),78594,No TS winds (<34kt)
Harvey (2017),78535,No TS winds (<34kt)
Harvey (2017),75550,No TS winds (<34kt)
Harvey (2017),76940,No TS winds (<34kt)
Harvey (2017),74748,No TS winds (<34kt)
Harvey (2017),77350,No TS winds (<34kt)
Harvey (2017),74523,No TS winds (<34kt)
Harvey (2017),73851,No TS winds (<34kt)
Harvey (2017),79021,No TS winds (<34kt)
Imelda (2019),75058,No TS winds (<34kt)
Imelda (2019),75654,No TS winds (<34kt)
Imelda (2019),76044,No TS winds (<34kt)
Imelda (2019),76180,No TS winds (<34kt)
Imelda (2019),76541,No TS winds (<34kt)
Imelda (2019),77002,No TS winds (<34kt)
Imelda (2019),78154,No TS winds (<34kt)
Imelda (2019),78644,No TS winds (<34kt)
Imelda (2019),78665,No TS winds (<34kt)
Imelda (2019),75243,No TS winds (<34kt)
Imelda (2019),75428,No TS winds (<34kt)
Imelda (2019),76630,No TS winds (<34kt)
Imelda (2019),77044,No TS winds (<34kt)
Imelda (2019),77047,No TS winds (<34kt)
Imelda (2019),77073,No TS winds (<34kt)
Imelda (2019),77339,No TS winds (<34kt)
Imelda (2019),77386,No TS winds (<34kt)
Imelda (2019),77575,No TS winds (<34kt)
Imelda (2019),78121,No TS winds (<34kt)
Imelda (2019),78212,No TS winds (<34kt)
Imelda (2019),78415,No TS winds (<34kt)
Imelda (2019),78701,No TS winds (<34kt)
Imelda (2019),79007,No TS winds (<34kt)
Imelda (2019),75042,No TS winds (<34kt)
Imelda (2019),76528,No TS winds (<34kt)
Imelda (2019),77485,No TS winds (<34kt)
Imelda (2019),77520,No TS winds (<34kt)
Imelda (2019),78073,No TS winds (<34kt)
Imelda (2019),79078,No TS winds (<34kt)
Imelda (2019),75838,No TS winds (<34kt)
Imelda (2019),76001,No TS winds (<34kt)
Imelda (2019),76058,No TS winds (<34kt)
Imelda (2019),76140,No TS winds (<34kt)
Imelda (2019),77026,No TS winds (<34kt)
Imelda (2019),77377,No TS winds (<34kt)
Imelda (2019),77505,No TS winds (<34kt)
Imelda (2019),78132,No TS winds (<34kt)
Imelda (2019),78163,No TS winds (<34kt)
Imelda (2019),79065,No TS winds (<34kt)
Imelda (2019),75024,No TS winds (<34kt)
Imelda (2019),77029,No TS winds (<34kt)
Imelda (2019),77515,No TS winds (<34kt)
Imelda (2019),78380,No TS winds (<34kt)
Imelda (2019),78572,No TS winds (<34kt)
Imelda (2019),76636,No TS winds (<34kt)
Imelda (2019),77021,No TS winds (<34kt)
Imelda (2019),78362,No TS winds (<34kt)
Imelda (2019),79752,No TS winds (<34kt)
Imelda (2019),76504,No TS winds (<34kt)
Imelda (2019),77365,No TS winds (<34kt)
Imelda (2019),78645,No TS winds (<34kt)
Imelda (2019),78017,No TS winds (<34kt)
Imelda (2019),76105,No TS winds (<34kt)
Imelda (2019),76651,No TS winds (<34kt)
Imelda (2019),77301,No TS winds (<34kt)
Imelda (2019),78583,No TS winds (<34kt)
Imelda (2019),78606,No TS winds (<34kt)
Imelda (2019),79504,No TS winds (<34kt)
Imelda (2019),77062,No TS winds (<34kt)
Imelda (2019),78341,No TS winds (<34kt)
Imelda (2019),78377,No TS winds (<34kt)
Imelda (2019),78730,No TS winds (<34kt)
Imelda (2019),75771,No TS winds (<34kt)
Imelda (2019),76648,No TS winds (<34kt)
Imelda (2019),75951,No TS winds (<34kt)
Imelda (2019),76462,No TS winds (<34kt)
Imelda (2019),78210,No TS winds (<34kt)
Imelda (2019),79012,No TS winds (<34kt)
Imelda (2019),79789,No TS winds (<34kt)
Imelda (2019),76643,No TS winds (<34kt)
Imelda (2019),78619,No TS winds (<34kt)
Imelda (2019),79912,No TS winds (<34kt)
Imelda (2019),75202,No TS winds (<34kt)
Imelda (2019),78557,No TS winds (<34kt)
Imelda (2019),75848,No TS winds (<34kt)
Imelda (2019),78416,No TS winds (<34kt)
Imelda (2019),77096,No TS winds (<34kt)
Imelda (2019),75021,No TS winds (<34kt)
Imelda (2019),75449,No TS winds (<34kt)
Imelda (2019),78839,No TS winds (<34kt)
Imelda (2019),79607,No TS winds (<34kt)
Imelda (2019),76657,No TS winds (<34kt)
Imelda (2019),78205,No TS winds (<34kt)
Imelda (2019),79782,No TS winds (<34kt)
Imelda (2019),76118,No TS winds (<34kt)
Imelda (2019),77094,No TS winds (<34kt)
Imelda (2019),77534,No TS winds (<34kt)
Imelda (2019),75640,No TS winds (<34kt)
Imelda (2019),75670,No TS winds (<34kt)
Imelda (2019),76104,No TS winds (<34kt)
Imelda (2019),76208,No TS winds (<34kt)
Imelda (2019),76550,No TS winds (<34kt)
Imelda (2019),78222,No TS winds (<34kt)
Imelda (2019),76252,No TS winds (<34kt)
Imelda (2019),76692,No TS winds (<34kt)
Imelda (2019),77655,No TS winds (<34kt)
Imelda (2019),78025,No TS winds (<34kt)
Imelda (2019),76309,No TS winds (<34kt)
Imelda (2019),76155,No TS winds (<34kt)
Imelda (2019),78116,No TS winds (<34kt)
Imelda (2019),88252,No TS winds (<34kt)
Imelda (2019),71103,No TS winds (<34kt)
Imelda (2019),76129,No TS winds (<34kt)
Imelda (2019),78872,No TS winds (<34kt)
Imelda (2019),79226,No TS winds (<34kt)
Imelda (2019),75468,No TS winds (<34kt)
Imelda (2019),78375,No TS winds (<34kt)
Imelda (2019),78152,No TS winds (<34kt)
Imelda (2019),76951,No TS winds (<34kt)
Imelda (2019),88135,No TS winds (<34kt)
Imelda (2019),78830,No TS winds (<34kt)
Imelda (2019),76670,No TS winds (<34kt)
Imelda (2019),79088,No TS winds (<34kt)
Imelda (2019),88263,No TS winds (<34kt)
Imelda (2019),75643,No TS winds (<34kt)
Imelda (2019),75124,No TS winds (<34kt)
Imelda (2019),75939,No TS winds (<34kt)
Imelda (2019),78072,No TS winds (<34kt)
Imelda (2019),79225,No TS winds (<34kt)
Imelda (2019),77970,No TS winds (<34kt)
Imelda (2019),76508,No TS winds (<34kt)
Imelda (2019),73573,No TS winds (<34kt)
Imelda (2019),76666,No TS winds (<34kt)
Imelda (2019),79788,No TS winds (<34kt)
Imelda (2019),75412,No TS winds (<34kt)
Imelda (2019),76827,No TS winds (<34kt)
Imelda (2019),73570,No TS winds (<34kt)
Imelda (2019),77580,No TS winds (<34kt)
Imelda (2019),77991,No TS winds (<34kt)
Imelda (2019),79091,No TS winds (<34kt)
Imelda (2019),88430,No TS winds (<34kt)
Imelda (2019),79350,No TS winds (<34kt)
Imelda (2019),77993,No TS winds (<34kt)
Imelda (2019),75978,No TS winds (<34kt)
Imelda (2019),77878,No TS winds (<34kt)
Imelda (2019),79240,No TS winds (<34kt)
Imelda (2019),79021,No TS winds (<34kt)
Imelda (2019),76957,No TS winds (<34kt)
Imelda (2019),76865,No TS winds (<34kt)
Harvey (2017),88132,No TS winds (<34kt)
Florence (2018),27527,Tropical-storm (34–49kt)
Florence (2018),28269,No TS winds (<34kt)
Florence (2018),28334,Tropical-storm (34–49kt)
Florence (2018),28546,Hurricane-force (>=64kt)
Florence (2018),32003,No TS winds (<34kt)
Florence (2018),32011,No TS winds (<34kt)
Florence (2018),32583,No TS winds (<34kt)
Florence (2018),32920,No TS winds (<34kt)
Florence (2018),33147,No TS winds (<34kt)
Florence (2018),33312,No TS winds (<34kt)
Florence (2018),33458,No TS winds (<34kt)
Florence (2018),33810,No TS winds (<34kt)
Florence (2018),34233,No TS winds (<34kt)
Florence (2018),34747,No TS winds (<34kt)
Florence (2018),36541,No TS winds (<34kt)
Florence (2018),27356,Tropical-storm (34–49kt)
Florence (2018),27615,Tropical-storm (34–49kt)
Florence (2018),27834,Gale-force (50–63kt)
Florence (2018),28027,Tropical-storm (34–49kt)
Florence (2018),28806,No TS winds (<34kt)
Florence (2018),33020,No TS winds (<34kt)
Florence (2018),33033,No TS winds (<34kt)
Florence (2018),33511,No TS winds (<34kt)
Florence (2018),33827,No TS winds (<34kt)
Florence (2018),33852,No TS winds (<34kt)
Florence (2018),33898,No TS winds (<34kt)
Florence (2018),33905,No TS winds (<34kt)
Florence (2018),34711,No TS winds (<34kt)
Florence (2018),36526,No TS winds (<34kt)
Florence (2018),37683,No TS winds (<34kt)
Florence (2018),27403,No TS winds (<34kt)
Florence (2018),28031,No TS winds (<34kt)
Florence (2018),28103,Tropical-storm (34–49kt)
Florence (2018),32250,No TS winds (<34kt)
Florence (2018),32347,No TS winds (<34kt)
Florence (2018),32968,No TS winds (<34kt)
Florence (2018),34116,No TS winds (<34kt)
Florence (2018),34210,No TS winds (<34kt)
Florence (2018),34695,No TS winds (<34kt)
Florence (2018),34987,No TS winds (<34kt)
Florence (2018),36528,No TS winds (<34kt)
Florence (2018),36574,No TS winds (<34kt)
Florence (2018),27217,No TS winds (<34kt)
Florence (2018),28312,Gale-force (50–63kt)
Florence (2018),28454,Hurricane-force (>=64kt)
Florence (2018),28562,Hurricane-force (>=64kt)
Florence (2018),32225,No TS winds (<34kt)
Florence (2018),32413,No TS winds (<34kt)
Florence (2018),32907,No TS winds (<34kt)
Florence (2018),33428,No TS winds (<34kt)
Florence (2018),33543,No TS winds (<34kt)
Florence (2018),33830,No TS winds (<34kt)
Florence (2018),33908,No TS winds (<34kt)
Florence (2018),34986,No TS winds (<34kt)
Florence (2018),32579,No TS winds (<34kt)
Florence (2018),34103,No TS winds (<34kt)
Florence (2018),34229,No TS winds (<34kt)
Florence (2018),28511,Hurricane-force (>=64kt)
Florence (2018),33321,No TS winds (<34kt)
Florence (2018),33770,No TS winds (<34kt)
Florence (2018),36549,No TS winds (<34kt)
Florence (2018),27531,Gale-force (50–63kt)
Florence (2018),27948,Tropical-storm (34–49kt)
Florence (2018),33440,No TS winds (<34kt)
Florence (2018),34688,No TS winds (<34kt)
Florence (2018),28739,No TS winds (<34kt)
Florence (2018),32009,No TS winds (<34kt)
Florence (2018),28504,Hurricane-force (>=64kt)
Florence (2018),28624,No TS winds (<34kt)
Florence (2018),34211,No TS winds (<34kt)
Florence (2018),27249,No TS winds (<34kt)
Florence (2018),28097,Tropical-storm (34–49kt)
Florence (2018),32960,No TS winds (<34kt)
Florence (2018),28787,No TS winds (<34kt)
Florence (2018),27262,No TS winds (<34kt)
Florence (2018),28382,Gale-force (50–63kt)
Florence (2018),32212,No TS winds (<34kt)
Florence (2018),33170,No TS winds (<34kt)
Florence (2018),34429,No TS winds (<34kt)
Florence (2018),28152,No TS winds (<34kt)
Florence (2018),28206,No TS winds (<34kt)
Florence (2018),34216,No TS winds (<34kt)
Florence (2018),27601,Tropical-storm (34–49kt)
Florence (2018),27605,Tropical-storm (34–49kt)
Florence (2018),28531,Hurricane-force (>=64kt)
Florence (2018),23887,Tropical-storm (34–49kt)
Florence (2018),27233,Tropical-storm (34–49kt)
Florence (2018),28006,No TS winds (<34kt)
Florence (2018),32189,No TS winds (<34kt)
Florence (2018),32102,No TS winds (<34kt)
Florence (2018),36442,No TS winds (<34kt)
Florence (2018),33848,No TS winds (<34kt)
Florence (2018),28740,No TS winds (<34kt)
Florence (2018),27937,Tropical-storm (34–49kt)
Florence (2018),28774,No TS winds (<34kt)
Florence (2018),28649,No TS winds (<34kt)
Florence (2018),23322,Tropical-storm (34–49kt)
Florence (2018),27965,Tropical-storm (34–49kt)
Florence (2018),28746,No TS winds (<34kt)
Florence (2018),32641,No TS winds (<34kt)
Florence (2018),27305,No TS winds (<34kt)
Florence (2018),27919,Tropical-storm (34–49kt)
Florence (2018),28575,Hurricane-force (>=64kt)
Florence (2018),31547,No TS winds (<34kt)
Florence (2018),28343,Tropical-storm (34–49kt)
Florence (2018),28515,Hurricane-force (>=64kt)
Florence (2018),27928,Tropical-storm (34–49kt)
Florence (2018),28439,Gale-force (50–63kt)
Florence (2018),36511,No TS winds (<34kt)
Florence (2018),33854,No TS winds (<34kt)
Florence (2018),32511,No TS winds (<34kt)
Florence (2018),28628,No TS winds (<34kt)
Florence (2018),32228,No TS winds (<34kt)
Florence (2018),28464,Hurricane-force (>=64kt)
Florence (2018),28757,No TS winds (<34kt)
Florence (2018),28452,Hurricane-force (>=64kt)
Florence (2018),27922,Tropical-storm (34–49kt)
Florence (2018),36560,No TS winds (<34kt)
Florence (2018),28537,Gale-force (50–63kt)
Florence (2018),34101,No TS winds (<34kt)
Florence (2018),27826,Gale-force (50–63kt)
Irma (2017),33184,Gale-force (50–63kt)
Irma (2017),33803,Hurricane-force (>=64kt)
Irma (2017),33967,Hurricane-force (>=64kt)
Irma (2017),33990,Hurricane-force (>=64kt)
Irma (2017),34135,Hurricane-force (>=64kt)
Irma (2017),32119,Gale-force (50–63kt)
Irma (2017),32145,Gale-force (50–63kt)
Irma (2017),32548,Tropical-storm (34–49kt)
Irma (2017),32830,Gale-force (50–63kt)
Irma (2017),32952,Gale-force (50–63kt)
Irma (2017),33426,Gale-force (50–63kt)
Irma (2017),33556,Gale-force (50–63kt)
Irma (2017),33706,Gale-force (50–63kt)
Irma (2017),34668,Hurricane-force (>=64kt)
Irma (2017),32043,Gale-force (50–63kt)
Irma (2017),32750,Gale-force (50–63kt)
Irma (2017),32811,Gale-force (50–63kt)
Irma (2017),32818,Gale-force (50–63kt)
Irma (2017),33055,Gale-force (50–63kt)
Irma (2017),33547,Hurricane-force (>=64kt)
Irma (2017),34104,Hurricane-force (>=64kt)
Irma (2017),33021,Gale-force (50–63kt)
Irma (2017),33065,Gale-force (50–63kt)
Irma (2017),33138,Gale-force (50–63kt)
Irma (2017),33311,Gale-force (50–63kt)
Irma (2017),33433,Gale-force (50–63kt)
Irma (2017),34229,Hurricane-force (>=64kt)
Irma (2017),32086,Gale-force (50–63kt)
Irma (2017),32095,Gale-force (50–63kt)
Irma (2017),32544,Tropical-storm (34–49kt)
Irma (2017),32619,Gale-force (50–63kt)
Irma (2017),33781,Gale-force (50–63kt)
Irma (2017),32159,Gale-force (50–63kt)
Irma (2017),32209,Gale-force (50–63kt)
Irma (2017),32317,Gale-force (50–63kt)
Irma (2017),33319,Gale-force (50–63kt)
Irma (2017),32311,Gale-force (50–63kt)
Irma (2017),32568,Tropical-storm (34–49kt)
Irma (2017),32807,Gale-force (50–63kt)
Irma (2017),33158,Gale-force (50–63kt)
Irma (2017),32960,Gale-force (50–63kt)
Irma (2017),32258,Gale-force (50–63kt)
Irma (2017),34994,Gale-force (50–63kt)
Irma (2017),32003,Gale-force (50–63kt)
Irma (2017),32331,Gale-force (50–63kt)
Irma (2017),34114,Hurricane-force (>=64kt)
Irma (2017),34138,Hurricane-force (>=64kt)
Irma (2017),32967,Gale-force (50–63kt)
Irma (2017),33852,Hurricane-force (>=64kt)
Irma (2017),34758,Gale-force (50–63kt)
Irma (2017),32130,Gale-force (50–63kt)
Irma (2017),32305,Gale-force (50–63kt)
Irma (2017),32053,Gale-force (50–63kt)
Irma (2017),32110,Gale-force (50–63kt)
Irma (2017),32148,Gale-force (50–63kt)
Irma (2017),32948,Gale-force (50–63kt)
Irma (2017),32064,Gale-force (50–63kt)
Irma (2017),32052,Gale-force (50–63kt)
Irma (2017),32190,Gale-force (50–63kt)
Irma (2017),34753,Hurricane-force (>=64kt)
Irma (2017),32356,Gale-force (50–63kt)
Florence (2018),34679,No TS winds (<34kt)
Michael (2018),28461,Tropical-storm (34–49kt)
Michael (2018),28779,No TS winds (<34kt)
Michael (2018),32097,No TS winds (<34kt)
Michael (2018),32110,No TS winds (<34kt)
Michael (2018),32169,No TS winds (<34kt)
Michael (2018),32256,No TS winds (<34kt)
Michael (2018),32821,No TS winds (<34kt)
Michael (2018),32830,No TS winds (<34kt)
Michael (2018),32931,No TS winds (<34kt)
Michael (2018),33063,No TS winds (<34kt)
Michael (2018),33143,No TS winds (<34kt)
Michael (2018),34108,No TS winds (<34kt)
Michael (2018),34219,No TS winds (<34kt)
Michael (2018),36542,Tropical-storm (34–49kt)
Michael (2018),36575,No TS winds (<34kt)
Michael (2018),36695,No TS winds (<34kt)
Michael (2018),27834,Gale-force (50–63kt)
Michael (2018),28510,Gale-force (50–63kt)
Michael (2018),28572,Tropical-storm (34–49kt)
Michael (2018),32331,Tropical-storm (34–49kt)
Michael (2018),32751,No TS winds (<34kt)
Michael (2018),32907,No TS winds (<34kt)
Michael (2018),32934,No TS winds (<34kt)
Michael (2018),33004,No TS winds (<34kt)
Michael (2018),33070,No TS winds (<34kt)
Michael (2018),33073,No TS winds (<34kt)
Michael (2018),33756,No TS winds (<34kt)
Michael (2018),33811,No TS winds (<34kt)
Michael (2018),34114,No TS winds (<34kt)
Michael (2018),34117,No TS winds (<34kt)
Michael (2018),34238,No TS winds (<34kt)
Michael (2018),34286,No TS winds (<34kt)
Michael (2018),34639,No TS winds (<34kt)
Michael (2018),27262,No TS winds (<34kt)
Michael (2018),27870,No TS winds (<34kt)
Michael (2018),28644,No TS winds (<34kt)
Michael (2018),32220,No TS winds (<34kt)
Michael (2018),33176,No TS winds (<34kt)
Michael (2018),33706,No TS winds (<34kt)
Michael (2018),34103,No TS winds (<34kt)
Michael (2018),34105,No TS winds (<34kt)
Michael (2018),34667,No TS winds (<34kt)
Michael (2018),34677,No TS winds (<34kt)
Michael (2018),34981,No TS winds (<34kt)
Michael (2018),36509,No TS winds (<34kt)
Michael (2018),36544,No TS winds (<34kt)
Michael (2018),27525,No TS winds (<34kt)
Michael (2018),28386,Tropical-storm (34–49kt)
Michael (2018),28443,Tropical-storm (34–49kt)
Michael (2018),32628,Tropical-storm (34–49kt)
Michael (2018),32905,No TS winds (<34kt)
Michael (2018),33018,No TS winds (<34kt)
Michael (2018),33548,No TS winds (<34kt)
Michael (2018),33853,No TS winds (<34kt)
Michael (2018),36693,No TS winds (<34kt)
Michael (2018),27592,Tropical-storm (34–49kt)
Michael (2018),28613,No TS winds (<34kt)
Michael (2018),32127,No TS winds (<34kt)
Michael (2018),33062,No TS winds (<34kt)
Michael (2018),33760,No TS winds (<34kt)
Michael (2018),34689,No TS winds (<34kt)
Michael (2018),27407,No TS winds (<34kt)
Michael (2018),28715,No TS winds (<34kt)
Michael (2018),29303,No TS winds (<34kt)
Michael (2018),32179,No TS winds (<34kt)
Michael (2018),33437,No TS winds (<34kt)
Michael (2018),34698,No TS winds (<34kt)
Michael (2018),34785,No TS winds (<34kt)
Michael (2018),34945,No TS winds (<34kt)
Michael (2018),34949,No TS winds (<34kt)
Michael (2018),28594,Gale-force (50–63kt)
Michael (2018),27055,No TS winds (<34kt)
Michael (2018),28137,No TS winds (<34kt)
Michael (2018),28752,No TS winds (<34kt)
Michael (2018),32455,Gale-force (50–63kt)
Michael (2018),33714,No TS winds (<34kt)
Michael (2018),34208,No TS winds (<34kt)
Michael (2018),27601,No TS winds (<34kt)
Michael (2018),32968,No TS winds (<34kt)
Michael (2018),27980,Gale-force (50–63kt)
Michael (2018),29385,No TS winds (<34kt)
Michael (2018),34473,No TS winds (<34kt)
Michael (2018),36612,No TS winds (<34kt)
Michael (2018),33704,No TS winds (<34kt)
Michael (2018),33146,No TS winds (<34kt)
Michael (2018),32542,Tropical-storm (34–49kt)
Michael (2018),32609,No TS winds (<34kt)
Michael (2018),36528,No TS winds (<34kt)
Michael (2018),28119,Tropical-storm (34–49kt)
Michael (2018),29702,No TS winds (<34kt)
Michael (2018),32062,Tropical-storm (34–49kt)
Michael (2018),27537,No TS winds (<34kt)
Michael (2018),27565,No TS winds (<34kt)
Michael (2018),28431,Tropical-storm (34–49kt)
Michael (2018),32735,No TS winds (<34kt)
Michael (2018),32776,No TS winds (<34kt)
Michael (2018),33493,No TS winds (<34kt)
Michael (2018),28543,Gale-force (50–63kt)
Michael (2018),34228,No TS winds (<34kt)
Michael (2018),34217,No TS winds (<34kt)
Michael (2018),27014,No TS winds (<34kt)
Michael (2018),28756,No TS winds (<34kt)
Michael (2018),28731,No TS winds (<34kt)
Michael (2018),28741,No TS winds (<34kt)
Michael (2018),28345,Tropical-storm (34–49kt)
Michael (2018),39845,Gale-force (50–63kt)
Michael (2018),27299,No TS winds (<34kt)
Michael (2018),28020,No TS winds (<34kt)
Michael (2018),27589,No TS winds (<34kt)
Michael (2018),37326,No TS winds (<34kt)
Michael (2018),37681,No TS winds (<34kt)
Michael (2018),28582,Gale-force (50–63kt)
Michael (2018),28654,No TS winds (<34kt)
Michael (2018),32461,Gale-force (50–63kt)
Michael (2018),28729,No TS winds (<34kt)
Michael (2018),33839,No TS winds (<34kt)
Michael (2018),28531,Tropical-storm (34–49kt)
Michael (2018),28743,No TS winds (<34kt)
Michael (2018),27875,Gale-force (50–63kt)
Michael (2018),28579,Gale-force (50–63kt)
Michael (2018),28447,Tropical-storm (34–49kt)
Michael (2018),29525,Tropical-storm (34–49kt)
Michael (2018),32445,Gale-force (50–63kt)
Michael (2018),27553,No TS winds (<34kt)
Michael (2018),36426,No TS winds (<34kt)
Michael (2018),27937,Gale-force (50–63kt)
Michael (2018),36477,Tropical-storm (34–49kt)
Michael (2018),28442,Tropical-storm (34–49kt)
Michael (2018),34760,No TS winds (<34kt)
Michael (2018),29709,No TS winds (<34kt)
Michael (2018),23879,Tropical-storm (34–49kt)
Michael (2018),29368,No TS winds (<34kt)
Michael (2018),27555,Tropical-storm (34–49kt)
Michael (2018),23874,Tropical-storm (34–49kt)
Michael (2018),28076,No TS winds (<34kt)
Michael (2018),23857,Tropical-storm (34–49kt)
Michael (2018),37843,No TS winds (<34kt)
Michael (2018),36455,Tropical-storm (34–49kt)
Michael (2018),24333,No TS winds (<34kt)
Michael (2018),27872,Gale-force (50–63kt)
Michael (2018),31629,Tropical-storm (34–49kt)
Michael (2018),28587,Gale-force (50–63kt)
Harvey (2017),75062,No TS winds (<34kt)
Harvey (2017),75644,No TS winds (<34kt)
Harvey (2017),76245,No TS winds (<34kt)
Harvey (2017),78550,No TS winds (<34kt)
Harvey (2017),78660,No TS winds (<34kt)
Harvey (2017),79766,No TS winds (<34kt)
Harvey (2017),76177,No TS winds (<34kt)
Harvey (2017),78061,No TS winds (<34kt)
Harvey (2017),78570,No TS winds (<34kt)
Harvey (2017),71111,No TS winds (<34kt)
Harvey (2017),75098,No TS winds (<34kt)
Harvey (2017),76087,No TS winds (<34kt)
Harvey (2017),79602,No TS winds (<34kt)
Harvey (2017),77062,Tropical-storm (34–49kt)
Harvey (2017),78006,No TS winds (<34kt)
Harvey (2017),78669,No TS winds (<34kt)
Harvey (2017),75042,No TS winds (<34kt)
Harvey (2017),78215,Tropical-storm (34–49kt)
Harvey (2017),78230,No TS winds (<34kt)
Harvey (2017),79106,No TS winds (<34kt)
Harvey (2017),79763,No TS winds (<34kt)
Harvey (2017),75024,No TS winds (<34kt)
Harvey (2017),75063,No TS winds (<34kt)
Harvey (2017),75125,No TS winds (<34kt)
Harvey (2017),76262,No TS winds (<34kt)
Harvey (2017),77083,Tropical-storm (34–49kt)
Harvey (2017),78213,Tropical-storm (34–49kt)
Harvey (2017),79108,No TS winds (<34kt)
Harvey (2017),79606,No TS winds (<34kt)
Harvey (2017),79927,No TS winds (<34kt)
Harvey (2017),77007,Tropical-storm (34–49kt)
Harvey (2017),78384,No TS winds (<34kt)
Harvey (2017),79012,No TS winds (<34kt)
Harvey (2017),71449,No TS winds (<34kt)
Harvey (2017),75110,No TS winds (<34kt)
Harvey (2017),75662,No TS winds (<34kt)
Harvey (2017),76078,No TS winds (<34kt)
Harvey (2017),76531,No TS winds (<34kt)
Harvey (2017),77563,Tropical-storm (34–49kt)
Harvey (2017),78671,No TS winds (<34kt)
Harvey (2017),78732,No TS winds (<34kt)
Harvey (2017),79110,No TS winds (<34kt)
Harvey (2017),75501,No TS winds (<34kt)
Harvey (2017),76209,No TS winds (<34kt)
Harvey (2017),77020,Tropical-storm (34–49kt)
Harvey (2017),77802,Tropical-storm (34–49kt)
Harvey (2017),78252,No TS winds (<34kt)
Harvey (2017),88101,No TS winds (<34kt)
Harvey (2017),75831,No TS winds (<34kt)
Harvey (2017),79756,No TS winds (<34kt)
Harvey (2017),75150,No TS winds (<34kt)
Harvey (2017),75143,No TS winds (<34kt)
Harvey (2017),75216,No TS winds (<34kt)
Harvey (2017),75691,No TS winds (<34kt)
Harvey (2017),75050,No TS winds (<34kt)
Harvey (2017),75559,No TS winds (<34kt)
Harvey (2017),77396,Tropical-storm (34–49kt)
Harvey (2017),78064,Tropical-storm (34–49kt)
Harvey (2017),75762,No TS winds (<34kt)
Harvey (2017),76009,No TS winds (<34kt)
Harvey (2017),77302,Tropical-storm (34–49kt)
Harvey (2017),77328,Tropical-storm (34–49kt)
Harvey (2017),75442,No TS winds (<34kt)
Harvey (2017),71044,No TS winds (<34kt)
Harvey (2017),75215,No TS winds (<34kt)
Harvey (2017),76084,No TS winds (<34kt)
Harvey (2017),76872,No TS winds (<34kt)
Harvey (2017),88242,No TS winds (<34kt)
Harvey (2017),78368,Tropical-storm (34–49kt)
Harvey (2017),78626,No TS winds (<34kt)
Harvey (2017),73848,No TS winds (<34kt)
Harvey (2017),78608,No TS winds (<34kt)
Harvey (2017),71129,No TS winds (<34kt)
Harvey (2017),75752,No TS winds (<34kt)
Harvey (2017),78663,No TS winds (<34kt)
Harvey (2017),79245,No TS winds (<34kt)
Harvey (2017),79739,No TS winds (<34kt)
Harvey (2017),75412,No TS winds (<34kt)
Harvey (2017),75457,No TS winds (<34kt)
Harvey (2017),76249,No TS winds (<34kt)
Harvey (2017),75936,No TS winds (<34kt)
Harvey (2017),75471,No TS winds (<34kt)
Harvey (2017),71119,No TS winds (<34kt)
Harvey (2017),76651,No TS winds (<34kt)
Harvey (2017),77963,Hurricane-force (>=64kt)
Harvey (2017),78235,Tropical-storm (34–49kt)
Harvey (2017),76642,No TS winds (<34kt)
Harvey (2017),76821,No TS winds (<34kt)
Harvey (2017),75683,No TS winds (<34kt)
Harvey (2017),75756,No TS winds (<34kt)
Harvey (2017),75630,No TS winds (<34kt)
Harvey (2017),79544,No TS winds (<34kt)
Harvey (2017),75423,No TS winds (<34kt)
Harvey (2017),78940,Tropical-storm (34–49kt)
Harvey (2017),73931,No TS winds (<34kt)
Harvey (2017),71834,No TS winds (<34kt)
Harvey (2017),77482,Tropical-storm (34–49kt)
Harvey (2017),71082,No TS winds (<34kt)
Harvey (2017),76887,No TS winds (<34kt)
Harvey (2017),79370,No TS winds (<34kt)
Harvey (2017),79730,No TS winds (<34kt)
Harvey (2017),75558,No TS winds (<34kt)
Harvey (2017),78675,No TS winds (<34kt)
Harvey (2017),79084,No TS winds (<34kt)
Harvey (2017),76064,No TS winds (<34kt)
Harvey (2017),79567,No TS winds (<34kt)
Harvey (2017),78024,No TS winds (<34kt)
Harvey (2017),77629,No TS winds (<34kt)
Harvey (2017),78351,Tropical-storm (34–49kt)
Harvey (2017),78008,Tropical-storm (34–49kt)
Harvey (2017),79535,No TS winds (<34kt)
Harvey (2017),79541,No TS winds (<34kt)
Harvey (2017),79005,No TS winds (<34kt)
Harvey (2017),75420,No TS winds (<34kt)
Harvey (2017),77585,No TS winds (<34kt)
Harvey (2017),76253,No TS winds (<34kt)
Harvey (2017),74766,No TS winds (<34kt)
Harvey (2017),78344,No TS winds (<34kt)
Harvey (2017),77368,No TS winds (<34kt)
Harvey (2017),73933,No TS winds (<34kt)
Harvey (2017),76828,No TS winds (<34kt)
Harvey (2017),76435,No TS winds (<34kt)
Harvey (2017),78877,No TS winds (<34kt)
Harvey (2017),75493,No TS winds (<34kt)
Harvey (2017),75437,No TS winds (<34kt)
Harvey (2017),75164,No TS winds (<34kt)
Harvey (2017),74723,No TS winds (<34kt)
Harvey (2017),77326,No TS winds (<34kt)
Harvey (2017),77412,Tropical-storm (34–49kt)
Harvey (2017),75642,No TS winds (<34kt)
Harvey (2017),75849,No TS winds (<34kt)
Harvey (2017),78335,Hurricane-force (>=64kt)
Harvey (2017),75157,No TS winds (<34kt)
Harvey (2017),70652,No TS winds (<34kt)
Harvey (2017),76263,No TS winds (<34kt)
Harvey (2017),75475,No TS winds (<34kt)
Harvey (2017),76831,No TS winds (<34kt)
Harvey (2017),77969,Gale-force (50–63kt)
Imelda (2019),76226,No TS winds (<34kt)
Imelda (2019),76708,No TS winds (<34kt)
Imelda (2019),77447,No TS winds (<34kt)
Imelda (2019),77662,No TS winds (<34kt)
Imelda (2019),77665,No TS winds (<34kt)
Imelda (2019),78233,No TS winds (<34kt)
Imelda (2019),78660,No TS winds (<34kt)
Imelda (2019),75757,No TS winds (<34kt)
Imelda (2019),77017,No TS winds (<34kt)
Imelda (2019),77070,No TS winds (<34kt)
Imelda (2019),77091,No TS winds (<34kt)
Imelda (2019),79762,No TS winds (<34kt)
Imelda (2019),71104,No TS winds (<34kt)
Imelda (2019),75032,No TS winds (<34kt)
Imelda (2019),75462,No TS winds (<34kt)
Imelda (2019),75602,No TS winds (<34kt)
Imelda (2019),76444,No TS winds (<34kt)
Imelda (2019),77375,No TS winds (<34kt)
Imelda (2019),77506,No TS winds (<34kt)
Imelda (2019),77612,No TS winds (<34kt)
Imelda (2019),78728,No TS winds (<34kt)
Imelda (2019),79852,No TS winds (<34kt)
Imelda (2019),75454,No TS winds (<34kt)
Imelda (2019),76110,No TS winds (<34kt)
Imelda (2019),78654,No TS winds (<34kt)
Imelda (2019),79072,No TS winds (<34kt)
Imelda (2019),75078,No TS winds (<34kt)
Imelda (2019),75219,No TS winds (<34kt)
Imelda (2019),77066,No TS winds (<34kt)
Imelda (2019),78015,No TS winds (<34kt)
Imelda (2019),77043,No TS winds (<34kt)
Imelda (2019),77441,No TS winds (<34kt)
Imelda (2019),77521,No TS winds (<34kt)
Imelda (2019),78828,No TS winds (<34kt)
Imelda (2019),79705,No TS winds (<34kt)
Imelda (2019),79754,No TS winds (<34kt)
Imelda (2019),75236,No TS winds (<34kt)
Imelda (2019),76132,No TS winds (<34kt)
Imelda (2019),75081,No TS winds (<34kt)
Imelda (2019),77904,No TS winds (<34kt)
Imelda (2019),75959,No TS winds (<34kt)
Imelda (2019),76432,No TS winds (<34kt)
Imelda (2019),77978,No TS winds (<34kt)
Imelda (2019),79010,No TS winds (<34kt)
Imelda (2019),79904,No TS winds (<34kt)
Imelda (2019),76066,No TS winds (<34kt)
Imelda (2019),79336,No TS winds (<34kt)
Imelda (2019),76556,No TS winds (<34kt)
Imelda (2019),77038,No TS winds (<34kt)
Imelda (2019),77435,No TS winds (<34kt)
Imelda (2019),78703,No TS winds (<34kt)
Imelda (2019),75644,No TS winds (<34kt)
Imelda (2019),76667,No TS winds (<34kt)
Imelda (2019),73463,No TS winds (<34kt)
Imelda (2019),73544,No TS winds (<34kt)
Imelda (2019),75756,No TS winds (<34kt)
Imelda (2019),71047,No TS winds (<34kt)
Imelda (2019),75839,No TS winds (<34kt)
Imelda (2019),75248,No TS winds (<34kt)
Imelda (2019),75254,No TS winds (<34kt)
Imelda (2019),76635,No TS winds (<34kt)
Imelda (2019),76448,No TS winds (<34kt)
Imelda (2019),79843,No TS winds (<34kt)
Imelda (2019),76302,No TS winds (<34kt)
Imelda (2019),76055,No TS winds (<34kt)
Imelda (2019),78004,No TS winds (<34kt)
Imelda (2019),78159,No TS winds (<34kt)
Imelda (2019),78118,No TS winds (<34kt)
Imelda (2019),78656,No TS winds (<34kt)
Imelda (2019),75210,No TS winds (<34kt)
Imelda (2019),75801,No TS winds (<34kt)
Imelda (2019),76050,No TS winds (<34kt)
Imelda (2019),77006,No TS winds (<34kt)
Imelda (2019),78057,No TS winds (<34kt)
Imelda (2019),71119,No TS winds (<34kt)
Imelda (2019),75473,No TS winds (<34kt)
Imelda (2019),78597,No TS winds (<34kt)
Imelda (2019),76239,No TS winds (<34kt)
Imelda (2019),75481,No TS winds (<34kt)
Imelda (2019),77951,No TS winds (<34kt)
Imelda (2019),79906,No TS winds (<34kt)
Imelda (2019),75853,No TS winds (<34kt)
Imelda (2019),78873,No TS winds (<34kt)
Imelda (2019),76265,No TS winds (<34kt)
Imelda (2019),73666,No TS winds (<34kt)
Imelda (2019),76629,No TS winds (<34kt)
Imelda (2019),76941,No TS winds (<34kt)
Imelda (2019),78339,No TS winds (<34kt)
Imelda (2019),78881,No TS winds (<34kt)
Imelda (2019),73572,No TS winds (<34kt)
Imelda (2019),74740,No TS winds (<34kt)
Imelda (2019),76671,No TS winds (<34kt)
Imelda (2019),78385,No TS winds (<34kt)
Imelda (2019),79759,No TS winds (<34kt)
Imelda (2019),77010,No TS winds (<34kt)
Imelda (2019),76831,No TS winds (<34kt)
Imelda (2019),76388,No TS winds (<34kt)
Imelda (2019),79370,No TS winds (<34kt)
Imelda (2019),75779,No TS winds (<34kt)
Imelda (2019),79742,No TS winds (<34kt)
Imelda (2019),79537,No TS winds (<34kt)
Imelda (2019),77987,No TS winds (<34kt)
Imelda (2019),75413,No TS winds (<34kt)
Imelda (2019),78561,No TS winds (<34kt)
Imelda (2019),77857,No TS winds (<34kt)
Imelda (2019),78742,No TS winds (<34kt)
Imelda (2019),76628,No TS winds (<34kt)
Imelda (2019),76597,No TS winds (<34kt)
Imelda (2019),75642,No TS winds (<34kt)
Imelda (2019),78802,No TS winds (<34kt)
Imelda (2019),76885,No TS winds (<34kt)
Imelda (2019),73933,No TS winds (<34kt)
Florence (2018),27526,Tropical-storm (34–49kt)
Florence (2018),28403,Hurricane-force (>=64kt)
Florence (2018),28580,Gale-force (50–63kt)
Florence (2018),32068,No TS winds (<34kt)
Florence (2018),32128,No TS winds (<34kt)
Florence (2018),32220,No TS winds (<34kt)
Florence (2018),32547,No TS winds (<34kt)
Florence (2018),32550,No TS winds (<34kt)
Florence (2018),32561,No TS winds (<34kt)
Florence (2018),32776,No TS winds (<34kt)
Florence (2018),32835,No TS winds (<34kt)
Florence (2018),33143,No TS winds (<34kt)
Florence (2018),33311,No TS winds (<34kt)
Florence (2018),33525,No TS winds (<34kt)
Florence (2018),33778,No TS winds (<34kt)
Florence (2018),34221,No TS winds (<34kt)
Florence (2018),36441,No TS winds (<34kt)
Florence (2018),27012,No TS winds (<34kt)
Florence (2018),27028,No TS winds (<34kt)
Florence (2018),27537,Tropical-storm (34–49kt)
Florence (2018),27542,Tropical-storm (34–49kt)
Florence (2018),32124,No TS winds (<34kt)
Florence (2018),32304,No TS winds (<34kt)
Florence (2018),32506,No TS winds (<34kt)
Florence (2018),33062,No TS winds (<34kt)
Florence (2018),33701,No TS winds (<34kt)
Florence (2018),33850,No TS winds (<34kt)
Florence (2018),33896,No TS winds (<34kt)
Florence (2018),34205,No TS winds (<34kt)
Florence (2018),34691,No TS winds (<34kt)
Florence (2018),34771,No TS winds (<34kt)
Florence (2018),34974,No TS winds (<34kt)
Florence (2018),27302,Tropical-storm (34–49kt)
Florence (2018),27529,Tropical-storm (34–49kt)
Florence (2018),27804,Tropical-storm (34–49kt)
Florence (2018),28262,Tropical-storm (34–49kt)
Florence (2018),28371,Tropical-storm (34–49kt)
Florence (2018),28609,No TS winds (<34kt)
Florence (2018),28789,No TS winds (<34kt)
Florence (2018),29316,No TS winds (<34kt)
Florence (2018),29690,No TS winds (<34kt)
Florence (2018),32024,No TS winds (<34kt)
Florence (2018),32164,No TS winds (<34kt)
Florence (2018),32771,No TS winds (<34kt)
Florence (2018),33063,No TS winds (<34kt)
Florence (2018),33809,No TS winds (<34kt)
Florence (2018),34234,No TS winds (<34kt)
Florence (2018),34610,No TS winds (<34kt)
Florence (2018),27712,Tropical-storm (34–49kt)
Florence (2018),27973,Tropical-storm (34–49kt)
Florence (2018),28716,No TS winds (<34kt)
Florence (2018),32504,No TS winds (<34kt)
Florence (2018),32796,No TS winds (<34kt)
Florence (2018),33314,No TS winds (<34kt)
Florence (2018),33566,No TS winds (<34kt)
Florence (2018),33598,No TS winds (<34kt)
Florence (2018),33872,No TS winds (<34kt)
Florence (2018),34217,No TS winds (<34kt)
Florence (2018),28467,Hurricane-force (>=64kt)
Florence (2018),28578,Gale-force (50–63kt)
Florence (2018),32040,No TS winds (<34kt)
Florence (2018),32266,No TS winds (<34kt)
Florence (2018),32962,No TS winds (<34kt)
Florence (2018),33186,No TS winds (<34kt)
Florence (2018),33194,No TS winds (<34kt)
Florence (2018),34251,No TS winds (<34kt)
Florence (2018),27051,No TS winds (<34kt)
Florence (2018),27574,No TS winds (<34kt)
Florence (2018),27809,Tropical-storm (34–49kt)
Florence (2018),28714,No TS winds (<34kt)
Florence (2018),28721,No TS winds (<34kt)
Florence (2018),28731,No TS winds (<34kt)
Florence (2018),32110,No TS winds (<34kt)
Florence (2018),32257,No TS winds (<34kt)
Florence (2018),36603,No TS winds (<34kt)
Florence (2018),28018,No TS winds (<34kt)
Florence (2018),28655,No TS winds (<34kt)
Florence (2018),29536,Gale-force (50–63kt)
Florence (2018),29743,No TS winds (<34kt)
Florence (2018),32025,No TS winds (<34kt)
Florence (2018),32401,No TS winds (<34kt)
Florence (2018),33184,No TS winds (<34kt)
Florence (2018),33762,No TS winds (<34kt)
Florence (2018),27239,Tropical-storm (34–49kt)
Florence (2018),28697,No TS winds (<34kt)
Florence (2018),32526,No TS winds (<34kt)
Florence (2018),33957,No TS winds (<34kt)
Florence (2018),34769,No TS winds (<34kt)
Florence (2018),27011,No TS winds (<34kt)
Florence (2018),27505,Tropical-storm (34–49kt)
Florence (2018),27983,Tropical-storm (34–49kt)
Florence (2018),28804,No TS winds (<34kt)
Florence (2018),33334,No TS winds (<34kt)
Florence (2018),36587,No TS winds (<34kt)
Florence (2018),27023,No TS winds (<34kt)
Florence (2018),32448,No TS winds (<34kt)
Florence (2018),33161,No TS winds (<34kt)
Florence (2018),32132,No TS winds (<34kt)
Florence (2018),32407,No TS winds (<34kt)
Florence (2018),32619,No TS winds (<34kt)
Florence (2018),33548,No TS winds (<34kt)
Florence (2018),34690,No TS winds (<34kt)
Florence (2018),37876,No TS winds (<34kt)
Florence (2018),28345,Tropical-storm (34–49kt)
Florence (2018),28635,No TS winds (<34kt)
Florence (2018),28203,No TS winds (<34kt)
Florence (2018),27282,No TS winds (<34kt)
Florence (2018),33706,No TS winds (<34kt)
Florence (2018),27954,Tropical-storm (34–49kt)
Florence (2018),32603,No TS winds (<34kt)
Florence (2018),27109,No TS winds (<34kt)
Florence (2018),27355,Tropical-storm (34–49kt)
Florence (2018),29728,Tropical-storm (34–49kt)
Florence (2018),32966,No TS winds (<34kt)
Florence (2018),32531,No TS winds (<34kt)
Florence (2018),33597,No TS winds (<34kt)
Florence (2018),27231,Tropical-storm (34–49kt)
Florence (2018),27891,Tropical-storm (34–49kt)
Florence (2018),36602,No TS winds (<34kt)
Florence (2018),30513,No TS winds (<34kt)
Florence (2018),28344,Tropical-storm (34–49kt)
Florence (2018),28009,Tropical-storm (34–49kt)
Florence (2018),30541,No TS winds (<34kt)
Florence (2018),32083,No TS winds (<34kt)
Florence (2018),31792,No TS winds (<34kt)
Florence (2018),28527,Hurricane-force (>=64kt)
Florence (2018),28663,No TS winds (<34kt)
Florence (2018),32692,No TS winds (<34kt)
Florence (2018),28072,Tropical-storm (34–49kt)
Florence (2018),28902,No TS winds (<34kt)
Florence (2018),28684,No TS winds (<34kt)
Florence (2018),27046,No TS winds (<34kt)
Florence (2018),34760,No TS winds (<34kt)
Florence (2018),28448,Hurricane-force (>=64kt)
Florence (2018),30560,No TS winds (<34kt)
Florence (2018),29733,No TS winds (<34kt)
Florence (2018),28622,No TS winds (<34kt)
Florence (2018),27950,Tropical-storm (34–49kt)
Florence (2018),28430,Gale-force (50–63kt)
Florence (2018),27556,Tropical-storm (34–49kt)
Florence (2018),28553,Hurricane-force (>=64kt)
Florence (2018),28668,No TS winds (<34kt)
Florence (2018),32631,No TS winds (<34kt)
Florence (2018),23879,Tropical-storm (34–49kt)
Irma (2017),33316,Gale-force (50–63kt)
Irma (2017),33408,Gale-force (50–63kt)
Irma (2017),33579,Gale-force (50–63kt)
Irma (2017),33901,Hurricane-force (>=64kt)
Irma (2017),34293,Hurricane-force (>=64kt)
Irma (2017),34482,Gale-force (50–63kt)
Irma (2017),32164,Gale-force (50–63kt)
Irma (2017),32221,Gale-force (50–63kt)
Irma (2017),32754,Gale-force (50–63kt)
Irma (2017),32784,Gale-force (50–63kt)
Irma (2017),32810,Gale-force (50–63kt)
Irma (2017),32962,Gale-force (50–63kt)
Irma (2017),33029,Hurricane-force (>=64kt)
Irma (2017),33076,Gale-force (50–63kt)
Irma (2017),33126,Gale-force (50–63kt)
Irma (2017),33322,Gale-force (50–63kt)
Irma (2017),33328,Gale-force (50–63kt)
Irma (2017),33617,Hurricane-force (>=64kt)
Irma (2017),33707,Gale-force (50–63kt)
Irma (2017),33936,Hurricane-force (>=64kt)
Irma (2017),34105,Hurricane-force (>=64kt)
Irma (2017),34436,Hurricane-force (>=64kt)
Irma (2017),32034,Gale-force (50–63kt)
Irma (2017),32433,Tropical-storm (34–49kt)
Irma (2017),33027,Gale-force (50–63kt)
Irma (2017),33756,Gale-force (50–63kt)
Irma (2017),32066,Gale-force (50–63kt)
Irma (2017),32246,Gale-force (50–63kt)
Irma (2017),32504,Tropical-storm (34–49kt)
Irma (2017),34233,Gale-force (50–63kt)
Irma (2017),33035,Gale-force (50–63kt)
Irma (2017),33073,Gale-force (50–63kt)
Irma (2017),33566,Hurricane-force (>=64kt)
Irma (2017),33811,Hurricane-force (>=64kt)
Irma (2017),34102,Hurricane-force (>=64kt)
Irma (2017),34996,Gale-force (50–63kt)
Irma (2017),32931,Gale-force (50–63kt)
Irma (2017),33909,Hurricane-force (>=64kt)
Irma (2017),34234,Gale-force (50–63kt)
Irma (2017),32210,Gale-force (50–63kt)
Irma (2017),33473,Gale-force (50–63kt)
Irma (2017),32266,Gale-force (50–63kt)
Irma (2017),32024,Gale-force (50–63kt)
Irma (2017),33765,Gale-force (50–63kt)
Irma (2017),34690,Gale-force (50–63kt)
Irma (2017),32220,Gale-force (50–63kt)
Irma (2017),32054,Gale-force (50–63kt)
Irma (2017),32140,Gale-force (50–63kt)
Irma (2017),36535,No TS winds (<34kt)
Irma (2017),32668,Gale-force (50–63kt)
Irma (2017),33860,Hurricane-force (>=64kt)
Irma (2017),32038,Gale-force (50–63kt)
Irma (2017),33704,Gale-force (50–63kt)
Irma (2017),32501,No TS winds (<34kt)
Irma (2017),34139,Hurricane-force (>=64kt)
Irma (2017),33865,Hurricane-force (>=64kt)
Irma (2017),32448,Tropical-storm (34–49kt)
Irma (2017),32420,Tropical-storm (34–49kt)
Irma (2017),34140,Hurricane-force (>=64kt)
Irma (2017),36580,No TS winds (<34kt)
Irma (2017),32181,Gale-force (50–63kt)
Irma (2017),32350,Gale-force (50–63kt)
Irma (2017),39834,Tropical-storm (34–49kt)
Michael (2018),28607,No TS winds (<34kt)
Michael (2018),28678,No TS winds (<34kt)
Michael (2018),29316,No TS winds (<34kt)
Michael (2018),32206,No TS winds (<34kt)
Michael (2018),32301,Tropical-storm (34–49kt)
Michael (2018),32309,Tropical-storm (34–49kt)
Michael (2018),32446,Gale-force (50–63kt)
Michael (2018),32780,No TS winds (<34kt)
Michael (2018),32955,No TS winds (<34kt)
Michael (2018),33034,No TS winds (<34kt)
Michael (2018),33196,No TS winds (<34kt)
Michael (2018),33414,No TS winds (<34kt)
Michael (2018),33931,No TS winds (<34kt)
Michael (2018),34110,No TS winds (<34kt)
Michael (2018),34120,No TS winds (<34kt)
Michael (2018),34429,No TS winds (<34kt)
Michael (2018),34743,No TS winds (<34kt)
Michael (2018),34984,No TS winds (<34kt)
Michael (2018),27320,No TS winds (<34kt)
Michael (2018),27516,No TS winds (<34kt)
Michael (2018),28403,Tropical-storm (34–49kt)
Michael (2018),28412,Tropical-storm (34–49kt)
Michael (2018),28513,Gale-force (50–63kt)
Michael (2018),32118,No TS winds (<34kt)
Michael (2018),32148,No TS winds (<34kt)
Michael (2018),32605,No TS winds (<34kt)
Michael (2018),32901,No TS winds (<34kt)
Michael (2018),33193,No TS winds (<34kt)
Michael (2018),33566,No TS winds (<34kt)
Michael (2018),33991,No TS winds (<34kt)
Michael (2018),34242,No TS winds (<34kt)
Michael (2018),34741,No TS winds (<34kt)
Michael (2018),36551,No TS winds (<34kt)
Michael (2018),27107,No TS winds (<34kt)
Michael (2018),27502,No TS winds (<34kt)
Michael (2018),27527,No TS winds (<34kt)
Michael (2018),27858,Gale-force (50–63kt)
Michael (2018),28075,No TS winds (<34kt)
Michael (2018),28746,No TS winds (<34kt)
Michael (2018),29322,No TS winds (<34kt)
Michael (2018),29545,Tropical-storm (34–49kt)
Michael (2018),29745,No TS winds (<34kt)
Michael (2018),32514,Tropical-storm (34–49kt)
Michael (2018),32825,No TS winds (<34kt)
Michael (2018),33182,No TS winds (<34kt)
Michael (2018),33478,No TS winds (<34kt)
Michael (2018),33909,No TS winds (<34kt)
Michael (2018),34436,No TS winds (<34kt)
Michael (2018),27410,No TS winds (<34kt)
Michael (2018),27604,No TS winds (<34kt)
Michael (2018),29568,Tropical-storm (34–49kt)
Michael (2018),32038,Tropical-storm (34–49kt)
Michael (2018),32340,Tropical-storm (34–49kt)
Michael (2018),33023,No TS winds (<34kt)
Michael (2018),33773,No TS winds (<34kt)
Michael (2018),33834,No TS winds (<34kt)
Michael (2018),33859,No TS winds (<34kt)
Michael (2018),28103,No TS winds (<34kt)
Michael (2018),28166,No TS winds (<34kt)
Michael (2018),32040,Tropical-storm (34–49kt)
Michael (2018),32117,No TS winds (<34kt)
Michael (2018),32835,No TS winds (<34kt)
Michael (2018),33323,No TS winds (<34kt)
Michael (2018),33496,No TS winds (<34kt)
Michael (2018),34205,No TS winds (<34kt)
Michael (2018),34987,No TS winds (<34kt)
Michael (2018),28333,Tropical-storm (34–49kt)
Michael (2018),28759,No TS winds (<34kt)
Michael (2018),32202,No TS winds (<34kt)
Michael (2018),33015,No TS winds (<34kt)
Michael (2018),33844,No TS winds (<34kt)
Michael (2018),34638,No TS winds (<34kt)
Michael (2018),28723,No TS winds (<34kt)
Michael (2018),33556,No TS winds (<34kt)
Michael (2018),34428,No TS winds (<34kt)
Michael (2018),28174,No TS winds (<34kt)
Michael (2018),33614,No TS winds (<34kt)
Michael (2018),34432,No TS winds (<34kt)
Michael (2018),27244,No TS winds (<34kt)
Michael (2018),27282,No TS winds (<34kt)
Michael (2018),27101,No TS winds (<34kt)
Michael (2018),28159,No TS winds (<34kt)
Michael (2018),33036,No TS winds (<34kt)
Michael (2018),33413,No TS winds (<34kt)
Michael (2018),28139,No TS winds (<34kt)
Michael (2018),33573,No TS winds (<34kt)
Michael (2018),28399,Tropical-storm (34–49kt)
Michael (2018),32958,No TS winds (<34kt)
Michael (2018),33334,No TS winds (<34kt)
Michael (2018),34102,No TS winds (<34kt)
Michael (2018),33170,No TS winds (<34kt)
Michael (2018),27888,Gale-force (50–63kt)
Michael (2018),28694,No TS winds (<34kt)
Michael (2018),28787,No TS winds (<34kt)
Michael (2018),36605,No TS winds (<34kt)
Michael (2018),31558,No TS winds (<34kt)
Michael (2018),28444,Tropical-storm (34–49kt)
Michael (2018),32132,No TS winds (<34kt)
Michael (2018),28478,Tropical-storm (34–49kt)
Michael (2018),33585,No TS winds (<34kt)
Michael (2018),28469,Tropical-storm (34–49kt)
Michael (2018),33812,No TS winds (<34kt)
Michael (2018),34140,No TS winds (<34kt)
Michael (2018),36314,Tropical-storm (34–49kt)
Michael (2018),28701,No TS winds (<34kt)
Michael (2018),28453,Tropical-storm (34–49kt)
Michael (2018),27845,Gale-force (50–63kt)
Michael (2018),36340,Tropical-storm (34–49kt)
Michael (2018),28578,Tropical-storm (34–49kt)
Michael (2018),28606,No TS winds (<34kt)
Michael (2018),28763,No TS winds (<34kt)
Michael (2018),32681,No TS winds (<34kt)
Michael (2018),36574,Tropical-storm (34–49kt)
Michael (2018),33851,No TS winds (<34kt)
Michael (2018),27009,No TS winds (<34kt)
Michael (2018),32443,Gale-force (50–63kt)
Michael (2018),34739,No TS winds (<34kt)
Michael (2018),32330,Gale-force (50–63kt)
Michael (2018),28693,No TS winds (<34kt)
Michael (2018),33924,No TS winds (<34kt)
Michael (2018),28464,Tropical-storm (34–49kt)
Michael (2018),37882,No TS winds (<34kt)
Michael (2018),27943,Tropical-storm (34–49kt)
Michael (2018),28072,No TS winds (<34kt)
Michael (2018),39834,Gale-force (50–63kt)
Michael (2018),27942,Gale-force (50–63kt)
Michael (2018),28781,No TS winds (<34kt)
Michael (2018),28663,No TS winds (<34kt)
Michael (2018),30555,No TS winds (<34kt)
Michael (2018),28622,No TS winds (<34kt)
Michael (2018),33877,No TS winds (<34kt)
Michael (2018),33001,No TS winds (<34kt)
Michael (2018),36559,No TS winds (<34kt)
Michael (2018),29686,No TS winds (<34kt)
Michael (2018),33040,No TS winds (<34kt)
Harvey (2017),75044,No TS winds (<34kt)
Harvey (2017),75230,No TS winds (<34kt)
Harvey (2017),76112,No TS winds (<34kt)
Harvey (2017),77042,Tropical-storm (34–49kt)
Harvey (2017),77511,Tropical-storm (34–49kt)
Harvey (2017),78250,No TS winds (<34kt)
Harvey (2017),77702,No TS winds (<34kt)
Harvey (2017),77982,Hurricane-force (>=64kt)
Harvey (2017),76058,No TS winds (<34kt)
Harvey (2017),77459,Tropical-storm (34–49kt)
Harvey (2017),77550,Tropical-storm (34–49kt)
Harvey (2017),76116,No TS winds (<34kt)
Harvey (2017),77407,Tropical-storm (34–49kt)
Harvey (2017),77506,Tropical-storm (34–49kt)
Harvey (2017),78023,No TS winds (<34kt)
Harvey (2017),75839,No TS winds (<34kt)
Harvey (2017),76476,No TS winds (<34kt)
Harvey (2017),77477,Tropical-storm (34–49kt)
Harvey (2017),79423,No TS winds (<34kt)
Harvey (2017),79928,No TS winds (<34kt)
Harvey (2017),76001,No TS winds (<34kt)
Harvey (2017),76016,No TS winds (<34kt)
Harvey (2017),78412,Gale-force (50–63kt)
Harvey (2017),88240,No TS winds (<34kt)
Harvey (2017),75189,No TS winds (<34kt)
Harvey (2017),75954,No TS winds (<34kt)
Harvey (2017),77705,No TS winds (<34kt)
Harvey (2017),77962,Gale-force (50–63kt)
Harvey (2017),79424,No TS winds (<34kt)
Harvey (2017),75602,No TS winds (<34kt)
Harvey (2017),77979,Gale-force (50–63kt)
Harvey (2017),79416,No TS winds (<34kt)
Harvey (2017),75418,No TS winds (<34kt)
Harvey (2017),76226,No TS winds (<34kt)
Harvey (2017),77076,Tropical-storm (34–49kt)
Harvey (2017),77536,Tropical-storm (34–49kt)
Harvey (2017),75220,No TS winds (<34kt)
Harvey (2017),79225,No TS winds (<34kt)
Harvey (2017),75090,No TS winds (<34kt)
Harvey (2017),76205,No TS winds (<34kt)
Harvey (2017),78123,Tropical-storm (34–49kt)
Harvey (2017),77534,Tropical-storm (34–49kt)
Harvey (2017),79765,No TS winds (<34kt)
Harvey (2017),71118,No TS winds (<34kt)
Harvey (2017),73520,No TS winds (<34kt)
Harvey (2017),75148,No TS winds (<34kt)
Harvey (2017),78013,No TS winds (<34kt)
Harvey (2017),77003,Tropical-storm (34–49kt)
Harvey (2017),78557,No TS winds (<34kt)
Harvey (2017),75672,No TS winds (<34kt)
Harvey (2017),76273,No TS winds (<34kt)
Harvey (2017),76653,Tropical-storm (34–49kt)
Harvey (2017),78220,Tropical-storm (34–49kt)
Harvey (2017),79039,No TS winds (<34kt)
Harvey (2017),78941,Tropical-storm (34–49kt)
Harvey (2017),75574,No TS winds (<34kt)
Harvey (2017),78934,Tropical-storm (34–49kt)
Harvey (2017),78231,No TS winds (<34kt)
Harvey (2017),79201,No TS winds (<34kt)
Harvey (2017),76059,No TS winds (<34kt)
Harvey (2017),75410,No TS winds (<34kt)
Harvey (2017),76472,No TS winds (<34kt)
Harvey (2017),77013,Tropical-storm (34–49kt)
Harvey (2017),78670,Tropical-storm (34–49kt)
Harvey (2017),77615,No TS winds (<34kt)
Harvey (2017),88081,No TS winds (<34kt)
Harvey (2017),78390,Hurricane-force (>=64kt)
Harvey (2017),77990,Hurricane-force (>=64kt)
Harvey (2017),79836,No TS winds (<34kt)
Harvey (2017),76689,No TS winds (<34kt)
Harvey (2017),79534,No TS winds (<34kt)
Harvey (2017),71052,No TS winds (<34kt)
Harvey (2017),79043,No TS winds (<34kt)
Harvey (2017),76844,No TS winds (<34kt)
Harvey (2017),79503,No TS winds (<34kt)
Harvey (2017),79545,No TS winds (<34kt)
Harvey (2017),73570,No TS winds (<34kt)
Harvey (2017),76431,No TS winds (<34kt)
Harvey (2017),88415,No TS winds (<34kt)
Harvey (2017),73565,No TS winds (<34kt)
Harvey (2017),76665,No TS winds (<34kt)
Harvey (2017),76676,No TS winds (<34kt)
Harvey (2017),75943,No TS winds (<34kt)
Harvey (2017),78850,No TS winds (<34kt)
Harvey (2017),78870,No TS winds (<34kt)
Harvey (2017),78963,Tropical-storm (34–49kt)
Harvey (2017),74738,No TS winds (<34kt)
Harvey (2017),79003,No TS winds (<34kt)
Harvey (2017),76474,No TS winds (<34kt)
Harvey (2017),73568,No TS winds (<34kt)
Harvey (2017),78391,Tropical-storm (34–49kt)
Harvey (2017),79243,No TS winds (<34kt)
Harvey (2017),77976,Hurricane-force (>=64kt)
Harvey (2017),78075,Tropical-storm (34–49kt)
Harvey (2017),73544,No TS winds (<34kt)
Harvey (2017),79230,No TS winds (<34kt)
Harvey (2017),73832,No TS winds (<34kt)
Harvey (2017),71063,No TS winds (<34kt)
Harvey (2017),79834,No TS winds (<34kt)
Imelda (2019),75070,No TS winds (<34kt)
Imelda (2019),75089,No TS winds (<34kt)
Imelda (2019),75103,No TS winds (<34kt)
Imelda (2019),75114,No TS winds (<34kt)
Imelda (2019),76051,No TS winds (<34kt)
Imelda (2019),76210,No TS winds (<34kt)
Imelda (2019),76262,No TS winds (<34kt)
Imelda (2019),76426,No TS winds (<34kt)
Imelda (2019),77040,No TS winds (<34kt)
Imelda (2019),78218,No TS winds (<34kt)
Imelda (2019),78616,No TS winds (<34kt)
Imelda (2019),78752,No TS winds (<34kt)
Imelda (2019),79086,No TS winds (<34kt)
Imelda (2019),79938,No TS winds (<34kt)
Imelda (2019),71107,No TS winds (<34kt)
Imelda (2019),75074,No TS winds (<34kt)
Imelda (2019),75076,No TS winds (<34kt)
Imelda (2019),76103,No TS winds (<34kt)
Imelda (2019),78539,No TS winds (<34kt)
Imelda (2019),78626,No TS winds (<34kt)
Imelda (2019),78953,No TS winds (<34kt)
Imelda (2019),79928,No TS winds (<34kt)
Imelda (2019),79932,No TS winds (<34kt)
Imelda (2019),75702,No TS winds (<34kt)
Imelda (2019),76015,No TS winds (<34kt)
Imelda (2019),77031,No TS winds (<34kt)
Imelda (2019),77057,No TS winds (<34kt)
Imelda (2019),77504,No TS winds (<34kt)
Imelda (2019),78063,No TS winds (<34kt)
Imelda (2019),78633,No TS winds (<34kt)
Imelda (2019),79081,No TS winds (<34kt)
Imelda (2019),79707,No TS winds (<34kt)
Imelda (2019),75209,No TS winds (<34kt)
Imelda (2019),77304,No TS winds (<34kt)
Imelda (2019),78723,No TS winds (<34kt)
Imelda (2019),75244,No TS winds (<34kt)
Imelda (2019),76301,No TS winds (<34kt)
Imelda (2019),76821,No TS winds (<34kt)
Imelda (2019),77024,No TS winds (<34kt)
Imelda (2019),75501,No TS winds (<34kt)
Imelda (2019),76011,No TS winds (<34kt)
Imelda (2019),77032,No TS winds (<34kt)
Imelda (2019),77331,No TS winds (<34kt)
Imelda (2019),78148,No TS winds (<34kt)
Imelda (2019),70668,No TS winds (<34kt)
Imelda (2019),76856,No TS winds (<34kt)
Imelda (2019),77338,No TS winds (<34kt)
Imelda (2019),77379,No TS winds (<34kt)
Imelda (2019),77510,No TS winds (<34kt)
Imelda (2019),79097,No TS winds (<34kt)
Imelda (2019),74730,No TS winds (<34kt)
Imelda (2019),76119,No TS winds (<34kt)
Imelda (2019),75090,No TS winds (<34kt)
Imelda (2019),75150,No TS winds (<34kt)
Imelda (2019),75935,No TS winds (<34kt)
Imelda (2019),78570,No TS winds (<34kt)
Imelda (2019),78636,No TS winds (<34kt)
Imelda (2019),75038,No TS winds (<34kt)
Imelda (2019),77480,No TS winds (<34kt)
Imelda (2019),79083,No TS winds (<34kt)
Imelda (2019),79102,No TS winds (<34kt)
Imelda (2019),76431,No TS winds (<34kt)
Imelda (2019),76943,No TS winds (<34kt)
Imelda (2019),77651,No TS winds (<34kt)
Imelda (2019),75117,No TS winds (<34kt)
Imelda (2019),76230,No TS winds (<34kt)
Imelda (2019),76255,No TS winds (<34kt)
Imelda (2019),70653,No TS winds (<34kt)
Imelda (2019),76022,No TS winds (<34kt)
Imelda (2019),77546,No TS winds (<34kt)
Imelda (2019),75489,No TS winds (<34kt)
Imelda (2019),76664,No TS winds (<34kt)
Imelda (2019),77076,No TS winds (<34kt)
Imelda (2019),78575,No TS winds (<34kt)
Imelda (2019),79103,No TS winds (<34kt)
Imelda (2019),79527,No TS winds (<34kt)
Imelda (2019),71006,No TS winds (<34kt)
Imelda (2019),75224,No TS winds (<34kt)
Imelda (2019),77577,No TS winds (<34kt)
Imelda (2019),75936,No TS winds (<34kt)
Imelda (2019),77013,No TS winds (<34kt)
Imelda (2019),75652,No TS winds (<34kt)
Imelda (2019),75709,No TS winds (<34kt)
Imelda (2019),79358,No TS winds (<34kt)
Imelda (2019),71049,No TS winds (<34kt)
Imelda (2019),76520,No TS winds (<34kt)
Imelda (2019),77364,No TS winds (<34kt)
Imelda (2019),70631,No TS winds (<34kt)
Imelda (2019),77426,No TS winds (<34kt)
Imelda (2019),74759,No TS winds (<34kt)
Imelda (2019),76574,No TS winds (<34kt)
Irma (2017),34268,Hurricane-force (>=64kt)
Imelda (2019),77467,No TS winds (<34kt)
Imelda (2019),76836,No TS winds (<34kt)
Imelda (2019),75132,No TS winds (<34kt)
Imelda (2019),75656,No TS winds (<34kt)
Imelda (2019),78655,No TS winds (<34kt)
Imelda (2019),71101,No TS winds (<34kt)
Imelda (2019),74733,No TS winds (<34kt)
Imelda (2019),76483,No TS winds (<34kt)
Imelda (2019),78560,No TS winds (<34kt)
Imelda (2019),76534,No TS winds (<34kt)
Imelda (2019),78059,No TS winds (<34kt)
Imelda (2019),76934,No TS winds (<34kt)
Imelda (2019),78598,No TS winds (<34kt)
Imelda (2019),76070,No TS winds (<34kt)
Imelda (2019),77455,No TS winds (<34kt)
Imelda (2019),75476,No TS winds (<34kt)
Imelda (2019),88101,No TS winds (<34kt)
Imelda (2019),79104,No TS winds (<34kt)
Imelda (2019),75439,No TS winds (<34kt)
Imelda (2019),76641,No TS winds (<34kt)
Imelda (2019),79839,No TS winds (<34kt)
Imelda (2019),74756,No TS winds (<34kt)
Imelda (2019),77982,No TS winds (<34kt)
Imelda (2019),73560,No TS winds (<34kt)
Imelda (2019),78672,No TS winds (<34kt)
Imelda (2019),88027,No TS winds (<34kt)
Imelda (2019),78671,No TS winds (<34kt)
Imelda (2019),76525,No TS winds (<34kt)
Imelda (2019),77519,No TS winds (<34kt)
Imelda (2019),75937,No TS winds (<34kt)
Imelda (2019),78352,No TS winds (<34kt)
Imelda (2019),76484,No TS winds (<34kt)
Imelda (2019),77464,No TS winds (<34kt)
Imelda (2019),73662,No TS winds (<34kt)
Imelda (2019),79854,No TS winds (<34kt)
Imelda (2019),76939,No TS winds (<34kt)
Imelda (2019),88113,No TS winds (<34kt)
Imelda (2019),76690,No TS winds (<34kt)
Imelda (2019),79094,No TS winds (<34kt)
Imelda (2019),71046,No TS winds (<34kt)
Imelda (2019),75441,No TS winds (<34kt)
Imelda (2019),75470,No TS winds (<34kt)
Imelda (2019),75562,No TS winds (<34kt)
Imelda (2019),76854,No TS winds (<34kt)
Imelda (2019),77476,No TS winds (<34kt)
Imelda (2019),73441,No TS winds (<34kt)
Imelda (2019),77342,No TS winds (<34kt)
Imelda (2019),79256,No TS winds (<34kt)
Imelda (2019),79229,No TS winds (<34kt)
Imelda (2019),79243,No TS winds (<34kt)
Florence (2018),27949,Tropical-storm (34–49kt)
Florence (2018),28056,No TS winds (<34kt)
Florence (2018),28752,No TS winds (<34kt)
Florence (2018),31558,No TS winds (<34kt)
Florence (2018),32459,No TS winds (<34kt)
Florence (2018),32615,No TS winds (<34kt)
Florence (2018),32724,No TS winds (<34kt)
Florence (2018),32821,No TS winds (<34kt)
Florence (2018),32976,No TS winds (<34kt)
Florence (2018),33029,No TS winds (<34kt)
Florence (2018),33319,No TS winds (<34kt)
Florence (2018),33322,No TS winds (<34kt)
Florence (2018),33432,No TS winds (<34kt)
Florence (2018),33469,No TS winds (<34kt)
Florence (2018),33544,No TS winds (<34kt)
Florence (2018),33614,No TS winds (<34kt)
Florence (2018),33912,No TS winds (<34kt)
Florence (2018),34203,No TS winds (<34kt)
Florence (2018),34287,No TS winds (<34kt)
Florence (2018),34601,No TS winds (<34kt)
Florence (2018),34654,No TS winds (<34kt)
Florence (2018),34714,No TS winds (<34kt)
Florence (2018),36527,No TS winds (<34kt)
Florence (2018),27514,Tropical-storm (34–49kt)
Florence (2018),27519,Tropical-storm (34–49kt)
Florence (2018),27613,Tropical-storm (34–49kt)
Florence (2018),28036,No TS winds (<34kt)
Florence (2018),28761,No TS winds (<34kt)
Florence (2018),32256,No TS winds (<34kt)
Florence (2018),32507,No TS winds (<34kt)
Florence (2018),32566,No TS winds (<34kt)
Florence (2018),32713,No TS winds (<34kt)
Florence (2018),32792,No TS winds (<34kt)
Florence (2018),33016,No TS winds (<34kt)
Florence (2018),33612,No TS winds (<34kt)
Florence (2018),33825,No TS winds (<34kt)
Florence (2018),34602,No TS winds (<34kt)
Florence (2018),34736,No TS winds (<34kt)
Florence (2018),27298,Tropical-storm (34–49kt)
Florence (2018),27616,Tropical-storm (34–49kt)
Florence (2018),28120,No TS winds (<34kt)
Florence (2018),28326,Tropical-storm (34–49kt)
Florence (2018),28659,No TS winds (<34kt)
Florence (2018),28790,No TS winds (<34kt)
Florence (2018),29715,No TS winds (<34kt)
Florence (2018),33071,No TS winds (<34kt)
Florence (2018),33604,No TS winds (<34kt)
Florence (2018),33823,No TS winds (<34kt)
Florence (2018),34434,No TS winds (<34kt)
Florence (2018),27265,No TS winds (<34kt)
Florence (2018),27524,Gale-force (50–63kt)
Florence (2018),28012,No TS winds (<34kt)
Florence (2018),28320,Gale-force (50–63kt)
Florence (2018),32922,No TS winds (<34kt)
Florence (2018),33549,No TS winds (<34kt)
Florence (2018),33624,No TS winds (<34kt)
Florence (2018),36551,No TS winds (<34kt)
Florence (2018),28306,Tropical-storm (34–49kt)
Florence (2018),29303,No TS winds (<34kt)
Florence (2018),32778,No TS winds (<34kt)
Florence (2018),32801,No TS winds (<34kt)
Florence (2018),34473,No TS winds (<34kt)
Florence (2018),27205,Tropical-storm (34–49kt)
Florence (2018),27856,Tropical-storm (34–49kt)
Florence (2018),28226,No TS winds (<34kt)
Florence (2018),32503,No TS winds (<34kt)
Florence (2018),32563,No TS winds (<34kt)
Florence (2018),33141,No TS winds (<34kt)
Florence (2018),33705,No TS winds (<34kt)
Florence (2018),29330,No TS winds (<34kt)
Florence (2018),33030,No TS winds (<34kt)
Florence (2018),33774,No TS winds (<34kt)
Florence (2018),34607,No TS winds (<34kt)
Florence (2018),28658,No TS winds (<34kt)
Florence (2018),32066,No TS winds (<34kt)
Florence (2018),32424,No TS winds (<34kt)
Florence (2018),34239,No TS winds (<34kt)
Florence (2018),32317,No TS winds (<34kt)
Florence (2018),32693,No TS winds (<34kt)
Florence (2018),28713,No TS winds (<34kt)
Florence (2018),28754,No TS winds (<34kt)
Florence (2018),33137,No TS winds (<34kt)
Florence (2018),33880,No TS winds (<34kt)
Florence (2018),28105,Tropical-storm (34–49kt)
Florence (2018),28466,Hurricane-force (>=64kt)
Florence (2018),28582,Hurricane-force (>=64kt)
Florence (2018),32903,No TS winds (<34kt)
Florence (2018),32409,No TS winds (<34kt)
Florence (2018),28352,Tropical-storm (34–49kt)
Florence (2018),28637,No TS winds (<34kt)
Florence (2018),32609,No TS winds (<34kt)
Florence (2018),37650,No TS winds (<34kt)
Florence (2018),28759,No TS winds (<34kt)
Florence (2018),32667,No TS winds (<34kt)
Florence (2018),36688,No TS winds (<34kt)
Florence (2018),32130,No TS winds (<34kt)
Florence (2018),28450,Hurricane-force (>=64kt)
Florence (2018),33954,No TS winds (<34kt)
Florence (2018),28479,Hurricane-force (>=64kt)
Florence (2018),28071,Tropical-storm (34–49kt)
Florence (2018),28166,No TS winds (<34kt)
Florence (2018),28202,No TS winds (<34kt)
Florence (2018),33931,No TS winds (<34kt)
Florence (2018),28432,Hurricane-force (>=64kt)
Florence (2018),27209,Tropical-storm (34–49kt)
Florence (2018),28109,Tropical-storm (34–49kt)
Florence (2018),28435,Hurricane-force (>=64kt)
Florence (2018),27557,Tropical-storm (34–49kt)
Florence (2018),27315,No TS winds (<34kt)
Florence (2018),27553,Tropical-storm (34–49kt)
Florence (2018),37659,No TS winds (<34kt)
Florence (2018),32348,No TS winds (<34kt)
Florence (2018),28768,No TS winds (<34kt)
Florence (2018),33715,No TS winds (<34kt)
Florence (2018),23917,No TS winds (<34kt)
Florence (2018),28636,No TS winds (<34kt)
Florence (2018),32798,No TS winds (<34kt)
Florence (2018),32420,No TS winds (<34kt)
Florence (2018),28318,Gale-force (50–63kt)
Florence (2018),28128,Tropical-storm (34–49kt)
Florence (2018),32361,No TS winds (<34kt)
Florence (2018),27572,No TS winds (<34kt)
Florence (2018),27986,Tropical-storm (34–49kt)
Florence (2018),27812,Gale-force (50–63kt)
Florence (2018),28458,Hurricane-force (>=64kt)
Florence (2018),28386,Gale-force (50–63kt)
Florence (2018),27968,Tropical-storm (34–49kt)
Florence (2018),34797,No TS winds (<34kt)
Florence (2018),27917,Tropical-storm (34–49kt)
Florence (2018),33476,No TS winds (<34kt)
Florence (2018),28689,No TS winds (<34kt)
Florence (2018),27925,Tropical-storm (34–49kt)
Florence (2018),29581,Gale-force (50–63kt)
Florence (2018),28579,Hurricane-force (>=64kt)
Florence (2018),34661,No TS winds (<34kt)
Florence (2018),28702,No TS winds (<34kt)
Florence (2018),28077,No TS winds (<34kt)
Florence (2018),28619,No TS winds (<34kt)
Florence (2018),23857,Tropical-storm (34–49kt)
Florence (2018),28554,Gale-force (50–63kt)
Florence (2018),27853,Tropical-storm (34–49kt)
Florence (2018),28520,Hurricane-force (>=64kt)
Florence (2018),32026,No TS winds (<34kt)
Florence (2018),28775,No TS winds (<34kt)
Irma (2017),33436,Gale-force (50–63kt)
Irma (2017),33618,Hurricane-force (>=64kt)
Irma (2017),34484,Gale-force (50–63kt)
Irma (2017),34771,Gale-force (50–63kt)
Irma (2017),32124,Gale-force (50–63kt)
Irma (2017),32226,Gale-force (50–63kt)
Irma (2017),32347,Gale-force (50–63kt)
Irma (2017),32825,Gale-force (50–63kt)
Irma (2017),32832,Gale-force (50–63kt)
Irma (2017),32949,Gale-force (50–63kt)
Irma (2017),33880,Hurricane-force (>=64kt)
Irma (2017),33980,Hurricane-force (>=64kt)
Irma (2017),34288,Hurricane-force (>=64kt)
Irma (2017),34684,Gale-force (50–63kt)
Irma (2017),34748,Gale-force (50–63kt)
Irma (2017),34773,Gale-force (50–63kt)
Irma (2017),32435,Tropical-storm (34–49kt)
Irma (2017),32503,No TS winds (<34kt)
Irma (2017),32809,Gale-force (50–63kt)
Irma (2017),33161,Gale-force (50–63kt)
Irma (2017),33604,Hurricane-force (>=64kt)
Irma (2017),33637,Hurricane-force (>=64kt)
Irma (2017),32303,Gale-force (50–63kt)
Irma (2017),32465,Tropical-storm (34–49kt)
Irma (2017),32806,Gale-force (50–63kt)
Irma (2017),33064,Gale-force (50–63kt)
Irma (2017),33567,Hurricane-force (>=64kt)
Irma (2017),34223,Hurricane-force (>=64kt)
Irma (2017),34285,Hurricane-force (>=64kt)
Irma (2017),33190,Gale-force (50–63kt)
Irma (2017),33907,Hurricane-force (>=64kt)
Irma (2017),34734,Gale-force (50–63kt)
Irma (2017),32804,Gale-force (50–63kt)
Irma (2017),33441,Gale-force (50–63kt)
Irma (2017),34221,Gale-force (50–63kt)
Irma (2017),32169,Gale-force (50–63kt)
Irma (2017),32310,Gale-force (50–63kt)
Irma (2017),32812,Gale-force (50–63kt)
Irma (2017),33810,Hurricane-force (>=64kt)
Irma (2017),34420,Gale-force (50–63kt)
Irma (2017),32219,Gale-force (50–63kt)
Irma (2017),33034,Hurricane-force (>=64kt)
Irma (2017),33133,Gale-force (50–63kt)
Irma (2017),33966,Hurricane-force (>=64kt)
Irma (2017),32059,Gale-force (50–63kt)
Irma (2017),32903,Gale-force (50–63kt)
Irma (2017),33032,Gale-force (50–63kt)
Irma (2017),33827,Gale-force (50–63kt)
Irma (2017),32439,Tropical-storm (34–49kt)
Irma (2017),33154,Gale-force (50–63kt)
Irma (2017),33946,Hurricane-force (>=64kt)
Irma (2017),32081,Gale-force (50–63kt)
Irma (2017),36502,Tropical-storm (34–49kt)
Irma (2017),32502,No TS winds (<34kt)
Irma (2017),32612,Gale-force (50–63kt)
Irma (2017),34688,Gale-force (50–63kt)
Irma (2017),32044,Gale-force (50–63kt)
Irma (2017),33834,Gale-force (50–63kt)
Irma (2017),33514,Hurricane-force (>=64kt)
Irma (2017),36320,Tropical-storm (34–49kt)
Irma (2017),33921,Hurricane-force (>=64kt)
Irma (2017),36507,Tropical-storm (34–49kt)
Irma (2017),32621,Gale-force (50–63kt)
Irma (2017),33471,Hurricane-force (>=64kt)
Irma (2017),31547,Gale-force (50–63kt)
Irma (2017),32461,Tropical-storm (34–49kt)
Florence (2018),37878,No TS winds (<34kt)
Florence (2018),29329,No TS winds (<34kt)
Florence (2018),28019,No TS winds (<34kt)
Michael (2018),28465,Tropical-storm (34–49kt)
Michael (2018),32219,No TS winds (<34kt)
Michael (2018),32224,No TS winds (<34kt)
Michael (2018),32257,No TS winds (<34kt)
Michael (2018),32320,Hurricane-force (>=64kt)
Michael (2018),32408,Hurricane-force (>=64kt)
Michael (2018),32568,No TS winds (<34kt)
Michael (2018),32808,No TS winds (<34kt)
Michael (2018),33028,No TS winds (<34kt)
Michael (2018),33173,No TS winds (<34kt)
Michael (2018),33175,No TS winds (<34kt)
Michael (2018),33309,No TS winds (<34kt)
Michael (2018),33405,No TS winds (<34kt)
Michael (2018),33412,No TS winds (<34kt)
Michael (2018),33755,No TS winds (<34kt)
Michael (2018),33976,No TS winds (<34kt)
Michael (2018),34202,No TS winds (<34kt)
Michael (2018),34237,No TS winds (<34kt)
Michael (2018),34610,No TS winds (<34kt)
Michael (2018),34653,No TS winds (<34kt)
Michael (2018),27104,No TS winds (<34kt)
Michael (2018),27521,Tropical-storm (34–49kt)
Michael (2018),28105,No TS winds (<34kt)
Michael (2018),28215,No TS winds (<34kt)
Michael (2018),28348,Tropical-storm (34–49kt)
Michael (2018),28455,Tropical-storm (34–49kt)
Michael (2018),29708,No TS winds (<34kt)
Michael (2018),32550,Gale-force (50–63kt)
Michael (2018),32828,No TS winds (<34kt)
Michael (2018),32833,No TS winds (<34kt)
Michael (2018),33032,No TS winds (<34kt)
Michael (2018),33160,No TS winds (<34kt)
Michael (2018),33317,No TS winds (<34kt)
Michael (2018),33841,No TS winds (<34kt)
Michael (2018),34239,No TS winds (<34kt)
Michael (2018),34452,No TS winds (<34kt)
Michael (2018),28054,No TS winds (<34kt)
Michael (2018),28112,No TS winds (<34kt)
Michael (2018),28466,Tropical-storm (34–49kt)
Michael (2018),28540,Gale-force (50–63kt)
Michael (2018),29356,No TS winds (<34kt)
Michael (2018),32809,No TS winds (<34kt)
Michael (2018),32818,No TS winds (<34kt)
Michael (2018),33056,No TS winds (<34kt)
Michael (2018),33321,No TS winds (<34kt)
Michael (2018),33626,No TS winds (<34kt)
Michael (2018),33849,No TS winds (<34kt)
Michael (2018),33908,No TS winds (<34kt)
Michael (2018),34608,No TS winds (<34kt)
Michael (2018),34759,No TS winds (<34kt)
Michael (2018),36619,No TS winds (<34kt)
Michael (2018),27239,No TS winds (<34kt)
Michael (2018),27302,No TS winds (<34kt)
Michael (2018),28262,No TS winds (<34kt)
Michael (2018),28304,Tropical-storm (34–49kt)
Michael (2018),32976,No TS winds (<34kt)
Michael (2018),33444,No TS winds (<34kt)
Michael (2018),33809,No TS winds (<34kt)
Michael (2018),33860,No TS winds (<34kt)
Michael (2018),33953,No TS winds (<34kt)
Michael (2018),33980,No TS winds (<34kt)
Michael (2018),34116,No TS winds (<34kt)
Michael (2018),34654,No TS winds (<34kt)
Michael (2018),34997,No TS winds (<34kt)
Michael (2018),27103,No TS winds (<34kt)
Michael (2018),32068,No TS winds (<34kt)
Michael (2018),33076,No TS winds (<34kt)
Michael (2018),33487,No TS winds (<34kt)
Michael (2018),33584,No TS winds (<34kt)
Michael (2018),33881,No TS winds (<34kt)
Michael (2018),34786,No TS winds (<34kt)
Michael (2018),37738,No TS winds (<34kt)
Michael (2018),27127,No TS winds (<34kt)
Michael (2018),23845,Tropical-storm (34–49kt)
Michael (2018),27050,No TS winds (<34kt)
Michael (2018),27349,No TS winds (<34kt)
Michael (2018),28209,No TS winds (<34kt)
Michael (2018),33483,No TS winds (<34kt)
Michael (2018),33952,No TS winds (<34kt)
Michael (2018),27851,No TS winds (<34kt)
Michael (2018),28630,No TS winds (<34kt)
Michael (2018),34433,No TS winds (<34kt)
Michael (2018),29340,No TS winds (<34kt)
Michael (2018),27882,No TS winds (<34kt)
Michael (2018),28429,Tropical-storm (34–49kt)
Michael (2018),28665,No TS winds (<34kt)
Michael (2018),33127,No TS winds (<34kt)
Michael (2018),33609,No TS winds (<34kt)
Michael (2018),28390,Tropical-storm (34–49kt)
Michael (2018),27823,No TS winds (<34kt)
Michael (2018),33145,No TS winds (<34kt)
Michael (2018),33306,No TS winds (<34kt)
Michael (2018),27541,No TS winds (<34kt)
Michael (2018),33896,No TS winds (<34kt)
Michael (2018),36523,No TS winds (<34kt)
Michael (2018),27260,No TS winds (<34kt)
Michael (2018),27948,Gale-force (50–63kt)
Michael (2018),34431,No TS winds (<34kt)
Michael (2018),36511,Tropical-storm (34–49kt)
Michael (2018),27874,Gale-force (50–63kt)
Michael (2018),27890,Gale-force (50–63kt)
Michael (2018),36525,No TS winds (<34kt)
Michael (2018),32421,Hurricane-force (>=64kt)
Michael (2018),32134,No TS winds (<34kt)
Michael (2018),28101,No TS winds (<34kt)
Michael (2018),32140,No TS winds (<34kt)
Michael (2018),23457,Tropical-storm (34–49kt)
Michael (2018),27559,No TS winds (<34kt)
Michael (2018),33865,No TS winds (<34kt)
Michael (2018),27822,No TS winds (<34kt)
Michael (2018),28553,Tropical-storm (34–49kt)
Michael (2018),27818,Gale-force (50–63kt)
Michael (2018),28740,No TS winds (<34kt)
Michael (2018),28393,Tropical-storm (34–49kt)
Michael (2018),27816,No TS winds (<34kt)
Michael (2018),27923,Gale-force (50–63kt)
Michael (2018),28611,No TS winds (<34kt)
Michael (2018),27972,Tropical-storm (34–49kt)
Michael (2018),27866,Tropical-storm (34–49kt)
Michael (2018),24598,Tropical-storm (34–49kt)
Michael (2018),28689,No TS winds (<34kt)
Michael (2018),31631,Tropical-storm (34–49kt)
Michael (2018),37333,No TS winds (<34kt)
Michael (2018),27556,No TS winds (<34kt)
Michael (2018),24054,No TS winds (<34kt)
Michael (2018),27926,Tropical-storm (34–49kt)
Michael (2018),24165,No TS winds (<34kt)
Michael (2018),32509,Tropical-storm (34–49kt)
Michael (2018),27819,Gale-force (50–63kt)
Michael (2018),28735,No TS winds (<34kt)
Michael (2018),32079,No TS winds (<34kt)
Michael (2018),28720,No TS winds (<34kt)
Michael (2018),23893,Tropical-storm (34–49kt)
Michael (2018),28039,No TS winds (<34kt)
Michael (2018),28629,No TS winds (<34kt)
Harvey (2017),76040,No TS winds (<34kt)
Harvey (2017),77057,Tropical-storm (34–49kt)
Harvey (2017),77479,Tropical-storm (34–49kt)
Harvey (2017),78028,No TS winds (<34kt)
Harvey (2017),75075,No TS winds (<34kt)
Harvey (2017),76903,No TS winds (<34kt)
Harvey (2017),77469,Tropical-storm (34–49kt)
Harvey (2017),75977,No TS winds (<34kt)
Harvey (2017),78749,No TS winds (<34kt)
Harvey (2017),75227,No TS winds (<34kt)
Harvey (2017),76054,No TS winds (<34kt)
Harvey (2017),76442,No TS winds (<34kt)
Harvey (2017),78750,No TS winds (<34kt)
Harvey (2017),75204,No TS winds (<34kt)
Harvey (2017),75252,No TS winds (<34kt)
Harvey (2017),75904,No TS winds (<34kt)
Harvey (2017),78251,No TS winds (<34kt)
Harvey (2017),79072,No TS winds (<34kt)
Harvey (2017),75052,No TS winds (<34kt)
Harvey (2017),75094,No TS winds (<34kt)
Harvey (2017),75783,No TS winds (<34kt)
Harvey (2017),76107,No TS winds (<34kt)
Harvey (2017),76541,No TS winds (<34kt)
Harvey (2017),78216,Tropical-storm (34–49kt)
Harvey (2017),78227,No TS winds (<34kt)
Harvey (2017),78722,No TS winds (<34kt)
Harvey (2017),79355,No TS winds (<34kt)
Harvey (2017),76133,No TS winds (<34kt)
Harvey (2017),77471,Tropical-storm (34–49kt)
Harvey (2017),77868,Tropical-storm (34–49kt)
Harvey (2017),77904,Hurricane-force (>=64kt)
Harvey (2017),79404,No TS winds (<34kt)
Harvey (2017),79772,No TS winds (<34kt)
Harvey (2017),73463,No TS winds (<34kt)
Harvey (2017),74740,No TS winds (<34kt)
Harvey (2017),76018,No TS winds (<34kt)
Harvey (2017),76857,No TS winds (<34kt)
Harvey (2017),77086,Tropical-storm (34–49kt)
Harvey (2017),78840,No TS winds (<34kt)
Harvey (2017),76258,No TS winds (<34kt)
Harvey (2017),78016,No TS winds (<34kt)
Harvey (2017),75134,No TS winds (<34kt)
Harvey (2017),75401,No TS winds (<34kt)
Harvey (2017),76093,No TS winds (<34kt)
Harvey (2017),78040,No TS winds (<34kt)
Harvey (2017),75225,No TS winds (<34kt)
Harvey (2017),76106,No TS winds (<34kt)
Harvey (2017),76522,No TS winds (<34kt)
Harvey (2017),77082,Tropical-storm (34–49kt)
Harvey (2017),77480,Tropical-storm (34–49kt)
Harvey (2017),77801,Tropical-storm (34–49kt)
Harvey (2017),73459,No TS winds (<34kt)
Harvey (2017),77381,Tropical-storm (34–49kt)
Harvey (2017),77327,No TS winds (<34kt)
Harvey (2017),78256,No TS winds (<34kt)
Harvey (2017),75006,No TS winds (<34kt)
Harvey (2017),75446,No TS winds (<34kt)
Harvey (2017),76006,No TS winds (<34kt)
Harvey (2017),77088,Tropical-storm (34–49kt)
Harvey (2017),76022,No TS winds (<34kt)
Harvey (2017),73645,No TS winds (<34kt)
Harvey (2017),75473,No TS winds (<34kt)
Harvey (2017),78219,Tropical-storm (34–49kt)
Harvey (2017),79329,No TS winds (<34kt)
Harvey (2017),76951,No TS winds (<34kt)
Harvey (2017),78211,No TS winds (<34kt)
Harvey (2017),78950,Tropical-storm (34–49kt)
Harvey (2017),77611,No TS winds (<34kt)
Harvey (2017),74728,No TS winds (<34kt)
Harvey (2017),78736,No TS winds (<34kt)
Harvey (2017),79761,No TS winds (<34kt)
Harvey (2017),77871,Tropical-storm (34–49kt)
Harvey (2017),78576,No TS winds (<34kt)
Harvey (2017),77010,Tropical-storm (34–49kt)
Harvey (2017),75155,No TS winds (<34kt)
Harvey (2017),75492,No TS winds (<34kt)
Harvey (2017),76483,No TS winds (<34kt)
Harvey (2017),78833,No TS winds (<34kt)
Harvey (2017),78884,No TS winds (<34kt)
Harvey (2017),79356,No TS winds (<34kt)
Harvey (2017),79565,No TS winds (<34kt)
Harvey (2017),78358,Hurricane-force (>=64kt)
Harvey (2017),77587,Tropical-storm (34–49kt)
Harvey (2017),78055,No TS winds (<34kt)
Harvey (2017),77420,Tropical-storm (34–49kt)
Harvey (2017),79838,No TS winds (<34kt)
Harvey (2017),76380,No TS winds (<34kt)
Harvey (2017),76252,No TS winds (<34kt)
Harvey (2017),78017,No TS winds (<34kt)
Harvey (2017),75855,No TS winds (<34kt)
Harvey (2017),75840,No TS winds (<34kt)
Harvey (2017),76681,No TS winds (<34kt)
Harvey (2017),77470,Tropical-storm (34–49kt)
Harvey (2017),77970,Gale-force (50–63kt)
Harvey (2017),76066,No TS winds (<34kt)
Harvey (2017),76890,No TS winds (<34kt)
Harvey (2017),79520,No TS winds (<34kt)
Harvey (2017),74730,No TS winds (<34kt)
Harvey (2017),75962,No TS winds (<34kt)
Harvey (2017),76427,No TS winds (<34kt)
Harvey (2017),79001,No TS winds (<34kt)
Harvey (2017),75469,No TS winds (<34kt)
Harvey (2017),75468,No TS winds (<34kt)
Harvey (2017),76861,No TS winds (<34kt)
Harvey (2017),76463,No TS winds (<34kt)
Harvey (2017),79094,No TS winds (<34kt)
Harvey (2017),78836,No TS winds (<34kt)
Harvey (2017),78122,Gale-force (50–63kt)
Harvey (2017),73531,No TS winds (<34kt)
Harvey (2017),78590,No TS winds (<34kt)
Harvey (2017),78635,No TS winds (<34kt)
Harvey (2017),76652,No TS winds (<34kt)
Harvey (2017),78389,Gale-force (50–63kt)
Harvey (2017),78672,No TS winds (<34kt)
Harvey (2017),78938,Tropical-storm (34–49kt)
Harvey (2017),77369,No TS winds (<34kt)
Harvey (2017),78044,No TS winds (<34kt)
Harvey (2017),76363,No TS winds (<34kt)
Harvey (2017),75441,No TS winds (<34kt)
Harvey (2017),79852,No TS winds (<34kt)
Harvey (2017),78117,Gale-force (50–63kt)
Harvey (2017),76364,No TS winds (<34kt)
Harvey (2017),78161,Tropical-storm (34–49kt)
Harvey (2017),78545,No TS winds (<34kt)
Harvey (2017),75421,No TS winds (<34kt)
Harvey (2017),75101,No TS winds (<34kt)
Harvey (2017),79236,No TS winds (<34kt)
Harvey (2017),76842,No TS winds (<34kt)
Harvey (2017),77878,Tropical-storm (34–49kt)
Harvey (2017),75959,No TS winds (<34kt)
Harvey (2017),76464,No TS winds (<34kt)
Harvey (2017),76869,No TS winds (<34kt)
Harvey (2017),79847,No TS winds (<34kt)
Harvey (2017),73555,No TS winds (<34kt)
Harvey (2017),71820,No TS winds (<34kt)
Harvey (2017),77342,Tropical-storm (34–49kt)
Harvey (2017),79837,No TS winds (<34kt)
Harvey (2017),70645,No TS winds (<34kt)
Imelda (2019),75051,No TS winds (<34kt)
Imelda (2019),75147,No TS winds (<34kt)
Imelda (2019),75160,No TS winds (<34kt)
Imelda (2019),76109,No TS winds (<34kt)
Imelda (2019),77004,No TS winds (<34kt)
Imelda (2019),77418,No TS winds (<34kt)
Imelda (2019),77449,No TS winds (<34kt)
Imelda (2019),77523,No TS winds (<34kt)
Imelda (2019),75013,No TS winds (<34kt)
Imelda (2019),75048,No TS winds (<34kt)
Imelda (2019),75207,No TS winds (<34kt)
Imelda (2019),75639,No TS winds (<34kt)
Imelda (2019),76049,No TS winds (<34kt)
Imelda (2019),76107,No TS winds (<34kt)
Imelda (2019),76116,No TS winds (<34kt)
Imelda (2019),77041,No TS winds (<34kt)
Imelda (2019),77079,No TS winds (<34kt)
Imelda (2019),77530,No TS winds (<34kt)
Imelda (2019),78045,No TS winds (<34kt)
Imelda (2019),78245,No TS winds (<34kt)
Imelda (2019),78260,No TS winds (<34kt)
Imelda (2019),78676,No TS winds (<34kt)
Imelda (2019),78861,No TS winds (<34kt)
Imelda (2019),79360,No TS winds (<34kt)
Imelda (2019),75040,No TS winds (<34kt)
Imelda (2019),75062,No TS winds (<34kt)
Imelda (2019),75228,No TS winds (<34kt)
Imelda (2019),76023,No TS winds (<34kt)
Imelda (2019),76126,No TS winds (<34kt)
Imelda (2019),76228,No TS winds (<34kt)
Imelda (2019),77099,No TS winds (<34kt)
Imelda (2019),77471,No TS winds (<34kt)
Imelda (2019),77484,No TS winds (<34kt)
Imelda (2019),78705,No TS winds (<34kt)
Imelda (2019),75134,No TS winds (<34kt)
Imelda (2019),75181,No TS winds (<34kt)
Imelda (2019),76234,No TS winds (<34kt)
Imelda (2019),78216,No TS winds (<34kt)
Imelda (2019),78503,No TS winds (<34kt)
Imelda (2019),78725,No TS winds (<34kt)
Imelda (2019),79602,No TS winds (<34kt)
Imelda (2019),76052,No TS winds (<34kt)
Imelda (2019),77535,No TS winds (<34kt)
Imelda (2019),77807,No TS winds (<34kt)
Imelda (2019),78009,No TS winds (<34kt)
Imelda (2019),75009,No TS winds (<34kt)
Imelda (2019),75065,No TS winds (<34kt)
Imelda (2019),76253,No TS winds (<34kt)
Imelda (2019),76579,No TS winds (<34kt)
Imelda (2019),78215,No TS winds (<34kt)
Imelda (2019),78258,No TS winds (<34kt)
Imelda (2019),78640,No TS winds (<34kt)
Imelda (2019),75001,No TS winds (<34kt)
Imelda (2019),75491,No TS winds (<34kt)
Imelda (2019),76067,No TS winds (<34kt)
Imelda (2019),76707,No TS winds (<34kt)
Imelda (2019),78589,No TS winds (<34kt)
Imelda (2019),88240,No TS winds (<34kt)
Imelda (2019),75169,No TS winds (<34kt)
Imelda (2019),79911,No TS winds (<34kt)
Imelda (2019),75803,No TS winds (<34kt)
Imelda (2019),76578,No TS winds (<34kt)
Imelda (2019),77012,No TS winds (<34kt)
Imelda (2019),73550,No TS winds (<34kt)
Imelda (2019),77077,No TS winds (<34kt)
Imelda (2019),71105,No TS winds (<34kt)
Imelda (2019),75561,No TS winds (<34kt)
Imelda (2019),77081,No TS winds (<34kt)
Imelda (2019),73459,No TS winds (<34kt)
Imelda (2019),75173,No TS winds (<34kt)
Imelda (2019),77591,No TS winds (<34kt)
Imelda (2019),73439,No TS winds (<34kt)
Imelda (2019),76577,No TS winds (<34kt)
Imelda (2019),78569,No TS winds (<34kt)
Imelda (2019),78407,No TS winds (<34kt)
Imelda (2019),78934,No TS winds (<34kt)
Imelda (2019),79719,No TS winds (<34kt)
Imelda (2019),75166,No TS winds (<34kt)
Imelda (2019),71108,No TS winds (<34kt)
Imelda (2019),78160,No TS winds (<34kt)
Imelda (2019),71109,No TS winds (<34kt)
Imelda (2019),76527,No TS winds (<34kt)
Imelda (2019),78370,No TS winds (<34kt)
Imelda (2019),71836,No TS winds (<34kt)
Imelda (2019),78941,No TS winds (<34kt)
Imelda (2019),75851,No TS winds (<34kt)
Imelda (2019),78408,No TS winds (<34kt)
Imelda (2019),76071,No TS winds (<34kt)
Imelda (2019),79044,No TS winds (<34kt)
Imelda (2019),79543,No TS winds (<34kt)
Imelda (2019),75435,No TS winds (<34kt)
Imelda (2019),77415,No TS winds (<34kt)
Imelda (2019),75705,No TS winds (<34kt)
Imelda (2019),76631,No TS winds (<34kt)
Imelda (2019),77475,No TS winds (<34kt)
Imelda (2019),79039,No TS winds (<34kt)
Imelda (2019),73539,No TS winds (<34kt)
Imelda (2019),79381,No TS winds (<34kt)
Imelda (2019),75667,No TS winds (<34kt)
Imelda (2019),88415,No TS winds (<34kt)
Imelda (2019),78954,No TS winds (<34kt)
Imelda (2019),88231,No TS winds (<34kt)
Imelda (2019),88048,No TS winds (<34kt)
Imelda (2019),79359,No TS winds (<34kt)
Imelda (2019),78880,No TS winds (<34kt)
Imelda (2019),79227,No TS winds (<34kt)
Imelda (2019),75668,No TS winds (<34kt)
Imelda (2019),78959,No TS winds (<34kt)
Imelda (2019),78608,No TS winds (<34kt)
Imelda (2019),76596,No TS winds (<34kt)
Imelda (2019),78107,No TS winds (<34kt)
Imelda (2019),77483,No TS winds (<34kt)
Imelda (2019),79547,No TS winds (<34kt)
Imelda (2019),76379,No TS winds (<34kt)
Imelda (2019),78419,No TS winds (<34kt)
Imelda (2019),79236,No TS winds (<34kt)
Imelda (2019),75105,No TS winds (<34kt)
Imelda (2019),75493,No TS winds (<34kt)
Imelda (2019),76858,No TS winds (<34kt)
Imelda (2019),79230,No TS winds (<34kt)
Imelda (2019),78885,No TS winds (<34kt)
Imelda (2019),88260,No TS winds (<34kt)
Imelda (2019),70645,No TS winds (<34kt)
Imelda (2019),79785,No TS winds (<34kt)
Florence (2018),27513,Tropical-storm (34–49kt)
Florence (2018),27587,Tropical-storm (34–49kt)
Florence (2018),28134,No TS winds (<34kt)
Florence (2018),28512,Hurricane-force (>=64kt)
Florence (2018),28557,Hurricane-force (>=64kt)
Florence (2018),28781,No TS winds (<34kt)
Florence (2018),32514,No TS winds (<34kt)
Florence (2018),32541,No TS winds (<34kt)
Florence (2018),32548,No TS winds (<34kt)
Florence (2018),33156,No TS winds (<34kt)
Florence (2018),33160,No TS winds (<34kt)
Florence (2018),33180,No TS winds (<34kt)
Florence (2018),33578,No TS winds (<34kt)
Florence (2018),33619,No TS winds (<34kt)
Florence (2018),33629,No TS winds (<34kt)
Florence (2018),33928,No TS winds (<34kt)
Florence (2018),33948,No TS winds (<34kt)
Florence (2018),33983,No TS winds (<34kt)
Florence (2018),34288,No TS winds (<34kt)
Florence (2018),36532,No TS winds (<34kt)
Florence (2018),36695,No TS winds (<34kt)
Florence (2018),27047,No TS winds (<34kt)
Florence (2018),27284,No TS winds (<34kt)
Florence (2018),27549,Tropical-storm (34–49kt)
Florence (2018),27842,Tropical-storm (34–49kt)
Florence (2018),28081,Tropical-storm (34–49kt)
Florence (2018),28090,No TS winds (<34kt)
Florence (2018),32043,No TS winds (<34kt)
Florence (2018),32206,No TS winds (<34kt)
Florence (2018),32209,No TS winds (<34kt)
Florence (2018),32421,No TS winds (<34kt)
Florence (2018),32839,No TS winds (<34kt)
Florence (2018),33142,No TS winds (<34kt)
Florence (2018),33317,No TS winds (<34kt)
Florence (2018),33325,No TS winds (<34kt)
Florence (2018),33462,No TS winds (<34kt)
Florence (2018),33756,No TS winds (<34kt)
Florence (2018),33884,No TS winds (<34kt)
Florence (2018),34677,No TS winds (<34kt)
Florence (2018),27030,No TS winds (<34kt)
Florence (2018),28405,Hurricane-force (>=64kt)
Florence (2018),28662,No TS winds (<34kt)
Florence (2018),33326,No TS winds (<34kt)
Florence (2018),33922,No TS winds (<34kt)
Florence (2018),36618,No TS winds (<34kt)
Florence (2018),37738,No TS winds (<34kt)
Florence (2018),28017,No TS winds (<34kt)
Florence (2018),28372,Gale-force (50–63kt)
Florence (2018),28412,Hurricane-force (>=64kt)
Florence (2018),32223,No TS winds (<34kt)
Florence (2018),32277,No TS winds (<34kt)
Florence (2018),33042,No TS winds (<34kt)
Florence (2018),33513,No TS winds (<34kt)
Florence (2018),36502,No TS winds (<34kt)
Florence (2018),32217,No TS winds (<34kt)
Florence (2018),32222,No TS winds (<34kt)
Florence (2018),33853,No TS winds (<34kt)
Florence (2018),34731,No TS winds (<34kt)
Florence (2018),28621,No TS winds (<34kt)
Florence (2018),28723,No TS winds (<34kt)
Florence (2018),28803,No TS winds (<34kt)
Florence (2018),32208,No TS winds (<34kt)
Florence (2018),32352,No TS winds (<34kt)
Florence (2018),32564,No TS winds (<34kt)
Florence (2018),33510,No TS winds (<34kt)
Florence (2018),33881,No TS winds (<34kt)
Florence (2018),27713,Tropical-storm (34–49kt)
Florence (2018),32535,No TS winds (<34kt)
Florence (2018),33567,No TS winds (<34kt)
Florence (2018),34949,No TS winds (<34kt)
Florence (2018),32444,No TS winds (<34kt)
Florence (2018),32773,No TS winds (<34kt)
Florence (2018),33444,No TS winds (<34kt)
Florence (2018),33916,No TS winds (<34kt)
Florence (2018),27609,Tropical-storm (34–49kt)
Florence (2018),28445,Hurricane-force (>=64kt)
Florence (2018),32817,No TS winds (<34kt)
Florence (2018),33412,No TS winds (<34kt)
Florence (2018),34285,No TS winds (<34kt)
Florence (2018),28383,Gale-force (50–63kt)
Florence (2018),32346,No TS winds (<34kt)
Florence (2018),32707,No TS winds (<34kt)
Florence (2018),32951,No TS winds (<34kt)
Florence (2018),33782,No TS winds (<34kt)
Florence (2018),28617,No TS winds (<34kt)
Florence (2018),34762,No TS winds (<34kt)
Florence (2018),36578,No TS winds (<34kt)
Florence (2018),32621,No TS winds (<34kt)
Florence (2018),34224,No TS winds (<34kt)
Florence (2018),27379,No TS winds (<34kt)
Florence (2018),27808,Gale-force (50–63kt)
Florence (2018),27921,Tropical-storm (34–49kt)
Florence (2018),28425,Hurricane-force (>=64kt)
Florence (2018),28431,Gale-force (50–63kt)
Florence (2018),32460,No TS winds (<34kt)
Florence (2018),28463,Hurricane-force (>=64kt)
Florence (2018),33786,No TS winds (<34kt)
Florence (2018),32195,No TS winds (<34kt)
Florence (2018),33877,No TS winds (<34kt)
Florence (2018),23927,No TS winds (<34kt)
Florence (2018),33430,No TS winds (<34kt)
Florence (2018),29356,No TS winds (<34kt)
Florence (2018),28572,Hurricane-force (>=64kt)
Florence (2018),28521,Hurricane-force (>=64kt)
Florence (2018),28694,No TS winds (<34kt)
Florence (2018),27946,Tropical-storm (34–49kt)
Florence (2018),28399,Gale-force (50–63kt)
Florence (2018),32359,No TS winds (<34kt)
Florence (2018),33930,No TS winds (<34kt)
Florence (2018),28709,No TS winds (<34kt)
Florence (2018),28349,Gale-force (50–63kt)
Florence (2018),34141,No TS winds (<34kt)
Florence (2018),28743,No TS winds (<34kt)
Florence (2018),28756,No TS winds (<34kt)
Florence (2018),28433,Gale-force (50–63kt)
Florence (2018),28453,Gale-force (50–63kt)
Florence (2018),27966,Tropical-storm (34–49kt)
Florence (2018),27957,Tropical-storm (34–49kt)
Florence (2018),27820,Tropical-storm (34–49kt)
Florence (2018),29596,Tropical-storm (34–49kt)
Florence (2018),34215,No TS winds (<34kt)
Florence (2018),28766,No TS winds (<34kt)
Florence (2018),27890,Tropical-storm (34–49kt)
Florence (2018),32355,No TS winds (<34kt)
Florence (2018),33944,No TS winds (<34kt)
Florence (2018),27885,Gale-force (50–63kt)
Florence (2018),32622,No TS winds (<34kt)
Florence (2018),27947,Tropical-storm (34–49kt)
Florence (2018),33039,No TS winds (<34kt)
Florence (2018),32193,No TS winds (<34kt)
Florence (2018),37680,No TS winds (<34kt)
Florence (2018),28647,No TS winds (<34kt)
Florence (2018),28749,No TS winds (<34kt)
Irma (2017),33407,Gale-force (50–63kt)
Irma (2017),33486,Gale-force (50–63kt)
Irma (2017),33635,Gale-force (50–63kt)
Irma (2017),33870,Hurricane-force (>=64kt)
Irma (2017),33919,Hurricane-force (>=64kt)
Irma (2017),34997,Gale-force (50–63kt)
Irma (2017),32127,Gale-force (50–63kt)
Irma (2017),32359,Gale-force (50–63kt)
Irma (2017),32778,Gale-force (50–63kt)
Irma (2017),32826,Gale-force (50–63kt)
Irma (2017),32958,Gale-force (50–63kt)
Irma (2017),33018,Gale-force (50–63kt)
Irma (2017),33025,Gale-force (50–63kt)
Irma (2017),33068,Gale-force (50–63kt)
Irma (2017),33991,Hurricane-force (>=64kt)
Irma (2017),32669,Gale-force (50–63kt)
Irma (2017),33149,Gale-force (50–63kt)
Irma (2017),33156,Gale-force (50–63kt)
Irma (2017),34239,Gale-force (50–63kt)
Irma (2017),34683,Gale-force (50–63kt)
Irma (2017),32174,Gale-force (50–63kt)
Irma (2017),32334,Gale-force (50–63kt)
Irma (2017),33009,Gale-force (50–63kt)
Irma (2017),33786,Gale-force (50–63kt)
Irma (2017),34731,Gale-force (50–63kt)
Irma (2017),34769,Gale-force (50–63kt)
Irma (2017),33139,Gale-force (50–63kt)
Irma (2017),33313,Gale-force (50–63kt)
Irma (2017),33511,Hurricane-force (>=64kt)
Irma (2017),34681,Gale-force (50–63kt)
Irma (2017),32176,Gale-force (50–63kt)
Irma (2017),34654,Hurricane-force (>=64kt)
Irma (2017),33805,Hurricane-force (>=64kt)
Irma (2017),33332,Hurricane-force (>=64kt)
Irma (2017),33137,Gale-force (50–63kt)
Irma (2017),33142,Gale-force (50–63kt)
Irma (2017),34677,Gale-force (50–63kt)
Irma (2017),32640,Gale-force (50–63kt)
Irma (2017),33146,Gale-force (50–63kt)
Irma (2017),32508,No TS winds (<34kt)
Irma (2017),33851,Gale-force (50–63kt)
Irma (2017),31643,Gale-force (50–63kt)
Irma (2017),33476,Hurricane-force (>=64kt)
Irma (2017),32681,Gale-force (50–63kt)
Irma (2017),32079,Gale-force (50–63kt)
Irma (2017),31626,Gale-force (50–63kt)
Irma (2017),33109,Gale-force (50–63kt)
Irma (2017),32410,Tropical-storm (34–49kt)
Irma (2017),33493,Hurricane-force (>=64kt)
Florence (2018),28424,Gale-force (50–63kt)
Florence (2018),29368,No TS winds (<34kt)
Michael (2018),32217,No TS winds (<34kt)
Michael (2018),32221,No TS winds (<34kt)
Michael (2018),32277,No TS winds (<34kt)
Michael (2018),32503,Tropical-storm (34–49kt)
Michael (2018),32701,No TS winds (<34kt)
Michael (2018),33060,No TS winds (<34kt)
Michael (2018),33169,No TS winds (<34kt)
Michael (2018),33565,No TS winds (<34kt)
Michael (2018),33615,No TS winds (<34kt)
Michael (2018),34235,No TS winds (<34kt)
Michael (2018),34275,No TS winds (<34kt)
Michael (2018),34450,No TS winds (<34kt)
Michael (2018),34614,No TS winds (<34kt)
Michael (2018),34655,No TS winds (<34kt)
Michael (2018),34715,No TS winds (<34kt)
Michael (2018),27012,No TS winds (<34kt)
Michael (2018),28306,Tropical-storm (34–49kt)
Michael (2018),28460,Gale-force (50–63kt)
Michael (2018),32205,No TS winds (<34kt)
Michael (2018),33132,No TS winds (<34kt)
Michael (2018),33316,No TS winds (<34kt)
Michael (2018),33873,No TS winds (<34kt)
Michael (2018),34688,No TS winds (<34kt)
Michael (2018),36532,No TS winds (<34kt)
Michael (2018),28129,No TS winds (<34kt)
Michael (2018),28134,No TS winds (<34kt)
Michael (2018),28310,Tropical-storm (34–49kt)
Michael (2018),28315,Tropical-storm (34–49kt)
Michael (2018),29566,Tropical-storm (34–49kt)
Michael (2018),32129,No TS winds (<34kt)
Michael (2018),33139,No TS winds (<34kt)
Michael (2018),33428,No TS winds (<34kt)
Michael (2018),33613,No TS winds (<34kt)
Michael (2018),33713,No TS winds (<34kt)
Michael (2018),34231,No TS winds (<34kt)
Michael (2018),34761,No TS winds (<34kt)
Michael (2018),27020,No TS winds (<34kt)
Michael (2018),27311,No TS winds (<34kt)
Michael (2018),28204,No TS winds (<34kt)
Michael (2018),28590,Gale-force (50–63kt)
Michael (2018),32336,Tropical-storm (34–49kt)
Michael (2018),32507,Tropical-storm (34–49kt)
Michael (2018),33544,No TS winds (<34kt)
Michael (2018),27530,Tropical-storm (34–49kt)
Michael (2018),27932,Gale-force (50–63kt)
Michael (2018),32803,No TS winds (<34kt)
Michael (2018),32909,No TS winds (<34kt)
Michael (2018),34613,No TS winds (<34kt)
Michael (2018),36618,No TS winds (<34kt)
Michael (2018),27215,No TS winds (<34kt)
Michael (2018),28212,No TS winds (<34kt)
Michael (2018),28650,No TS winds (<34kt)
Michael (2018),32009,No TS winds (<34kt)
Michael (2018),32212,No TS winds (<34kt)
Michael (2018),33039,No TS winds (<34kt)
Michael (2018),33147,No TS winds (<34kt)
Michael (2018),34269,No TS winds (<34kt)
Michael (2018),33016,No TS winds (<34kt)
Michael (2018),33069,No TS winds (<34kt)
Michael (2018),36502,No TS winds (<34kt)
Michael (2018),27511,No TS winds (<34kt)
Michael (2018),28457,Tropical-storm (34–49kt)
Michael (2018),33709,No TS winds (<34kt)
Michael (2018),28768,No TS winds (<34kt)
Michael (2018),33534,No TS winds (<34kt)
Michael (2018),33955,No TS winds (<34kt)
Michael (2018),33982,No TS winds (<34kt)
Michael (2018),27608,No TS winds (<34kt)
Michael (2018),34113,No TS winds (<34kt)
Michael (2018),34714,No TS winds (<34kt)
Michael (2018),28692,No TS winds (<34kt)
Michael (2018),28778,No TS winds (<34kt)
Michael (2018),32440,Gale-force (50–63kt)
Michael (2018),32577,Tropical-storm (34–49kt)
Michael (2018),32424,Hurricane-force (>=64kt)
Michael (2018),32502,Tropical-storm (34–49kt)
Michael (2018),27518,No TS winds (<34kt)
Michael (2018),28428,Tropical-storm (34–49kt)
Michael (2018),28615,No TS winds (<34kt)
Michael (2018),33592,No TS winds (<34kt)
Michael (2018),32764,No TS winds (<34kt)
Michael (2018),33973,No TS winds (<34kt)
Michael (2018),27023,No TS winds (<34kt)
Michael (2018),27298,No TS winds (<34kt)
Michael (2018),27341,Tropical-storm (34–49kt)
Michael (2018),27581,No TS winds (<34kt)
Michael (2018),28456,Tropical-storm (34–49kt)
Michael (2018),27043,No TS winds (<34kt)
Michael (2018),28523,Gale-force (50–63kt)
Michael (2018),32667,No TS winds (<34kt)
Michael (2018),27569,Tropical-storm (34–49kt)
Michael (2018),27046,No TS winds (<34kt)
Michael (2018),36320,Gale-force (50–63kt)
Michael (2018),27024,No TS winds (<34kt)
Michael (2018),28905,No TS winds (<34kt)
Michael (2018),32083,No TS winds (<34kt)
Michael (2018),33857,No TS winds (<34kt)
Michael (2018),29712,No TS winds (<34kt)
Michael (2018),28318,Tropical-storm (34–49kt)
Michael (2018),28433,Tropical-storm (34–49kt)
Michael (2018),34289,No TS winds (<34kt)
Michael (2018),33786,No TS winds (<34kt)
Michael (2018),32658,No TS winds (<34kt)
Michael (2018),28007,No TS winds (<34kt)
Michael (2018),30562,No TS winds (<34kt)
Michael (2018),30537,No TS winds (<34kt)
Michael (2018),28684,No TS winds (<34kt)
Michael (2018),27379,No TS winds (<34kt)
Michael (2018),27897,Gale-force (50–63kt)
Michael (2018),27957,Gale-force (50–63kt)
Michael (2018),32426,Gale-force (50–63kt)
Michael (2018),27922,Gale-force (50–63kt)
Michael (2018),27291,No TS winds (<34kt)
Michael (2018),33521,No TS winds (<34kt)
Michael (2018),24529,Tropical-storm (34–49kt)
Michael (2018),32697,No TS winds (<34kt)
Michael (2018),34101,No TS winds (<34kt)
Michael (2018),23851,Tropical-storm (34–49kt)
Michael (2018),24580,Tropical-storm (34–49kt)
Michael (2018),27861,Gale-force (50–63kt)
Michael (2018),28671,No TS winds (<34kt)
Michael (2018),31569,Tropical-storm (34–49kt)
Michael (2018),24069,No TS winds (<34kt)
Michael (2018),28019,No TS winds (<34kt)
Harvey (2017),70663,No TS winds (<34kt)
Harvey (2017),75068,No TS winds (<34kt)
Harvey (2017),75071,No TS winds (<34kt)
Harvey (2017),75115,No TS winds (<34kt)
Harvey (2017),76063,No TS winds (<34kt)
Harvey (2017),76310,No TS winds (<34kt)
Harvey (2017),75078,No TS winds (<34kt)
Harvey (2017),75114,No TS winds (<34kt)
Harvey (2017),75684,No TS winds (<34kt)
Harvey (2017),78210,Tropical-storm (34–49kt)
Harvey (2017),78232,Tropical-storm (34–49kt)
Harvey (2017),75001,No TS winds (<34kt)
Harvey (2017),75089,No TS winds (<34kt)
Harvey (2017),77098,Tropical-storm (34–49kt)
Harvey (2017),77362,Tropical-storm (34–49kt)
Harvey (2017),75039,No TS winds (<34kt)
Harvey (2017),76034,No TS winds (<34kt)
Harvey (2017),77708,No TS winds (<34kt)
Harvey (2017),75043,No TS winds (<34kt)
Harvey (2017),77461,Tropical-storm (34–49kt)
Harvey (2017),77545,Tropical-storm (34–49kt)
Harvey (2017),78728,No TS winds (<34kt)
Harvey (2017),76086,No TS winds (<34kt)
Harvey (2017),77365,Tropical-storm (34–49kt)
Harvey (2017),77575,No TS winds (<34kt)
Harvey (2017),78155,Tropical-storm (34–49kt)
Harvey (2017),78801,No TS winds (<34kt)
Harvey (2017),75949,No TS winds (<34kt)
Harvey (2017),76020,No TS winds (<34kt)
Harvey (2017),77002,Tropical-storm (34–49kt)
Harvey (2017),77354,Tropical-storm (34–49kt)
Harvey (2017),77375,Tropical-storm (34–49kt)
Harvey (2017),77494,Tropical-storm (34–49kt)
Harvey (2017),77514,No TS winds (<34kt)
Harvey (2017),78124,Tropical-storm (34–49kt)
Harvey (2017),79851,No TS winds (<34kt)
Harvey (2017),73443,No TS winds (<34kt)
Harvey (2017),75570,No TS winds (<34kt)
Harvey (2017),78109,Tropical-storm (34–49kt)
Harvey (2017),79925,No TS winds (<34kt)
Harvey (2017),75605,No TS winds (<34kt)
Harvey (2017),75670,No TS winds (<34kt)
Harvey (2017),77081,Tropical-storm (34–49kt)
Harvey (2017),77090,Tropical-storm (34–49kt)
Harvey (2017),78238,No TS winds (<34kt)
Harvey (2017),78362,Hurricane-force (>=64kt)
Harvey (2017),79382,No TS winds (<34kt)
Harvey (2017),75771,No TS winds (<34kt)
Harvey (2017),76201,No TS winds (<34kt)
Harvey (2017),76520,Tropical-storm (34–49kt)
Harvey (2017),77598,Tropical-storm (34–49kt)
Harvey (2017),78541,No TS winds (<34kt)
Harvey (2017),78582,No TS winds (<34kt)
Harvey (2017),78645,No TS winds (<34kt)
Harvey (2017),76834,No TS winds (<34kt)
Harvey (2017),78239,Tropical-storm (34–49kt)
Harvey (2017),78577,No TS winds (<34kt)
Harvey (2017),76110,No TS winds (<34kt)
Harvey (2017),76554,Tropical-storm (34–49kt)
Harvey (2017),75254,No TS winds (<34kt)
Harvey (2017),75454,No TS winds (<34kt)
Harvey (2017),79410,No TS winds (<34kt)
Harvey (2017),77498,Tropical-storm (34–49kt)
Harvey (2017),70668,No TS winds (<34kt)
Harvey (2017),75212,No TS winds (<34kt)
Harvey (2017),76632,Tropical-storm (34–49kt)
Harvey (2017),79401,No TS winds (<34kt)
Harvey (2017),75568,No TS winds (<34kt)
Harvey (2017),76667,No TS winds (<34kt)
Harvey (2017),78656,Tropical-storm (34–49kt)
Harvey (2017),76351,No TS winds (<34kt)
Harvey (2017),79749,No TS winds (<34kt)
Harvey (2017),78019,No TS winds (<34kt)
Harvey (2017),77446,Tropical-storm (34–49kt)
Harvey (2017),71060,No TS winds (<34kt)
Harvey (2017),75969,No TS winds (<34kt)
Harvey (2017),78616,Tropical-storm (34–49kt)
Harvey (2017),79059,No TS winds (<34kt)
Harvey (2017),75158,No TS winds (<34kt)
Harvey (2017),76638,No TS winds (<34kt)
Harvey (2017),77547,Tropical-storm (34–49kt)
Harvey (2017),75476,No TS winds (<34kt)
Harvey (2017),78631,No TS winds (<34kt)
Harvey (2017),71462,No TS winds (<34kt)
Harvey (2017),76436,No TS winds (<34kt)
Harvey (2017),76704,Tropical-storm (34–49kt)
Harvey (2017),77835,Tropical-storm (34–49kt)
Harvey (2017),79104,No TS winds (<34kt)
Harvey (2017),79908,No TS winds (<34kt)
Harvey (2017),88252,No TS winds (<34kt)
Harvey (2017),79041,No TS winds (<34kt)
Harvey (2017),75251,No TS winds (<34kt)
Harvey (2017),76372,No TS winds (<34kt)
Harvey (2017),79366,No TS winds (<34kt)
Harvey (2017),75490,No TS winds (<34kt)
Harvey (2017),76636,No TS winds (<34kt)
Harvey (2017),78208,Tropical-storm (34–49kt)
Harvey (2017),79839,No TS winds (<34kt)
Harvey (2017),76649,No TS winds (<34kt)
Harvey (2017),76433,No TS winds (<34kt)
Harvey (2017),79738,No TS winds (<34kt)
Harvey (2017),75021,No TS winds (<34kt)
Harvey (2017),79010,No TS winds (<34kt)
Harvey (2017),79322,No TS winds (<34kt)
Harvey (2017),71007,No TS winds (<34kt)
Harvey (2017),75144,No TS winds (<34kt)
Harvey (2017),76466,No TS winds (<34kt)
Harvey (2017),76878,No TS winds (<34kt)
Harvey (2017),79031,No TS winds (<34kt)
Harvey (2017),78662,Tropical-storm (34–49kt)
Harvey (2017),79853,No TS winds (<34kt)
Harvey (2017),75556,No TS winds (<34kt)
Harvey (2017),79377,No TS winds (<34kt)
Harvey (2017),76518,Tropical-storm (34–49kt)
Harvey (2017),78022,Tropical-storm (34–49kt)
Harvey (2017),76481,No TS winds (<34kt)
Harvey (2017),75631,No TS winds (<34kt)
Harvey (2017),78113,Tropical-storm (34–49kt)
Harvey (2017),77873,Tropical-storm (34–49kt)
Harvey (2017),75554,No TS winds (<34kt)
Harvey (2017),73530,No TS winds (<34kt)
Harvey (2017),76454,No TS winds (<34kt)
Harvey (2017),78615,Tropical-storm (34–49kt)
Harvey (2017),75127,No TS winds (<34kt)
Harvey (2017),78152,Tropical-storm (34–49kt)
Harvey (2017),73562,No TS winds (<34kt)
Harvey (2017),79248,No TS winds (<34kt)
Harvey (2017),75477,No TS winds (<34kt)
Harvey (2017),74741,No TS winds (<34kt)
Harvey (2017),79530,No TS winds (<34kt)
Harvey (2017),79561,No TS winds (<34kt)
Harvey (2017),79543,No TS winds (<34kt)
Harvey (2017),77374,No TS winds (<34kt)
Harvey (2017),79259,No TS winds (<34kt)
Harvey (2017),78144,Gale-force (50–63kt)
Harvey (2017),76685,Tropical-storm (34–49kt)
Harvey (2017),71853,No TS winds (<34kt)
Harvey (2017),75937,No TS winds (<34kt)
Harvey (2017),76820,No TS winds (<34kt)
Harvey (2017),71029,No TS winds (<34kt)
Harvey (2017),79699,No TS winds (<34kt)
Harvey (2017),76953,No TS winds (<34kt)
Harvey (2017),79251,No TS winds (<34kt)
Harvey (2017),75779,No TS winds (<34kt)
Harvey (2017),88436,No TS winds (<34kt)
Harvey (2017),76469,No TS winds (<34kt)
Imelda (2019),75149,No TS winds (<34kt)
Imelda (2019),76120,No TS winds (<34kt)
Imelda (2019),76148,No TS winds (<34kt)
Imelda (2019),77098,No TS winds (<34kt)
Imelda (2019),77316,No TS winds (<34kt)
Imelda (2019),77340,No TS winds (<34kt)
Imelda (2019),77357,No TS winds (<34kt)
Imelda (2019),77469,No TS winds (<34kt)
Imelda (2019),77840,No TS winds (<34kt)
Imelda (2019),77845,No TS winds (<34kt)
Imelda (2019),78108,No TS winds (<34kt)
Imelda (2019),78605,No TS winds (<34kt)
Imelda (2019),78620,No TS winds (<34kt)
Imelda (2019),78747,No TS winds (<34kt)
Imelda (2019),79915,No TS winds (<34kt)
Imelda (2019),76021,No TS winds (<34kt)
Imelda (2019),77802,No TS winds (<34kt)
Imelda (2019),78209,No TS winds (<34kt)
Imelda (2019),74701,No TS winds (<34kt)
Imelda (2019),75056,No TS winds (<34kt)
Imelda (2019),76134,No TS winds (<34kt)
Imelda (2019),78211,No TS winds (<34kt)
Imelda (2019),75238,No TS winds (<34kt)
Imelda (2019),76087,No TS winds (<34kt)
Imelda (2019),76825,No TS winds (<34kt)
Imelda (2019),78229,No TS winds (<34kt)
Imelda (2019),75979,No TS winds (<34kt)
Imelda (2019),76450,No TS winds (<34kt)
Imelda (2019),77009,No TS winds (<34kt)
Imelda (2019),77632,No TS winds (<34kt)
Imelda (2019),78336,No TS winds (<34kt)
Imelda (2019),75407,No TS winds (<34kt)
Imelda (2019),76905,No TS winds (<34kt)
Imelda (2019),78611,No TS winds (<34kt)
Imelda (2019),75203,No TS winds (<34kt)
Imelda (2019),75567,No TS winds (<34kt)
Imelda (2019),79520,No TS winds (<34kt)
Imelda (2019),75075,No TS winds (<34kt)
Imelda (2019),75423,No TS winds (<34kt)
Imelda (2019),77071,No TS winds (<34kt)
Imelda (2019),77358,No TS winds (<34kt)
Imelda (2019),78566,No TS winds (<34kt)
Imelda (2019),78704,No TS winds (<34kt)
Imelda (2019),77067,No TS winds (<34kt)
Imelda (2019),77701,No TS winds (<34kt)
Imelda (2019),79761,No TS winds (<34kt)
Imelda (2019),75054,No TS winds (<34kt)
Imelda (2019),79907,No TS winds (<34kt)
Imelda (2019),79934,No TS winds (<34kt)
Imelda (2019),78052,No TS winds (<34kt)
Imelda (2019),75570,No TS winds (<34kt)
Imelda (2019),77562,No TS winds (<34kt)
Imelda (2019),79902,No TS winds (<34kt)
Imelda (2019),71853,No TS winds (<34kt)
Imelda (2019),76449,No TS winds (<34kt)
Imelda (2019),75041,No TS winds (<34kt)
Imelda (2019),78578,No TS winds (<34kt)
Imelda (2019),75785,No TS winds (<34kt)
Imelda (2019),77033,No TS winds (<34kt)
Imelda (2019),71446,No TS winds (<34kt)
Imelda (2019),78745,No TS winds (<34kt)
Imelda (2019),76018,No TS winds (<34kt)
Imelda (2019),76117,No TS winds (<34kt)
Imelda (2019),78736,No TS winds (<34kt)
Imelda (2019),77983,No TS winds (<34kt)
Imelda (2019),78140,No TS winds (<34kt)
Imelda (2019),76106,No TS winds (<34kt)
Imelda (2019),75223,No TS winds (<34kt)
Imelda (2019),79849,No TS winds (<34kt)
Imelda (2019),78501,No TS winds (<34kt)
Imelda (2019),77995,No TS winds (<34kt)
Imelda (2019),75436,No TS winds (<34kt)
Imelda (2019),76853,No TS winds (<34kt)
Imelda (2019),88081,No TS winds (<34kt)
Imelda (2019),75860,No TS winds (<34kt)
Imelda (2019),77613,No TS winds (<34kt)
Imelda (2019),77960,No TS winds (<34kt)
Imelda (2019),79734,No TS winds (<34kt)
Imelda (2019),79842,No TS winds (<34kt)
Imelda (2019),75929,No TS winds (<34kt)
Imelda (2019),75422,No TS winds (<34kt)
Imelda (2019),75472,No TS winds (<34kt)
Imelda (2019),78124,No TS winds (<34kt)
Irma (2017),33945,Gale-force (50–63kt)
Imelda (2019),78563,No TS winds (<34kt)
Imelda (2019),78932,No TS winds (<34kt)
Imelda (2019),75954,No TS winds (<34kt)
Imelda (2019),77507,No TS winds (<34kt)
Imelda (2019),76870,No TS winds (<34kt)
Imelda (2019),78657,No TS winds (<34kt)
Imelda (2019),78235,No TS winds (<34kt)
Imelda (2019),76470,No TS winds (<34kt)
Imelda (2019),78948,No TS winds (<34kt)
Imelda (2019),75925,No TS winds (<34kt)
Imelda (2019),79356,No TS winds (<34kt)
Imelda (2019),79505,No TS winds (<34kt)
Imelda (2019),79001,No TS winds (<34kt)
Imelda (2019),76538,No TS winds (<34kt)
Imelda (2019),73456,No TS winds (<34kt)
Imelda (2019),75708,No TS winds (<34kt)
Imelda (2019),76250,No TS winds (<34kt)
Imelda (2019),78141,No TS winds (<34kt)
Imelda (2019),75861,No TS winds (<34kt)
Imelda (2019),70652,No TS winds (<34kt)
Imelda (2019),76511,No TS winds (<34kt)
Imelda (2019),71030,No TS winds (<34kt)
Imelda (2019),77050,No TS winds (<34kt)
Imelda (2019),76649,No TS winds (<34kt)
Imelda (2019),79257,No TS winds (<34kt)
Imelda (2019),71044,No TS winds (<34kt)
Imelda (2019),75477,No TS winds (<34kt)
Imelda (2019),71462,No TS winds (<34kt)
Imelda (2019),77990,No TS winds (<34kt)
Imelda (2019),79062,No TS winds (<34kt)
Imelda (2019),75764,No TS winds (<34kt)
Imelda (2019),76930,No TS winds (<34kt)
Imelda (2019),75450,No TS winds (<34kt)
Imelda (2019),77466,No TS winds (<34kt)
Imelda (2019),73521,No TS winds (<34kt)
Imelda (2019),78870,No TS winds (<34kt)
Imelda (2019),79530,No TS winds (<34kt)
Imelda (2019),76429,No TS winds (<34kt)
Imelda (2019),78585,No TS winds (<34kt)
Imelda (2019),75784,No TS winds (<34kt)
Imelda (2019),79244,No TS winds (<34kt)
Imelda (2019),78150,No TS winds (<34kt)
Imelda (2019),76077,No TS winds (<34kt)
Imelda (2019),79314,No TS winds (<34kt)
Imelda (2019),78335,No TS winds (<34kt)
Imelda (2019),76882,No TS winds (<34kt)
Imelda (2019),79003,No TS winds (<34kt)
Imelda (2019),78330,No TS winds (<34kt)
Imelda (2019),78677,No TS winds (<34kt)
Imelda (2019),76842,No TS winds (<34kt)
Imelda (2019),76824,No TS winds (<34kt)
Imelda (2019),78338,No TS winds (<34kt)
Imelda (2019),88112,No TS winds (<34kt)
Imelda (2019),78535,No TS winds (<34kt)
Imelda (2019),73843,No TS winds (<34kt)
Imelda (2019),79738,No TS winds (<34kt)
Imelda (2019),76263,No TS winds (<34kt)
Imelda (2019),77428,No TS winds (<34kt)
Florence (2018),28052,No TS winds (<34kt)
Florence (2018),28211,Tropical-storm (34–49kt)
Florence (2018),32114,No TS winds (<34kt)
Florence (2018),32725,No TS winds (<34kt)
Florence (2018),33054,No TS winds (<34kt)
Florence (2018),33154,No TS winds (<34kt)
Florence (2018),33187,No TS winds (<34kt)
Florence (2018),33324,No TS winds (<34kt)
Florence (2018),34431,No TS winds (<34kt)
Florence (2018),34452,No TS winds (<34kt)
Florence (2018),34652,No TS winds (<34kt)
Florence (2018),34748,No TS winds (<34kt)
Florence (2018),34759,No TS winds (<34kt)
Florence (2018),34787,No TS winds (<34kt)
Florence (2018),27573,No TS winds (<34kt)
Florence (2018),28590,Gale-force (50–63kt)
Florence (2018),32131,No TS winds (<34kt)
Florence (2018),32607,No TS winds (<34kt)
Florence (2018),33056,No TS winds (<34kt)
Florence (2018),33406,No TS winds (<34kt)
Florence (2018),33426,No TS winds (<34kt)
Florence (2018),33442,No TS winds (<34kt)
Florence (2018),33471,No TS winds (<34kt)
Florence (2018),33713,No TS winds (<34kt)
Florence (2018),33982,No TS winds (<34kt)
Florence (2018),34219,No TS winds (<34kt)
Florence (2018),34471,No TS winds (<34kt)
Florence (2018),34984,No TS winds (<34kt)
Florence (2018),32309,No TS winds (<34kt)
Florence (2018),32322,No TS winds (<34kt)
Florence (2018),33435,No TS winds (<34kt)
Florence (2018),33605,No TS winds (<34kt)
Florence (2018),34238,No TS winds (<34kt)
Florence (2018),28127,Tropical-storm (34–49kt)
Florence (2018),29349,No TS winds (<34kt)
Florence (2018),32137,No TS winds (<34kt)
Florence (2018),32578,No TS winds (<34kt)
Florence (2018),32830,No TS winds (<34kt)
Florence (2018),33009,No TS winds (<34kt)
Florence (2018),33026,No TS winds (<34kt)
Florence (2018),33621,No TS winds (<34kt)
Florence (2018),34235,No TS winds (<34kt)
Florence (2018),34442,No TS winds (<34kt)
Florence (2018),27052,No TS winds (<34kt)
Florence (2018),28124,Tropical-storm (34–49kt)
Florence (2018),28384,Gale-force (50–63kt)
Florence (2018),32091,No TS winds (<34kt)
Florence (2018),32606,No TS winds (<34kt)
Florence (2018),32712,No TS winds (<34kt)
Florence (2018),33032,No TS winds (<34kt)
Florence (2018),33763,No TS winds (<34kt)
Florence (2018),34142,No TS winds (<34kt)
Florence (2018),36608,No TS winds (<34kt)
Florence (2018),28396,Tropical-storm (34–49kt)
Florence (2018),33129,No TS winds (<34kt)
Florence (2018),33455,No TS winds (<34kt)
Florence (2018),27027,No TS winds (<34kt)
Florence (2018),27301,No TS winds (<34kt)
Florence (2018),27865,Gale-force (50–63kt)
Florence (2018),32425,No TS winds (<34kt)
Florence (2018),33618,No TS winds (<34kt)
Florence (2018),27932,Tropical-storm (34–49kt)
Florence (2018),32320,No TS winds (<34kt)
Florence (2018),34135,No TS winds (<34kt)
Florence (2018),34479,No TS winds (<34kt)
Florence (2018),27313,No TS winds (<34kt)
Florence (2018),27852,Gale-force (50–63kt)
Florence (2018),28510,Hurricane-force (>=64kt)
Florence (2018),32134,No TS winds (<34kt)
Florence (2018),32177,No TS winds (<34kt)
Florence (2018),27521,Tropical-storm (34–49kt)
Florence (2018),28470,Hurricane-force (>=64kt)
Florence (2018),33004,No TS winds (<34kt)
Florence (2018),33865,No TS winds (<34kt)
Florence (2018),27589,Tropical-storm (34–49kt)
Florence (2018),27869,Tropical-storm (34–49kt)
Florence (2018),36530,No TS winds (<34kt)
Florence (2018),32052,No TS winds (<34kt)
Florence (2018),36619,No TS winds (<34kt)
Florence (2018),27855,Tropical-storm (34–49kt)
Florence (2018),27920,Gale-force (50–63kt)
Florence (2018),32330,No TS winds (<34kt)
Florence (2018),33541,No TS winds (<34kt)
Florence (2018),33976,No TS winds (<34kt)
Florence (2018),28395,Tropical-storm (34–49kt)
Florence (2018),34753,No TS winds (<34kt)
Florence (2018),27864,Gale-force (50–63kt)
Florence (2018),27022,No TS winds (<34kt)
Florence (2018),33514,No TS winds (<34kt)
Florence (2018),27959,Tropical-storm (34–49kt)
Florence (2018),28119,Tropical-storm (34–49kt)
Florence (2018),27503,Tropical-storm (34–49kt)
Florence (2018),27979,Tropical-storm (34–49kt)
Florence (2018),29512,Tropical-storm (34–49kt)
Florence (2018),27823,Tropical-storm (34–49kt)
Florence (2018),28643,No TS winds (<34kt)
Florence (2018),36512,No TS winds (<34kt)
Florence (2018),24586,No TS winds (<34kt)
Florence (2018),39815,No TS winds (<34kt)
Florence (2018),27212,No TS winds (<34kt)
Florence (2018),32410,No TS winds (<34kt)
Florence (2018),33001,No TS winds (<34kt)
Florence (2018),28369,Gale-force (50–63kt)
Florence (2018),28308,Tropical-storm (34–49kt)
Florence (2018),23893,No TS winds (<34kt)
Florence (2018),24333,No TS winds (<34kt)
Florence (2018),27982,Tropical-storm (34–49kt)
Florence (2018),24069,No TS winds (<34kt)
Florence (2018),33109,No TS winds (<34kt)
Florence (2018),27582,No TS winds (<34kt)
Florence (2018),36615,No TS winds (<34kt)
Florence (2018),27847,Tropical-storm (34–49kt)
Florence (2018),23851,Tropical-storm (34–49kt)
Florence (2018),37333,No TS winds (<34kt)
Florence (2018),27825,Gale-force (50–63kt)
Florence (2018),28007,Tropical-storm (34–49kt)
Florence (2018),23845,No TS winds (<34kt)
Irma (2017),33177,Gale-force (50–63kt)
Irma (2017),33178,Gale-force (50–63kt)
Irma (2017),33179,Gale-force (50–63kt)
Irma (2017),33405,Gale-force (50–63kt)
Irma (2017),33413,Gale-force (50–63kt)
Irma (2017),33615,Gale-force (50–63kt)
Irma (2017),34491,Gale-force (50–63kt)
Irma (2017),34613,Hurricane-force (>=64kt)
Irma (2017),34974,Hurricane-force (>=64kt)
Irma (2017),32205,Gale-force (50–63kt)
Irma (2017),32401,Tropical-storm (34–49kt)
Irma (2017),32404,Tropical-storm (34–49kt)
Irma (2017),32766,Gale-force (50–63kt)
Irma (2017),33157,Gale-force (50–63kt)
Irma (2017),33462,Gale-force (50–63kt)
Irma (2017),34287,Hurricane-force (>=64kt)
Irma (2017),34481,Gale-force (50–63kt)
Irma (2017),32071,Gale-force (50–63kt)
Irma (2017),32686,Gale-force (50–63kt)
Irma (2017),32901,Gale-force (50–63kt)
Irma (2017),33033,Gale-force (50–63kt)
Irma (2017),33417,Gale-force (50–63kt)
Irma (2017),34667,Hurricane-force (>=64kt)
Irma (2017),34950,Gale-force (50–63kt)
Irma (2017),36549,No TS winds (<34kt)
Irma (2017),32579,Tropical-storm (34–49kt)
Irma (2017),33308,Gale-force (50–63kt)
Irma (2017),33609,Gale-force (50–63kt)
Irma (2017),34744,Gale-force (50–63kt)
Irma (2017),34759,Gale-force (50–63kt)
Irma (2017),32277,Gale-force (50–63kt)
Irma (2017),33185,Hurricane-force (>=64kt)
Irma (2017),33957,Hurricane-force (>=64kt)
Irma (2017),34610,Hurricane-force (>=64kt)
Irma (2017),32351,Gale-force (50–63kt)
Irma (2017),32409,Tropical-storm (34–49kt)
Irma (2017),33143,Gale-force (50–63kt)
Irma (2017),32250,Gale-force (50–63kt)
Irma (2017),33031,Gale-force (50–63kt)
Irma (2017),33434,Gale-force (50–63kt)
Irma (2017),32526,No TS winds (<34kt)
Irma (2017),32033,Gale-force (50–63kt)
Irma (2017),32244,Gale-force (50–63kt)
Irma (2017),32618,Gale-force (50–63kt)
Irma (2017),33774,Gale-force (50–63kt)
Irma (2017),33830,Hurricane-force (>=64kt)
Irma (2017),32179,Gale-force (50–63kt)
Irma (2017),34601,Hurricane-force (>=64kt)
Irma (2017),33715,Gale-force (50–63kt)
Irma (2017),39845,Tropical-storm (34–49kt)
Irma (2017),32950,Gale-force (50–63kt)
Irma (2017),34498,Gale-force (50–63kt)
Irma (2017),32666,Gale-force (50–63kt)
Irma (2017),32925,Gale-force (50–63kt)
Irma (2017),32113,Gale-force (50–63kt)
Irma (2017),34228,Gale-force (50–63kt)
Irma (2017),34289,Hurricane-force (>=64kt)
Irma (2017),32332,Gale-force (50–63kt)
Irma (2017),32423,Tropical-storm (34–49kt)
Irma (2017),32767,Gale-force (50–63kt)
Irma (2017),34762,Gale-force (50–63kt)
Irma (2017),32358,Gale-force (50–63kt)
Irma (2017),33849,Hurricane-force (>=64kt)
Irma (2017),32759,Gale-force (50–63kt)
Irma (2017),36455,Tropical-storm (34–49kt)
Irma (2017),36375,Tropical-storm (34–49kt)
Irma (2017),32970,Gale-force (50–63kt)
Irma (2017),33503,Gale-force (50–63kt)
Florence (2018),23950,No TS winds (<34kt)
Michael (2018),28560,Gale-force (50–63kt)
Michael (2018),28562,Gale-force (50–63kt)
Michael (2018),28761,No TS winds (<34kt)
Michael (2018),32034,No TS winds (<34kt)
Michael (2018),32348,Tropical-storm (34–49kt)
Michael (2018),32656,No TS winds (<34kt)
Michael (2018),32935,No TS winds (<34kt)
Michael (2018),33030,No TS winds (<34kt)
Michael (2018),33042,No TS winds (<34kt)
Michael (2018),33130,No TS winds (<34kt)
Michael (2018),33594,No TS winds (<34kt)
Michael (2018),33625,No TS winds (<34kt)
Michael (2018),33744,No TS winds (<34kt)
Michael (2018),33770,No TS winds (<34kt)
Michael (2018),27455,No TS winds (<34kt)
Michael (2018),27613,No TS winds (<34kt)
Michael (2018),28150,No TS winds (<34kt)
Michael (2018),28207,No TS winds (<34kt)
Michael (2018),28722,No TS winds (<34kt)
Michael (2018),32547,Tropical-storm (34–49kt)
Michael (2018),32708,No TS winds (<34kt)
Michael (2018),33050,No TS winds (<34kt)
Michael (2018),33480,No TS winds (<34kt)
Michael (2018),33617,No TS winds (<34kt)
Michael (2018),36604,No TS winds (<34kt)
Michael (2018),36613,No TS winds (<34kt)
Michael (2018),32063,No TS winds (<34kt)
Michael (2018),32459,Gale-force (50–63kt)
Michael (2018),32601,No TS winds (<34kt)
Michael (2018),32832,No TS winds (<34kt)
Michael (2018),33012,No TS winds (<34kt)
Michael (2018),33324,No TS winds (<34kt)
Michael (2018),33868,No TS winds (<34kt)
Michael (2018),34446,No TS winds (<34kt)
Michael (2018),34758,No TS winds (<34kt)
Michael (2018),28021,No TS winds (<34kt)
Michael (2018),28227,No TS winds (<34kt)
Michael (2018),28463,Tropical-storm (34–49kt)
Michael (2018),32060,Tropical-storm (34–49kt)
Michael (2018),32534,Tropical-storm (34–49kt)
Michael (2018),32563,Tropical-storm (34–49kt)
Michael (2018),32967,No TS winds (<34kt)
Michael (2018),33149,No TS winds (<34kt)
Michael (2018),33905,No TS winds (<34kt)
Michael (2018),27546,Tropical-storm (34–49kt)
Michael (2018),32159,No TS winds (<34kt)
Michael (2018),36527,No TS winds (<34kt)
Michael (2018),27045,No TS winds (<34kt)
Michael (2018),27817,Gale-force (50–63kt)
Michael (2018),33872,No TS winds (<34kt)
Michael (2018),34602,No TS winds (<34kt)
Michael (2018),28323,Tropical-storm (34–49kt)
Michael (2018),33965,No TS winds (<34kt)
Michael (2018),34287,No TS winds (<34kt)
Michael (2018),32195,No TS winds (<34kt)
Michael (2018),32603,No TS winds (<34kt)
Michael (2018),32903,No TS winds (<34kt)
Michael (2018),32621,No TS winds (<34kt)
Michael (2018),34471,No TS winds (<34kt)
Michael (2018),27243,No TS winds (<34kt)
Michael (2018),27837,Gale-force (50–63kt)
Michael (2018),28073,No TS winds (<34kt)
Michael (2018),28332,Tropical-storm (34–49kt)
Michael (2018),28638,No TS winds (<34kt)
Michael (2018),32561,Tropical-storm (34–49kt)
Michael (2018),32626,Tropical-storm (34–49kt)
Michael (2018),37317,No TS winds (<34kt)
Michael (2018),33701,No TS winds (<34kt)
Michael (2018),34224,No TS winds (<34kt)
Michael (2018),34240,No TS winds (<34kt)
Michael (2018),36603,No TS winds (<34kt)
Michael (2018),32820,No TS winds (<34kt)
Michael (2018),28480,Tropical-storm (34–49kt)
Michael (2018),33621,No TS winds (<34kt)
Michael (2018),29582,Tropical-storm (34–49kt)
Michael (2018),32606,No TS winds (<34kt)
Michael (2018),34210,No TS winds (<34kt)
Michael (2018),33598,No TS winds (<34kt)
Michael (2018),28711,No TS winds (<34kt)
Michael (2018),32544,Tropical-storm (34–49kt)
Michael (2018),36578,No TS winds (<34kt)
Michael (2018),27916,Gale-force (50–63kt)
Michael (2018),37683,No TS winds (<34kt)
Michael (2018),32352,Gale-force (50–63kt)
Michael (2018),32359,Tropical-storm (34–49kt)
Michael (2018),28342,Tropical-storm (34–49kt)
Michael (2018),28682,No TS winds (<34kt)
Michael (2018),32094,Tropical-storm (34–49kt)
Michael (2018),27962,Gale-force (50–63kt)
Michael (2018),33867,No TS winds (<34kt)
Michael (2018),31601,Tropical-storm (34–49kt)
Michael (2018),28649,No TS winds (<34kt)
Michael (2018),37641,No TS winds (<34kt)
Michael (2018),27551,No TS winds (<34kt)
Michael (2018),28125,No TS winds (<34kt)
Michael (2018),23847,Tropical-storm (34–49kt)
Michael (2018),28341,Tropical-storm (34–49kt)
Michael (2018),28441,Tropical-storm (34–49kt)
Michael (2018),32410,Hurricane-force (>=64kt)
Michael (2018),27960,Gale-force (50–63kt)
Michael (2018),28718,No TS winds (<34kt)
Michael (2018),28660,No TS winds (<34kt)
Michael (2018),27941,Gale-force (50–63kt)
Michael (2018),28432,Tropical-storm (34–49kt)
Michael (2018),32147,No TS winds (<34kt)
Michael (2018),24053,No TS winds (<34kt)
Michael (2018),27869,Gale-force (50–63kt)
Michael (2018),28667,No TS winds (<34kt)
Michael (2018),32664,No TS winds (<34kt)
Michael (2018),28666,No TS winds (<34kt)
Michael (2018),29683,No TS winds (<34kt)
Michael (2018),29594,Tropical-storm (34–49kt)
Michael (2018),33854,No TS winds (<34kt)
Michael (2018),33945,No TS winds (<34kt)
Harvey (2017),75025,No TS winds (<34kt)
Harvey (2017),77070,Tropical-storm (34–49kt)
Harvey (2017),77541,Tropical-storm (34–49kt)
Harvey (2017),78727,No TS winds (<34kt)
Harvey (2017),79705,No TS winds (<34kt)
Harvey (2017),76706,Tropical-storm (34–49kt)
Harvey (2017),77573,Tropical-storm (34–49kt)
Harvey (2017),75474,No TS winds (<34kt)
Harvey (2017),76548,No TS winds (<34kt)
Harvey (2017),77901,Hurricane-force (>=64kt)
Harvey (2017),78640,Tropical-storm (34–49kt)
Harvey (2017),79936,No TS winds (<34kt)
Harvey (2017),74701,No TS winds (<34kt)
Harvey (2017),75040,No TS winds (<34kt)
Harvey (2017),76244,No TS winds (<34kt)
Harvey (2017),78852,No TS winds (<34kt)
Harvey (2017),78957,Tropical-storm (34–49kt)
Harvey (2017),79371,No TS winds (<34kt)
Harvey (2017),77713,No TS winds (<34kt)
Harvey (2017),75067,No TS winds (<34kt)
Harvey (2017),75082,No TS winds (<34kt)
Harvey (2017),76180,No TS winds (<34kt)
Harvey (2017),77067,Tropical-storm (34–49kt)
Harvey (2017),77073,Tropical-storm (34–49kt)
Harvey (2017),78373,Hurricane-force (>=64kt)
Harvey (2017),78572,No TS winds (<34kt)
Harvey (2017),78552,No TS winds (<34kt)
Harvey (2017),79603,No TS winds (<34kt)
Harvey (2017),77006,Tropical-storm (34–49kt)
Harvey (2017),77027,Tropical-storm (34–49kt)
Harvey (2017),77406,Tropical-storm (34–49kt)
Harvey (2017),78121,Tropical-storm (34–49kt)
Harvey (2017),76266,No TS winds (<34kt)
Harvey (2017),77340,Tropical-storm (34–49kt)
Harvey (2017),78073,No TS winds (<34kt)
Harvey (2017),79413,No TS winds (<34kt)
Harvey (2017),74727,No TS winds (<34kt)
Harvey (2017),75402,No TS winds (<34kt)
Harvey (2017),76103,No TS winds (<34kt)
Harvey (2017),76945,No TS winds (<34kt)
Harvey (2017),77066,Tropical-storm (34–49kt)
Harvey (2017),77426,Tropical-storm (34–49kt)
Harvey (2017),77578,Tropical-storm (34–49kt)
Harvey (2017),78648,Tropical-storm (34–49kt)
Harvey (2017),71104,No TS winds (<34kt)
Harvey (2017),75229,No TS winds (<34kt)
Harvey (2017),77583,Tropical-storm (34–49kt)
Harvey (2017),76640,No TS winds (<34kt)
Harvey (2017),77026,Tropical-storm (34–49kt)
Harvey (2017),78737,No TS winds (<34kt)
Harvey (2017),79042,No TS winds (<34kt)
Harvey (2017),79714,No TS winds (<34kt)
Harvey (2017),79930,No TS winds (<34kt)
Harvey (2017),77859,Tropical-storm (34–49kt)
Harvey (2017),77009,Tropical-storm (34–49kt)
Harvey (2017),78118,Gale-force (50–63kt)
Harvey (2017),78733,No TS winds (<34kt)
Harvey (2017),79415,No TS winds (<34kt)
Harvey (2017),77535,Tropical-storm (34–49kt)
Harvey (2017),78226,No TS winds (<34kt)
Harvey (2017),79510,No TS winds (<34kt)
Harvey (2017),76102,No TS winds (<34kt)
Harvey (2017),70653,No TS winds (<34kt)
Harvey (2017),75142,No TS winds (<34kt)
Harvey (2017),77019,Tropical-storm (34–49kt)
Harvey (2017),70634,No TS winds (<34kt)
Harvey (2017),73439,No TS winds (<34kt)
Harvey (2017),76050,No TS winds (<34kt)
Harvey (2017),77954,Hurricane-force (>=64kt)
Harvey (2017),77984,Gale-force (50–63kt)
Harvey (2017),79741,No TS winds (<34kt)
Harvey (2017),75603,No TS winds (<34kt)
Harvey (2017),75705,No TS winds (<34kt)
Harvey (2017),75844,No TS winds (<34kt)
Harvey (2017),78052,No TS winds (<34kt)
Harvey (2017),77807,Tropical-storm (34–49kt)
Harvey (2017),75487,No TS winds (<34kt)
Harvey (2017),75246,No TS winds (<34kt)
Harvey (2017),76115,No TS winds (<34kt)
Harvey (2017),77331,No TS winds (<34kt)
Harvey (2017),73662,No TS winds (<34kt)
Harvey (2017),79845,No TS winds (<34kt)
Harvey (2017),77531,Tropical-storm (34–49kt)
Harvey (2017),78341,No TS winds (<34kt)
Harvey (2017),77012,Tropical-storm (34–49kt)
Harvey (2017),70661,No TS winds (<34kt)
Harvey (2017),75956,No TS winds (<34kt)
Harvey (2017),76402,No TS winds (<34kt)
Harvey (2017),79734,No TS winds (<34kt)
Harvey (2017),78830,No TS winds (<34kt)
Harvey (2017),76579,Tropical-storm (34–49kt)
Harvey (2017),75669,No TS winds (<34kt)
Harvey (2017),78948,Tropical-storm (34–49kt)
Harvey (2017),76664,No TS winds (<34kt)
Harvey (2017),79312,No TS winds (<34kt)
Harvey (2017),79512,No TS winds (<34kt)
Harvey (2017),77655,No TS winds (<34kt)
Harvey (2017),79508,No TS winds (<34kt)
Harvey (2017),79324,No TS winds (<34kt)
Harvey (2017),75450,No TS winds (<34kt)
Harvey (2017),79373,No TS winds (<34kt)
Harvey (2017),74726,No TS winds (<34kt)
Harvey (2017),78742,No TS winds (<34kt)
Harvey (2017),79087,No TS winds (<34kt)
Harvey (2017),73642,No TS winds (<34kt)
Harvey (2017),73666,No TS winds (<34kt)
Harvey (2017),78838,No TS winds (<34kt)
Harvey (2017),77973,Hurricane-force (>=64kt)
Harvey (2017),78598,Tropical-storm (34–49kt)
Harvey (2017),78072,No TS winds (<34kt)
Harvey (2017),77977,Gale-force (50–63kt)
Harvey (2017),79780,No TS winds (<34kt)
Harvey (2017),76679,No TS winds (<34kt)
Harvey (2017),78885,No TS winds (<34kt)
Harvey (2017),79240,No TS winds (<34kt)
Harvey (2017),76908,No TS winds (<34kt)
Harvey (2017),76949,No TS winds (<34kt)
Harvey (2017),78622,Tropical-storm (34–49kt)
Harvey (2017),79244,No TS winds (<34kt)
Harvey (2017),73539,No TS winds (<34kt)
Harvey (2017),76686,No TS winds (<34kt)
Harvey (2017),76561,No TS winds (<34kt)
Harvey (2017),76852,No TS winds (<34kt)
Harvey (2017),77454,Tropical-storm (34–49kt)
Harvey (2017),73441,No TS winds (<34kt)
Harvey (2017),88410,No TS winds (<34kt)
Harvey (2017),79220,No TS winds (<34kt)
Harvey (2017),76490,No TS winds (<34kt)
Imelda (2019),75115,No TS winds (<34kt)
Imelda (2019),75862,No TS winds (<34kt)
Imelda (2019),76033,No TS winds (<34kt)
Imelda (2019),77065,No TS winds (<34kt)
Imelda (2019),77494,No TS winds (<34kt)
Imelda (2019),77573,No TS winds (<34kt)
Imelda (2019),78405,No TS winds (<34kt)
Imelda (2019),78666,No TS winds (<34kt)
Imelda (2019),79765,No TS winds (<34kt)
Imelda (2019),79924,No TS winds (<34kt)
Imelda (2019),75077,No TS winds (<34kt)
Imelda (2019),75442,No TS winds (<34kt)
Imelda (2019),76115,No TS winds (<34kt)
Imelda (2019),77088,No TS winds (<34kt)
Imelda (2019),77568,No TS winds (<34kt)
Imelda (2019),77630,No TS winds (<34kt)
Imelda (2019),77905,No TS winds (<34kt)
Imelda (2019),78133,No TS winds (<34kt)
Imelda (2019),78242,No TS winds (<34kt)
Imelda (2019),78363,No TS winds (<34kt)
Imelda (2019),79013,No TS winds (<34kt)
Imelda (2019),75494,No TS winds (<34kt)
Imelda (2019),75778,No TS winds (<34kt)
Imelda (2019),78225,No TS winds (<34kt)
Imelda (2019),78550,No TS winds (<34kt)
Imelda (2019),78641,No TS winds (<34kt)
Imelda (2019),79124,No TS winds (<34kt)
Imelda (2019),79606,No TS winds (<34kt)
Imelda (2019),79766,No TS winds (<34kt)
Imelda (2019),71078,No TS winds (<34kt)
Imelda (2019),75247,No TS winds (<34kt)
Imelda (2019),79331,No TS winds (<34kt)
Imelda (2019),75110,No TS winds (<34kt)
Imelda (2019),75751,No TS winds (<34kt)
Imelda (2019),75758,No TS winds (<34kt)
Imelda (2019),76088,No TS winds (<34kt)
Imelda (2019),77864,No TS winds (<34kt)
Imelda (2019),75006,No TS winds (<34kt)
Imelda (2019),76131,No TS winds (<34kt)
Imelda (2019),76374,No TS winds (<34kt)
Imelda (2019),75159,No TS winds (<34kt)
Imelda (2019),77545,No TS winds (<34kt)
Imelda (2019),78413,No TS winds (<34kt)
Imelda (2019),78732,No TS winds (<34kt)
Imelda (2019),78751,No TS winds (<34kt)
Imelda (2019),75253,No TS winds (<34kt)
Imelda (2019),76040,No TS winds (<34kt)
Imelda (2019),76135,No TS winds (<34kt)
Imelda (2019),78957,No TS winds (<34kt)
Imelda (2019),73446,No TS winds (<34kt)
Imelda (2019),78638,No TS winds (<34kt)
Imelda (2019),79741,No TS winds (<34kt)
Imelda (2019),79772,No TS winds (<34kt)
Imelda (2019),77380,No TS winds (<34kt)
Imelda (2019),76060,No TS winds (<34kt)
Imelda (2019),76570,No TS winds (<34kt)
Imelda (2019),76622,No TS winds (<34kt)
Imelda (2019),78612,No TS winds (<34kt)
Imelda (2019),79502,No TS winds (<34kt)
Imelda (2019),77538,No TS winds (<34kt)
Imelda (2019),78382,No TS winds (<34kt)
Imelda (2019),78387,No TS winds (<34kt)
Imelda (2019),74764,No TS winds (<34kt)
Imelda (2019),76537,No TS winds (<34kt)
Imelda (2019),76798,No TS winds (<34kt)
Imelda (2019),78026,No TS winds (<34kt)
Imelda (2019),79119,No TS winds (<34kt)
Imelda (2019),75409,No TS winds (<34kt)
Imelda (2019),75433,No TS winds (<34kt)
Imelda (2019),79108,No TS winds (<34kt)
Imelda (2019),76634,No TS winds (<34kt)
Imelda (2019),79745,No TS winds (<34kt)
Imelda (2019),76402,No TS winds (<34kt)
Imelda (2019),79406,No TS winds (<34kt)
Imelda (2019),79040,No TS winds (<34kt)
Imelda (2019),75167,No TS winds (<34kt)
Imelda (2019),75754,No TS winds (<34kt)
Imelda (2019),76859,No TS winds (<34kt)
Imelda (2019),75686,No TS winds (<34kt)
Imelda (2019),78536,No TS winds (<34kt)
Imelda (2019),75752,No TS winds (<34kt)
Imelda (2019),76437,No TS winds (<34kt)
Imelda (2019),79363,No TS winds (<34kt)
Imelda (2019),78721,No TS winds (<34kt)
Imelda (2019),77432,No TS winds (<34kt)
Imelda (2019),77664,No TS winds (<34kt)
Imelda (2019),79544,No TS winds (<34kt)
Imelda (2019),78359,No TS winds (<34kt)
Imelda (2019),75931,No TS winds (<34kt)
Imelda (2019),76264,No TS winds (<34kt)
Imelda (2019),79553,No TS winds (<34kt)
Imelda (2019),75574,No TS winds (<34kt)
Imelda (2019),76681,No TS winds (<34kt)
Imelda (2019),76704,No TS winds (<34kt)
Imelda (2019),76357,No TS winds (<34kt)
Imelda (2019),88008,No TS winds (<34kt)
Imelda (2019),79778,No TS winds (<34kt)
Imelda (2019),75962,No TS winds (<34kt)
Imelda (2019),76687,No TS winds (<34kt)
Imelda (2019),74723,No TS winds (<34kt)
Imelda (2019),78884,No TS winds (<34kt)
Imelda (2019),78117,No TS winds (<34kt)
Imelda (2019),78827,No TS winds (<34kt)
Imelda (2019),77585,No TS winds (<34kt)
Imelda (2019),75944,No TS winds (<34kt)
Imelda (2019),77971,No TS winds (<34kt)
Imelda (2019),75560,No TS winds (<34kt)
Imelda (2019),78401,No TS winds (<34kt)
Imelda (2019),76311,No TS winds (<34kt)
Imelda (2019),78376,No TS winds (<34kt)
Imelda (2019),78243,No TS winds (<34kt)
Imelda (2019),76474,No TS winds (<34kt)
Imelda (2019),78027,No TS winds (<34kt)
Imelda (2019),71826,No TS winds (<34kt)
Imelda (2019),79239,No TS winds (<34kt)
Imelda (2019),76887,No TS winds (<34kt)
Imelda (2019),79942,No TS winds (<34kt)
Imelda (2019),88130,No TS winds (<34kt)
Imelda (2019),76466,No TS winds (<34kt)
Imelda (2019),75976,No TS winds (<34kt)
Irma (2017),31629,Gale-force (50–63kt)
Florence (2018),27539,Tropical-storm (34–49kt)
Florence (2018),28078,No TS winds (<34kt)
Florence (2018),28150,No TS winds (<34kt)
Florence (2018),28374,Tropical-storm (34–49kt)
Florence (2018),28602,No TS winds (<34kt)
Florence (2018),28634,No TS winds (<34kt)
Florence (2018),32092,No TS winds (<34kt)
Florence (2018),32168,No TS winds (<34kt)
Florence (2018),32246,No TS winds (<34kt)
Florence (2018),32811,No TS winds (<34kt)
Florence (2018),32832,No TS winds (<34kt)
Florence (2018),32833,No TS winds (<34kt)
Florence (2018),33133,No TS winds (<34kt)
Florence (2018),33323,No TS winds (<34kt)
Florence (2018),33413,No TS winds (<34kt)
Florence (2018),33487,No TS winds (<34kt)
Florence (2018),33584,No TS winds (<34kt)
Florence (2018),33914,No TS winds (<34kt)
Florence (2018),34990,No TS winds (<34kt)
Florence (2018),36609,No TS winds (<34kt)
Florence (2018),27050,No TS winds (<34kt)
Florence (2018),27603,Tropical-storm (34–49kt)
Florence (2018),28043,No TS winds (<34kt)
Florence (2018),28209,No TS winds (<34kt)
Florence (2018),28469,Hurricane-force (>=64kt)
Florence (2018),32312,No TS winds (<34kt)
Florence (2018),33150,No TS winds (<34kt)
Florence (2018),33594,No TS winds (<34kt)
Florence (2018),33868,No TS winds (<34kt)
Florence (2018),28164,No TS winds (<34kt)
Florence (2018),28525,Hurricane-force (>=64kt)
Florence (2018),28681,No TS winds (<34kt)
Florence (2018),28805,No TS winds (<34kt)
Florence (2018),32533,No TS winds (<34kt)
Florence (2018),32653,No TS winds (<34kt)
Florence (2018),33441,No TS winds (<34kt)
Florence (2018),33498,No TS winds (<34kt)
Florence (2018),33565,No TS winds (<34kt)
Florence (2018),33841,No TS winds (<34kt)
Florence (2018),33903,No TS winds (<34kt)
Florence (2018),34772,No TS winds (<34kt)
Florence (2018),34785,No TS winds (<34kt)
Florence (2018),27617,Tropical-storm (34–49kt)
Florence (2018),28390,Tropical-storm (34–49kt)
Florence (2018),32333,No TS winds (<34kt)
Florence (2018),33178,No TS winds (<34kt)
Florence (2018),33327,No TS winds (<34kt)
Florence (2018),33405,No TS winds (<34kt)
Florence (2018),33545,No TS winds (<34kt)
Florence (2018),33781,No TS winds (<34kt)
Florence (2018),34446,No TS winds (<34kt)
Florence (2018),34983,No TS winds (<34kt)
Florence (2018),27401,No TS winds (<34kt)
Florence (2018),27409,No TS winds (<34kt)
Florence (2018),27985,Tropical-storm (34–49kt)
Florence (2018),33012,No TS winds (<34kt)
Florence (2018),34773,No TS winds (<34kt)
Florence (2018),36522,No TS winds (<34kt)
Florence (2018),27455,No TS winds (<34kt)
Florence (2018),28753,No TS winds (<34kt)
Florence (2018),33179,No TS winds (<34kt)
Florence (2018),33647,No TS winds (<34kt)
Florence (2018),34475,No TS winds (<34kt)
Florence (2018),27830,Tropical-storm (34–49kt)
Florence (2018),28304,Tropical-storm (34–49kt)
Florence (2018),28451,Hurricane-force (>=64kt)
Florence (2018),28715,No TS winds (<34kt)
Florence (2018),34758,No TS winds (<34kt)
Florence (2018),27544,Tropical-storm (34–49kt)
Florence (2018),32963,No TS winds (<34kt)
Florence (2018),39845,No TS winds (<34kt)
Florence (2018),29671,No TS winds (<34kt)
Florence (2018),32331,No TS winds (<34kt)
Florence (2018),33935,No TS winds (<34kt)
Florence (2018),28771,No TS winds (<34kt)
Florence (2018),33569,No TS winds (<34kt)
Florence (2018),34481,No TS winds (<34kt)
Florence (2018),36507,No TS winds (<34kt)
Florence (2018),37681,No TS winds (<34kt)
Florence (2018),28748,No TS winds (<34kt)
Florence (2018),32053,No TS winds (<34kt)
Florence (2018),33403,No TS winds (<34kt)
Florence (2018),32565,No TS winds (<34kt)
Florence (2018),27025,No TS winds (<34kt)
Florence (2018),27343,No TS winds (<34kt)
Florence (2018),27970,Tropical-storm (34–49kt)
Florence (2018),39819,No TS winds (<34kt)
Florence (2018),27252,Tropical-storm (34–49kt)
Florence (2018),28741,No TS winds (<34kt)
Florence (2018),28125,Tropical-storm (34–49kt)
Florence (2018),28518,Hurricane-force (>=64kt)
Florence (2018),28393,Gale-force (50–63kt)
Florence (2018),36320,No TS winds (<34kt)
Florence (2018),28782,No TS winds (<34kt)
Florence (2018),27927,Tropical-storm (34–49kt)
Florence (2018),36509,No TS winds (<34kt)
Florence (2018),27242,Tropical-storm (34–49kt)
Florence (2018),32064,No TS winds (<34kt)
Florence (2018),32427,No TS winds (<34kt)
Florence (2018),27916,Tropical-storm (34–49kt)
Florence (2018),34498,No TS winds (<34kt)
Florence (2018),28736,No TS winds (<34kt)
Florence (2018),27866,Tropical-storm (34–49kt)
Florence (2018),32437,No TS winds (<34kt)
Florence (2018),36343,No TS winds (<34kt)
Florence (2018),32181,No TS winds (<34kt)
Florence (2018),32061,No TS winds (<34kt)
Florence (2018),32970,No TS winds (<34kt)
Florence (2018),27829,Gale-force (50–63kt)
Florence (2018),28342,Tropical-storm (34–49kt)
Florence (2018),27291,No TS winds (<34kt)
Florence (2018),28581,Hurricane-force (>=64kt)
Florence (2018),28631,No TS winds (<34kt)
Florence (2018),27845,Tropical-storm (34–49kt)
Florence (2018),37691,No TS winds (<34kt)
Florence (2018),33438,No TS winds (<34kt)
Florence (2018),36344,No TS winds (<34kt)
Florence (2018),32461,No TS winds (<34kt)
Florence (2018),28725,No TS winds (<34kt)
Irma (2017),33309,Gale-force (50–63kt)
Irma (2017),33458,Gale-force (50–63kt)
Irma (2017),34134,Hurricane-force (>=64kt)
Irma (2017),34238,Hurricane-force (>=64kt)
Irma (2017),31558,Gale-force (50–63kt)
Irma (2017),32097,Gale-force (50–63kt)
Irma (2017),32136,Gale-force (50–63kt)
Irma (2017),32223,Gale-force (50–63kt)
Irma (2017),32256,Gale-force (50–63kt)
Irma (2017),32708,Gale-force (50–63kt)
Irma (2017),33125,Gale-force (50–63kt)
Irma (2017),33180,Gale-force (50–63kt)
Irma (2017),33325,Gale-force (50–63kt)
Irma (2017),33461,Gale-force (50–63kt)
Irma (2017),34119,Hurricane-force (>=64kt)
Irma (2017),32561,Tropical-storm (34–49kt)
Irma (2017),32746,Gale-force (50–63kt)
Irma (2017),33136,Gale-force (50–63kt)
Irma (2017),33323,Gale-force (50–63kt)
Irma (2017),33610,Hurricane-force (>=64kt)
Irma (2017),33634,Gale-force (50–63kt)
Irma (2017),34210,Gale-force (50–63kt)
Irma (2017),34952,Gale-force (50–63kt)
Irma (2017),34990,Gale-force (50–63kt)
Irma (2017),32440,Tropical-storm (34–49kt)
Irma (2017),33570,Gale-force (50–63kt)
Irma (2017),33702,Gale-force (50–63kt)
Irma (2017),34103,Hurricane-force (>=64kt)
Irma (2017),33140,Gale-force (50–63kt)
Irma (2017),33825,Hurricane-force (>=64kt)
Irma (2017),36561,No TS winds (<34kt)
Irma (2017),32082,Gale-force (50–63kt)
Irma (2017),33404,Gale-force (50–63kt)
Irma (2017),33877,Gale-force (50–63kt)
Irma (2017),34209,Gale-force (50–63kt)
Irma (2017),32764,Gale-force (50–63kt)
Irma (2017),32904,Gale-force (50–63kt)
Irma (2017),33004,Gale-force (50–63kt)
Irma (2017),33430,Gale-force (50–63kt)
Irma (2017),32224,Gale-force (50–63kt)
Irma (2017),32829,Gale-force (50–63kt)
Irma (2017),34286,Hurricane-force (>=64kt)
Irma (2017),34292,Hurricane-force (>=64kt)
Irma (2017),32803,Gale-force (50–63kt)
Irma (2017),33015,Gale-force (50–63kt)
Irma (2017),32569,Tropical-storm (34–49kt)
Irma (2017),32905,Gale-force (50–63kt)
Irma (2017),32922,Gale-force (50–63kt)
Irma (2017),39819,Tropical-storm (34–49kt)
Irma (2017),33815,Hurricane-force (>=64kt)
Irma (2017),33127,Gale-force (50–63kt)
Irma (2017),33953,Hurricane-force (>=64kt)
Irma (2017),33513,Hurricane-force (>=64kt)
Irma (2017),34602,Hurricane-force (>=64kt)
Irma (2017),32511,No TS winds (<34kt)
Irma (2017),34756,Gale-force (50–63kt)
Irma (2017),32639,Gale-force (50–63kt)
Irma (2017),32631,Gale-force (50–63kt)
Irma (2017),32061,Gale-force (50–63kt)
Michael (2018),28411,Tropical-storm (34–49kt)
Michael (2018),28601,No TS winds (<34kt)
Michael (2018),32174,No TS winds (<34kt)
Michael (2018),32218,No TS winds (<34kt)
Michael (2018),32312,Tropical-storm (34–49kt)
Michael (2018),32570,Tropical-storm (34–49kt)
Michael (2018),32750,No TS winds (<34kt)
Michael (2018),32940,No TS winds (<34kt)
Michael (2018),32948,No TS winds (<34kt)
Michael (2018),33441,No TS winds (<34kt)
Michael (2018),34233,No TS winds (<34kt)
Michael (2018),27106,No TS winds (<34kt)
Michael (2018),28376,Tropical-storm (34–49kt)
Michael (2018),28771,No TS winds (<34kt)
Michael (2018),32024,Tropical-storm (34–49kt)
Michael (2018),32052,Tropical-storm (34–49kt)
Michael (2018),32130,No TS winds (<34kt)
Michael (2018),32738,No TS winds (<34kt)
Michael (2018),33025,No TS winds (<34kt)
Michael (2018),33569,No TS winds (<34kt)
Michael (2018),34449,No TS winds (<34kt)
Michael (2018),34787,No TS winds (<34kt)
Michael (2018),37692,No TS winds (<34kt)
Michael (2018),27016,No TS winds (<34kt)
Michael (2018),28092,No TS winds (<34kt)
Michael (2018),28120,No TS winds (<34kt)
Michael (2018),28226,No TS winds (<34kt)
Michael (2018),32310,Gale-force (50–63kt)
Michael (2018),32334,Hurricane-force (>=64kt)
Michael (2018),32908,No TS winds (<34kt)
Michael (2018),33009,No TS winds (<34kt)
Michael (2018),33461,No TS winds (<34kt)
Michael (2018),34292,No TS winds (<34kt)
Michael (2018),34951,No TS winds (<34kt)
Michael (2018),28714,No TS winds (<34kt)
Michael (2018),28748,No TS winds (<34kt)
Michael (2018),32506,Tropical-storm (34–49kt)
Michael (2018),36582,No TS winds (<34kt)
Michael (2018),27301,No TS winds (<34kt)
Michael (2018),27712,No TS winds (<34kt)
Michael (2018),28379,Tropical-storm (34–49kt)
Michael (2018),28511,Gale-force (50–63kt)
Michael (2018),28516,Gale-force (50–63kt)
Michael (2018),33128,No TS winds (<34kt)
Michael (2018),33971,No TS winds (<34kt)
Michael (2018),34957,No TS winds (<34kt)
Michael (2018),27317,No TS winds (<34kt)
Michael (2018),33469,No TS winds (<34kt)
Michael (2018),33966,No TS winds (<34kt)
Michael (2018),28320,Tropical-storm (34–49kt)
Michael (2018),32669,No TS winds (<34kt)
Michael (2018),33308,No TS winds (<34kt)
Michael (2018),27358,No TS winds (<34kt)
Michael (2018),34609,No TS winds (<34kt)
Michael (2018),34669,No TS winds (<34kt)
Michael (2018),36522,No TS winds (<34kt)
Michael (2018),28036,No TS winds (<34kt)
Michael (2018),28643,No TS winds (<34kt)
Michael (2018),32409,Hurricane-force (>=64kt)
Michael (2018),34481,No TS winds (<34kt)
Michael (2018),27006,No TS winds (<34kt)
Michael (2018),27229,Tropical-storm (34–49kt)
Michael (2018),28080,No TS winds (<34kt)
Michael (2018),34681,No TS winds (<34kt)
Michael (2018),24541,No TS winds (<34kt)
Michael (2018),28636,No TS winds (<34kt)
Michael (2018),28544,Gale-force (50–63kt)
Michael (2018),32064,Tropical-storm (34–49kt)
Michael (2018),32328,Hurricane-force (>=64kt)
Michael (2018),27325,Tropical-storm (34–49kt)
Michael (2018),33825,No TS winds (<34kt)
Michael (2018),28713,No TS winds (<34kt)
Michael (2018),36521,No TS winds (<34kt)
Michael (2018),37722,No TS winds (<34kt)
Michael (2018),28384,Tropical-storm (34–49kt)
Michael (2018),32403,Hurricane-force (>=64kt)
Michael (2018),32343,Gale-force (50–63kt)
Michael (2018),27306,Tropical-storm (34–49kt)
Michael (2018),34134,No TS winds (<34kt)
Michael (2018),27953,Gale-force (50–63kt)
Michael (2018),28391,Tropical-storm (34–49kt)
Michael (2018),28163,No TS winds (<34kt)
Michael (2018),29741,No TS winds (<34kt)
Michael (2018),27808,Gale-force (50–63kt)
Michael (2018),28017,No TS winds (<34kt)
Michael (2018),27531,Tropical-storm (34–49kt)
Michael (2018),27917,Gale-force (50–63kt)
Michael (2018),33514,No TS winds (<34kt)
Michael (2018),28109,No TS winds (<34kt)
Michael (2018),32193,No TS winds (<34kt)
Michael (2018),37821,No TS winds (<34kt)
Michael (2018),28766,No TS winds (<34kt)
Michael (2018),27840,Gale-force (50–63kt)
Michael (2018),29520,Tropical-storm (34–49kt)
Michael (2018),29512,Tropical-storm (34–49kt)
Michael (2018),28108,No TS winds (<34kt)
Michael (2018),27985,Gale-force (50–63kt)
Michael (2018),27862,Tropical-storm (34–49kt)
Michael (2018),27853,Tropical-storm (34–49kt)
Michael (2018),32463,Gale-force (50–63kt)
Harvey (2017),75126,No TS winds (<34kt)
Harvey (2017),75980,No TS winds (<34kt)
Harvey (2017),78542,No TS winds (<34kt)
Harvey (2017),78641,No TS winds (<34kt)
Harvey (2017),75165,No TS winds (<34kt)
Harvey (2017),77087,Tropical-storm (34–49kt)
Harvey (2017),77627,No TS winds (<34kt)
Harvey (2017),78224,Tropical-storm (34–49kt)
Harvey (2017),78382,Hurricane-force (>=64kt)
Harvey (2017),78621,Tropical-storm (34–49kt)
Harvey (2017),78731,No TS winds (<34kt)
Harvey (2017),79015,No TS winds (<34kt)
Harvey (2017),75028,No TS winds (<34kt)
Harvey (2017),75181,No TS winds (<34kt)
Harvey (2017),76401,No TS winds (<34kt)
Harvey (2017),77429,Tropical-storm (34–49kt)
Harvey (2017),77465,Tropical-storm (34–49kt)
Harvey (2017),78245,No TS winds (<34kt)
Harvey (2017),79336,No TS winds (<34kt)
Harvey (2017),76567,Tropical-storm (34–49kt)
Harvey (2017),77532,Tropical-storm (34–49kt)
Harvey (2017),77619,No TS winds (<34kt)
Harvey (2017),75901,No TS winds (<34kt)
Harvey (2017),77063,Tropical-storm (34–49kt)
Harvey (2017),78132,Tropical-storm (34–49kt)
Harvey (2017),78415,Gale-force (50–63kt)
Harvey (2017),78504,No TS winds (<34kt)
Harvey (2017),75076,No TS winds (<34kt)
Harvey (2017),76705,No TS winds (<34kt)
Harvey (2017),77345,Tropical-storm (34–49kt)
Harvey (2017),77377,Tropical-storm (34–49kt)
Harvey (2017),77833,Tropical-storm (34–49kt)
Harvey (2017),78726,No TS winds (<34kt)
Harvey (2017),74745,No TS winds (<34kt)
Harvey (2017),75088,No TS winds (<34kt)
Harvey (2017),76011,No TS winds (<34kt)
Harvey (2017),76148,No TS winds (<34kt)
Harvey (2017),76384,No TS winds (<34kt)
Harvey (2017),77060,Tropical-storm (34–49kt)
Harvey (2017),77071,Tropical-storm (34–49kt)
Harvey (2017),77080,Tropical-storm (34–49kt)
Harvey (2017),77510,Tropical-storm (34–49kt)
Harvey (2017),78207,Tropical-storm (34–49kt)
Harvey (2017),79045,No TS winds (<34kt)
Harvey (2017),79347,No TS winds (<34kt)
Harvey (2017),71419,No TS winds (<34kt)
Harvey (2017),75247,No TS winds (<34kt)
Harvey (2017),79083,No TS winds (<34kt)
Harvey (2017),75116,No TS winds (<34kt)
Harvey (2017),75704,No TS winds (<34kt)
Harvey (2017),76065,No TS winds (<34kt)
Harvey (2017),77075,Tropical-storm (34–49kt)
Harvey (2017),79323,No TS winds (<34kt)
Harvey (2017),79412,No TS winds (<34kt)
Harvey (2017),77651,No TS winds (<34kt)
Harvey (2017),78374,Gale-force (50–63kt)
Harvey (2017),78583,No TS winds (<34kt)
Harvey (2017),75202,No TS winds (<34kt)
Harvey (2017),75206,No TS winds (<34kt)
Harvey (2017),75233,No TS winds (<34kt)
Harvey (2017),75750,No TS winds (<34kt)
Harvey (2017),75757,No TS winds (<34kt)
Harvey (2017),77096,Tropical-storm (34–49kt)
Harvey (2017),77502,Tropical-storm (34–49kt)
Harvey (2017),78104,Gale-force (50–63kt)
Harvey (2017),71110,No TS winds (<34kt)
Harvey (2017),79406,No TS winds (<34kt)
Harvey (2017),76941,No TS winds (<34kt)
Harvey (2017),78218,Tropical-storm (34–49kt)
Harvey (2017),76802,No TS winds (<34kt)
Harvey (2017),76950,No TS winds (<34kt)
Harvey (2017),79351,No TS winds (<34kt)
Harvey (2017),79906,No TS winds (<34kt)
Harvey (2017),75965,No TS winds (<34kt)
Harvey (2017),77037,Tropical-storm (34–49kt)
Harvey (2017),78014,No TS winds (<34kt)
Harvey (2017),78004,No TS winds (<34kt)
Harvey (2017),76943,No TS winds (<34kt)
Harvey (2017),73537,No TS winds (<34kt)
Harvey (2017),78580,No TS winds (<34kt)
Harvey (2017),78719,Tropical-storm (34–49kt)
Harvey (2017),75092,No TS winds (<34kt)
Harvey (2017),79103,No TS winds (<34kt)
Harvey (2017),75041,No TS winds (<34kt)
Harvey (2017),75424,No TS winds (<34kt)
Harvey (2017),76462,No TS winds (<34kt)
Harvey (2017),78756,No TS winds (<34kt)
Harvey (2017),76634,No TS winds (<34kt)
Harvey (2017),76360,No TS winds (<34kt)
Harvey (2017),79411,No TS winds (<34kt)
Harvey (2017),75770,No TS winds (<34kt)
Harvey (2017),78343,Tropical-storm (34–49kt)
Harvey (2017),78203,Tropical-storm (34–49kt)
Harvey (2017),88135,No TS winds (<34kt)
Harvey (2017),75224,No TS winds (<34kt)
Harvey (2017),77613,No TS winds (<34kt)
Harvey (2017),79527,No TS winds (<34kt)
Harvey (2017),77663,No TS winds (<34kt)
Harvey (2017),76225,No TS winds (<34kt)
Harvey (2017),76671,No TS winds (<34kt)
Harvey (2017),79101,No TS winds (<34kt)
Harvey (2017),75681,No TS winds (<34kt)
Harvey (2017),76470,No TS winds (<34kt)
Harvey (2017),77983,Hurricane-force (>=64kt)
Harvey (2017),79086,No TS winds (<34kt)
Harvey (2017),79563,No TS winds (<34kt)
Harvey (2017),77533,No TS winds (<34kt)
Harvey (2017),78543,No TS winds (<34kt)
Harvey (2017),78861,No TS winds (<34kt)
Harvey (2017),75447,No TS winds (<34kt)
Harvey (2017),79525,No TS winds (<34kt)
Harvey (2017),76070,No TS winds (<34kt)
Harvey (2017),79345,No TS winds (<34kt)
Harvey (2017),77951,Hurricane-force (>=64kt)
Harvey (2017),71032,No TS winds (<34kt)
Harvey (2017),77978,Gale-force (50–63kt)
Harvey (2017),76933,No TS winds (<34kt)
Harvey (2017),77950,Hurricane-force (>=64kt)
Harvey (2017),75414,No TS winds (<34kt)
Harvey (2017),73949,No TS winds (<34kt)
Harvey (2017),78623,No TS winds (<34kt)
Harvey (2017),73942,No TS winds (<34kt)
Harvey (2017),76798,Tropical-storm (34–49kt)
Harvey (2017),77564,No TS winds (<34kt)
Harvey (2017),78021,No TS winds (<34kt)
Harvey (2017),79533,No TS winds (<34kt)
Harvey (2017),74735,No TS winds (<34kt)
Harvey (2017),71826,No TS winds (<34kt)
Harvey (2017),73843,No TS winds (<34kt)
Harvey (2017),76637,No TS winds (<34kt)
Harvey (2017),75560,No TS winds (<34kt)
Harvey (2017),77580,Tropical-storm (34–49kt)
Harvey (2017),77475,Tropical-storm (34–49kt)
Harvey (2017),77872,Tropical-storm (34–49kt)
Harvey (2017),77453,Tropical-storm (34–49kt)
Harvey (2017),73528,No TS winds (<34kt)
Harvey (2017),78558,No TS winds (<34kt)
Harvey (2017),78352,Tropical-storm (34–49kt)
Harvey (2017),88411,No TS winds (<34kt)
Harvey (2017),76041,No TS winds (<34kt)
Harvey (2017),76955,No TS winds (<34kt)
Harvey (2017),78614,Gale-force (50–63kt)
Harvey (2017),78951,Tropical-storm (34–49kt)
Harvey (2017),77993,Hurricane-force (>=64kt)
Harvey (2017),73571,No TS winds (<34kt)
Harvey (2017),79247,No TS winds (<34kt)
Imelda (2019),75052,No TS winds (<34kt)
Imelda (2019),75766,No TS winds (<34kt)
Imelda (2019),76008,No TS winds (<34kt)
Imelda (2019),76227,No TS winds (<34kt)
Imelda (2019),76266,No TS winds (<34kt)
Imelda (2019),76844,No TS winds (<34kt)
Imelda (2019),77095,No TS winds (<34kt)
Imelda (2019),78006,No TS winds (<34kt)
Imelda (2019),78123,No TS winds (<34kt)
Imelda (2019),79070,No TS winds (<34kt)
Imelda (2019),79201,No TS winds (<34kt)
Imelda (2019),79922,No TS winds (<34kt)
Imelda (2019),75241,No TS winds (<34kt)
Imelda (2019),77018,No TS winds (<34kt)
Imelda (2019),77354,No TS winds (<34kt)
Imelda (2019),77420,No TS winds (<34kt)
Imelda (2019),78332,No TS winds (<34kt)
Imelda (2019),75063,No TS winds (<34kt)
Imelda (2019),75071,No TS winds (<34kt)
Imelda (2019),77385,No TS winds (<34kt)
Imelda (2019),78255,No TS winds (<34kt)
Imelda (2019),78410,No TS winds (<34kt)
Imelda (2019),78753,No TS winds (<34kt)
Imelda (2019),75455,No TS winds (<34kt)
Imelda (2019),75901,No TS winds (<34kt)
Imelda (2019),76065,No TS winds (<34kt)
Imelda (2019),76086,No TS winds (<34kt)
Imelda (2019),76544,No TS winds (<34kt)
Imelda (2019),77477,No TS winds (<34kt)
Imelda (2019),78221,No TS winds (<34kt)
Imelda (2019),78249,No TS winds (<34kt)
Imelda (2019),76567,No TS winds (<34kt)
Imelda (2019),78013,No TS winds (<34kt)
Imelda (2019),78114,No TS winds (<34kt)
Imelda (2019),76522,No TS winds (<34kt)
Imelda (2019),78203,No TS winds (<34kt)
Imelda (2019),79101,No TS winds (<34kt)
Imelda (2019),75088,No TS winds (<34kt)
Imelda (2019),76201,No TS winds (<34kt)
Imelda (2019),77055,No TS winds (<34kt)
Imelda (2019),78409,No TS winds (<34kt)
Imelda (2019),78537,No TS winds (<34kt)
Imelda (2019),73532,No TS winds (<34kt)
Imelda (2019),75230,No TS winds (<34kt)
Imelda (2019),76539,No TS winds (<34kt)
Imelda (2019),77016,No TS winds (<34kt)
Imelda (2019),77422,No TS winds (<34kt)
Imelda (2019),77872,No TS winds (<34kt)
Imelda (2019),78576,No TS winds (<34kt)
Imelda (2019),77554,No TS winds (<34kt)
Imelda (2019),77957,No TS winds (<34kt)
Imelda (2019),79323,No TS winds (<34kt)
Imelda (2019),75201,No TS winds (<34kt)
Imelda (2019),77025,No TS winds (<34kt)
Imelda (2019),77035,No TS winds (<34kt)
Imelda (2019),75152,No TS winds (<34kt)
Imelda (2019),75960,No TS winds (<34kt)
Imelda (2019),77335,No TS winds (<34kt)
Imelda (2019),77703,No TS winds (<34kt)
Imelda (2019),74731,No TS winds (<34kt)
Imelda (2019),75217,No TS winds (<34kt)
Imelda (2019),78543,No TS winds (<34kt)
Imelda (2019),71834,No TS winds (<34kt)
Imelda (2019),79107,No TS winds (<34kt)
Imelda (2019),78220,No TS winds (<34kt)
Imelda (2019),79329,No TS winds (<34kt)
Imelda (2019),76354,No TS winds (<34kt)
Imelda (2019),75645,No TS winds (<34kt)
Imelda (2019),79346,No TS winds (<34kt)
Imelda (2019),78944,No TS winds (<34kt)
Imelda (2019),78663,No TS winds (<34kt)
Imelda (2019),78559,No TS winds (<34kt)
Imelda (2019),76626,No TS winds (<34kt)
Imelda (2019),79371,No TS winds (<34kt)
Imelda (2019),76458,No TS winds (<34kt)
Imelda (2019),77456,No TS winds (<34kt)
Imelda (2019),79777,No TS winds (<34kt)
Imelda (2019),76360,No TS winds (<34kt)
Imelda (2019),76454,No TS winds (<34kt)
Imelda (2019),76673,No TS winds (<34kt)
Imelda (2019),75930,No TS winds (<34kt)
Imelda (2019),75451,No TS winds (<34kt)
Imelda (2019),77448,No TS winds (<34kt)
Imelda (2019),78351,No TS winds (<34kt)
Imelda (2019),75682,No TS winds (<34kt)
Imelda (2019),73645,No TS winds (<34kt)
Imelda (2019),79082,No TS winds (<34kt)
Imelda (2019),79545,No TS winds (<34kt)
Imelda (2019),75102,No TS winds (<34kt)
Imelda (2019),77830,No TS winds (<34kt)
Imelda (2019),70639,No TS winds (<34kt)
Imelda (2019),76238,No TS winds (<34kt)
Imelda (2019),77597,No TS winds (<34kt)
Imelda (2019),76935,No TS winds (<34kt)
Imelda (2019),73537,No TS winds (<34kt)
Imelda (2019),78938,No TS winds (<34kt)
Imelda (2019),75932,No TS winds (<34kt)
Imelda (2019),75850,No TS winds (<34kt)
Imelda (2019),79261,No TS winds (<34kt)
Imelda (2019),79783,No TS winds (<34kt)
Imelda (2019),75448,No TS winds (<34kt)
Imelda (2019),79744,No TS winds (<34kt)
Imelda (2019),78609,No TS winds (<34kt)
Imelda (2019),73546,No TS winds (<34kt)
Imelda (2019),76463,No TS winds (<34kt)
Imelda (2019),73565,No TS winds (<34kt)
Imelda (2019),77440,No TS winds (<34kt)
Imelda (2019),76455,No TS winds (<34kt)
Imelda (2019),78143,No TS winds (<34kt)
Imelda (2019),78675,No TS winds (<34kt)
Imelda (2019),76623,No TS winds (<34kt)
Imelda (2019),77367,No TS winds (<34kt)
Imelda (2019),78588,No TS winds (<34kt)
Imelda (2019),79851,No TS winds (<34kt)
Imelda (2019),73450,No TS winds (<34kt)
Imelda (2019),78122,No TS winds (<34kt)
Imelda (2019),77470,No TS winds (<34kt)
Imelda (2019),71866,No TS winds (<34kt)
Imelda (2019),76268,No TS winds (<34kt)
Florence (2018),27822,Tropical-storm (34–49kt)
Florence (2018),28791,No TS winds (<34kt)
Florence (2018),32205,No TS winds (<34kt)
Florence (2018),32905,No TS winds (<34kt)
Florence (2018),32909,No TS winds (<34kt)
Florence (2018),33404,No TS winds (<34kt)
Florence (2018),33952,No TS winds (<34kt)
Florence (2018),33955,No TS winds (<34kt)
Florence (2018),34241,No TS winds (<34kt)
Florence (2018),34685,No TS winds (<34kt)
Florence (2018),36542,No TS winds (<34kt)
Florence (2018),27502,Tropical-storm (34–49kt)
Florence (2018),28325,Gale-force (50–63kt)
Florence (2018),28327,Tropical-storm (34–49kt)
Florence (2018),28547,Hurricane-force (>=64kt)
Florence (2018),29730,No TS winds (<34kt)
Florence (2018),32539,No TS winds (<34kt)
Florence (2018),32628,No TS winds (<34kt)
Florence (2018),33065,No TS winds (<34kt)
Florence (2018),33136,No TS winds (<34kt)
Florence (2018),33308,No TS winds (<34kt)
Florence (2018),33603,No TS winds (<34kt)
Florence (2018),33620,No TS winds (<34kt)
Florence (2018),34668,No TS winds (<34kt)
Florence (2018),34698,No TS winds (<34kt)
Florence (2018),27504,Tropical-storm (34–49kt)
Florence (2018),28277,No TS winds (<34kt)
Florence (2018),32118,No TS winds (<34kt)
Florence (2018),32207,No TS winds (<34kt)
Florence (2018),32828,No TS winds (<34kt)
Florence (2018),33332,No TS winds (<34kt)
Florence (2018),33460,No TS winds (<34kt)
Florence (2018),33473,No TS winds (<34kt)
Florence (2018),33761,No TS winds (<34kt)
Florence (2018),27371,Tropical-storm (34–49kt)
Florence (2018),31636,No TS winds (<34kt)
Florence (2018),32808,No TS winds (<34kt)
Florence (2018),33576,No TS winds (<34kt)
Florence (2018),33611,No TS winds (<34kt)
Florence (2018),34746,No TS winds (<34kt)
Florence (2018),36525,No TS winds (<34kt)
Florence (2018),27889,Gale-force (50–63kt)
Florence (2018),28215,Tropical-storm (34–49kt)
Florence (2018),28729,No TS winds (<34kt)
Florence (2018),32044,No TS winds (<34kt)
Florence (2018),32577,No TS winds (<34kt)
Florence (2018),33060,No TS winds (<34kt)
Florence (2018),33859,No TS winds (<34kt)
Florence (2018),34491,No TS winds (<34kt)
Florence (2018),34950,No TS winds (<34kt)
Florence (2018),28023,Tropical-storm (34–49kt)
Florence (2018),28214,No TS winds (<34kt)
Florence (2018),28571,Hurricane-force (>=64kt)
Florence (2018),33607,No TS winds (<34kt)
Florence (2018),33635,No TS winds (<34kt)
Florence (2018),33966,No TS winds (<34kt)
Florence (2018),34104,No TS winds (<34kt)
Florence (2018),34972,No TS winds (<34kt)
Florence (2018),28348,Tropical-storm (34–49kt)
Florence (2018),28460,Hurricane-force (>=64kt)
Florence (2018),29566,Hurricane-force (>=64kt)
Florence (2018),33130,No TS winds (<34kt)
Florence (2018),34743,No TS winds (<34kt)
Florence (2018),27569,Gale-force (50–63kt)
Florence (2018),32008,No TS winds (<34kt)
Florence (2018),33408,No TS winds (<34kt)
Florence (2018),34236,No TS winds (<34kt)
Florence (2018),28310,Tropical-storm (34–49kt)
Florence (2018),32334,No TS winds (<34kt)
Florence (2018),32408,No TS winds (<34kt)
Florence (2018),28360,Gale-force (50–63kt)
Florence (2018),33434,No TS winds (<34kt)
Florence (2018),33785,No TS winds (<34kt)
Florence (2018),27807,Tropical-storm (34–49kt)
Florence (2018),32127,No TS winds (<34kt)
Florence (2018),34450,No TS winds (<34kt)
Florence (2018),27523,Tropical-storm (34–49kt)
Florence (2018),34951,No TS winds (<34kt)
Florence (2018),28443,Hurricane-force (>=64kt)
Florence (2018),28654,No TS winds (<34kt)
Florence (2018),28693,No TS winds (<34kt)
Florence (2018),29683,No TS winds (<34kt)
Florence (2018),32730,No TS winds (<34kt)
Florence (2018),33493,No TS winds (<34kt)
Florence (2018),33764,No TS winds (<34kt)
Florence (2018),27310,No TS winds (<34kt)
Florence (2018),27960,Gale-force (50–63kt)
Florence (2018),28034,No TS winds (<34kt)
Florence (2018),36617,No TS winds (<34kt)
Florence (2018),33876,No TS winds (<34kt)
Florence (2018),33960,No TS winds (<34kt)
Florence (2018),27803,Tropical-storm (34–49kt)
Florence (2018),32219,No TS winds (<34kt)
Florence (2018),28594,Hurricane-force (>=64kt)
Florence (2018),32442,No TS winds (<34kt)
Florence (2018),27243,Tropical-storm (34–49kt)
Florence (2018),27311,No TS winds (<34kt)
Florence (2018),32465,No TS winds (<34kt)
Florence (2018),36572,No TS winds (<34kt)
Florence (2018),32324,No TS winds (<34kt)
Florence (2018),28670,No TS winds (<34kt)
Florence (2018),32827,No TS winds (<34kt)
Florence (2018),27508,Tropical-storm (34–49kt)
Florence (2018),33036,No TS winds (<34kt)
Florence (2018),27844,Tropical-storm (34–49kt)
Florence (2018),32328,No TS winds (<34kt)
Florence (2018),27831,Tropical-storm (34–49kt)
Florence (2018),32681,No TS winds (<34kt)
Florence (2018),27843,Tropical-storm (34–49kt)
Florence (2018),36612,No TS winds (<34kt)
Florence (2018),27054,No TS winds (<34kt)
Florence (2018),27884,Gale-force (50–63kt)
Florence (2018),28438,Gale-force (50–63kt)
Florence (2018),28583,Hurricane-force (>=64kt)
Florence (2018),32336,No TS winds (<34kt)
Florence (2018),33924,No TS winds (<34kt)
Florence (2018),34140,No TS winds (<34kt)
Florence (2018),37326,No TS winds (<34kt)
Florence (2018),28745,No TS winds (<34kt)
Florence (2018),24053,No TS winds (<34kt)
Florence (2018),28375,Gale-force (50–63kt)
Florence (2018),23438,Tropical-storm (34–49kt)
Florence (2018),37727,No TS winds (<34kt)
Florence (2018),33867,No TS winds (<34kt)
Florence (2018),37821,No TS winds (<34kt)
Irma (2017),33327,Gale-force (50–63kt)
Irma (2017),33418,Gale-force (50–63kt)
Irma (2017),33431,Gale-force (50–63kt)
Irma (2017),33542,Hurricane-force (>=64kt)
Irma (2017),33629,Gale-force (50–63kt)
Irma (2017),33767,Gale-force (50–63kt)
Irma (2017),33881,Hurricane-force (>=64kt)
Irma (2017),33920,Hurricane-force (>=64kt)
Irma (2017),33971,Hurricane-force (>=64kt)
Irma (2017),34949,Gale-force (50–63kt)
Irma (2017),34982,Gale-force (50–63kt)
Irma (2017),32114,Gale-force (50–63kt)
Irma (2017),32216,Gale-force (50–63kt)
Irma (2017),32259,Gale-force (50–63kt)
Irma (2017),32725,Gale-force (50–63kt)
Irma (2017),33063,Gale-force (50–63kt)
Irma (2017),33437,Gale-force (50–63kt)
Irma (2017),33607,Gale-force (50–63kt)
Irma (2017),34698,Gale-force (50–63kt)
Irma (2017),33014,Gale-force (50–63kt)
Irma (2017),33160,Gale-force (50–63kt)
Irma (2017),33472,Gale-force (50–63kt)
Irma (2017),33569,Gale-force (50–63kt)
Irma (2017),33598,Gale-force (50–63kt)
Irma (2017),33844,Gale-force (50–63kt)
Irma (2017),33884,Gale-force (50–63kt)
Irma (2017),34433,Gale-force (50–63kt)
Irma (2017),34450,Hurricane-force (>=64kt)
Irma (2017),32131,Gale-force (50–63kt)
Irma (2017),32162,Gale-force (50–63kt)
Irma (2017),32327,Gale-force (50–63kt)
Irma (2017),32340,Gale-force (50–63kt)
Irma (2017),32601,Gale-force (50–63kt)
Irma (2017),34110,Hurricane-force (>=64kt)
Irma (2017),34652,Hurricane-force (>=64kt)
Irma (2017),33773,Gale-force (50–63kt)
Irma (2017),34452,Hurricane-force (>=64kt)
Irma (2017),34691,Gale-force (50–63kt)
Irma (2017),32713,Gale-force (50–63kt)
Irma (2017),32966,Gale-force (50–63kt)
Irma (2017),33960,Hurricane-force (>=64kt)
Irma (2017),34217,Gale-force (50–63kt)
Irma (2017),32908,Gale-force (50–63kt)
Irma (2017),34446,Hurricane-force (>=64kt)
Irma (2017),34981,Gale-force (50–63kt)
Irma (2017),33189,Gale-force (50–63kt)
Irma (2017),34237,Gale-force (50–63kt)
Irma (2017),34972,Gale-force (50–63kt)
Irma (2017),33603,Hurricane-force (>=64kt)
Irma (2017),33144,Gale-force (50–63kt)
Irma (2017),34117,Hurricane-force (>=64kt)
Irma (2017),32796,Gale-force (50–63kt)
Irma (2017),32641,Gale-force (50–63kt)
Irma (2017),33477,Gale-force (50–63kt)
Irma (2017),34449,Gale-force (50–63kt)
Irma (2017),32336,Gale-force (50–63kt)
Irma (2017),33890,Hurricane-force (>=64kt)
Irma (2017),32228,Gale-force (50–63kt)
Irma (2017),32187,Gale-force (50–63kt)
Irma (2017),32455,Tropical-storm (34–49kt)
Irma (2017),34141,Hurricane-force (>=64kt)
Irma (2017),32625,Gale-force (50–63kt)
Irma (2017),32616,Gale-force (50–63kt)
Irma (2017),32831,Gale-force (50–63kt)
Irma (2017),32133,Gale-force (50–63kt)
Michael (2018),28739,No TS winds (<34kt)
Michael (2018),29323,No TS winds (<34kt)
Michael (2018),29563,Tropical-storm (34–49kt)
Michael (2018),32137,No TS winds (<34kt)
Michael (2018),32327,Gale-force (50–63kt)
Michael (2018),32653,No TS winds (<34kt)
Michael (2018),32725,No TS winds (<34kt)
Michael (2018),33186,No TS winds (<34kt)
Michael (2018),33435,No TS winds (<34kt)
Michael (2018),33460,No TS winds (<34kt)
Michael (2018),33619,No TS winds (<34kt)
Michael (2018),33907,No TS winds (<34kt)
Michael (2018),36541,No TS winds (<34kt)
Michael (2018),27030,No TS winds (<34kt)
Michael (2018),27545,No TS winds (<34kt)
Michael (2018),28104,No TS winds (<34kt)
Michael (2018),32258,No TS winds (<34kt)
Michael (2018),33415,No TS winds (<34kt)
Michael (2018),33647,No TS winds (<34kt)
Michael (2018),33813,No TS winds (<34kt)
Michael (2018),33947,No TS winds (<34kt)
Michael (2018),37385,No TS winds (<34kt)
Michael (2018),27606,No TS winds (<34kt)
Michael (2018),27617,No TS winds (<34kt)
Michael (2018),27803,No TS winds (<34kt)
Michael (2018),28472,Tropical-storm (34–49kt)
Michael (2018),29635,No TS winds (<34kt)
Michael (2018),29728,No TS winds (<34kt)
Michael (2018),33467,No TS winds (<34kt)
Michael (2018),33486,No TS winds (<34kt)
Michael (2018),34145,No TS winds (<34kt)
Michael (2018),34234,No TS winds (<34kt)
Michael (2018),27249,No TS winds (<34kt)
Michael (2018),27572,No TS winds (<34kt)
Michael (2018),28173,No TS winds (<34kt)
Michael (2018),28634,No TS winds (<34kt)
Michael (2018),28789,No TS winds (<34kt)
Michael (2018),32244,No TS winds (<34kt)
Michael (2018),32565,No TS winds (<34kt)
Michael (2018),33037,No TS winds (<34kt)
Michael (2018),33771,No TS winds (<34kt)
Michael (2018),34690,No TS winds (<34kt)
Michael (2018),27105,No TS winds (<34kt)
Michael (2018),28401,Tropical-storm (34–49kt)
Michael (2018),32209,No TS winds (<34kt)
Michael (2018),32211,No TS winds (<34kt)
Michael (2018),32567,Tropical-storm (34–49kt)
Michael (2018),33761,No TS winds (<34kt)
Michael (2018),33815,No TS winds (<34kt)
Michael (2018),27313,No TS winds (<34kt)
Michael (2018),27612,No TS winds (<34kt)
Michael (2018),27910,Gale-force (50–63kt)
Michael (2018),28001,No TS winds (<34kt)
Michael (2018),28138,No TS winds (<34kt)
Michael (2018),28806,No TS winds (<34kt)
Michael (2018),33801,No TS winds (<34kt)
Michael (2018),33917,No TS winds (<34kt)
Michael (2018),34236,No TS winds (<34kt)
Michael (2018),34983,No TS winds (<34kt)
Michael (2018),27109,No TS winds (<34kt)
Michael (2018),33154,No TS winds (<34kt)
Michael (2018),27820,Gale-force (50–63kt)
Michael (2018),28732,No TS winds (<34kt)
Michael (2018),29671,No TS winds (<34kt)
Michael (2018),32053,Tropical-storm (34–49kt)
Michael (2018),33620,No TS winds (<34kt)
Michael (2018),27376,Tropical-storm (34–49kt)
Michael (2018),32641,No TS winds (<34kt)
Michael (2018),33912,No TS winds (<34kt)
Michael (2018),34637,No TS winds (<34kt)
Michael (2018),28574,Gale-force (50–63kt)
Michael (2018),34291,No TS winds (<34kt)
Michael (2018),27536,No TS winds (<34kt)
Michael (2018),32222,No TS winds (<34kt)
Michael (2018),28133,No TS winds (<34kt)
Michael (2018),34652,No TS winds (<34kt)
Michael (2018),36576,Tropical-storm (34–49kt)
Michael (2018),33014,No TS winds (<34kt)
Michael (2018),27829,Gale-force (50–63kt)
Michael (2018),28360,Tropical-storm (34–49kt)
Michael (2018),28373,Tropical-storm (34–49kt)
Michael (2018),33181,No TS winds (<34kt)
Michael (2018),23322,Tropical-storm (34–49kt)
Michael (2018),32124,No TS winds (<34kt)
Michael (2018),32358,Gale-force (50–63kt)
Michael (2018),27503,No TS winds (<34kt)
Michael (2018),27871,Gale-force (50–63kt)
Michael (2018),27884,Gale-force (50–63kt)
Michael (2018),32131,No TS winds (<34kt)
Michael (2018),36505,No TS winds (<34kt)
Michael (2018),27956,Gale-force (50–63kt)
Michael (2018),39819,Gale-force (50–63kt)
Michael (2018),28090,No TS winds (<34kt)
Michael (2018),33194,No TS winds (<34kt)
Michael (2018),32033,No TS winds (<34kt)
Michael (2018),27214,No TS winds (<34kt)
Michael (2018),28538,Gale-force (50–63kt)
Michael (2018),27849,Gale-force (50–63kt)
Michael (2018),27939,Gale-force (50–63kt)
Michael (2018),27950,Tropical-storm (34–49kt)
Michael (2018),28449,Tropical-storm (34–49kt)
Michael (2018),33946,No TS winds (<34kt)
Michael (2018),32639,No TS winds (<34kt)
Michael (2018),27507,Tropical-storm (34–49kt)
Michael (2018),27544,No TS winds (<34kt)
Michael (2018),36579,No TS winds (<34kt)
Michael (2018),28425,Tropical-storm (34–49kt)
Michael (2018),27042,No TS winds (<34kt)
Michael (2018),34137,No TS winds (<34kt)
Michael (2018),27582,No TS winds (<34kt)
Michael (2018),27568,Tropical-storm (34–49kt)
Michael (2018),24586,No TS winds (<34kt)
Michael (2018),28089,No TS winds (<34kt)
Michael (2018),28552,Gale-force (50–63kt)
Michael (2018),28628,No TS winds (<34kt)
Michael (2018),28775,No TS winds (<34kt)
Michael (2018),34679,No TS winds (<34kt)
Harvey (2017),75034,No TS winds (<34kt)
Harvey (2017),75604,No TS winds (<34kt)
Harvey (2017),76426,No TS winds (<34kt)
Harvey (2017),77650,Tropical-storm (34–49kt)
Harvey (2017),78063,No TS winds (<34kt)
Harvey (2017),78665,No TS winds (<34kt)
Harvey (2017),78746,No TS winds (<34kt)
Harvey (2017),75009,No TS winds (<34kt)
Harvey (2017),75708,No TS winds (<34kt)
Harvey (2017),76082,No TS winds (<34kt)
Harvey (2017),76137,No TS winds (<34kt)
Harvey (2017),76446,No TS winds (<34kt)
Harvey (2017),76711,Tropical-storm (34–49kt)
Harvey (2017),76904,No TS winds (<34kt)
Harvey (2017),78657,No TS winds (<34kt)
Harvey (2017),79121,No TS winds (<34kt)
Harvey (2017),77565,Tropical-storm (34–49kt)
Harvey (2017),78025,No TS winds (<34kt)
Harvey (2017),76549,No TS winds (<34kt)
Harvey (2017),77466,Tropical-storm (34–49kt)
Harvey (2017),78045,No TS winds (<34kt)
Harvey (2017),78228,No TS winds (<34kt)
Harvey (2017),78254,No TS winds (<34kt)
Harvey (2017),79830,No TS winds (<34kt)
Harvey (2017),75243,No TS winds (<34kt)
Harvey (2017),77061,Tropical-storm (34–49kt)
Harvey (2017),78404,Gale-force (50–63kt)
Harvey (2017),78584,No TS winds (<34kt)
Harvey (2017),78644,Tropical-storm (34–49kt)
Harvey (2017),75234,No TS winds (<34kt)
Harvey (2017),75235,No TS winds (<34kt)
Harvey (2017),76015,No TS winds (<34kt)
Harvey (2017),76039,No TS winds (<34kt)
Harvey (2017),76088,No TS winds (<34kt)
Harvey (2017),77023,Tropical-storm (34–49kt)
Harvey (2017),77041,Tropical-storm (34–49kt)
Harvey (2017),77701,No TS winds (<34kt)
Harvey (2017),78563,No TS winds (<34kt)
Harvey (2017),76135,No TS winds (<34kt)
Harvey (2017),75238,No TS winds (<34kt)
Harvey (2017),77047,Tropical-storm (34–49kt)
Harvey (2017),78119,Gale-force (50–63kt)
Harvey (2017),76354,No TS winds (<34kt)
Harvey (2017),77058,Tropical-storm (34–49kt)
Harvey (2017),77338,Tropical-storm (34–49kt)
Harvey (2017),79088,No TS winds (<34kt)
Harvey (2017),79703,No TS winds (<34kt)
Harvey (2017),75846,No TS winds (<34kt)
Harvey (2017),78747,Tropical-storm (34–49kt)
Harvey (2017),78758,No TS winds (<34kt)
Harvey (2017),71106,No TS winds (<34kt)
Harvey (2017),75944,No TS winds (<34kt)
Harvey (2017),77630,No TS winds (<34kt)
Harvey (2017),77048,Tropical-storm (34–49kt)
Harvey (2017),79357,No TS winds (<34kt)
Harvey (2017),74764,No TS winds (<34kt)
Harvey (2017),77030,Tropical-storm (34–49kt)
Harvey (2017),77306,Tropical-storm (34–49kt)
Harvey (2017),78234,Tropical-storm (34–49kt)
Harvey (2017),75180,No TS winds (<34kt)
Harvey (2017),75941,No TS winds (<34kt)
Harvey (2017),78586,No TS winds (<34kt)
Harvey (2017),78655,Tropical-storm (34–49kt)
Harvey (2017),76155,No TS winds (<34kt)
Harvey (2017),76487,No TS winds (<34kt)
Harvey (2017),76534,Tropical-storm (34–49kt)
Harvey (2017),76862,No TS winds (<34kt)
Harvey (2017),78140,Gale-force (50–63kt)
Harvey (2017),75161,No TS winds (<34kt)
Harvey (2017),78401,Gale-force (50–63kt)
Harvey (2017),76629,Tropical-storm (34–49kt)
Harvey (2017),70660,No TS winds (<34kt)
Harvey (2017),75141,No TS winds (<34kt)
Harvey (2017),76657,Tropical-storm (34–49kt)
Harvey (2017),78405,Gale-force (50–63kt)
Harvey (2017),78872,No TS winds (<34kt)
Harvey (2017),78962,Tropical-storm (34–49kt)
Harvey (2017),79095,No TS winds (<34kt)
Harvey (2017),71046,No TS winds (<34kt)
Harvey (2017),75173,No TS winds (<34kt)
Harvey (2017),77335,No TS winds (<34kt)
Harvey (2017),75765,No TS winds (<34kt)
Harvey (2017),75755,No TS winds (<34kt)
Harvey (2017),78829,No TS winds (<34kt)
Harvey (2017),75975,No TS winds (<34kt)
Harvey (2017),76670,No TS winds (<34kt)
Harvey (2017),70639,No TS winds (<34kt)
Harvey (2017),75859,No TS winds (<34kt)
Harvey (2017),78638,Tropical-storm (34–49kt)
Harvey (2017),76845,No TS winds (<34kt)
Harvey (2017),76569,Tropical-storm (34–49kt)
Harvey (2017),77659,No TS winds (<34kt)
Harvey (2017),79097,No TS winds (<34kt)
Harvey (2017),76460,No TS winds (<34kt)
Harvey (2017),71836,No TS winds (<34kt)
Harvey (2017),77464,Tropical-storm (34–49kt)
Harvey (2017),75432,No TS winds (<34kt)
Harvey (2017),79843,No TS winds (<34kt)
Harvey (2017),71049,No TS winds (<34kt)
Harvey (2017),75105,No TS winds (<34kt)
Harvey (2017),75431,No TS winds (<34kt)
Harvey (2017),78566,No TS winds (<34kt)
Harvey (2017),73521,No TS winds (<34kt)
Harvey (2017),75974,No TS winds (<34kt)
Harvey (2017),71446,No TS winds (<34kt)
Harvey (2017),78371,No TS winds (<34kt)
Harvey (2017),76250,No TS winds (<34kt)
Harvey (2017),77623,No TS winds (<34kt)
Harvey (2017),73540,No TS winds (<34kt)
Harvey (2017),79733,No TS winds (<34kt)
Harvey (2017),75413,No TS winds (<34kt)
Harvey (2017),78607,No TS winds (<34kt)
Harvey (2017),88260,No TS winds (<34kt)
Harvey (2017),76491,No TS winds (<34kt)
Harvey (2017),76484,No TS winds (<34kt)
Harvey (2017),76865,No TS winds (<34kt)
Harvey (2017),75565,No TS winds (<34kt)
Harvey (2017),78946,Tropical-storm (34–49kt)
Harvey (2017),76680,Tropical-storm (34–49kt)
Harvey (2017),78001,No TS winds (<34kt)
Harvey (2017),79018,No TS winds (<34kt)
Harvey (2017),79229,No TS winds (<34kt)
Harvey (2017),71004,No TS winds (<34kt)
Harvey (2017),78342,Tropical-storm (34–49kt)
Imelda (2019),75211,No TS winds (<34kt)
Imelda (2019),75420,No TS winds (<34kt)
Imelda (2019),75650,No TS winds (<34kt)
Imelda (2019),76310,No TS winds (<34kt)
Imelda (2019),76557,No TS winds (<34kt)
Imelda (2019),76823,No TS winds (<34kt)
Imelda (2019),77478,No TS winds (<34kt)
Imelda (2019),78239,No TS winds (<34kt)
Imelda (2019),78542,No TS winds (<34kt)
Imelda (2019),78840,No TS winds (<34kt)
Imelda (2019),75189,No TS winds (<34kt)
Imelda (2019),75604,No TS winds (<34kt)
Imelda (2019),76177,No TS winds (<34kt)
Imelda (2019),76442,No TS winds (<34kt)
Imelda (2019),77015,No TS winds (<34kt)
Imelda (2019),77373,No TS winds (<34kt)
Imelda (2019),77433,No TS winds (<34kt)
Imelda (2019),77514,No TS winds (<34kt)
Imelda (2019),77625,No TS winds (<34kt)
Imelda (2019),78579,No TS winds (<34kt)
Imelda (2019),75460,No TS winds (<34kt)
Imelda (2019),75956,No TS winds (<34kt)
Imelda (2019),76258,No TS winds (<34kt)
Imelda (2019),76559,No TS winds (<34kt)
Imelda (2019),77450,No TS winds (<34kt)
Imelda (2019),77566,No TS winds (<34kt)
Imelda (2019),77984,No TS winds (<34kt)
Imelda (2019),76640,No TS winds (<34kt)
Imelda (2019),77014,No TS winds (<34kt)
Imelda (2019),77396,No TS winds (<34kt)
Imelda (2019),76366,No TS winds (<34kt)
Imelda (2019),77901,No TS winds (<34kt)
Imelda (2019),75060,No TS winds (<34kt)
Imelda (2019),75119,No TS winds (<34kt)
Imelda (2019),79925,No TS winds (<34kt)
Imelda (2019),76112,No TS winds (<34kt)
Imelda (2019),77056,No TS winds (<34kt)
Imelda (2019),77461,No TS winds (<34kt)
Imelda (2019),77578,No TS winds (<34kt)
Imelda (2019),78724,No TS winds (<34kt)
Imelda (2019),88021,No TS winds (<34kt)
Imelda (2019),78516,No TS winds (<34kt)
Imelda (2019),78731,No TS winds (<34kt)
Imelda (2019),79549,No TS winds (<34kt)
Imelda (2019),75706,No TS winds (<34kt)
Imelda (2019),75401,No TS winds (<34kt)
Imelda (2019),75704,No TS winds (<34kt)
Imelda (2019),75137,No TS winds (<34kt)
Imelda (2019),76059,No TS winds (<34kt)
Imelda (2019),78629,No TS winds (<34kt)
Imelda (2019),78738,No TS winds (<34kt)
Imelda (2019),77879,No TS winds (<34kt)
Imelda (2019),78624,No TS winds (<34kt)
Imelda (2019),77853,No TS winds (<34kt)
Imelda (2019),75437,No TS winds (<34kt)
Imelda (2019),78008,No TS winds (<34kt)
Imelda (2019),77022,No TS winds (<34kt)
Imelda (2019),78343,No TS winds (<34kt)
Imelda (2019),75631,No TS winds (<34kt)
Imelda (2019),76908,No TS winds (<34kt)
Imelda (2019),71837,No TS winds (<34kt)
Imelda (2019),76932,No TS winds (<34kt)
Imelda (2019),76443,No TS winds (<34kt)
Imelda (2019),79764,No TS winds (<34kt)
Imelda (2019),79853,No TS winds (<34kt)
Imelda (2019),77434,No TS winds (<34kt)
Imelda (2019),79556,No TS winds (<34kt)
Imelda (2019),77486,No TS winds (<34kt)
Imelda (2019),78642,No TS winds (<34kt)
Imelda (2019),79563,No TS winds (<34kt)
Imelda (2019),74720,No TS winds (<34kt)
Imelda (2019),75846,No TS winds (<34kt)
Imelda (2019),76078,No TS winds (<34kt)
Imelda (2019),75975,No TS winds (<34kt)
Imelda (2019),78019,No TS winds (<34kt)
Imelda (2019),75835,No TS winds (<34kt)
Imelda (2019),78024,No TS winds (<34kt)
Imelda (2019),78379,No TS winds (<34kt)
Imelda (2019),76950,No TS winds (<34kt)
Imelda (2019),77880,No TS winds (<34kt)
Imelda (2019),77417,No TS winds (<34kt)
Imelda (2019),77565,No TS winds (<34kt)
Imelda (2019),77977,No TS winds (<34kt)
Imelda (2019),78652,No TS winds (<34kt)
Imelda (2019),78340,No TS winds (<34kt)
Imelda (2019),75651,No TS winds (<34kt)
Imelda (2019),79005,No TS winds (<34kt)
Imelda (2019),88242,No TS winds (<34kt)
Imelda (2019),78595,No TS winds (<34kt)
Imelda (2019),73858,No TS winds (<34kt)
Imelda (2019),76364,No TS winds (<34kt)
Imelda (2019),79043,No TS winds (<34kt)
Imelda (2019),75933,No TS winds (<34kt)
Imelda (2019),79031,No TS winds (<34kt)
Imelda (2019),79255,No TS winds (<34kt)
Imelda (2019),78406,No TS winds (<34kt)
Imelda (2019),71032,No TS winds (<34kt)
Imelda (2019),79780,No TS winds (<34kt)
Imelda (2019),79053,No TS winds (<34kt)
Imelda (2019),75831,No TS winds (<34kt)
Imelda (2019),79080,No TS winds (<34kt)
Imelda (2019),78843,No TS winds (<34kt)
Imelda (2019),73528,No TS winds (<34kt)
Imelda (2019),73949,No TS winds (<34kt)
Imelda (2019),75480,No TS winds (<34kt)
Imelda (2019),79233,No TS winds (<34kt)
Imelda (2019),73568,No TS winds (<34kt)
Imelda (2019),79064,No TS winds (<34kt)
Imelda (2019),78722,No TS winds (<34kt)
Imelda (2019),79733,No TS winds (<34kt)
Imelda (2019),79325,No TS winds (<34kt)
Imelda (2019),76370,No TS winds (<34kt)
Imelda (2019),78883,No TS winds (<34kt)
Imelda (2019),73932,No TS winds (<34kt)
Imelda (2019),79369,No TS winds (<34kt)
Imelda (2019),79560,No TS winds (<34kt)
Imelda (2019),78007,No TS winds (<34kt)
Imelda (2019),73569,No TS winds (<34kt)
Imelda (2019),78545,No TS winds (<34kt)
Imelda (2019),78342,No TS winds (<34kt)
Imelda (2019),77473,No TS winds (<34kt)
Imelda (2019),78591,No TS winds (<34kt)
Imelda (2019),78943,No TS winds (<34kt)
Imelda (2019),71029,No TS winds (<34kt)
Imelda (2019),74753,No TS winds (<34kt)
Imelda (2019),74760,No TS winds (<34kt)
Imelda (2019),79749,No TS winds (<34kt)
Imelda (2019),77326,No TS winds (<34kt)
Imelda (2019),75759,No TS winds (<34kt)
Imelda (2019),74755,No TS winds (<34kt)
Imelda (2019),79548,No TS winds (<34kt)
Florence (2018),27576,Tropical-storm (34–49kt)
Florence (2018),27704,Tropical-storm (34–49kt)
Florence (2018),27827,Gale-force (50–63kt)
Florence (2018),27880,Tropical-storm (34–49kt)
Florence (2018),28146,Tropical-storm (34–49kt)
Florence (2018),28278,No TS winds (<34kt)
Florence (2018),28301,Tropical-storm (34–49kt)
Florence (2018),32428,No TS winds (<34kt)
Florence (2018),32536,No TS winds (<34kt)
Florence (2018),32666,No TS winds (<34kt)
Florence (2018),32680,No TS winds (<34kt)
Florence (2018),32751,No TS winds (<34kt)
Florence (2018),32767,No TS winds (<34kt)
Florence (2018),32952,No TS winds (<34kt)
Florence (2018),33014,No TS winds (<34kt)
Florence (2018),33025,No TS winds (<34kt)
Florence (2018),33305,No TS winds (<34kt)
Florence (2018),33839,No TS winds (<34kt)
Florence (2018),33990,No TS winds (<34kt)
Florence (2018),27405,No TS winds (<34kt)
Florence (2018),27530,Gale-force (50–63kt)
Florence (2018),27604,Tropical-storm (34–49kt)
Florence (2018),28303,Tropical-storm (34–49kt)
Florence (2018),31562,No TS winds (<34kt)
Florence (2018),32063,No TS winds (<34kt)
Florence (2018),32148,No TS winds (<34kt)
Florence (2018),32433,No TS winds (<34kt)
Florence (2018),32608,No TS winds (<34kt)
Florence (2018),33165,No TS winds (<34kt)
Florence (2018),33174,No TS winds (<34kt)
Florence (2018),33176,No TS winds (<34kt)
Florence (2018),33436,No TS winds (<34kt)
Florence (2018),33801,No TS winds (<34kt)
Florence (2018),33873,No TS winds (<34kt)
Florence (2018),34639,No TS winds (<34kt)
Florence (2018),34715,No TS winds (<34kt)
Florence (2018),28160,No TS winds (<34kt)
Florence (2018),28227,Tropical-storm (34–49kt)
Florence (2018),28401,Hurricane-force (>=64kt)
Florence (2018),32901,No TS winds (<34kt)
Florence (2018),33134,No TS winds (<34kt)
Florence (2018),33169,No TS winds (<34kt)
Florence (2018),33185,No TS winds (<34kt)
Florence (2018),33870,No TS winds (<34kt)
Florence (2018),34432,No TS winds (<34kt)
Florence (2018),27103,No TS winds (<34kt)
Florence (2018),27571,Tropical-storm (34–49kt)
Florence (2018),28016,No TS winds (<34kt)
Florence (2018),28906,No TS winds (<34kt)
Florence (2018),32462,No TS winds (<34kt)
Florence (2018),33064,No TS winds (<34kt)
Florence (2018),33135,No TS winds (<34kt)
Florence (2018),33157,No TS winds (<34kt)
Florence (2018),33467,No TS winds (<34kt)
Florence (2018),33710,No TS winds (<34kt)
Florence (2018),34470,No TS winds (<34kt)
Florence (2018),27278,Tropical-storm (34–49kt)
Florence (2018),29341,No TS winds (<34kt)
Florence (2018),32440,No TS winds (<34kt)
Florence (2018),32927,No TS winds (<34kt)
Florence (2018),33547,No TS winds (<34kt)
Florence (2018),34243,No TS winds (<34kt)
Florence (2018),28168,No TS winds (<34kt)
Florence (2018),28480,Hurricane-force (>=64kt)
Florence (2018),32218,No TS winds (<34kt)
Florence (2018),32931,No TS winds (<34kt)
Florence (2018),33936,No TS winds (<34kt)
Florence (2018),34117,No TS winds (<34kt)
Florence (2018),36571,No TS winds (<34kt)
Florence (2018),32446,No TS winds (<34kt)
Florence (2018),33166,No TS winds (<34kt)
Florence (2018),33173,No TS winds (<34kt)
Florence (2018),33837,No TS winds (<34kt)
Florence (2018),32055,No TS winds (<34kt)
Florence (2018),33162,No TS winds (<34kt)
Florence (2018),34488,No TS winds (<34kt)
Florence (2018),28508,Hurricane-force (>=64kt)
Florence (2018),28570,Hurricane-force (>=64kt)
Florence (2018),29569,Hurricane-force (>=64kt)
Florence (2018),34105,No TS winds (<34kt)
Florence (2018),27107,No TS winds (<34kt)
Florence (2018),33534,No TS winds (<34kt)
Florence (2018),27846,Gale-force (50–63kt)
Florence (2018),32505,No TS winds (<34kt)
Florence (2018),34606,No TS winds (<34kt)
Florence (2018),30512,No TS winds (<34kt)
Florence (2018),32805,No TS winds (<34kt)
Florence (2018),33446,No TS winds (<34kt)
Florence (2018),28468,Hurricane-force (>=64kt)
Florence (2018),28088,Tropical-storm (34–49kt)
Florence (2018),28137,Tropical-storm (34–49kt)
Florence (2018),28627,No TS winds (<34kt)
Florence (2018),28551,Hurricane-force (>=64kt)
Florence (2018),27048,No TS winds (<34kt)
Florence (2018),27510,Tropical-storm (34–49kt)
Florence (2018),28779,No TS winds (<34kt)
Florence (2018),37640,No TS winds (<34kt)
Florence (2018),29568,Hurricane-force (>=64kt)
Florence (2018),32190,No TS winds (<34kt)
Florence (2018),28626,No TS winds (<34kt)
Florence (2018),28455,Hurricane-force (>=64kt)
Florence (2018),28618,No TS winds (<34kt)
Florence (2018),28337,Gale-force (50–63kt)
Florence (2018),27939,Tropical-storm (34–49kt)
Florence (2018),33981,No TS winds (<34kt)
Florence (2018),28351,Tropical-storm (34–49kt)
Florence (2018),34449,No TS winds (<34kt)
Florence (2018),29570,Tropical-storm (34–49kt)
Florence (2018),28441,Gale-force (50–63kt)
Florence (2018),27325,Tropical-storm (34–49kt)
Florence (2018),33946,No TS winds (<34kt)
Florence (2018),32157,No TS winds (<34kt)
Florence (2018),32668,No TS winds (<34kt)
Florence (2018),28340,Gale-force (50–63kt)
Florence (2018),30555,No TS winds (<34kt)
Florence (2018),27981,Tropical-storm (34–49kt)
Florence (2018),36562,No TS winds (<34kt)
Florence (2018),28533,Hurricane-force (>=64kt)
Florence (2018),27555,Tropical-storm (34–49kt)
Florence (2018),23919,No TS winds (<34kt)
Florence (2018),28447,Hurricane-force (>=64kt)
Florence (2018),28347,Tropical-storm (34–49kt)
Florence (2018),32658,No TS winds (<34kt)
Florence (2018),24165,No TS winds (<34kt)
Florence (2018),28552,Gale-force (50–63kt)
Florence (2018),31626,No TS winds (<34kt)
Irma (2017),33331,Gale-force (50–63kt)
Irma (2017),33412,Gale-force (50–63kt)
Irma (2017),33594,Hurricane-force (>=64kt)
Irma (2017),33716,Gale-force (50–63kt)
Irma (2017),33755,Gale-force (50–63kt)
Irma (2017),33928,Hurricane-force (>=64kt)
Irma (2017),34465,Hurricane-force (>=64kt)
Irma (2017),32547,Tropical-storm (34–49kt)
Irma (2017),32608,Gale-force (50–63kt)
Irma (2017),32824,Gale-force (50–63kt)
Irma (2017),32839,Gale-force (50–63kt)
Irma (2017),33647,Hurricane-force (>=64kt)
Irma (2017),32168,Gale-force (50–63kt)
Irma (2017),32909,Gale-force (50–63kt)
Irma (2017),33134,Gale-force (50–63kt)
Irma (2017),33596,Hurricane-force (>=64kt)
Irma (2017),32046,Gale-force (50–63kt)
Irma (2017),32738,Gale-force (50–63kt)
Irma (2017),33801,Hurricane-force (>=64kt)
Irma (2017),34638,Hurricane-force (>=64kt)
Irma (2017),32060,Gale-force (50–63kt)
Irma (2017),32732,Gale-force (50–63kt)
Irma (2017),32833,Gale-force (50–63kt)
Irma (2017),33026,Gale-force (50–63kt)
Irma (2017),33135,Gale-force (50–63kt)
Irma (2017),33868,Hurricane-force (>=64kt)
Irma (2017),33898,Gale-force (50–63kt)
Irma (2017),32464,Tropical-storm (34–49kt)
Irma (2017),32680,Gale-force (50–63kt)
Irma (2017),32953,Gale-force (50–63kt)
Irma (2017),33573,No TS winds (<34kt)
Irma (2017),32571,No TS winds (<34kt)
Irma (2017),32626,Gale-force (50–63kt)
Irma (2017),32805,Gale-force (50–63kt)
Irma (2017),32907,Gale-force (50–63kt)
Irma (2017),33062,Gale-force (50–63kt)
Irma (2017),32348,Gale-force (50–63kt)
Irma (2017),33763,Gale-force (50–63kt)
Irma (2017),34266,Hurricane-force (>=64kt)
Irma (2017),32080,Gale-force (50–63kt)
Irma (2017),32189,Gale-force (50–63kt)
Irma (2017),32730,Gale-force (50–63kt)
Irma (2017),33762,Gale-force (50–63kt)
Irma (2017),32204,Gale-force (50–63kt)
Irma (2017),32320,Tropical-storm (34–49kt)
Irma (2017),32835,Gale-force (50–63kt)
Irma (2017),32040,Gale-force (50–63kt)
Irma (2017),33782,Gale-force (50–63kt)
Irma (2017),32087,Gale-force (50–63kt)
Irma (2017),32808,Gale-force (50–63kt)
Irma (2017),33181,Gale-force (50–63kt)
Irma (2017),33039,Gale-force (50–63kt)
Irma (2017),34604,Hurricane-force (>=64kt)
Irma (2017),34429,Hurricane-force (>=64kt)
Irma (2017),36442,Tropical-storm (34–49kt)
Irma (2017),33548,Hurricane-force (>=64kt)
Irma (2017),33859,Gale-force (50–63kt)
Irma (2017),32446,Tropical-storm (34–49kt)
Irma (2017),32134,Gale-force (50–63kt)
Irma (2017),33597,Hurricane-force (>=64kt)
Irma (2017),32072,Gale-force (50–63kt)
Irma (2017),32193,Gale-force (50–63kt)
Irma (2017),34705,Gale-force (50–63kt)
Irma (2017),32622,Gale-force (50–63kt)
Irma (2017),32355,Gale-force (50–63kt)
Irma (2017),32399,Gale-force (50–63kt)
Irma (2017),33854,Gale-force (50–63kt)
Florence (2018),29686,No TS winds (<34kt)
Michael (2018),28546,Gale-force (50–63kt)
Michael (2018),28617,No TS winds (<34kt)
Michael (2018),32822,No TS winds (<34kt)
Michael (2018),33010,No TS winds (<34kt)
Michael (2018),33064,No TS winds (<34kt)
Michael (2018),33301,No TS winds (<34kt)
Michael (2018),33314,No TS winds (<34kt)
Michael (2018),33315,No TS winds (<34kt)
Michael (2018),33446,No TS winds (<34kt)
Michael (2018),34243,No TS winds (<34kt)
Michael (2018),34744,No TS winds (<34kt)
Michael (2018),34982,No TS winds (<34kt)
Michael (2018),27596,No TS winds (<34kt)
Michael (2018),28027,No TS winds (<34kt)
Michael (2018),28532,Gale-force (50–63kt)
Michael (2018),28645,No TS winds (<34kt)
Michael (2018),32608,No TS winds (<34kt)
Michael (2018),32962,No TS winds (<34kt)
Michael (2018),33156,No TS winds (<34kt)
Michael (2018),33559,No TS winds (<34kt)
Michael (2018),33578,No TS winds (<34kt)
Michael (2018),33596,No TS winds (<34kt)
Michael (2018),34684,No TS winds (<34kt)
Michael (2018),28052,No TS winds (<34kt)
Michael (2018),28214,No TS winds (<34kt)
Michael (2018),28604,No TS winds (<34kt)
Michael (2018),32789,No TS winds (<34kt)
Michael (2018),33066,No TS winds (<34kt)
Michael (2018),33068,No TS winds (<34kt)
Michael (2018),33611,No TS winds (<34kt)
Michael (2018),34474,No TS winds (<34kt)
Michael (2018),34691,No TS winds (<34kt)
Michael (2018),34734,No TS winds (<34kt)
Michael (2018),34952,No TS winds (<34kt)
Michael (2018),28205,No TS winds (<34kt)
Michael (2018),32065,No TS winds (<34kt)
Michael (2018),32805,No TS winds (<34kt)
Michael (2018),33129,No TS winds (<34kt)
Michael (2018),33472,No TS winds (<34kt)
Michael (2018),33901,No TS winds (<34kt)
Michael (2018),27587,No TS winds (<34kt)
Michael (2018),28690,No TS winds (<34kt)
Michael (2018),33019,No TS winds (<34kt)
Michael (2018),34601,No TS winds (<34kt)
Michael (2018),28783,No TS winds (<34kt)
Michael (2018),32113,No TS winds (<34kt)
Michael (2018),32250,No TS winds (<34kt)
Michael (2018),32564,Tropical-storm (34–49kt)
Michael (2018),32612,No TS winds (<34kt)
Michael (2018),34470,No TS winds (<34kt)
Michael (2018),34788,No TS winds (<34kt)
Michael (2018),37650,No TS winds (<34kt)
Michael (2018),28071,No TS winds (<34kt)
Michael (2018),33431,No TS winds (<34kt)
Michael (2018),28107,No TS winds (<34kt)
Michael (2018),32128,No TS winds (<34kt)
Michael (2018),27976,Gale-force (50–63kt)
Michael (2018),28278,No TS winds (<34kt)
Michael (2018),32190,No TS winds (<34kt)
Michael (2018),33954,No TS winds (<34kt)
Michael (2018),27597,No TS winds (<34kt)
Michael (2018),33035,No TS winds (<34kt)
Michael (2018),33948,No TS winds (<34kt)
Michael (2018),28088,No TS winds (<34kt)
Michael (2018),27310,No TS winds (<34kt)
Michael (2018),33765,No TS winds (<34kt)
Michael (2018),28357,Tropical-storm (34–49kt)
Michael (2018),32617,No TS winds (<34kt)
Michael (2018),32666,No TS winds (<34kt)
Michael (2018),33403,No TS winds (<34kt)
Michael (2018),27806,Gale-force (50–63kt)
Michael (2018),27288,No TS winds (<34kt)
Michael (2018),28515,Gale-force (50–63kt)
Michael (2018),32227,No TS winds (<34kt)
Michael (2018),27019,No TS winds (<34kt)
Michael (2018),37659,No TS winds (<34kt)
Michael (2018),28904,No TS winds (<34kt)
Michael (2018),27852,Gale-force (50–63kt)
Michael (2018),28651,No TS winds (<34kt)
Michael (2018),28394,Tropical-storm (34–49kt)
Michael (2018),32044,No TS winds (<34kt)
Michael (2018),28637,No TS winds (<34kt)
Michael (2018),28721,No TS winds (<34kt)
Michael (2018),36602,No TS winds (<34kt)
Michael (2018),28468,Tropical-storm (34–49kt)
Michael (2018),28364,Tropical-storm (34–49kt)
Michael (2018),28526,Gale-force (50–63kt)
Michael (2018),29733,No TS winds (<34kt)
Michael (2018),36607,No TS winds (<34kt)
Michael (2018),32511,Tropical-storm (34–49kt)
Michael (2018),28556,Gale-force (50–63kt)
Michael (2018),24351,No TS winds (<34kt)
Michael (2018),27343,No TS winds (<34kt)
Michael (2018),28098,No TS winds (<34kt)
Michael (2018),27832,Tropical-storm (34–49kt)
Michael (2018),27812,Gale-force (50–63kt)
Michael (2018),32423,Gale-force (50–63kt)
Michael (2018),34141,No TS winds (<34kt)
Michael (2018),28280,No TS winds (<34kt)
Michael (2018),32508,Tropical-storm (34–49kt)
Michael (2018),30559,No TS winds (<34kt)
Michael (2018),28669,No TS winds (<34kt)
Michael (2018),36562,No TS winds (<34kt)
Michael (2018),27315,No TS winds (<34kt)
Michael (2018),36375,Tropical-storm (34–49kt)
Michael (2018),30568,No TS winds (<34kt)
Michael (2018),28624,No TS winds (<34kt)
Michael (2018),27242,Tropical-storm (34–49kt)
Michael (2018),36568,No TS winds (<34kt)
Michael (2018),27928,Gale-force (50–63kt)
Michael (2018),36560,No TS winds (<34kt)
Michael (2018),32133,No TS winds (<34kt)
Michael (2018),33109,No TS winds (<34kt)
Michael (2018),24540,No TS winds (<34kt)
Michael (2018),32432,Gale-force (50–63kt)
Harvey (2017),77845,Tropical-storm (34–49kt)
Harvey (2017),78676,No TS winds (<34kt)
Harvey (2017),78703,No TS winds (<34kt)
Harvey (2017),79102,No TS winds (<34kt)
Harvey (2017),75010,No TS winds (<34kt)
Harvey (2017),76028,No TS winds (<34kt)
Harvey (2017),77039,Tropical-storm (34–49kt)
Harvey (2017),77995,Gale-force (50–63kt)
Harvey (2017),78253,No TS winds (<34kt)
Harvey (2017),77051,Tropical-storm (34–49kt)
Harvey (2017),77069,Tropical-storm (34–49kt)
Harvey (2017),79707,No TS winds (<34kt)
Harvey (2017),76453,No TS winds (<34kt)
Harvey (2017),76502,Tropical-storm (34–49kt)
Harvey (2017),78229,No TS winds (<34kt)
Harvey (2017),76708,No TS winds (<34kt)
Harvey (2017),77566,Tropical-storm (34–49kt)
Harvey (2017),75032,No TS winds (<34kt)
Harvey (2017),75087,No TS winds (<34kt)
Harvey (2017),75211,No TS winds (<34kt)
Harvey (2017),77303,Tropical-storm (34–49kt)
Harvey (2017),77493,Tropical-storm (34–49kt)
Harvey (2017),78058,No TS winds (<34kt)
Harvey (2017),78642,No TS winds (<34kt)
Harvey (2017),78681,No TS winds (<34kt)
Harvey (2017),79403,No TS winds (<34kt)
Harvey (2017),79745,No TS winds (<34kt)
Harvey (2017),75154,No TS winds (<34kt)
Harvey (2017),75601,No TS winds (<34kt)
Harvey (2017),76233,No TS winds (<34kt)
Harvey (2017),77078,Tropical-storm (34–49kt)
Harvey (2017),78411,Gale-force (50–63kt)
Harvey (2017),78723,No TS winds (<34kt)
Harvey (2017),79036,No TS winds (<34kt)
Harvey (2017),79915,No TS winds (<34kt)
Harvey (2017),75124,No TS winds (<34kt)
Harvey (2017),75647,No TS winds (<34kt)
Harvey (2017),76248,No TS winds (<34kt)
Harvey (2017),76712,Tropical-storm (34–49kt)
Harvey (2017),77964,Gale-force (50–63kt)
Harvey (2017),78612,Tropical-storm (34–49kt)
Harvey (2017),78754,No TS winds (<34kt)
Harvey (2017),79235,No TS winds (<34kt)
Harvey (2017),77664,No TS winds (<34kt)
Harvey (2017),78611,No TS winds (<34kt)
Harvey (2017),79070,No TS winds (<34kt)
Harvey (2017),73401,No TS winds (<34kt)
Harvey (2017),75038,No TS winds (<34kt)
Harvey (2017),75048,No TS winds (<34kt)
Harvey (2017),76035,No TS winds (<34kt)
Harvey (2017),76043,No TS winds (<34kt)
Harvey (2017),76240,No TS winds (<34kt)
Harvey (2017),77059,Tropical-storm (34–49kt)
Harvey (2017),78002,No TS winds (<34kt)
Harvey (2017),78628,No TS winds (<34kt)
Harvey (2017),79124,No TS winds (<34kt)
Harvey (2017),79339,No TS winds (<34kt)
Harvey (2017),75236,No TS winds (<34kt)
Harvey (2017),77031,Tropical-storm (34–49kt)
Harvey (2017),77382,Tropical-storm (34–49kt)
Harvey (2017),78233,Tropical-storm (34–49kt)
Harvey (2017),79789,No TS winds (<34kt)
Harvey (2017),75946,No TS winds (<34kt)
Harvey (2017),76111,No TS winds (<34kt)
Harvey (2017),78225,Tropical-storm (34–49kt)
Harvey (2017),79924,No TS winds (<34kt)
Harvey (2017),70633,No TS winds (<34kt)
Harvey (2017),75930,No TS winds (<34kt)
Harvey (2017),75964,No TS winds (<34kt)
Harvey (2017),77864,Tropical-storm (34–49kt)
Harvey (2017),78945,Tropical-storm (34–49kt)
Harvey (2017),79758,No TS winds (<34kt)
Harvey (2017),70665,No TS winds (<34kt)
Harvey (2017),78947,Tropical-storm (34–49kt)
Harvey (2017),76877,No TS winds (<34kt)
Harvey (2017),78738,No TS winds (<34kt)
Harvey (2017),75460,No TS winds (<34kt)
Harvey (2017),77021,Tropical-storm (34–49kt)
Harvey (2017),78597,Tropical-storm (34–49kt)
Harvey (2017),78221,No TS winds (<34kt)
Harvey (2017),75785,No TS winds (<34kt)
Harvey (2017),77612,No TS winds (<34kt)
Harvey (2017),76444,No TS winds (<34kt)
Harvey (2017),75231,No TS winds (<34kt)
Harvey (2017),77034,Tropical-storm (34–49kt)
Harvey (2017),75159,No TS winds (<34kt)
Harvey (2017),78409,Gale-force (50–63kt)
Harvey (2017),76105,No TS winds (<34kt)
Harvey (2017),76524,Tropical-storm (34–49kt)
Harvey (2017),77423,Tropical-storm (34–49kt)
Harvey (2017),75835,No TS winds (<34kt)
Harvey (2017),77358,Tropical-storm (34–49kt)
Harvey (2017),77363,Tropical-storm (34–49kt)
Harvey (2017),78639,No TS winds (<34kt)
Harvey (2017),76932,No TS winds (<34kt)
Harvey (2017),76934,No TS winds (<34kt)
Harvey (2017),79054,No TS winds (<34kt)
Harvey (2017),78349,No TS winds (<34kt)
Harvey (2017),75643,No TS winds (<34kt)
Harvey (2017),76271,No TS winds (<34kt)
Harvey (2017),76556,Tropical-storm (34–49kt)
Harvey (2017),77360,No TS winds (<34kt)
Harvey (2017),73532,No TS winds (<34kt)
Harvey (2017),77853,Tropical-storm (34–49kt)
Harvey (2017),75172,No TS winds (<34kt)
Harvey (2017),78039,No TS winds (<34kt)
Harvey (2017),77961,Gale-force (50–63kt)
Harvey (2017),79381,No TS winds (<34kt)
Harvey (2017),76641,No TS winds (<34kt)
Harvey (2017),77415,Tropical-storm (34–49kt)
Harvey (2017),77991,Gale-force (50–63kt)
Harvey (2017),75850,Tropical-storm (34–49kt)
Harvey (2017),77456,Tropical-storm (34–49kt)
Harvey (2017),78377,Hurricane-force (>=64kt)
Harvey (2017),75555,No TS winds (<34kt)
Harvey (2017),75640,No TS winds (<34kt)
Harvey (2017),75960,No TS winds (<34kt)
Harvey (2017),79517,No TS winds (<34kt)
Harvey (2017),79781,No TS winds (<34kt)
Harvey (2017),79848,No TS winds (<34kt)
Harvey (2017),76654,No TS winds (<34kt)
Harvey (2017),79742,No TS winds (<34kt)
Harvey (2017),76884,No TS winds (<34kt)
Harvey (2017),75641,No TS winds (<34kt)
Harvey (2017),79372,No TS winds (<34kt)
Harvey (2017),76486,No TS winds (<34kt)
Harvey (2017),79566,No TS winds (<34kt)
Harvey (2017),71064,No TS winds (<34kt)
Harvey (2017),76882,No TS winds (<34kt)
Harvey (2017),74756,No TS winds (<34kt)
Harvey (2017),77481,Tropical-storm (34–49kt)
Harvey (2017),73937,No TS winds (<34kt)
Harvey (2017),76452,No TS winds (<34kt)
Harvey (2017),75934,No TS winds (<34kt)
Harvey (2017),79378,No TS winds (<34kt)
Harvey (2017),77468,Tropical-storm (34–49kt)
Harvey (2017),76841,No TS winds (<34kt)
Harvey (2017),78677,Gale-force (50–63kt)
Imelda (2019),75165,No TS winds (<34kt)
Imelda (2019),75503,No TS winds (<34kt)
Imelda (2019),76020,No TS winds (<34kt)
Imelda (2019),76712,No TS winds (<34kt)
Imelda (2019),76945,No TS winds (<34kt)
Imelda (2019),77007,No TS winds (<34kt)
Imelda (2019),77479,No TS winds (<34kt)
Imelda (2019),77488,No TS winds (<34kt)
Imelda (2019),77584,No TS winds (<34kt)
Imelda (2019),78247,No TS winds (<34kt)
Imelda (2019),78412,No TS winds (<34kt)
Imelda (2019),78664,No TS winds (<34kt)
Imelda (2019),78737,No TS winds (<34kt)
Imelda (2019),79106,No TS winds (<34kt)
Imelda (2019),79735,No TS winds (<34kt)
Imelda (2019),75672,No TS winds (<34kt)
Imelda (2019),77363,No TS winds (<34kt)
Imelda (2019),77445,No TS winds (<34kt)
Imelda (2019),77474,No TS winds (<34kt)
Imelda (2019),77642,No TS winds (<34kt)
Imelda (2019),78253,No TS winds (<34kt)
Imelda (2019),78411,No TS winds (<34kt)
Imelda (2019),78749,No TS winds (<34kt)
Imelda (2019),75148,No TS winds (<34kt)
Imelda (2019),76034,No TS winds (<34kt)
Imelda (2019),76305,No TS winds (<34kt)
Imelda (2019),77346,No TS winds (<34kt)
Imelda (2019),77407,No TS winds (<34kt)
Imelda (2019),78750,No TS winds (<34kt)
Imelda (2019),75844,No TS winds (<34kt)
Imelda (2019),77493,No TS winds (<34kt)
Imelda (2019),77657,No TS winds (<34kt)
Imelda (2019),78228,No TS winds (<34kt)
Imelda (2019),78254,No TS winds (<34kt)
Imelda (2019),78404,No TS winds (<34kt)
Imelda (2019),75039,No TS winds (<34kt)
Imelda (2019),77503,No TS winds (<34kt)
Imelda (2019),77518,No TS winds (<34kt)
Imelda (2019),78109,No TS winds (<34kt)
Imelda (2019),75126,No TS winds (<34kt)
Imelda (2019),78101,No TS winds (<34kt)
Imelda (2019),79098,No TS winds (<34kt)
Imelda (2019),79770,No TS winds (<34kt)
Imelda (2019),76710,No TS winds (<34kt)
Imelda (2019),79901,No TS winds (<34kt)
Imelda (2019),76401,No TS winds (<34kt)
Imelda (2019),77550,No TS winds (<34kt)
Imelda (2019),75020,No TS winds (<34kt)
Imelda (2019),77564,No TS winds (<34kt)
Imelda (2019),75082,No TS winds (<34kt)
Imelda (2019),77074,No TS winds (<34kt)
Imelda (2019),78712,No TS winds (<34kt)
Imelda (2019),75010,No TS winds (<34kt)
Imelda (2019),76064,No TS winds (<34kt)
Imelda (2019),77650,No TS winds (<34kt)
Imelda (2019),78248,No TS winds (<34kt)
Imelda (2019),78735,No TS winds (<34kt)
Imelda (2019),76861,No TS winds (<34kt)
Imelda (2019),78264,No TS winds (<34kt)
Imelda (2019),76035,No TS winds (<34kt)
Imelda (2019),77019,No TS winds (<34kt)
Imelda (2019),79311,No TS winds (<34kt)
Imelda (2019),78234,No TS winds (<34kt)
Imelda (2019),78643,No TS winds (<34kt)
Imelda (2019),76549,No TS winds (<34kt)
Imelda (2019),76638,No TS winds (<34kt)
Imelda (2019),78417,No TS winds (<34kt)
Imelda (2019),76639,No TS winds (<34kt)
Imelda (2019),78232,No TS winds (<34kt)
Imelda (2019),79014,No TS winds (<34kt)
Imelda (2019),71112,No TS winds (<34kt)
Imelda (2019),76164,No TS winds (<34kt)
Imelda (2019),79411,No TS winds (<34kt)
Imelda (2019),76446,No TS winds (<34kt)
Imelda (2019),77028,No TS winds (<34kt)
Imelda (2019),78538,No TS winds (<34kt)
Imelda (2019),77020,No TS winds (<34kt)
Imelda (2019),78393,No TS winds (<34kt)
Imelda (2019),79535,No TS winds (<34kt)
Imelda (2019),79830,No TS winds (<34kt)
Imelda (2019),78119,No TS winds (<34kt)
Imelda (2019),77629,No TS winds (<34kt)
Imelda (2019),79322,No TS winds (<34kt)
Imelda (2019),75755,No TS winds (<34kt)
Irma (2017),31631,Gale-force (50–63kt)
Imelda (2019),79041,No TS winds (<34kt)
Imelda (2019),79096,No TS winds (<34kt)
Imelda (2019),77873,No TS winds (<34kt)
Imelda (2019),78208,No TS winds (<34kt)
Imelda (2019),76435,No TS winds (<34kt)
Imelda (2019),76472,No TS winds (<34kt)
Imelda (2019),71004,No TS winds (<34kt)
Imelda (2019),74743,No TS winds (<34kt)
Imelda (2019),79731,No TS winds (<34kt)
Imelda (2019),79235,No TS winds (<34kt)
Imelda (2019),76453,No TS winds (<34kt)
Imelda (2019),77962,No TS winds (<34kt)
Imelda (2019),70660,No TS winds (<34kt)
Imelda (2019),77419,No TS winds (<34kt)
Imelda (2019),79355,No TS winds (<34kt)
Imelda (2019),79510,No TS winds (<34kt)
Imelda (2019),76475,No TS winds (<34kt)
Imelda (2019),79821,No TS winds (<34kt)
Imelda (2019),75572,No TS winds (<34kt)
Imelda (2019),79241,No TS winds (<34kt)
Imelda (2019),76351,No TS winds (<34kt)
Imelda (2019),78940,No TS winds (<34kt)
Imelda (2019),73660,No TS winds (<34kt)
Imelda (2019),79057,No TS winds (<34kt)
Imelda (2019),78623,No TS winds (<34kt)
Imelda (2019),75928,No TS winds (<34kt)
Imelda (2019),79506,No TS winds (<34kt)
Imelda (2019),75661,No TS winds (<34kt)
Imelda (2019),76832,No TS winds (<34kt)
Imelda (2019),75127,No TS winds (<34kt)
Imelda (2019),78833,No TS winds (<34kt)
Imelda (2019),78614,No TS winds (<34kt)
Imelda (2019),77617,No TS winds (<34kt)
Imelda (2019),75164,No TS winds (<34kt)
Imelda (2019),77468,No TS winds (<34kt)
Imelda (2019),76654,No TS winds (<34kt)
Imelda (2019),78837,No TS winds (<34kt)
Imelda (2019),76676,No TS winds (<34kt)
Imelda (2019),79380,No TS winds (<34kt)
Imelda (2019),75101,No TS winds (<34kt)
Imelda (2019),76377,No TS winds (<34kt)
Imelda (2019),79519,No TS winds (<34kt)
Imelda (2019),79699,No TS winds (<34kt)
Imelda (2019),75832,No TS winds (<34kt)
Imelda (2019),76678,No TS winds (<34kt)
Imelda (2019),78369,No TS winds (<34kt)
Imelda (2019),75447,No TS winds (<34kt)
Imelda (2019),76261,No TS winds (<34kt)
Imelda (2019),78001,No TS winds (<34kt)
Imelda (2019),78144,No TS winds (<34kt)
Imelda (2019),76452,No TS winds (<34kt)
Imelda (2019),79837,No TS winds (<34kt)
Imelda (2019),76841,No TS winds (<34kt)
Imelda (2019),79259,No TS winds (<34kt)
Florence (2018),27610,Tropical-storm (34–49kt)
Florence (2018),27612,Tropical-storm (34–49kt)
Florence (2018),28208,No TS winds (<34kt)
Florence (2018),28213,Tropical-storm (34–49kt)
Florence (2018),28333,Gale-force (50–63kt)
Florence (2018),28411,Hurricane-force (>=64kt)
Florence (2018),28625,No TS winds (<34kt)
Florence (2018),28667,No TS winds (<34kt)
Florence (2018),32310,No TS winds (<34kt)
Florence (2018),32807,No TS winds (<34kt)
Florence (2018),32818,No TS winds (<34kt)
Florence (2018),32955,No TS winds (<34kt)
Florence (2018),33021,No TS winds (<34kt)
Florence (2018),33484,No TS winds (<34kt)
Florence (2018),33523,No TS winds (<34kt)
Florence (2018),27511,Tropical-storm (34–49kt)
Florence (2018),27606,Tropical-storm (34–49kt)
Florence (2018),28173,Tropical-storm (34–49kt)
Florence (2018),28646,No TS winds (<34kt)
Florence (2018),29707,No TS winds (<34kt)
Florence (2018),32953,No TS winds (<34kt)
Florence (2018),33034,No TS winds (<34kt)
Florence (2018),33407,No TS winds (<34kt)
Florence (2018),33919,No TS winds (<34kt)
Florence (2018),34266,No TS winds (<34kt)
Florence (2018),34744,No TS winds (<34kt)
Florence (2018),27541,No TS winds (<34kt)
Florence (2018),27614,Tropical-storm (34–49kt)
Florence (2018),28054,No TS winds (<34kt)
Florence (2018),28357,Tropical-storm (34–49kt)
Florence (2018),28574,Hurricane-force (>=64kt)
Florence (2018),32141,No TS winds (<34kt)
Florence (2018),33433,No TS winds (<34kt)
Florence (2018),33812,No TS winds (<34kt)
Florence (2018),27040,No TS winds (<34kt)
Florence (2018),27043,No TS winds (<34kt)
Florence (2018),27055,No TS winds (<34kt)
Florence (2018),27376,Tropical-storm (34–49kt)
Florence (2018),27591,Tropical-storm (34–49kt)
Florence (2018),28613,No TS winds (<34kt)
Florence (2018),32829,No TS winds (<34kt)
Florence (2018),33431,No TS winds (<34kt)
Florence (2018),33625,No TS winds (<34kt)
Florence (2018),33773,No TS winds (<34kt)
Florence (2018),34209,No TS winds (<34kt)
Florence (2018),34212,No TS winds (<34kt)
Florence (2018),27976,Tropical-storm (34–49kt)
Florence (2018),28645,No TS winds (<34kt)
Florence (2018),29340,No TS winds (<34kt)
Florence (2018),32060,No TS winds (<34kt)
Florence (2018),32967,No TS winds (<34kt)
Florence (2018),33572,No TS winds (<34kt)
Florence (2018),33907,No TS winds (<34kt)
Florence (2018),34952,No TS winds (<34kt)
Florence (2018),27896,Tropical-storm (34–49kt)
Florence (2018),28704,No TS winds (<34kt)
Florence (2018),33122,No TS winds (<34kt)
Florence (2018),33610,No TS winds (<34kt)
Florence (2018),34684,No TS winds (<34kt)
Florence (2018),32226,No TS winds (<34kt)
Florence (2018),34231,No TS winds (<34kt)
Florence (2018),34240,No TS winds (<34kt)
Florence (2018),28398,Gale-force (50–63kt)
Florence (2018),28673,No TS winds (<34kt)
Florence (2018),32744,No TS winds (<34kt)
Florence (2018),34109,No TS winds (<34kt)
Florence (2018),34112,No TS winds (<34kt)
Florence (2018),28021,No TS winds (<34kt)
Florence (2018),32908,No TS winds (<34kt)
Florence (2018),33616,No TS winds (<34kt)
Florence (2018),34289,No TS winds (<34kt)
Florence (2018),29547,Gale-force (50–63kt)
Florence (2018),32119,No TS winds (<34kt)
Florence (2018),33128,No TS winds (<34kt)
Florence (2018),27317,No TS winds (<34kt)
Florence (2018),28170,Tropical-storm (34–49kt)
Florence (2018),29687,No TS winds (<34kt)
Florence (2018),28147,Tropical-storm (34–49kt)
Florence (2018),33069,No TS winds (<34kt)
Florence (2018),33477,No TS winds (<34kt)
Florence (2018),32640,No TS winds (<34kt)
Florence (2018),34453,No TS winds (<34kt)
Florence (2018),27849,Tropical-storm (34–49kt)
Florence (2018),28642,No TS winds (<34kt)
Florence (2018),32508,No TS winds (<34kt)
Florence (2018),27306,Tropical-storm (34–49kt)
Florence (2018),29661,No TS winds (<34kt)
Florence (2018),33953,No TS winds (<34kt)
Florence (2018),36523,No TS winds (<34kt)
Florence (2018),37722,No TS winds (<34kt)
Florence (2018),28501,Hurricane-force (>=64kt)
Florence (2018),28456,Hurricane-force (>=64kt)
Florence (2018),27974,Tropical-storm (34–49kt)
Florence (2018),34737,No TS winds (<34kt)
Florence (2018),27507,No TS winds (<34kt)
Florence (2018),27888,Gale-force (50–63kt)
Florence (2018),27935,Tropical-storm (34–49kt)
Florence (2018),28159,Tropical-storm (34–49kt)
Florence (2018),32949,No TS winds (<34kt)
Florence (2018),28722,No TS winds (<34kt)
Florence (2018),32502,No TS winds (<34kt)
Florence (2018),32639,No TS winds (<34kt)
Florence (2018),29563,Gale-force (50–63kt)
Florence (2018),32445,No TS winds (<34kt)
Florence (2018),27839,Tropical-storm (34–49kt)
Florence (2018),37657,No TS winds (<34kt)
Florence (2018),27341,Tropical-storm (34–49kt)
Florence (2018),32664,No TS winds (<34kt)
Florence (2018),33851,No TS winds (<34kt)
Florence (2018),27207,Tropical-storm (34–49kt)
Florence (2018),27559,Tropical-storm (34–49kt)
Florence (2018),27941,Tropical-storm (34–49kt)
Florence (2018),28423,Hurricane-force (>=64kt)
Florence (2018),33857,No TS winds (<34kt)
Florence (2018),27938,Tropical-storm (34–49kt)
Florence (2018),27709,Tropical-storm (34–49kt)
Florence (2018),27861,Gale-force (50–63kt)
Florence (2018),28442,Gale-force (50–63kt)
Florence (2018),28615,No TS winds (<34kt)
Florence (2018),32332,No TS winds (<34kt)
Florence (2018),28526,Hurricane-force (>=64kt)
Florence (2018),27014,No TS winds (<34kt)
Florence (2018),23434,No TS winds (<34kt)
Florence (2018),28733,No TS winds (<34kt)
Florence (2018),33945,No TS winds (<34kt)
Irma (2017),33315,Gale-force (50–63kt)
Irma (2017),33572,Gale-force (50–63kt)
Irma (2017),33614,Gale-force (50–63kt)
Irma (2017),33872,Hurricane-force (>=64kt)
Irma (2017),34428,Gale-force (50–63kt)
Irma (2017),34442,Hurricane-force (>=64kt)
Irma (2017),34472,Gale-force (50–63kt)
Irma (2017),34488,Gale-force (50–63kt)
Irma (2017),32694,Gale-force (50–63kt)
Irma (2017),32712,Gale-force (50–63kt)
Irma (2017),32976,Gale-force (50–63kt)
Irma (2017),33415,Gale-force (50–63kt)
Irma (2017),33935,Hurricane-force (>=64kt)
Irma (2017),33983,Hurricane-force (>=64kt)
Irma (2017),34711,Gale-force (50–63kt)
Irma (2017),34746,Gale-force (50–63kt)
Irma (2017),32408,Tropical-storm (34–49kt)
Irma (2017),33162,Gale-force (50–63kt)
Irma (2017),33301,Gale-force (50–63kt)
Irma (2017),33469,Gale-force (50–63kt)
Irma (2017),33624,Hurricane-force (>=64kt)
Irma (2017),34476,Gale-force (50–63kt)
Irma (2017),36567,No TS winds (<34kt)
Irma (2017),32304,Gale-force (50–63kt)
Irma (2017),32438,Tropical-storm (34–49kt)
Irma (2017),32444,Tropical-storm (34–49kt)
Irma (2017),32531,Tropical-storm (34–49kt)
Irma (2017),33176,Gale-force (50–63kt)
Irma (2017),32566,Tropical-storm (34–49kt)
Irma (2017),33169,Gale-force (50–63kt)
Irma (2017),32714,Gale-force (50–63kt)
Irma (2017),32091,Gale-force (50–63kt)
Irma (2017),32025,Gale-force (50–63kt)
Irma (2017),32195,Gale-force (50–63kt)
Irma (2017),32609,Gale-force (50–63kt)
Irma (2017),32693,Gale-force (50–63kt)
Irma (2017),34448,Hurricane-force (>=64kt)
Irma (2017),33973,Hurricane-force (>=64kt)
Irma (2017),34947,Gale-force (50–63kt)
Irma (2017),32968,Gale-force (50–63kt)
Irma (2017),33304,Gale-force (50–63kt)
Irma (2017),34241,Hurricane-force (>=64kt)
Irma (2017),33875,Hurricane-force (>=64kt)
Irma (2017),33132,Gale-force (50–63kt)
Irma (2017),33616,Gale-force (50–63kt)
Irma (2017),32664,Gale-force (50–63kt)
Irma (2017),32421,Tropical-storm (34–49kt)
Irma (2017),32062,Gale-force (50–63kt)
Irma (2017),36426,Tropical-storm (34–49kt)
Irma (2017),32577,No TS winds (<34kt)
Irma (2017),36562,Tropical-storm (34–49kt)
Irma (2017),33922,Hurricane-force (>=64kt)
Irma (2017),32709,Gale-force (50–63kt)
Irma (2017),31537,Gale-force (50–63kt)
Irma (2017),33848,Gale-force (50–63kt)
Irma (2017),34679,Hurricane-force (>=64kt)
Florence (2018),31629,No TS winds (<34kt)
Michael (2018),28742,No TS winds (<34kt)
Michael (2018),29536,Tropical-storm (34–49kt)
Michael (2018),29547,Tropical-storm (34–49kt)
Michael (2018),32824,No TS winds (<34kt)
Michael (2018),33142,No TS winds (<34kt)
Michael (2018),33774,No TS winds (<34kt)
Michael (2018),34119,No TS winds (<34kt)
Michael (2018),34974,No TS winds (<34kt)
Michael (2018),27529,No TS winds (<34kt)
Michael (2018),28040,No TS winds (<34kt)
Michael (2018),28301,Tropical-storm (34–49kt)
Michael (2018),30512,No TS winds (<34kt)
Michael (2018),32145,No TS winds (<34kt)
Michael (2018),32950,No TS winds (<34kt)
Michael (2018),33880,No TS winds (<34kt)
Michael (2018),36571,No TS winds (<34kt)
Michael (2018),27513,No TS winds (<34kt)
Michael (2018),27514,No TS winds (<34kt)
Michael (2018),27540,No TS winds (<34kt)
Michael (2018),27856,No TS winds (<34kt)
Michael (2018),32569,Tropical-storm (34–49kt)
Michael (2018),32707,No TS winds (<34kt)
Michael (2018),32757,No TS winds (<34kt)
Michael (2018),32807,No TS winds (<34kt)
Michael (2018),32904,No TS winds (<34kt)
Michael (2018),32926,No TS winds (<34kt)
Michael (2018),32966,No TS winds (<34kt)
Michael (2018),34211,No TS winds (<34kt)
Michael (2018),34482,No TS winds (<34kt)
Michael (2018),27519,No TS winds (<34kt)
Michael (2018),27576,Tropical-storm (34–49kt)
Michael (2018),28023,No TS winds (<34kt)
Michael (2018),28164,No TS winds (<34kt)
Michael (2018),29570,Tropical-storm (34–49kt)
Michael (2018),32058,No TS winds (<34kt)
Michael (2018),32812,No TS winds (<34kt)
Michael (2018),33471,No TS winds (<34kt)
Michael (2018),34201,No TS winds (<34kt)
Michael (2018),34465,No TS winds (<34kt)
Michael (2018),27863,Tropical-storm (34–49kt)
Michael (2018),28018,No TS winds (<34kt)
Michael (2018),28079,No TS winds (<34kt)
Michael (2018),28328,Tropical-storm (34–49kt)
Michael (2018),33180,No TS winds (<34kt)
Michael (2018),34453,No TS winds (<34kt)
Michael (2018),34685,No TS winds (<34kt)
Michael (2018),27263,No TS winds (<34kt)
Michael (2018),27501,Tropical-storm (34–49kt)
Michael (2018),27892,Gale-force (50–63kt)
Michael (2018),32425,Gale-force (50–63kt)
Michael (2018),32792,No TS winds (<34kt)
Michael (2018),33140,No TS winds (<34kt)
Michael (2018),33150,No TS winds (<34kt)
Michael (2018),23887,Tropical-storm (34–49kt)
Michael (2018),28716,No TS winds (<34kt)
Michael (2018),32433,Tropical-storm (34–49kt)
Michael (2018),32539,Tropical-storm (34–49kt)
Michael (2018),33712,No TS winds (<34kt)
Michael (2018),28325,Tropical-storm (34–49kt)
Michael (2018),32580,Tropical-storm (34–49kt)
Michael (2018),33031,No TS winds (<34kt)
Michael (2018),34769,No TS winds (<34kt)
Michael (2018),32810,No TS winds (<34kt)
Michael (2018),27316,No TS winds (<34kt)
Michael (2018),27377,No TS winds (<34kt)
Michael (2018),28114,No TS winds (<34kt)
Michael (2018),32317,Tropical-storm (34–49kt)
Michael (2018),27314,No TS winds (<34kt)
Michael (2018),34488,No TS winds (<34kt)
Michael (2018),28619,No TS winds (<34kt)
Michael (2018),33138,No TS winds (<34kt)
Michael (2018),33916,No TS winds (<34kt)
Michael (2018),33956,No TS winds (<34kt)
Michael (2018),27283,No TS winds (<34kt)
Michael (2018),28312,Tropical-storm (34–49kt)
Michael (2018),32814,No TS winds (<34kt)
Michael (2018),31547,No TS winds (<34kt)
Michael (2018),28467,Tropical-storm (34–49kt)
Michael (2018),32466,Hurricane-force (>=64kt)
Michael (2018),32784,No TS winds (<34kt)
Michael (2018),33527,No TS winds (<34kt)
Michael (2018),32618,No TS winds (<34kt)
Michael (2018),32462,Gale-force (50–63kt)
Michael (2018),28392,Tropical-storm (34–49kt)
Michael (2018),32347,Tropical-storm (34–49kt)
Michael (2018),34797,No TS winds (<34kt)
Michael (2018),24520,No TS winds (<34kt)
Michael (2018),28420,Tropical-storm (34–49kt)
Michael (2018),31792,Tropical-storm (34–49kt)
Michael (2018),27865,Gale-force (50–63kt)
Michael (2018),27017,No TS winds (<34kt)
Michael (2018),32087,Tropical-storm (34–49kt)
Michael (2018),28363,Tropical-storm (34–49kt)
Michael (2018),32266,No TS winds (<34kt)
Michael (2018),32059,Tropical-storm (34–49kt)
Michael (2018),28773,No TS winds (<34kt)
Michael (2018),27876,Gale-force (50–63kt)
Michael (2018),28343,Tropical-storm (34–49kt)
Michael (2018),28573,Gale-force (50–63kt)
Michael (2018),32925,No TS winds (<34kt)
Michael (2018),33944,No TS winds (<34kt)
Michael (2018),27965,Gale-force (50–63kt)
Michael (2018),28631,No TS winds (<34kt)
Michael (2018),29640,No TS winds (<34kt)
Michael (2018),32356,Tropical-storm (34–49kt)
Michael (2018),32970,No TS winds (<34kt)
Michael (2018),37691,No TS winds (<34kt)
Michael (2018),28616,No TS winds (<34kt)
Michael (2018),28647,No TS winds (<34kt)
Michael (2018),28662,No TS winds (<34kt)
Harvey (2017),73448,No TS winds (<34kt)
Harvey (2017),74731,No TS winds (<34kt)
Harvey (2017),75652,No TS winds (<34kt)
Harvey (2017),76801,No TS winds (<34kt)
Harvey (2017),77089,Tropical-storm (34–49kt)
Harvey (2017),77378,Tropical-storm (34–49kt)
Harvey (2017),78003,No TS winds (<34kt)
Harvey (2017),78330,Tropical-storm (34–49kt)
Harvey (2017),75149,No TS winds (<34kt)
Harvey (2017),76306,No TS winds (<34kt)
Harvey (2017),76542,No TS winds (<34kt)
Harvey (2017),77503,Tropical-storm (34–49kt)
Harvey (2017),77584,Tropical-storm (34–49kt)
Harvey (2017),78654,No TS winds (<34kt)
Harvey (2017),75077,No TS winds (<34kt)
Harvey (2017),77520,Tropical-storm (34–49kt)
Harvey (2017),78163,No TS winds (<34kt)
Harvey (2017),78605,No TS winds (<34kt)
Harvey (2017),79706,No TS winds (<34kt)
Harvey (2017),75022,No TS winds (<34kt)
Harvey (2017),77301,Tropical-storm (34–49kt)
Harvey (2017),78212,Tropical-storm (34–49kt)
Harvey (2017),77386,Tropical-storm (34–49kt)
Harvey (2017),75146,No TS winds (<34kt)
Harvey (2017),77072,Tropical-storm (34–49kt)
Harvey (2017),78010,No TS winds (<34kt)
Harvey (2017),78070,No TS winds (<34kt)
Harvey (2017),78148,Tropical-storm (34–49kt)
Harvey (2017),78361,No TS winds (<34kt)
Harvey (2017),78375,Tropical-storm (34–49kt)
Harvey (2017),78613,No TS winds (<34kt)
Harvey (2017),79068,No TS winds (<34kt)
Harvey (2017),71837,No TS winds (<34kt)
Harvey (2017),75503,No TS winds (<34kt)
Harvey (2017),75567,No TS winds (<34kt)
Harvey (2017),76126,No TS winds (<34kt)
Harvey (2017),76208,No TS winds (<34kt)
Harvey (2017),76655,Tropical-storm (34–49kt)
Harvey (2017),77905,Hurricane-force (>=64kt)
Harvey (2017),78617,No TS winds (<34kt)
Harvey (2017),78717,No TS winds (<34kt)
Harvey (2017),75572,No TS winds (<34kt)
Harvey (2017),75654,No TS winds (<34kt)
Harvey (2017),76021,No TS winds (<34kt)
Harvey (2017),78223,Tropical-storm (34–49kt)
Harvey (2017),78247,Tropical-storm (34–49kt)
Harvey (2017),78249,No TS winds (<34kt)
Harvey (2017),78730,No TS winds (<34kt)
Harvey (2017),71112,No TS winds (<34kt)
Harvey (2017),75657,No TS winds (<34kt)
Harvey (2017),78712,No TS winds (<34kt)
Harvey (2017),78956,Tropical-storm (34–49kt)
Harvey (2017),76424,No TS winds (<34kt)
Harvey (2017),79556,No TS winds (<34kt)
Harvey (2017),73453,No TS winds (<34kt)
Harvey (2017),75754,No TS winds (<34kt)
Harvey (2017),77357,Tropical-storm (34–49kt)
Harvey (2017),79605,No TS winds (<34kt)
Harvey (2017),75862,No TS winds (<34kt)
Harvey (2017),76544,No TS winds (<34kt)
Harvey (2017),77053,Tropical-storm (34–49kt)
Harvey (2017),75241,No TS winds (<34kt)
Harvey (2017),75968,No TS winds (<34kt)
Harvey (2017),76118,No TS winds (<34kt)
Harvey (2017),76528,No TS winds (<34kt)
Harvey (2017),78744,No TS winds (<34kt)
Harvey (2017),79007,No TS winds (<34kt)
Harvey (2017),75051,No TS winds (<34kt)
Harvey (2017),77504,Tropical-storm (34–49kt)
Harvey (2017),78222,Tropical-storm (34–49kt)
Harvey (2017),77094,Tropical-storm (34–49kt)
Harvey (2017),76365,No TS winds (<34kt)
Harvey (2017),77486,Tropical-storm (34–49kt)
Harvey (2017),77488,Tropical-storm (34–49kt)
Harvey (2017),77707,No TS winds (<34kt)
Harvey (2017),75972,No TS winds (<34kt)
Harvey (2017),79526,No TS winds (<34kt)
Harvey (2017),78214,Tropical-storm (34–49kt)
Harvey (2017),75203,No TS winds (<34kt)
Harvey (2017),76691,No TS winds (<34kt)
Harvey (2017),77049,Tropical-storm (34–49kt)
Harvey (2017),77351,No TS winds (<34kt)
Harvey (2017),78076,No TS winds (<34kt)
Harvey (2017),75758,No TS winds (<34kt)
Harvey (2017),78549,No TS winds (<34kt)
Harvey (2017),79855,No TS winds (<34kt)
Harvey (2017),74733,No TS winds (<34kt)
Harvey (2017),75472,No TS winds (<34kt)
Harvey (2017),79350,No TS winds (<34kt)
Harvey (2017),76859,No TS winds (<34kt)
Harvey (2017),76077,No TS winds (<34kt)
Harvey (2017),75058,No TS winds (<34kt)
Harvey (2017),75860,No TS winds (<34kt)
Harvey (2017),79752,No TS winds (<34kt)
Harvey (2017),76449,No TS winds (<34kt)
Harvey (2017),76707,Tropical-storm (34–49kt)
Harvey (2017),77837,Tropical-storm (34–49kt)
Harvey (2017),79040,No TS winds (<34kt)
Harvey (2017),73573,No TS winds (<34kt)
Harvey (2017),78065,No TS winds (<34kt)
Harvey (2017),75426,No TS winds (<34kt)
Harvey (2017),78026,Tropical-storm (34–49kt)
Harvey (2017),78402,Gale-force (50–63kt)
Harvey (2017),75240,No TS winds (<34kt)
Harvey (2017),77455,Tropical-storm (34–49kt)
Harvey (2017),79528,No TS winds (<34kt)
Harvey (2017),76936,No TS winds (<34kt)
Harvey (2017),78159,Gale-force (50–63kt)
Harvey (2017),75790,No TS winds (<34kt)
Harvey (2017),76853,No TS winds (<34kt)
Harvey (2017),79237,No TS winds (<34kt)
Harvey (2017),76871,No TS winds (<34kt)
Harvey (2017),75562,No TS winds (<34kt)
Harvey (2017),78561,No TS winds (<34kt)
Harvey (2017),76370,No TS winds (<34kt)
Harvey (2017),77577,Tropical-storm (34–49kt)
Harvey (2017),75667,No TS winds (<34kt)
Harvey (2017),79009,No TS winds (<34kt)
Harvey (2017),88231,No TS winds (<34kt)
Harvey (2017),73660,No TS winds (<34kt)
Harvey (2017),77451,Tropical-storm (34–49kt)
Harvey (2017),76864,No TS winds (<34kt)
Harvey (2017),75760,No TS winds (<34kt)
Harvey (2017),77865,Tropical-storm (34–49kt)
Harvey (2017),79560,No TS winds (<34kt)
Harvey (2017),79842,No TS winds (<34kt)
Harvey (2017),78802,No TS winds (<34kt)
Harvey (2017),74750,No TS winds (<34kt)
Harvey (2017),78107,Gale-force (50–63kt)
Harvey (2017),79367,No TS winds (<34kt)
Harvey (2017),75926,No TS winds (<34kt)
Harvey (2017),75153,No TS winds (<34kt)
Harvey (2017),78243,No TS winds (<34kt)
Harvey (2017),79091,No TS winds (<34kt)
Harvey (2017),78142,Gale-force (50–63kt)
Harvey (2017),71069,No TS winds (<34kt)
Harvey (2017),78339,Tropical-storm (34–49kt)
Harvey (2017),71439,No TS winds (<34kt)
Harvey (2017),88267,No TS winds (<34kt)
Harvey (2017),75832,No TS winds (<34kt)
Harvey (2017),79025,No TS winds (<34kt)
Harvey (2017),79380,No TS winds (<34kt)
Harvey (2017),76459,No TS winds (<34kt)
Harvey (2017),76628,No TS winds (<34kt)
Imelda (2019),75061,No TS winds (<34kt)
Imelda (2019),75180,No TS winds (<34kt)
Imelda (2019),75773,No TS winds (<34kt)
Imelda (2019),76009,No TS winds (<34kt)
Imelda (2019),76082,No TS winds (<34kt)
Imelda (2019),77328,No TS winds (<34kt)
Imelda (2019),78014,No TS winds (<34kt)
Imelda (2019),78244,No TS winds (<34kt)
Imelda (2019),75007,No TS winds (<34kt)
Imelda (2019),75497,No TS winds (<34kt)
Imelda (2019),75703,No TS winds (<34kt)
Imelda (2019),75765,No TS winds (<34kt)
Imelda (2019),76531,No TS winds (<34kt)
Imelda (2019),77034,No TS winds (<34kt)
Imelda (2019),77345,No TS winds (<34kt)
Imelda (2019),77351,No TS winds (<34kt)
Imelda (2019),78002,No TS winds (<34kt)
Imelda (2019),78610,No TS winds (<34kt)
Imelda (2019),75057,No TS winds (<34kt)
Imelda (2019),75205,No TS winds (<34kt)
Imelda (2019),75551,No TS winds (<34kt)
Imelda (2019),75961,No TS winds (<34kt)
Imelda (2019),77429,No TS winds (<34kt)
Imelda (2019),78628,No TS winds (<34kt)
Imelda (2019),79720,No TS winds (<34kt)
Imelda (2019),76380,No TS winds (<34kt)
Imelda (2019),78832,No TS winds (<34kt)
Imelda (2019),71052,No TS winds (<34kt)
Imelda (2019),75474,No TS winds (<34kt)
Imelda (2019),76133,No TS winds (<34kt)
Imelda (2019),78558,No TS winds (<34kt)
Imelda (2019),75701,No TS winds (<34kt)
Imelda (2019),76245,No TS winds (<34kt)
Imelda (2019),79927,No TS winds (<34kt)
Imelda (2019),75234,No TS winds (<34kt)
Imelda (2019),77808,No TS winds (<34kt)
Imelda (2019),78739,No TS winds (<34kt)
Imelda (2019),76571,No TS winds (<34kt)
Imelda (2019),77706,No TS winds (<34kt)
Imelda (2019),78577,No TS winds (<34kt)
Imelda (2019),75847,No TS winds (<34kt)
Imelda (2019),76209,No TS winds (<34kt)
Imelda (2019),77531,No TS winds (<34kt)
Imelda (2019),77598,No TS winds (<34kt)
Imelda (2019),75662,No TS winds (<34kt)
Imelda (2019),77489,No TS winds (<34kt)
Imelda (2019),78266,No TS winds (<34kt)
Imelda (2019),76182,No TS winds (<34kt)
Imelda (2019),77371,No TS winds (<34kt)
Imelda (2019),78069,No TS winds (<34kt)
Imelda (2019),78256,No TS winds (<34kt)
Imelda (2019),70634,No TS winds (<34kt)
Imelda (2019),76367,No TS winds (<34kt)
Imelda (2019),77708,No TS winds (<34kt)
Imelda (2019),77320,No TS winds (<34kt)
Imelda (2019),75233,No TS winds (<34kt)
Imelda (2019),75486,No TS winds (<34kt)
Imelda (2019),78956,No TS winds (<34kt)
Imelda (2019),78237,No TS winds (<34kt)
Imelda (2019),76085,No TS winds (<34kt)
Imelda (2019),75249,No TS winds (<34kt)
Imelda (2019),75251,No TS winds (<34kt)
Imelda (2019),78372,No TS winds (<34kt)
Imelda (2019),76259,No TS winds (<34kt)
Imelda (2019),79068,No TS winds (<34kt)
Imelda (2019),76430,No TS winds (<34kt)
Imelda (2019),76682,No TS winds (<34kt)
Imelda (2019),76054,No TS winds (<34kt)
Imelda (2019),77547,No TS winds (<34kt)
Imelda (2019),75225,No TS winds (<34kt)
Imelda (2019),79413,No TS winds (<34kt)
Imelda (2019),75440,No TS winds (<34kt)
Imelda (2019),77865,No TS winds (<34kt)
Imelda (2019),88220,No TS winds (<34kt)
Imelda (2019),79562,No TS winds (<34kt)
Imelda (2019),77465,No TS winds (<34kt)
Imelda (2019),79079,No TS winds (<34kt)
Imelda (2019),76225,No TS winds (<34kt)
Imelda (2019),77979,No TS winds (<34kt)
Irma (2017),34445,Hurricane-force (>=64kt)
Imelda (2019),74736,No TS winds (<34kt)
Imelda (2019),71419,No TS winds (<34kt)
Imelda (2019),76365,No TS winds (<34kt)
Imelda (2019),77368,No TS winds (<34kt)
Imelda (2019),77963,No TS winds (<34kt)
Imelda (2019),77533,No TS winds (<34kt)
Imelda (2019),75550,No TS winds (<34kt)
Imelda (2019),79566,No TS winds (<34kt)
Imelda (2019),76530,No TS winds (<34kt)
Imelda (2019),78383,No TS winds (<34kt)
Imelda (2019),71007,No TS winds (<34kt)
Imelda (2019),78950,No TS winds (<34kt)
Imelda (2019),78390,No TS winds (<34kt)
Imelda (2019),78593,No TS winds (<34kt)
Imelda (2019),75859,No TS winds (<34kt)
Imelda (2019),71069,No TS winds (<34kt)
Imelda (2019),79379,No TS winds (<34kt)
Imelda (2019),78650,No TS winds (<34kt)
Imelda (2019),76857,No TS winds (<34kt)
Imelda (2019),75469,No TS winds (<34kt)
Imelda (2019),78344,No TS winds (<34kt)
Imelda (2019),79248,No TS winds (<34kt)
Imelda (2019),79848,No TS winds (<34kt)
Imelda (2019),73453,No TS winds (<34kt)
Imelda (2019),76433,No TS winds (<34kt)
Imelda (2019),79845,No TS winds (<34kt)
Imelda (2019),78567,No TS winds (<34kt)
Imelda (2019),75163,No TS winds (<34kt)
Imelda (2019),78635,No TS winds (<34kt)
Imelda (2019),75856,No TS winds (<34kt)
Imelda (2019),77453,No TS winds (<34kt)
Imelda (2019),79743,No TS winds (<34kt)
Imelda (2019),76519,No TS winds (<34kt)
Imelda (2019),76041,No TS winds (<34kt)
Imelda (2019),76464,No TS winds (<34kt)
Imelda (2019),73540,No TS winds (<34kt)
Imelda (2019),73628,No TS winds (<34kt)
Imelda (2019),78391,No TS winds (<34kt)
Imelda (2019),73638,No TS winds (<34kt)
Harvey (2017),77443,Tropical-storm (34–49kt)
Florence (2018),28079,Tropical-storm (34–49kt)
Florence (2018),28086,No TS winds (<34kt)
Florence (2018),28210,No TS winds (<34kt)
Florence (2018),28314,Tropical-storm (34–49kt)
Florence (2018),28640,No TS winds (<34kt)
Florence (2018),32117,No TS winds (<34kt)
Florence (2018),32618,No TS winds (<34kt)
Florence (2018),32820,No TS winds (<34kt)
Florence (2018),32948,No TS winds (<34kt)
Florence (2018),33027,No TS winds (<34kt)
Florence (2018),33037,No TS winds (<34kt)
Florence (2018),33411,No TS winds (<34kt)
Florence (2018),33711,No TS winds (<34kt)
Florence (2018),33844,No TS winds (<34kt)
Florence (2018),33950,No TS winds (<34kt)
Florence (2018),33967,No TS winds (<34kt)
Florence (2018),34120,No TS winds (<34kt)
Florence (2018),34638,No TS winds (<34kt)
Florence (2018),27501,Tropical-storm (34–49kt)
Florence (2018),28112,Tropical-storm (34–49kt)
Florence (2018),28376,Tropical-storm (34–49kt)
Florence (2018),28607,No TS winds (<34kt)
Florence (2018),32086,No TS winds (<34kt)
Florence (2018),32605,No TS winds (<34kt)
Florence (2018),32703,No TS winds (<34kt)
Florence (2018),32738,No TS winds (<34kt)
Florence (2018),33813,No TS winds (<34kt)
Florence (2018),33913,No TS winds (<34kt)
Florence (2018),34228,No TS winds (<34kt)
Florence (2018),27263,No TS winds (<34kt)
Florence (2018),27522,Tropical-storm (34–49kt)
Florence (2018),27929,Tropical-storm (34–49kt)
Florence (2018),28650,No TS winds (<34kt)
Florence (2018),32073,No TS winds (<34kt)
Florence (2018),32940,No TS winds (<34kt)
Florence (2018),33301,No TS winds (<34kt)
Florence (2018),33309,No TS winds (<34kt)
Florence (2018),33351,No TS winds (<34kt)
Florence (2018),33478,No TS winds (<34kt)
Florence (2018),33707,No TS winds (<34kt)
Florence (2018),34613,No TS winds (<34kt)
Florence (2018),27344,Tropical-storm (34–49kt)
Florence (2018),27360,No TS winds (<34kt)
Florence (2018),32780,No TS winds (<34kt)
Florence (2018),32809,No TS winds (<34kt)
Florence (2018),34614,No TS winds (<34kt)
Florence (2018),28217,No TS winds (<34kt)
Florence (2018),28539,Hurricane-force (>=64kt)
Florence (2018),32580,No TS winds (<34kt)
Florence (2018),32696,No TS winds (<34kt)
Florence (2018),33131,No TS winds (<34kt)
Florence (2018),36582,No TS winds (<34kt)
Florence (2018),28434,Hurricane-force (>=64kt)
Florence (2018),32836,No TS winds (<34kt)
Florence (2018),33556,No TS winds (<34kt)
Florence (2018),33709,No TS winds (<34kt)
Florence (2018),34222,No TS winds (<34kt)
Florence (2018),27017,No TS winds (<34kt)
Florence (2018),27517,Tropical-storm (34–49kt)
Florence (2018),28391,Gale-force (50–63kt)
Florence (2018),28478,Hurricane-force (>=64kt)
Florence (2018),32254,No TS winds (<34kt)
Florence (2018),32466,No TS winds (<34kt)
Florence (2018),32736,No TS winds (<34kt)
Florence (2018),33168,No TS winds (<34kt)
Florence (2018),33704,No TS winds (<34kt)
Florence (2018),34114,No TS winds (<34kt)
Florence (2018),27020,No TS winds (<34kt)
Florence (2018),27316,Tropical-storm (34–49kt)
Florence (2018),27565,Tropical-storm (34–49kt)
Florence (2018),28315,Tropical-storm (34–49kt)
Florence (2018),33167,No TS winds (<34kt)
Florence (2018),36693,No TS winds (<34kt)
Florence (2018),27101,No TS winds (<34kt)
Florence (2018),28560,Hurricane-force (>=64kt)
Florence (2018),33483,No TS winds (<34kt)
Florence (2018),33527,No TS winds (<34kt)
Florence (2018),29520,Tropical-storm (34–49kt)
Florence (2018),33051,No TS winds (<34kt)
Florence (2018),34102,No TS winds (<34kt)
Florence (2018),28387,Tropical-storm (34–49kt)
Florence (2018),27018,No TS winds (<34kt)
Florence (2018),34996,No TS winds (<34kt)
Florence (2018),31601,No TS winds (<34kt)
Florence (2018),33920,No TS winds (<34kt)
Florence (2018),32759,No TS winds (<34kt)
Florence (2018),28436,Hurricane-force (>=64kt)
Florence (2018),28651,No TS winds (<34kt)
Florence (2018),32464,No TS winds (<34kt)
Florence (2018),28420,Hurricane-force (>=64kt)
Florence (2018),33316,No TS winds (<34kt)
Florence (2018),32059,No TS winds (<34kt)
Florence (2018),28675,No TS winds (<34kt)
Florence (2018),32358,No TS winds (<34kt)
Florence (2018),32350,No TS winds (<34kt)
Florence (2018),27953,Tropical-storm (34–49kt)
Florence (2018),28076,No TS winds (<34kt)
Florence (2018),28573,Hurricane-force (>=64kt)
Florence (2018),36375,No TS winds (<34kt)
Florence (2018),34138,No TS winds (<34kt)
Florence (2018),27942,Tropical-storm (34–49kt)
Florence (2018),33849,No TS winds (<34kt)
Florence (2018),24580,No TS winds (<34kt)
Florence (2018),28421,Hurricane-force (>=64kt)
Florence (2018),23874,Tropical-storm (34–49kt)
Florence (2018),36555,No TS winds (<34kt)
Florence (2018),27875,Gale-force (50–63kt)
Florence (2018),27926,Tropical-storm (34–49kt)
Florence (2018),28611,No TS winds (<34kt)
Florence (2018),24598,No TS winds (<34kt)
Florence (2018),36559,No TS winds (<34kt)
Florence (2018),33521,No TS winds (<34kt)
Florence (2018),27862,Tropical-storm (34–49kt)
Florence (2018),28616,No TS winds (<34kt)
Florence (2018),37882,No TS winds (<34kt)
Florence (2018),32426,No TS winds (<34kt)
Florence (2018),33503,No TS winds (<34kt)
Irma (2017),33312,Gale-force (50–63kt)
Irma (2017),33455,Gale-force (50–63kt)
Irma (2017),33470,Gale-force (50–63kt)
Irma (2017),33955,Hurricane-force (>=64kt)
Irma (2017),34211,Gale-force (50–63kt)
Irma (2017),34240,Hurricane-force (>=64kt)
Irma (2017),34606,Hurricane-force (>=64kt)
Irma (2017),34608,Hurricane-force (>=64kt)
Irma (2017),34655,Hurricane-force (>=64kt)
Irma (2017),32068,Gale-force (50–63kt)
Irma (2017),32456,Tropical-storm (34–49kt)
Irma (2017),32615,Gale-force (50–63kt)
Irma (2017),32696,Gale-force (50–63kt)
Irma (2017),32780,Gale-force (50–63kt)
Irma (2017),32828,Gale-force (50–63kt)
Irma (2017),33409,Gale-force (50–63kt)
Irma (2017),33435,Gale-force (50–63kt)
Irma (2017),33484,Gale-force (50–63kt)
Irma (2017),33611,Gale-force (50–63kt)
Irma (2017),34208,Gale-force (50–63kt)
Irma (2017),34236,Gale-force (50–63kt)
Irma (2017),34772,Gale-force (50–63kt)
Irma (2017),32225,Gale-force (50–63kt)
Irma (2017),32257,Gale-force (50–63kt)
Irma (2017),33544,Hurricane-force (>=64kt)
Irma (2017),33908,Hurricane-force (>=64kt)
Irma (2017),32011,Gale-force (50–63kt)
Irma (2017),32536,Tropical-storm (34–49kt)
Irma (2017),33067,Gale-force (50–63kt)
Irma (2017),33708,Gale-force (50–63kt)
Irma (2017),33914,Hurricane-force (>=64kt)
Irma (2017),32129,Gale-force (50–63kt)
Irma (2017),32222,Gale-force (50–63kt)
Irma (2017),32428,Tropical-storm (34–49kt)
Irma (2017),32505,No TS winds (<34kt)
Irma (2017),32667,Gale-force (50–63kt)
Irma (2017),33772,Gale-force (50–63kt)
Irma (2017),32720,Gale-force (50–63kt)
Irma (2017),32726,Gale-force (50–63kt)
Irma (2017),34471,Gale-force (50–63kt)
Irma (2017),32333,Gale-force (50–63kt)
Irma (2017),33130,Gale-force (50–63kt)
Irma (2017),33981,Hurricane-force (>=64kt)
Irma (2017),34242,Gale-force (50–63kt)
Irma (2017),34695,Gale-force (50–63kt)
Irma (2017),34951,Gale-force (50–63kt)
Irma (2017),32776,Gale-force (50–63kt)
Irma (2017),34142,Hurricane-force (>=64kt)
Irma (2017),33010,Gale-force (50–63kt)
Irma (2017),33701,Gale-force (50–63kt)
Irma (2017),33843,Hurricane-force (>=64kt)
Irma (2017),32094,Gale-force (50–63kt)
Irma (2017),32233,Gale-force (50–63kt)
Irma (2017),33498,Gale-force (50–63kt)
Irma (2017),32425,Tropical-storm (34–49kt)
Irma (2017),33496,Gale-force (50–63kt)
Irma (2017),32814,Gale-force (50–63kt)
Irma (2017),33534,Gale-force (50–63kt)
Irma (2017),33847,Gale-force (50–63kt)
Irma (2017),32565,Tropical-storm (34–49kt)
Irma (2017),32157,Gale-force (50–63kt)
Irma (2017),33838,Gale-force (50–63kt)
Irma (2017),32580,Tropical-storm (34–49kt)
Irma (2017),33839,Hurricane-force (>=64kt)
Irma (2017),34739,Gale-force (50–63kt)
Irma (2017),34760,Gale-force (50–63kt)
Irma (2017),32323,Gale-force (50–63kt)
Irma (2017),32445,Tropical-storm (34–49kt)
Irma (2017),36477,Tropical-storm (34–49kt)
Irma (2017),39815,Gale-force (50–63kt)
Michael (2018),29341,No TS winds (<34kt)
Michael (2018),32080,No TS winds (<34kt)
Michael (2018),32084,No TS winds (<34kt)
Michael (2018),32092,No TS winds (<34kt)
Michael (2018),32246,No TS winds (<34kt)
Michael (2018),32566,Tropical-storm (34–49kt)
Michael (2018),33026,No TS winds (<34kt)
Michael (2018),33161,No TS winds (<34kt)
Michael (2018),33165,No TS winds (<34kt)
Michael (2018),33312,No TS winds (<34kt)
Michael (2018),33401,No TS winds (<34kt)
Michael (2018),33409,No TS winds (<34kt)
Michael (2018),33463,No TS winds (<34kt)
Michael (2018),33476,No TS winds (<34kt)
Michael (2018),33543,No TS winds (<34kt)
Michael (2018),33898,No TS winds (<34kt)
Michael (2018),34142,No TS winds (<34kt)
Michael (2018),34747,No TS winds (<34kt)
Michael (2018),34946,No TS winds (<34kt)
Michael (2018),27332,Tropical-storm (34–49kt)
Michael (2018),27370,No TS winds (<34kt)
Michael (2018),27526,Tropical-storm (34–49kt)
Michael (2018),27616,No TS winds (<34kt)
Michael (2018),28277,No TS winds (<34kt)
Michael (2018),32082,No TS winds (<34kt)
Michael (2018),32305,Gale-force (50–63kt)
Michael (2018),32405,Hurricane-force (>=64kt)
Michael (2018),32703,No TS winds (<34kt)
Michael (2018),32754,No TS winds (<34kt)
Michael (2018),33166,No TS winds (<34kt)
Michael (2018),33442,No TS winds (<34kt)
Michael (2018),33558,No TS winds (<34kt)
Michael (2018),33607,No TS winds (<34kt)
Michael (2018),34135,No TS winds (<34kt)
Michael (2018),27205,No TS winds (<34kt)
Michael (2018),27707,No TS winds (<34kt)
Michael (2018),28340,Tropical-storm (34–49kt)
Michael (2018),32216,No TS winds (<34kt)
Michael (2018),32779,No TS winds (<34kt)
Michael (2018),32801,No TS winds (<34kt)
Michael (2018),33137,No TS winds (<34kt)
Michael (2018),33777,No TS winds (<34kt)
Michael (2018),33803,No TS winds (<34kt)
Michael (2018),33827,No TS winds (<34kt)
Michael (2018),36617,No TS winds (<34kt)
Michael (2018),28056,No TS winds (<34kt)
Michael (2018),28202,No TS winds (<34kt)
Michael (2018),33470,No TS winds (<34kt)
Michael (2018),33547,No TS winds (<34kt)
Michael (2018),33567,No TS winds (<34kt)
Michael (2018),34285,No TS winds (<34kt)
Michael (2018),34736,No TS winds (<34kt)
Michael (2018),27703,No TS winds (<34kt)
Michael (2018),27909,Gale-force (50–63kt)
Michael (2018),32311,Tropical-storm (34–49kt)
Michael (2018),32435,Gale-force (50–63kt)
Michael (2018),33313,No TS winds (<34kt)
Michael (2018),33418,No TS winds (<34kt)
Michael (2018),33538,No TS winds (<34kt)
Michael (2018),33914,No TS winds (<34kt)
Michael (2018),27021,No TS winds (<34kt)
Michael (2018),27539,No TS winds (<34kt)
Michael (2018),27701,No TS winds (<34kt)
Michael (2018),28712,No TS winds (<34kt)
Michael (2018),32579,Tropical-storm (34–49kt)
Michael (2018),36441,No TS winds (<34kt)
Michael (2018),27047,No TS winds (<34kt)
Michael (2018),27235,No TS winds (<34kt)
Michael (2018),27281,Tropical-storm (34–49kt)
Michael (2018),28152,No TS winds (<34kt)
Michael (2018),28170,No TS winds (<34kt)
Michael (2018),28640,No TS winds (<34kt)
Michael (2018),33071,No TS winds (<34kt)
Michael (2018),33122,No TS winds (<34kt)
Michael (2018),27203,No TS winds (<34kt)
Michael (2018),32736,No TS winds (<34kt)
Michael (2018),32937,No TS winds (<34kt)
Michael (2018),34475,No TS winds (<34kt)
Michael (2018),27040,No TS winds (<34kt)
Michael (2018),28206,No TS winds (<34kt)
Michael (2018),28803,No TS winds (<34kt)
Michael (2018),33708,No TS winds (<34kt)
Michael (2018),27981,Gale-force (50–63kt)
Michael (2018),27508,No TS winds (<34kt)
Michael (2018),27344,No TS winds (<34kt)
Michael (2018),28128,No TS winds (<34kt)
Michael (2018),33920,No TS winds (<34kt)
Michael (2018),34994,No TS winds (<34kt)
Michael (2018),33332,No TS winds (<34kt)
Michael (2018),28339,Tropical-storm (34–49kt)
Michael (2018),36512,No TS winds (<34kt)
Michael (2018),28726,No TS winds (<34kt)
Michael (2018),33637,No TS winds (<34kt)
Michael (2018),28327,Tropical-storm (34–49kt)
Michael (2018),27925,Gale-force (50–63kt)
Michael (2018),27357,No TS winds (<34kt)
Michael (2018),27805,Gale-force (50–63kt)
Michael (2018),32683,No TS winds (<34kt)
Michael (2018),29661,No TS winds (<34kt)
Michael (2018),27959,Gale-force (50–63kt)
Michael (2018),30546,No TS winds (<34kt)
Michael (2018),32531,Tropical-storm (34–49kt)
Michael (2018),24148,No TS winds (<34kt)
Michael (2018),27860,Gale-force (50–63kt)
Michael (2018),33043,No TS winds (<34kt)
Michael (2018),27986,Gale-force (50–63kt)
Michael (2018),34756,No TS winds (<34kt)
Michael (2018),28529,Gale-force (50–63kt)
Michael (2018),32157,No TS winds (<34kt)
Michael (2018),28524,Gale-force (50–63kt)
Michael (2018),27974,Gale-force (50–63kt)
Michael (2018),27946,Gale-force (50–63kt)
Michael (2018),28439,Tropical-storm (34–49kt)
Michael (2018),23438,Tropical-storm (34–49kt)
Michael (2018),36555,Tropical-storm (34–49kt)
Michael (2018),27938,Gale-force (50–63kt)
Michael (2018),27970,Gale-force (50–63kt)
Michael (2018),32181,No TS winds (<34kt)
Michael (2018),27979,Gale-force (50–63kt)
Michael (2018),28646,No TS winds (<34kt)
Michael (2018),28577,Gale-force (50–63kt)
Michael (2018),28772,No TS winds (<34kt)
Michael (2018),32692,Tropical-storm (34–49kt)
Michael (2018),28745,No TS winds (<34kt)
Michael (2018),28520,Gale-force (50–63kt)
Michael (2018),28736,No TS winds (<34kt)
Michael (2018),28733,No TS winds (<34kt)
Harvey (2017),75035,No TS winds (<34kt)
Harvey (2017),75060,No TS winds (<34kt)
Harvey (2017),76131,No TS winds (<34kt)
Harvey (2017),77346,Tropical-storm (34–49kt)
Harvey (2017),79065,No TS winds (<34kt)
Harvey (2017),71115,No TS winds (<34kt)
Harvey (2017),76210,No TS winds (<34kt)
Harvey (2017),77004,Tropical-storm (34–49kt)
Harvey (2017),77450,Tropical-storm (34–49kt)
Harvey (2017),78759,No TS winds (<34kt)
Harvey (2017),79743,No TS winds (<34kt)
Harvey (2017),74743,No TS winds (<34kt)
Harvey (2017),75007,No TS winds (<34kt)
Harvey (2017),76051,No TS winds (<34kt)
Harvey (2017),77388,Tropical-storm (34–49kt)
Harvey (2017),76002,No TS winds (<34kt)
Harvey (2017),78240,No TS winds (<34kt)
Harvey (2017),76127,No TS winds (<34kt)
Harvey (2017),76227,No TS winds (<34kt)
Harvey (2017),77372,Tropical-storm (34–49kt)
Harvey (2017),77957,Gale-force (50–63kt)
Harvey (2017),75119,No TS winds (<34kt)
Harvey (2017),76036,No TS winds (<34kt)
Harvey (2017),76905,No TS winds (<34kt)
Harvey (2017),77043,Tropical-storm (34–49kt)
Harvey (2017),78130,Tropical-storm (34–49kt)
Harvey (2017),78610,Tropical-storm (34–49kt)
Harvey (2017),75061,No TS winds (<34kt)
Harvey (2017),75069,No TS winds (<34kt)
Harvey (2017),75208,No TS winds (<34kt)
Harvey (2017),76049,No TS winds (<34kt)
Harvey (2017),76109,No TS winds (<34kt)
Harvey (2017),77316,Tropical-storm (34–49kt)
Harvey (2017),77418,Tropical-storm (34–49kt)
Harvey (2017),77706,No TS winds (<34kt)
Harvey (2017),78015,No TS winds (<34kt)
Harvey (2017),78413,Gale-force (50–63kt)
Harvey (2017),78501,No TS winds (<34kt)
Harvey (2017),79034,No TS winds (<34kt)
Harvey (2017),79601,No TS winds (<34kt)
Harvey (2017),79720,No TS winds (<34kt)
Harvey (2017),76443,No TS winds (<34kt)
Harvey (2017),77523,Tropical-storm (34–49kt)
Harvey (2017),79511,No TS winds (<34kt)
Harvey (2017),76475,No TS winds (<34kt)
Harvey (2017),77517,Tropical-storm (34–49kt)
Harvey (2017),75707,No TS winds (<34kt)
Harvey (2017),77380,Tropical-storm (34–49kt)
Harvey (2017),78559,No TS winds (<34kt)
Harvey (2017),75205,No TS winds (<34kt)
Harvey (2017),75440,No TS winds (<34kt)
Harvey (2017),76825,No TS winds (<34kt)
Harvey (2017),77093,Tropical-storm (34–49kt)
Harvey (2017),78393,Hurricane-force (>=64kt)
Harvey (2017),75160,No TS winds (<34kt)
Harvey (2017),78043,No TS winds (<34kt)
Harvey (2017),75109,No TS winds (<34kt)
Harvey (2017),75763,No TS winds (<34kt)
Harvey (2017),78242,No TS winds (<34kt)
Harvey (2017),78244,Tropical-storm (34–49kt)
Harvey (2017),75961,No TS winds (<34kt)
Harvey (2017),77085,Tropical-storm (34–49kt)
Harvey (2017),79346,No TS winds (<34kt)
Harvey (2017),75801,No TS winds (<34kt)
Harvey (2017),75201,No TS winds (<34kt)
Harvey (2017),75223,No TS winds (<34kt)
Harvey (2017),78383,Tropical-storm (34–49kt)
Harvey (2017),75459,No TS winds (<34kt)
Harvey (2017),75803,No TS winds (<34kt)
Harvey (2017),76673,No TS winds (<34kt)
Harvey (2017),78725,No TS winds (<34kt)
Harvey (2017),77017,Tropical-storm (34–49kt)
Harvey (2017),78151,Gale-force (50–63kt)
Harvey (2017),79316,No TS winds (<34kt)
Harvey (2017),75436,No TS winds (<34kt)
Harvey (2017),75668,No TS winds (<34kt)
Harvey (2017),75495,No TS winds (<34kt)
Harvey (2017),78629,Gale-force (50–63kt)
Harvey (2017),79044,No TS winds (<34kt)
Harvey (2017),75438,No TS winds (<34kt)
Harvey (2017),75439,No TS winds (<34kt)
Harvey (2017),75561,No TS winds (<34kt)
Harvey (2017),77974,Hurricane-force (>=64kt)
Harvey (2017),76457,No TS winds (<34kt)
Harvey (2017),76570,Tropical-storm (34–49kt)
Harvey (2017),78652,No TS winds (<34kt)
Harvey (2017),76648,No TS winds (<34kt)
Harvey (2017),79064,No TS winds (<34kt)
Harvey (2017),77028,Tropical-storm (34–49kt)
Harvey (2017),77442,Tropical-storm (34–49kt)
Harvey (2017),77597,No TS winds (<34kt)
Harvey (2017),77830,Tropical-storm (34–49kt)
Harvey (2017),73546,No TS winds (<34kt)
Harvey (2017),78954,Tropical-storm (34–49kt)
Harvey (2017),75449,No TS winds (<34kt)
Harvey (2017),76511,Tropical-storm (34–49kt)
Harvey (2017),79032,No TS winds (<34kt)
Harvey (2017),79239,No TS winds (<34kt)
Harvey (2017),78419,Gale-force (50–63kt)
Harvey (2017),78588,No TS winds (<34kt)
Harvey (2017),75102,No TS winds (<34kt)
Harvey (2017),76448,No TS winds (<34kt)
Harvey (2017),76627,No TS winds (<34kt)
Harvey (2017),77538,No TS winds (<34kt)
Harvey (2017),79538,No TS winds (<34kt)
Harvey (2017),76875,No TS winds (<34kt)
Harvey (2017),88113,No TS winds (<34kt)
Harvey (2017),76827,No TS winds (<34kt)
Harvey (2017),77359,No TS winds (<34kt)
Harvey (2017),76639,No TS winds (<34kt)
Harvey (2017),75976,No TS winds (<34kt)
Harvey (2017),76660,No TS winds (<34kt)
Harvey (2017),76268,No TS winds (<34kt)
Harvey (2017),75573,No TS winds (<34kt)
Harvey (2017),76388,No TS winds (<34kt)
Harvey (2017),76566,No TS winds (<34kt)
Harvey (2017),76870,No TS winds (<34kt)
Harvey (2017),77960,Hurricane-force (>=64kt)
Harvey (2017),79011,No TS winds (<34kt)
Harvey (2017),75470,No TS winds (<34kt)
Harvey (2017),77367,No TS winds (<34kt)
Harvey (2017),76596,No TS winds (<34kt)
Harvey (2017),74760,No TS winds (<34kt)
Harvey (2017),77561,No TS winds (<34kt)
Harvey (2017),77855,Tropical-storm (34–49kt)
Imelda (2019),75098,No TS winds (<34kt)
Imelda (2019),75116,No TS winds (<34kt)
Imelda (2019),75492,No TS winds (<34kt)
Imelda (2019),76569,No TS winds (<34kt)
Imelda (2019),76705,No TS winds (<34kt)
Imelda (2019),76933,No TS winds (<34kt)
Imelda (2019),77356,No TS winds (<34kt)
Imelda (2019),77532,No TS winds (<34kt)
Imelda (2019),77587,No TS winds (<34kt)
Imelda (2019),77640,No TS winds (<34kt)
Imelda (2019),78586,No TS winds (<34kt)
Imelda (2019),75657,No TS winds (<34kt)
Imelda (2019),75762,No TS winds (<34kt)
Imelda (2019),76205,No TS winds (<34kt)
Imelda (2019),77036,No TS winds (<34kt)
Imelda (2019),77072,No TS winds (<34kt)
Imelda (2019),77078,No TS winds (<34kt)
Imelda (2019),77378,No TS winds (<34kt)
Imelda (2019),77406,No TS winds (<34kt)
Imelda (2019),77414,No TS winds (<34kt)
Imelda (2019),77430,No TS winds (<34kt)
Imelda (2019),78584,No TS winds (<34kt)
Imelda (2019),78852,No TS winds (<34kt)
Imelda (2019),75019,No TS winds (<34kt)
Imelda (2019),75044,No TS winds (<34kt)
Imelda (2019),76012,No TS winds (<34kt)
Imelda (2019),79701,No TS winds (<34kt)
Imelda (2019),76542,No TS winds (<34kt)
Imelda (2019),77336,No TS winds (<34kt)
Imelda (2019),78201,No TS winds (<34kt)
Imelda (2019),75833,No TS winds (<34kt)
Imelda (2019),76427,No TS winds (<34kt)
Imelda (2019),76471,No TS winds (<34kt)
Imelda (2019),77856,No TS winds (<34kt)
Imelda (2019),75043,No TS winds (<34kt)
Imelda (2019),76372,No TS winds (<34kt)
Imelda (2019),77008,No TS winds (<34kt)
Imelda (2019),77093,No TS winds (<34kt)
Imelda (2019),78219,No TS winds (<34kt)
Imelda (2019),79416,No TS winds (<34kt)
Imelda (2019),79835,No TS winds (<34kt)
Imelda (2019),75214,No TS winds (<34kt)
Imelda (2019),77302,No TS winds (<34kt)
Imelda (2019),78102,No TS winds (<34kt)
Imelda (2019),79110,No TS winds (<34kt)
Imelda (2019),75938,No TS winds (<34kt)
Imelda (2019),77061,No TS winds (<34kt)
Imelda (2019),78064,No TS winds (<34kt)
Imelda (2019),75555,No TS winds (<34kt)
Imelda (2019),73931,No TS winds (<34kt)
Imelda (2019),75438,No TS winds (<34kt)
Imelda (2019),77042,No TS winds (<34kt)
Imelda (2019),79015,No TS winds (<34kt)
Imelda (2019),75232,No TS winds (<34kt)
Imelda (2019),76621,No TS winds (<34kt)
Imelda (2019),79407,No TS winds (<34kt)
Imelda (2019),75246,No TS winds (<34kt)
Imelda (2019),77011,No TS winds (<34kt)
Imelda (2019),77053,No TS winds (<34kt)
Imelda (2019),78757,No TS winds (<34kt)
Imelda (2019),76306,No TS winds (<34kt)
Imelda (2019),78016,No TS winds (<34kt)
Imelda (2019),78756,No TS winds (<34kt)
Imelda (2019),79536,No TS winds (<34kt)
Imelda (2019),75949,No TS winds (<34kt)
Imelda (2019),75135,No TS winds (<34kt)
Imelda (2019),77954,No TS winds (<34kt)
Imelda (2019),77619,No TS winds (<34kt)
Imelda (2019),78659,No TS winds (<34kt)
Imelda (2019),78933,No TS winds (<34kt)
Imelda (2019),78759,No TS winds (<34kt)
Imelda (2019),71060,No TS winds (<34kt)
Imelda (2019),75446,No TS winds (<34kt)
Imelda (2019),79855,No TS winds (<34kt)
Imelda (2019),75410,No TS winds (<34kt)
Imelda (2019),77360,No TS winds (<34kt)
Imelda (2019),77836,No TS winds (<34kt)
Imelda (2019),77446,No TS winds (<34kt)
Imelda (2019),78947,No TS winds (<34kt)
Imelda (2019),79042,No TS winds (<34kt)
Imelda (2019),79054,No TS winds (<34kt)
Imelda (2019),76561,No TS winds (<34kt)
Imelda (2019),79567,No TS winds (<34kt)
Imelda (2019),77702,No TS winds (<34kt)
Imelda (2019),79024,No TS winds (<34kt)
Imelda (2019),79063,No TS winds (<34kt)
Imelda (2019),79526,No TS winds (<34kt)
Imelda (2019),71033,No TS winds (<34kt)
Imelda (2019),77362,No TS winds (<34kt)
Imelda (2019),77660,No TS winds (<34kt)
Imelda (2019),75496,No TS winds (<34kt)
Imelda (2019),75840,No TS winds (<34kt)
Imelda (2019),77988,No TS winds (<34kt)
Imelda (2019),71110,No TS winds (<34kt)
Imelda (2019),76637,No TS winds (<34kt)
Imelda (2019),78877,No TS winds (<34kt)
Imelda (2019),78104,No TS winds (<34kt)
Imelda (2019),77615,No TS winds (<34kt)
Imelda (2019),73939,No TS winds (<34kt)
Imelda (2019),79748,No TS winds (<34kt)
Imelda (2019),77969,No TS winds (<34kt)
Imelda (2019),88024,No TS winds (<34kt)
Imelda (2019),79111,No TS winds (<34kt)
Imelda (2019),78548,No TS winds (<34kt)
Imelda (2019),78075,No TS winds (<34kt)
Imelda (2019),78039,No TS winds (<34kt)
Imelda (2019),73832,No TS winds (<34kt)
Imelda (2019),71043,No TS winds (<34kt)
Imelda (2019),78661,No TS winds (<34kt)
Imelda (2019),78886,No TS winds (<34kt)
Imelda (2019),76598,No TS winds (<34kt)
Imelda (2019),76371,No TS winds (<34kt)
Imelda (2019),78012,No TS winds (<34kt)
Imelda (2019),76061,No TS winds (<34kt)
Imelda (2019),77973,No TS winds (<34kt)
Imelda (2019),76445,No TS winds (<34kt)
Imelda (2019),77458,No TS winds (<34kt)
Imelda (2019),76940,No TS winds (<34kt)
Imelda (2019),73520,No TS winds (<34kt)
Imelda (2019),77374,No TS winds (<34kt)
Imelda (2019),79250,No TS winds (<34kt)
Imelda (2019),73555,No TS winds (<34kt)
Imelda (2019),70659,No TS winds (<34kt)
Imelda (2019),79231,No TS winds (<34kt)
Imelda (2019),79539,No TS winds (<34kt)
Imelda (2019),77976,No TS winds (<34kt)
Imelda (2019),79046,No TS winds (<34kt)
Imelda (2019),76869,No TS winds (<34kt)
Imelda (2019),73529,No TS winds (<34kt)
Florence (2018),27870,Tropical-storm (34–49kt)
Florence (2018),28037,No TS winds (<34kt)
Florence (2018),28115,Tropical-storm (34–49kt)
Florence (2018),28604,No TS winds (<34kt)
Florence (2018),28777,No TS winds (<34kt)
Florence (2018),32058,No TS winds (<34kt)
Florence (2018),32174,No TS winds (<34kt)
Florence (2018),32204,No TS winds (<34kt)
Florence (2018),32435,No TS winds (<34kt)
Florence (2018),32804,No TS winds (<34kt)
Florence (2018),32837,No TS winds (<34kt)
Florence (2018),32934,No TS winds (<34kt)
Florence (2018),32958,No TS winds (<34kt)
Florence (2018),33015,No TS winds (<34kt)
Florence (2018),33023,No TS winds (<34kt)
Florence (2018),33050,No TS winds (<34kt)
Florence (2018),33172,No TS winds (<34kt)
Florence (2018),33418,No TS winds (<34kt)
Florence (2018),33615,No TS winds (<34kt)
Florence (2018),33860,No TS winds (<34kt)
Florence (2018),34275,No TS winds (<34kt)
Florence (2018),34482,No TS winds (<34kt)
Florence (2018),27105,No TS winds (<34kt)
Florence (2018),27703,Tropical-storm (34–49kt)
Florence (2018),28025,Tropical-storm (34–49kt)
Florence (2018),28114,No TS winds (<34kt)
Florence (2018),28742,No TS winds (<34kt)
Florence (2018),29710,No TS winds (<34kt)
Florence (2018),32162,No TS winds (<34kt)
Florence (2018),32176,No TS winds (<34kt)
Florence (2018),32258,No TS winds (<34kt)
Florence (2018),32311,No TS winds (<34kt)
Florence (2018),32714,No TS winds (<34kt)
Florence (2018),32766,No TS winds (<34kt)
Florence (2018),32937,No TS winds (<34kt)
Florence (2018),33125,No TS winds (<34kt)
Florence (2018),33703,No TS winds (<34kt)
Florence (2018),33875,No TS winds (<34kt)
Florence (2018),34474,No TS winds (<34kt)
Florence (2018),36544,No TS winds (<34kt)
Florence (2018),36575,No TS winds (<34kt)
Florence (2018),28730,No TS winds (<34kt)
Florence (2018),28732,No TS winds (<34kt)
Florence (2018),32033,No TS winds (<34kt)
Florence (2018),32046,No TS winds (<34kt)
Florence (2018),33328,No TS winds (<34kt)
Florence (2018),34223,No TS winds (<34kt)
Florence (2018),37641,No TS winds (<34kt)
Florence (2018),27045,No TS winds (<34kt)
Florence (2018),27597,Tropical-storm (34–49kt)
Florence (2018),28358,Gale-force (50–63kt)
Florence (2018),32327,No TS winds (<34kt)
Florence (2018),33182,No TS winds (<34kt)
Florence (2018),33445,No TS winds (<34kt)
Florence (2018),34436,No TS winds (<34kt)
Florence (2018),36605,No TS winds (<34kt)
Florence (2018),27410,No TS winds (<34kt)
Florence (2018),27545,Tropical-storm (34–49kt)
Florence (2018),27577,Gale-force (50–63kt)
Florence (2018),31548,No TS winds (<34kt)
Florence (2018),32303,No TS winds (<34kt)
Florence (2018),33965,No TS winds (<34kt)
Florence (2018),32034,No TS winds (<34kt)
Florence (2018),32950,No TS winds (<34kt)
Florence (2018),33031,No TS winds (<34kt)
Florence (2018),33189,No TS winds (<34kt)
Florence (2018),33331,No TS winds (<34kt)
Florence (2018),33637,No TS winds (<34kt)
Florence (2018),34110,No TS winds (<34kt)
Florence (2018),36567,No TS winds (<34kt)
Florence (2018),28428,Hurricane-force (>=64kt)
Florence (2018),34237,No TS winds (<34kt)
Florence (2018),32351,No TS winds (<34kt)
Florence (2018),33019,No TS winds (<34kt)
Florence (2018),33181,No TS winds (<34kt)
Florence (2018),34476,No TS winds (<34kt)
Florence (2018),27863,Tropical-storm (34–49kt)
Florence (2018),28719,No TS winds (<34kt)
Florence (2018),27828,Gale-force (50–63kt)
Florence (2018),28785,No TS winds (<34kt)
Florence (2018),32071,No TS winds (<34kt)
Florence (2018),34208,No TS winds (<34kt)
Florence (2018),33540,No TS winds (<34kt)
Florence (2018),27871,Tropical-storm (34–49kt)
Florence (2018),32234,No TS winds (<34kt)
Florence (2018),32784,No TS winds (<34kt)
Florence (2018),27041,No TS winds (<34kt)
Florence (2018),28751,No TS winds (<34kt)
Florence (2018),29720,Tropical-storm (34–49kt)
Florence (2018),32423,No TS winds (<34kt)
Florence (2018),32612,No TS winds (<34kt)
Florence (2018),33776,No TS winds (<34kt)
Florence (2018),34134,No TS winds (<34kt)
Florence (2018),34946,No TS winds (<34kt)
Florence (2018),28307,Tropical-storm (34–49kt)
Florence (2018),32094,No TS winds (<34kt)
Florence (2018),28909,No TS winds (<34kt)
Florence (2018),32431,No TS winds (<34kt)
Florence (2018),28363,Tropical-storm (34–49kt)
Florence (2018),32187,No TS winds (<34kt)
Florence (2018),36580,No TS winds (<34kt)
Florence (2018),27248,Tropical-storm (34–49kt)
Florence (2018),29567,Gale-force (50–63kt)
Florence (2018),32062,No TS winds (<34kt)
Florence (2018),28701,No TS winds (<34kt)
Florence (2018),34681,No TS winds (<34kt)
Florence (2018),27509,Tropical-storm (34–49kt)
Florence (2018),27850,Tropical-storm (34–49kt)
Florence (2018),28332,Gale-force (50–63kt)
Florence (2018),28672,No TS winds (<34kt)
Florence (2018),28101,No TS winds (<34kt)
Florence (2018),33921,No TS winds (<34kt)
Florence (2018),28772,No TS winds (<34kt)
Florence (2018),37616,No TS winds (<34kt)
Florence (2018),28698,No TS winds (<34kt)
Florence (2018),28524,Hurricane-force (>=64kt)
Florence (2018),28623,No TS winds (<34kt)
Florence (2018),28666,No TS winds (<34kt)
Florence (2018),33856,No TS winds (<34kt)
Florence (2018),27813,Tropical-storm (34–49kt)
Irma (2017),33182,Hurricane-force (>=64kt)
Irma (2017),33196,Hurricane-force (>=64kt)
Irma (2017),33432,Gale-force (50–63kt)
Irma (2017),33442,Gale-force (50–63kt)
Irma (2017),33612,Hurricane-force (>=64kt)
Irma (2017),33778,Gale-force (50–63kt)
Irma (2017),32117,Gale-force (50–63kt)
Irma (2017),32218,Gale-force (50–63kt)
Irma (2017),32801,Gale-force (50–63kt)
Irma (2017),32937,Gale-force (50–63kt)
Irma (2017),33705,Gale-force (50–63kt)
Irma (2017),33982,Hurricane-force (>=64kt)
Irma (2017),34203,Gale-force (50–63kt)
Irma (2017),34480,Gale-force (50–63kt)
Irma (2017),32141,Gale-force (50–63kt)
Irma (2017),32578,Tropical-storm (34–49kt)
Irma (2017),33777,Gale-force (50–63kt)
Irma (2017),34243,Gale-force (50–63kt)
Irma (2017),32202,Gale-force (50–63kt)
Irma (2017),32539,Tropical-storm (34–49kt)
Irma (2017),33056,Gale-force (50–63kt)
Irma (2017),33903,Hurricane-force (>=64kt)
Irma (2017),34983,Gale-force (50–63kt)
Irma (2017),32212,Gale-force (50–63kt)
Irma (2017),32550,Tropical-storm (34–49kt)
Irma (2017),32963,Gale-force (50–63kt)
Irma (2017),33147,Gale-force (50–63kt)
Irma (2017),33166,Gale-force (50–63kt)
Irma (2017),34434,Hurricane-force (>=64kt)
Irma (2017),33620,Hurricane-force (>=64kt)
Irma (2017),33841,Gale-force (50–63kt)
Irma (2017),32653,Gale-force (50–63kt)
Irma (2017),33122,Gale-force (50–63kt)
Irma (2017),33194,Hurricane-force (>=64kt)
Irma (2017),33917,Hurricane-force (>=64kt)
Irma (2017),33952,Hurricane-force (>=64kt)
Irma (2017),32009,Gale-force (50–63kt)
Irma (2017),33771,Gale-force (50–63kt)
Irma (2017),33592,Hurricane-force (>=64kt)
Irma (2017),33606,Gale-force (50–63kt)
Irma (2017),33712,Gale-force (50–63kt)
Irma (2017),32442,Tropical-storm (34–49kt)
Irma (2017),33585,Gale-force (50–63kt)
Irma (2017),33037,Hurricane-force (>=64kt)
Irma (2017),32206,Gale-force (50–63kt)
Irma (2017),32321,Tropical-storm (34–49kt)
Irma (2017),33965,Hurricane-force (>=64kt)
Irma (2017),33540,Hurricane-force (>=64kt)
Irma (2017),36343,Tropical-storm (34–49kt)
Irma (2017),32798,Gale-force (50–63kt)
Irma (2017),32462,Tropical-storm (34–49kt)
Irma (2017),32617,Gale-force (50–63kt)
Irma (2017),32328,Gale-force (50–63kt)
Irma (2017),34201,Gale-force (50–63kt)
Irma (2017),32352,Gale-force (50–63kt)
Irma (2017),36340,Tropical-storm (34–49kt)
Irma (2017),33438,Hurricane-force (>=64kt)
Irma (2017),32430,Tropical-storm (34–49kt)
Irma (2017),32658,Gale-force (50–63kt)
Irma (2017),32330,Tropical-storm (34–49kt)
Florence (2018),28629,No TS winds (<34kt)
Michael (2018),32071,Tropical-storm (34–49kt)
Michael (2018),32773,No TS winds (<34kt)
Michael (2018),32951,No TS winds (<34kt)
Michael (2018),33033,No TS winds (<34kt)
Michael (2018),33326,No TS winds (<34kt)
Michael (2018),33525,No TS winds (<34kt)
Michael (2018),33629,No TS winds (<34kt)
Michael (2018),33781,No TS winds (<34kt)
Michael (2018),33852,No TS winds (<34kt)
Michael (2018),33983,No TS winds (<34kt)
Michael (2018),34773,No TS winds (<34kt)
Michael (2018),28146,No TS winds (<34kt)
Michael (2018),28216,No TS winds (<34kt)
Michael (2018),32086,No TS winds (<34kt)
Michael (2018),32095,No TS winds (<34kt)
Michael (2018),32177,No TS winds (<34kt)
Michael (2018),32226,No TS winds (<34kt)
Michael (2018),32303,Gale-force (50–63kt)
Michael (2018),32806,No TS winds (<34kt)
Michael (2018),32819,No TS winds (<34kt)
Michael (2018),33417,No TS winds (<34kt)
Michael (2018),33458,No TS winds (<34kt)
Michael (2018),33837,No TS winds (<34kt)
Michael (2018),34109,No TS winds (<34kt)
Michael (2018),34221,No TS winds (<34kt)
Michael (2018),34448,No TS winds (<34kt)
Michael (2018),27253,No TS winds (<34kt)
Michael (2018),27534,Tropical-storm (34–49kt)
Michael (2018),27583,No TS winds (<34kt)
Michael (2018),28083,No TS winds (<34kt)
Michael (2018),28307,Tropical-storm (34–49kt)
Michael (2018),28551,Tropical-storm (34–49kt)
Michael (2018),28586,Gale-force (50–63kt)
Michael (2018),32207,No TS winds (<34kt)
Michael (2018),32578,Tropical-storm (34–49kt)
Michael (2018),32713,No TS winds (<34kt)
Michael (2018),32766,No TS winds (<34kt)
Michael (2018),33055,No TS winds (<34kt)
Michael (2018),33178,No TS winds (<34kt)
Michael (2018),33304,No TS winds (<34kt)
Michael (2018),33764,No TS winds (<34kt)
Michael (2018),33870,No TS winds (<34kt)
Michael (2018),33993,No TS winds (<34kt)
Michael (2018),34772,No TS winds (<34kt)
Michael (2018),27284,No TS winds (<34kt)
Michael (2018),27360,No TS winds (<34kt)
Michael (2018),27927,Gale-force (50–63kt)
Michael (2018),28115,No TS winds (<34kt)
Michael (2018),28518,Tropical-storm (34–49kt)
Michael (2018),32259,No TS winds (<34kt)
Michael (2018),33029,No TS winds (<34kt)
Michael (2018),33067,No TS winds (<34kt)
Michael (2018),33190,No TS winds (<34kt)
Michael (2018),33957,No TS winds (<34kt)
Michael (2018),34241,No TS winds (<34kt)
Michael (2018),27207,Tropical-storm (34–49kt)
Michael (2018),27505,Tropical-storm (34–49kt)
Michael (2018),28734,No TS winds (<34kt)
Michael (2018),32763,No TS winds (<34kt)
Michael (2018),33328,No TS winds (<34kt)
Michael (2018),33855,No TS winds (<34kt)
Michael (2018),27018,No TS winds (<34kt)
Michael (2018),29651,No TS winds (<34kt)
Michael (2018),33513,No TS winds (<34kt)
Michael (2018),33716,No TS winds (<34kt)
Michael (2018),32693,Tropical-storm (34–49kt)
Michael (2018),32839,No TS winds (<34kt)
Michael (2018),34479,No TS winds (<34kt)
Michael (2018),34972,No TS winds (<34kt)
Michael (2018),27705,No TS winds (<34kt)
Michael (2018),32548,Tropical-storm (34–49kt)
Michael (2018),33890,No TS winds (<34kt)
Michael (2018),28372,Tropical-storm (34–49kt)
Michael (2018),28902,No TS winds (<34kt)
Michael (2018),32541,Tropical-storm (34–49kt)
Michael (2018),28127,No TS winds (<34kt)
Michael (2018),28681,No TS winds (<34kt)
Michael (2018),28704,No TS winds (<34kt)
Michael (2018),33602,No TS winds (<34kt)
Michael (2018),27880,No TS winds (<34kt)
Michael (2018),28585,Gale-force (50–63kt)
Michael (2018),32668,No TS winds (<34kt)
Michael (2018),28657,No TS winds (<34kt)
Michael (2018),31562,Tropical-storm (34–49kt)
Michael (2018),32346,Gale-force (50–63kt)
Michael (2018),32439,Gale-force (50–63kt)
Michael (2018),32442,Gale-force (50–63kt)
Michael (2018),27549,No TS winds (<34kt)
Michael (2018),28387,Tropical-storm (34–49kt)
Michael (2018),32631,No TS winds (<34kt)
Michael (2018),28365,Tropical-storm (34–49kt)
Michael (2018),28168,No TS winds (<34kt)
Michael (2018),27949,Gale-force (50–63kt)
Michael (2018),28385,Tropical-storm (34–49kt)
Michael (2018),28338,Tropical-storm (34–49kt)
Michael (2018),27542,No TS winds (<34kt)
Michael (2018),33847,No TS winds (<34kt)
Michael (2018),28804,No TS winds (<34kt)
Michael (2018),31636,Tropical-storm (34–49kt)
Michael (2018),36610,No TS winds (<34kt)
Michael (2018),33759,No TS winds (<34kt)
Michael (2018),33158,No TS winds (<34kt)
Michael (2018),27350,No TS winds (<34kt)
Michael (2018),28006,No TS winds (<34kt)
Michael (2018),32431,Gale-force (50–63kt)
Michael (2018),24076,No TS winds (<34kt)
Michael (2018),28525,Gale-force (50–63kt)
Michael (2018),33838,No TS winds (<34kt)
Michael (2018),28421,Tropical-storm (34–49kt)
Michael (2018),30560,No TS winds (<34kt)
Michael (2018),28774,No TS winds (<34kt)
Michael (2018),32072,Tropical-storm (34–49kt)
Michael (2018),27964,Gale-force (50–63kt)
Michael (2018),27212,No TS winds (<34kt)
Michael (2018),32096,Tropical-storm (34–49kt)
Michael (2018),27885,Gale-force (50–63kt)
Michael (2018),29596,Tropical-storm (34–49kt)
Michael (2018),34138,No TS winds (<34kt)
Michael (2018),27826,Gale-force (50–63kt)
Michael (2018),27843,Gale-force (50–63kt)
Michael (2018),28623,No TS winds (<34kt)
Michael (2018),37640,No TS winds (<34kt)
Michael (2018),28635,No TS winds (<34kt)
Michael (2018),28527,Gale-force (50–63kt)
Michael (2018),32648,Tropical-storm (34–49kt)
Michael (2018),28434,Tropical-storm (34–49kt)
Michael (2018),27982,Tropical-storm (34–49kt)
Michael (2018),27847,Gale-force (50–63kt)
Michael (2018),28519,Gale-force (50–63kt)
Michael (2018),33438,No TS winds (<34kt)
Michael (2018),33856,No TS winds (<34kt)
Michael (2018),37727,No TS winds (<34kt)
Michael (2018),36483,No TS winds (<34kt)
Michael (2018),23950,Tropical-storm (34–49kt)
Michael (2018),28424,Tropical-storm (34–49kt)
Harvey (2017),75766,No TS winds (<34kt)
Harvey (2017),77836,Tropical-storm (34–49kt)
Harvey (2017),76033,No TS winds (<34kt)
Harvey (2017),77356,Tropical-storm (34–49kt)
Harvey (2017),78154,Tropical-storm (34–49kt)
Harvey (2017),79331,No TS winds (<34kt)
Harvey (2017),76023,No TS winds (<34kt)
Harvey (2017),77016,Tropical-storm (34–49kt)
Harvey (2017),77571,Tropical-storm (34–49kt)
Harvey (2017),79607,No TS winds (<34kt)
Harvey (2017),75019,No TS winds (<34kt)
Harvey (2017),75013,No TS winds (<34kt)
Harvey (2017),79109,No TS winds (<34kt)
Harvey (2017),75217,No TS winds (<34kt)
Harvey (2017),75703,No TS winds (<34kt)
Harvey (2017),75851,No TS winds (<34kt)
Harvey (2017),76010,No TS winds (<34kt)
Harvey (2017),76053,No TS winds (<34kt)
Harvey (2017),76132,No TS winds (<34kt)
Harvey (2017),76272,No TS winds (<34kt)
Harvey (2017),77077,Tropical-storm (34–49kt)
Harvey (2017),77304,Tropical-storm (34–49kt)
Harvey (2017),78380,Tropical-storm (34–49kt)
Harvey (2017),78751,No TS winds (<34kt)
Harvey (2017),75147,No TS winds (<34kt)
Harvey (2017),76114,No TS winds (<34kt)
Harvey (2017),76182,No TS winds (<34kt)
Harvey (2017),77091,Tropical-storm (34–49kt)
Harvey (2017),77434,Tropical-storm (34–49kt)
Harvey (2017),77457,Tropical-storm (34–49kt)
Harvey (2017),78363,Tropical-storm (34–49kt)
Harvey (2017),76031,No TS winds (<34kt)
Harvey (2017),76164,No TS winds (<34kt)
Harvey (2017),76255,No TS winds (<34kt)
Harvey (2017),77079,Tropical-storm (34–49kt)
Harvey (2017),78602,Tropical-storm (34–49kt)
Harvey (2017),71103,No TS winds (<34kt)
Harvey (2017),75081,No TS winds (<34kt)
Harvey (2017),75104,No TS winds (<34kt)
Harvey (2017),77318,Tropical-storm (34–49kt)
Harvey (2017),78204,Tropical-storm (34–49kt)
Harvey (2017),76207,No TS winds (<34kt)
Harvey (2017),78589,No TS winds (<34kt)
Harvey (2017),75979,No TS winds (<34kt)
Harvey (2017),79360,No TS winds (<34kt)
Harvey (2017),79536,No TS winds (<34kt)
Harvey (2017),79735,No TS winds (<34kt)
Harvey (2017),79019,No TS winds (<34kt)
Harvey (2017),76530,Tropical-storm (34–49kt)
Harvey (2017),79107,No TS winds (<34kt)
Harvey (2017),76123,No TS winds (<34kt)
Harvey (2017),78102,Gale-force (50–63kt)
Harvey (2017),79762,No TS winds (<34kt)
Harvey (2017),79849,No TS winds (<34kt)
Harvey (2017),75209,No TS winds (<34kt)
Harvey (2017),76630,Tropical-storm (34–49kt)
Harvey (2017),78372,Tropical-storm (34–49kt)
Harvey (2017),76379,No TS winds (<34kt)
Harvey (2017),77478,Tropical-storm (34–49kt)
Harvey (2017),76014,No TS winds (<34kt)
Harvey (2017),77861,Tropical-storm (34–49kt)
Harvey (2017),78336,Hurricane-force (>=64kt)
Harvey (2017),78624,No TS winds (<34kt)
Harvey (2017),76930,No TS winds (<34kt)
Harvey (2017),75166,No TS winds (<34kt)
Harvey (2017),76085,No TS winds (<34kt)
Harvey (2017),77968,Gale-force (50–63kt)
Harvey (2017),77033,Tropical-storm (34–49kt)
Harvey (2017),75156,No TS winds (<34kt)
Harvey (2017),76228,No TS winds (<34kt)
Harvey (2017),75751,No TS winds (<34kt)
Harvey (2017),78659,Tropical-storm (34–49kt)
Harvey (2017),78537,No TS winds (<34kt)
Harvey (2017),76265,No TS winds (<34kt)
Harvey (2017),76374,No TS winds (<34kt)
Harvey (2017),75407,No TS winds (<34kt)
Harvey (2017),78944,Tropical-storm (34–49kt)
Harvey (2017),78116,Gale-force (50–63kt)
Harvey (2017),75845,No TS winds (<34kt)
Harvey (2017),77435,Tropical-storm (34–49kt)
Harvey (2017),75226,No TS winds (<34kt)
Harvey (2017),78266,Tropical-storm (34–49kt)
Harvey (2017),77476,Tropical-storm (34–49kt)
Harvey (2017),73939,No TS winds (<34kt)
Harvey (2017),76687,Tropical-storm (34–49kt)
Harvey (2017),78417,Gale-force (50–63kt)
Harvey (2017),75571,No TS winds (<34kt)
Harvey (2017),76958,No TS winds (<34kt)
Harvey (2017),78162,Gale-force (50–63kt)
Harvey (2017),75931,No TS winds (<34kt)
Harvey (2017),76429,No TS winds (<34kt)
Harvey (2017),79258,No TS winds (<34kt)
Harvey (2017),77448,Tropical-storm (34–49kt)
Harvey (2017),76357,No TS winds (<34kt)
Harvey (2017),79547,No TS winds (<34kt)
Harvey (2017),78369,No TS winds (<34kt)
Harvey (2017),76538,No TS winds (<34kt)
Harvey (2017),74759,No TS winds (<34kt)
Harvey (2017),77616,No TS winds (<34kt)
Harvey (2017),75489,No TS winds (<34kt)
Harvey (2017),75569,No TS winds (<34kt)
Harvey (2017),79502,No TS winds (<34kt)
Harvey (2017),76377,No TS winds (<34kt)
Harvey (2017),79718,No TS winds (<34kt)
Harvey (2017),79257,No TS winds (<34kt)
Harvey (2017),79098,No TS winds (<34kt)
Harvey (2017),76832,No TS winds (<34kt)
Harvey (2017),77376,No TS winds (<34kt)
Harvey (2017),79255,No TS winds (<34kt)
Harvey (2017),78406,Gale-force (50–63kt)
Harvey (2017),78661,Tropical-storm (34–49kt)
Harvey (2017),76690,No TS winds (<34kt)
Harvey (2017),79846,No TS winds (<34kt)
Harvey (2017),79330,No TS winds (<34kt)
Harvey (2017),78005,No TS winds (<34kt)
Harvey (2017),75415,No TS winds (<34kt)
Harvey (2017),77432,Tropical-storm (34–49kt)
Harvey (2017),78943,Tropical-storm (34–49kt)
Harvey (2017),88256,No TS winds (<34kt)
Harvey (2017),76238,No TS winds (<34kt)
Harvey (2017),78883,No TS winds (<34kt)
Harvey (2017),78837,No TS winds (<34kt)
Harvey (2017),78145,Tropical-storm (34–49kt)
Harvey (2017),73628,No TS winds (<34kt)
Harvey (2017),75848,No TS winds (<34kt)
Harvey (2017),77614,No TS winds (<34kt)
Harvey (2017),76678,No TS winds (<34kt)
Harvey (2017),78860,No TS winds (<34kt)
Harvey (2017),79033,No TS winds (<34kt)
Harvey (2017),78585,No TS winds (<34kt)
Imelda (2019),75432,No TS winds (<34kt)
Imelda (2019),76031,No TS winds (<34kt)
Imelda (2019),76308,No TS winds (<34kt)
Imelda (2019),76801,No TS winds (<34kt)
Imelda (2019),77084,No TS winds (<34kt)
Imelda (2019),77511,No TS winds (<34kt)
Imelda (2019),78621,No TS winds (<34kt)
Imelda (2019),78634,No TS winds (<34kt)
Imelda (2019),79836,No TS winds (<34kt)
Imelda (2019),76053,No TS winds (<34kt)
Imelda (2019),76501,No TS winds (<34kt)
Imelda (2019),78748,No TS winds (<34kt)
Imelda (2019),75231,No TS winds (<34kt)
Imelda (2019),76502,No TS winds (<34kt)
Imelda (2019),77089,No TS winds (<34kt)
Imelda (2019),77536,No TS winds (<34kt)
Imelda (2019),78043,No TS winds (<34kt)
Imelda (2019),78414,No TS winds (<34kt)
Imelda (2019),75028,No TS winds (<34kt)
Imelda (2019),76179,No TS winds (<34kt)
Imelda (2019),76645,No TS winds (<34kt)
Imelda (2019),77541,No TS winds (<34kt)
Imelda (2019),78046,No TS winds (<34kt)
Imelda (2019),78963,No TS winds (<34kt)
Imelda (2019),79045,No TS winds (<34kt)
Imelda (2019),79903,No TS winds (<34kt)
Imelda (2019),74729,No TS winds (<34kt)
Imelda (2019),75069,No TS winds (<34kt)
Imelda (2019),76016,No TS winds (<34kt)
Imelda (2019),78202,No TS winds (<34kt)
Imelda (2019),78602,No TS winds (<34kt)
Imelda (2019),76039,No TS winds (<34kt)
Imelda (2019),77359,No TS winds (<34kt)
Imelda (2019),77381,No TS winds (<34kt)
Imelda (2019),78744,No TS winds (<34kt)
Imelda (2019),79373,No TS winds (<34kt)
Imelda (2019),70663,No TS winds (<34kt)
Imelda (2019),77086,No TS winds (<34kt)
Imelda (2019),77586,No TS winds (<34kt)
Imelda (2019),78573,No TS winds (<34kt)
Imelda (2019),75206,No TS winds (<34kt)
Imelda (2019),76660,No TS winds (<34kt)
Imelda (2019),77005,No TS winds (<34kt)
Imelda (2019),77058,No TS winds (<34kt)
Imelda (2019),77482,No TS winds (<34kt)
Imelda (2019),71115,No TS winds (<34kt)
Imelda (2019),76802,No TS winds (<34kt)
Imelda (2019),78040,No TS winds (<34kt)
Imelda (2019),79511,No TS winds (<34kt)
Imelda (2019),75153,No TS winds (<34kt)
Imelda (2019),76233,No TS winds (<34kt)
Imelda (2019),75647,No TS winds (<34kt)
Imelda (2019),78838,No TS winds (<34kt)
Imelda (2019),77023,No TS winds (<34kt)
Imelda (2019),76834,No TS winds (<34kt)
Imelda (2019),77051,No TS winds (<34kt)
Imelda (2019),79603,No TS winds (<34kt)
Imelda (2019),76102,No TS winds (<34kt)
Imelda (2019),75750,No TS winds (<34kt)
Imelda (2019),75601,No TS winds (<34kt)
Imelda (2019),78590,No TS winds (<34kt)
Imelda (2019),75431,No TS winds (<34kt)
Imelda (2019),79036,No TS winds (<34kt)
Imelda (2019),78112,No TS winds (<34kt)
Imelda (2019),77442,No TS winds (<34kt)
Imelda (2019),77611,No TS winds (<34kt)
Imelda (2019),75683,No TS winds (<34kt)
Imelda (2019),79713,No TS winds (<34kt)
Imelda (2019),76272,No TS winds (<34kt)
Imelda (2019),76624,No TS winds (<34kt)
Imelda (2019),73401,No TS winds (<34kt)
Imelda (2019),78662,No TS winds (<34kt)
Imelda (2019),78011,No TS winds (<34kt)
Imelda (2019),78231,No TS winds (<34kt)
Imelda (2019),75208,No TS winds (<34kt)
Imelda (2019),75638,No TS winds (<34kt)
Imelda (2019),79508,No TS winds (<34kt)
Imelda (2019),78147,No TS winds (<34kt)
Imelda (2019),76872,No TS winds (<34kt)
Imelda (2019),74735,No TS winds (<34kt)
Imelda (2019),75426,No TS winds (<34kt)
Imelda (2019),75681,No TS winds (<34kt)
Imelda (2019),75182,No TS winds (<34kt)
Imelda (2019),75792,No TS winds (<34kt)
Imelda (2019),75852,No TS winds (<34kt)
Imelda (2019),75973,No TS winds (<34kt)
Imelda (2019),76849,No TS winds (<34kt)
Imelda (2019),76524,No TS winds (<34kt)
Imelda (2019),79503,No TS winds (<34kt)
Imelda (2019),88063,No TS winds (<34kt)
Imelda (2019),79018,No TS winds (<34kt)
Imelda (2019),71449,No TS winds (<34kt)
Imelda (2019),76890,No TS winds (<34kt)
Imelda (2019),76656,No TS winds (<34kt)
Imelda (2019),71429,No TS winds (<34kt)
Imelda (2019),77376,No TS winds (<34kt)
Imelda (2019),78005,No TS winds (<34kt)
Imelda (2019),79538,No TS winds (<34kt)
Imelda (2019),75558,No TS winds (<34kt)
Imelda (2019),78836,No TS winds (<34kt)
Imelda (2019),75669,No TS winds (<34kt)
Imelda (2019),78389,No TS winds (<34kt)
Imelda (2019),78562,No TS winds (<34kt)
Imelda (2019),77624,No TS winds (<34kt)
Imelda (2019),79834,No TS winds (<34kt)
Imelda (2019),79755,No TS winds (<34kt)
Imelda (2019),78402,No TS winds (<34kt)
Imelda (2019),75566,No TS winds (<34kt)
Imelda (2019),79366,No TS winds (<34kt)
Imelda (2019),73942,No TS winds (<34kt)
Imelda (2019),76828,No TS winds (<34kt)
Imelda (2019),78371,No TS winds (<34kt)
Imelda (2019),79781,No TS winds (<34kt)
Imelda (2019),76680,No TS winds (<34kt)
Imelda (2019),78050,No TS winds (<34kt)
Imelda (2019),73548,No TS winds (<34kt)
Imelda (2019),78949,No TS winds (<34kt)
Imelda (2019),79251,No TS winds (<34kt)
Imelda (2019),79378,No TS winds (<34kt)
Imelda (2019),78058,No TS winds (<34kt)
Imelda (2019),76373,No TS winds (<34kt)
Imelda (2019),75573,No TS winds (<34kt)
Imelda (2019),76958,No TS winds (<34kt)
Imelda (2019),78564,No TS winds (<34kt)
Imelda (2019),79034,No TS winds (<34kt)
Imelda (2019),77201,No TS winds (<34kt)
Imelda (2019),76888,No TS winds (<34kt)
Imelda (2019),77867,No TS winds (<34kt)
Imelda (2019),76436,No TS winds (<34kt)
Harvey (2017),73549,No TS winds (<34kt)
Imelda (2019),79376,No TS winds (<34kt)
Imelda (2019),79058,No TS winds (<34kt)
Florence (2018),27540,Tropical-storm (34–49kt)
Florence (2018),27560,Tropical-storm (34–49kt)
Florence (2018),27817,Gale-force (50–63kt)
Florence (2018),28083,Tropical-storm (34–49kt)
Florence (2018),28110,Tropical-storm (34–49kt)
Florence (2018),28379,Tropical-storm (34–49kt)
Florence (2018),29745,No TS winds (<34kt)
Florence (2018),32726,No TS winds (<34kt)
Florence (2018),32746,No TS winds (<34kt)
Florence (2018),32765,No TS winds (<34kt)
Florence (2018),33024,No TS winds (<34kt)
Florence (2018),33028,No TS winds (<34kt)
Florence (2018),33035,No TS winds (<34kt)
Florence (2018),33139,No TS winds (<34kt)
Florence (2018),33410,No TS winds (<34kt)
Florence (2018),33414,No TS winds (<34kt)
Florence (2018),33579,No TS winds (<34kt)
Florence (2018),33815,No TS winds (<34kt)
Florence (2018),33901,No TS winds (<34kt)
Florence (2018),34997,No TS winds (<34kt)
Florence (2018),27320,No TS winds (<34kt)
Florence (2018),27407,No TS winds (<34kt)
Florence (2018),28174,Tropical-storm (34–49kt)
Florence (2018),28532,Hurricane-force (>=64kt)
Florence (2018),28763,No TS winds (<34kt)
Florence (2018),32159,No TS winds (<34kt)
Florence (2018),33067,No TS winds (<34kt)
Florence (2018),33073,No TS winds (<34kt)
Florence (2018),33158,No TS winds (<34kt)
Florence (2018),33634,No TS winds (<34kt)
Florence (2018),34741,No TS winds (<34kt)
Florence (2018),27312,Tropical-storm (34–49kt)
Florence (2018),27357,No TS winds (<34kt)
Florence (2018),27406,No TS winds (<34kt)
Florence (2018),29702,No TS winds (<34kt)
Florence (2018),32082,No TS winds (<34kt)
Florence (2018),32601,No TS winds (<34kt)
Florence (2018),33415,No TS winds (<34kt)
Florence (2018),33617,No TS winds (<34kt)
Florence (2018),33772,No TS winds (<34kt)
Florence (2018),34420,No TS winds (<34kt)
Florence (2018),27377,No TS winds (<34kt)
Florence (2018),27592,Tropical-storm (34–49kt)
Florence (2018),29545,Hurricane-force (>=64kt)
Florence (2018),32221,No TS winds (<34kt)
Florence (2018),32789,No TS winds (<34kt)
Florence (2018),33066,No TS winds (<34kt)
Florence (2018),33461,No TS winds (<34kt)
Florence (2018),27330,Tropical-storm (34–49kt)
Florence (2018),27358,No TS winds (<34kt)
Florence (2018),28207,No TS winds (<34kt)
Florence (2018),28216,No TS winds (<34kt)
Florence (2018),28341,Gale-force (50–63kt)
Florence (2018),28422,Hurricane-force (>=64kt)
Florence (2018),33149,No TS winds (<34kt)
Florence (2018),33304,No TS winds (<34kt)
Florence (2018),28129,Tropical-storm (34–49kt)
Florence (2018),28204,No TS winds (<34kt)
Florence (2018),29582,Hurricane-force (>=64kt)
Florence (2018),33315,No TS winds (<34kt)
Florence (2018),27408,No TS winds (<34kt)
Florence (2018),27837,Gale-force (50–63kt)
Florence (2018),32216,No TS winds (<34kt)
Florence (2018),27892,Gale-force (50–63kt)
Florence (2018),28660,No TS winds (<34kt)
Florence (2018),28690,No TS winds (<34kt)
Florence (2018),28792,No TS winds (<34kt)
Florence (2018),32656,No TS winds (<34kt)
Florence (2018),32720,No TS winds (<34kt)
Florence (2018),33980,No TS winds (<34kt)
Florence (2018),28339,Tropical-storm (34–49kt)
Florence (2018),28679,No TS winds (<34kt)
Florence (2018),32735,No TS winds (<34kt)
Florence (2018),34113,No TS winds (<34kt)
Florence (2018),29365,No TS winds (<34kt)
Florence (2018),29651,No TS winds (<34kt)
Florence (2018),28356,Tropical-storm (34–49kt)
Florence (2018),28365,Gale-force (50–63kt)
Florence (2018),32139,No TS winds (<34kt)
Florence (2018),32732,No TS winds (<34kt)
Florence (2018),33765,No TS winds (<34kt)
Florence (2018),34145,No TS winds (<34kt)
Florence (2018),36610,No TS winds (<34kt)
Florence (2018),37687,No TS winds (<34kt)
Florence (2018),27701,Tropical-storm (34–49kt)
Florence (2018),32617,No TS winds (<34kt)
Florence (2018),32643,No TS winds (<34kt)
Florence (2018),34484,No TS winds (<34kt)
Florence (2018),32814,No TS winds (<34kt)
Florence (2018),27208,Tropical-storm (34–49kt)
Florence (2018),32112,No TS winds (<34kt)
Florence (2018),24148,No TS winds (<34kt)
Florence (2018),28133,Tropical-storm (34–49kt)
Florence (2018),32542,No TS winds (<34kt)
Florence (2018),28528,Hurricane-force (>=64kt)
Florence (2018),32344,No TS winds (<34kt)
Florence (2018),28683,No TS winds (<34kt)
Florence (2018),27924,Tropical-storm (34–49kt)
Florence (2018),27962,Gale-force (50–63kt)
Florence (2018),28073,No TS winds (<34kt)
Florence (2018),27019,No TS winds (<34kt)
Florence (2018),36579,No TS winds (<34kt)
Florence (2018),29307,No TS winds (<34kt)
Florence (2018),36611,No TS winds (<34kt)
Florence (2018),36564,No TS winds (<34kt)
Florence (2018),28519,Hurricane-force (>=64kt)
Florence (2018),28717,No TS winds (<34kt)
Florence (2018),33956,No TS winds (<34kt)
Florence (2018),28449,Hurricane-force (>=64kt)
Florence (2018),28338,Tropical-storm (34–49kt)
Florence (2018),24076,No TS winds (<34kt)
Florence (2018),28718,No TS winds (<34kt)
Florence (2018),34139,No TS winds (<34kt)
Florence (2018),32079,No TS winds (<34kt)
Florence (2018),27972,Tropical-storm (34–49kt)
Florence (2018),28091,Tropical-storm (34–49kt)
Florence (2018),27818,Tropical-storm (34–49kt)
Florence (2018),29727,Tropical-storm (34–49kt)
Florence (2018),33855,No TS winds (<34kt)
Florence (2018),37658,No TS winds (<34kt)
Florence (2018),31631,No TS winds (<34kt)
Florence (2018),28020,No TS winds (<34kt)
Florence (2018),27879,Gale-force (50–63kt)
Irma (2017),33321,Gale-force (50–63kt)
Irma (2017),33558,Hurricane-force (>=64kt)
Irma (2017),33605,Hurricane-force (>=64kt)
Irma (2017),33993,Hurricane-force (>=64kt)
Irma (2017),34120,Hurricane-force (>=64kt)
Irma (2017),34212,Gale-force (50–63kt)
Irma (2017),34986,Gale-force (50–63kt)
Irma (2017),32102,Gale-force (50–63kt)
Irma (2017),32346,Gale-force (50–63kt)
Irma (2017),32606,Gale-force (50–63kt)
Irma (2017),32822,Gale-force (50–63kt)
Irma (2017),32927,Gale-force (50–63kt)
Irma (2017),32934,Gale-force (50–63kt)
Irma (2017),33165,Gale-force (50–63kt)
Irma (2017),33314,Gale-force (50–63kt)
Irma (2017),33411,Gale-force (50–63kt)
Irma (2017),33449,Gale-force (50–63kt)
Irma (2017),34202,Gale-force (50–63kt)
Irma (2017),32535,Tropical-storm (34–49kt)
Irma (2017),32563,Tropical-storm (34–49kt)
Irma (2017),32819,Gale-force (50–63kt)
Irma (2017),32820,Gale-force (50–63kt)
Irma (2017),33351,Gale-force (50–63kt)
Irma (2017),33703,Gale-force (50–63kt)
Irma (2017),33974,Hurricane-force (>=64kt)
Irma (2017),34231,Gale-force (50–63kt)
Irma (2017),34232,Gale-force (50–63kt)
Irma (2017),32643,Gale-force (50–63kt)
Irma (2017),32817,Gale-force (50–63kt)
Irma (2017),34669,Hurricane-force (>=64kt)
Irma (2017),32506,No TS winds (<34kt)
Irma (2017),33770,Gale-force (50–63kt)
Irma (2017),33809,Hurricane-force (>=64kt)
Irma (2017),33069,Gale-force (50–63kt)
Irma (2017),33873,Hurricane-force (>=64kt)
Irma (2017),33713,Gale-force (50–63kt)
Irma (2017),34714,Hurricane-force (>=64kt)
Irma (2017),31548,Gale-force (50–63kt)
Irma (2017),32533,No TS winds (<34kt)
Irma (2017),33924,Hurricane-force (>=64kt)
Irma (2017),32322,Gale-force (50–63kt)
Irma (2017),33168,Gale-force (50–63kt)
Irma (2017),34475,Gale-force (50–63kt)
Irma (2017),33916,Hurricane-force (>=64kt)
Irma (2017),32920,Gale-force (50–63kt)
Irma (2017),33440,Hurricane-force (>=64kt)
Irma (2017),33850,Hurricane-force (>=64kt)
Irma (2017),33305,Gale-force (50–63kt)
Irma (2017),32234,Gale-force (50–63kt)
Irma (2017),32437,Tropical-storm (34–49kt)
Irma (2017),34797,Gale-force (50–63kt)
Irma (2017),34215,Gale-force (50–63kt)
Irma (2017),32403,Tropical-storm (34–49kt)
Irma (2017),34661,Hurricane-force (>=64kt)
Michael (2018),28504,Gale-force (50–63kt)
Michael (2018),28621,No TS winds (<34kt)
Michael (2018),28677,No TS winds (<34kt)
Michael (2018),28747,No TS winds (<34kt)
Michael (2018),29720,No TS winds (<34kt)
Michael (2018),32114,No TS winds (<34kt)
Michael (2018),32234,No TS winds (<34kt)
Michael (2018),32308,Tropical-storm (34–49kt)
Michael (2018),32344,Tropical-storm (34–49kt)
Michael (2018),32817,No TS winds (<34kt)
Michael (2018),33144,No TS winds (<34kt)
Michael (2018),33179,No TS winds (<34kt)
Michael (2018),33563,No TS winds (<34kt)
Michael (2018),33782,No TS winds (<34kt)
Michael (2018),33805,No TS winds (<34kt)
Michael (2018),33974,No TS winds (<34kt)
Michael (2018),37687,No TS winds (<34kt)
Michael (2018),37743,No TS winds (<34kt)
Michael (2018),27520,No TS winds (<34kt)
Michael (2018),27563,No TS winds (<34kt)
Michael (2018),27577,Tropical-storm (34–49kt)
Michael (2018),28078,No TS winds (<34kt)
Michael (2018),28081,No TS winds (<34kt)
Michael (2018),28110,No TS winds (<34kt)
Michael (2018),28326,Tropical-storm (34–49kt)
Michael (2018),29365,No TS winds (<34kt)
Michael (2018),32043,No TS winds (<34kt)
Michael (2018),32141,No TS winds (<34kt)
Michael (2018),33013,No TS winds (<34kt)
Michael (2018),33432,No TS winds (<34kt)
Michael (2018),33603,No TS winds (<34kt)
Michael (2018),33702,No TS winds (<34kt)
Michael (2018),33967,No TS winds (<34kt)
Michael (2018),34203,No TS winds (<34kt)
Michael (2018),34604,No TS winds (<34kt)
Michael (2018),27401,No TS winds (<34kt)
Michael (2018),28334,Tropical-storm (34–49kt)
Michael (2018),28375,Tropical-storm (34–49kt)
Michael (2018),28470,Tropical-storm (34–49kt)
Michael (2018),32501,Tropical-storm (34–49kt)
Michael (2018),32714,No TS winds (<34kt)
Michael (2018),32746,No TS winds (<34kt)
Michael (2018),33322,No TS winds (<34kt)
Michael (2018),33616,No TS winds (<34kt)
Michael (2018),33763,No TS winds (<34kt)
Michael (2018),33950,No TS winds (<34kt)
Michael (2018),27312,No TS winds (<34kt)
Michael (2018),27713,No TS winds (<34kt)
Michael (2018),28210,No TS winds (<34kt)
Michael (2018),28409,Tropical-storm (34–49kt)
Michael (2018),28512,Gale-force (50–63kt)
Michael (2018),32796,No TS winds (<34kt)
Michael (2018),32804,No TS winds (<34kt)
Michael (2018),34986,No TS winds (<34kt)
Michael (2018),27405,No TS winds (<34kt)
Michael (2018),27603,No TS winds (<34kt)
Michael (2018),28501,Gale-force (50–63kt)
Michael (2018),32730,No TS winds (<34kt)
Michael (2018),33462,No TS winds (<34kt)
Michael (2018),32162,No TS winds (<34kt)
Michael (2018),32350,Tropical-storm (34–49kt)
Michael (2018),33330,No TS winds (<34kt)
Michael (2018),27295,No TS winds (<34kt)
Michael (2018),28374,Tropical-storm (34–49kt)
Michael (2018),32413,Gale-force (50–63kt)
Michael (2018),32836,No TS winds (<34kt)
Michael (2018),33020,No TS winds (<34kt)
Michael (2018),28366,Tropical-storm (34–49kt)
Michael (2018),32081,No TS winds (<34kt)
Michael (2018),32119,No TS winds (<34kt)
Michael (2018),32829,No TS winds (<34kt)
Michael (2018),27371,Tropical-storm (34–49kt)
Michael (2018),27517,No TS winds (<34kt)
Michael (2018),33545,No TS winds (<34kt)
Michael (2018),28033,No TS winds (<34kt)
Michael (2018),28358,Tropical-storm (34–49kt)
Michael (2018),28580,Tropical-storm (34–49kt)
Michael (2018),32254,No TS winds (<34kt)
Michael (2018),32922,No TS winds (<34kt)
Michael (2018),33936,No TS winds (<34kt)
Michael (2018),34950,No TS winds (<34kt)
Michael (2018),27217,No TS winds (<34kt)
Michael (2018),27828,Gale-force (50–63kt)
Michael (2018),27919,Gale-force (50–63kt)
Michael (2018),32686,No TS winds (<34kt)
Michael (2018),23323,Tropical-storm (34–49kt)
Michael (2018),33711,No TS winds (<34kt)
Michael (2018),28396,Tropical-storm (34–49kt)
Michael (2018),28685,No TS winds (<34kt)
Michael (2018),23917,Tropical-storm (34–49kt)
Michael (2018),27011,No TS winds (<34kt)
Michael (2018),28659,No TS winds (<34kt)
Michael (2018),28753,No TS winds (<34kt)
Michael (2018),28762,No TS winds (<34kt)
Michael (2018),28697,No TS winds (<34kt)
Michael (2018),32187,No TS winds (<34kt)
Michael (2018),36442,Tropical-storm (34–49kt)
Michael (2018),28717,No TS winds (<34kt)
Michael (2018),32324,Gale-force (50–63kt)
Michael (2018),27813,No TS winds (<34kt)
Michael (2018),29581,Tropical-storm (34–49kt)
Michael (2018),37753,No TS winds (<34kt)
Michael (2018),28450,Tropical-storm (34–49kt)
Michael (2018),32355,Gale-force (50–63kt)
Michael (2018),34498,No TS winds (<34kt)
Michael (2018),27929,Gale-force (50–63kt)
Michael (2018),27850,No TS winds (<34kt)
Michael (2018),33430,No TS winds (<34kt)
Michael (2018),31643,Tropical-storm (34–49kt)
Michael (2018),28626,No TS winds (<34kt)
Michael (2018),27027,No TS winds (<34kt)
Michael (2018),27831,Gale-force (50–63kt)
Michael (2018),32430,Hurricane-force (>=64kt)
Michael (2018),27973,Gale-force (50–63kt)
Michael (2018),32949,No TS winds (<34kt)
Michael (2018),32616,No TS winds (<34kt)
Michael (2018),36549,Tropical-storm (34–49kt)
Michael (2018),27846,Gale-force (50–63kt)
Michael (2018),33960,No TS winds (<34kt)
Michael (2018),28347,Tropical-storm (34–49kt)
Michael (2018),29743,No TS winds (<34kt)
Michael (2018),32139,No TS winds (<34kt)
Michael (2018),27053,No TS winds (<34kt)
Michael (2018),28423,Tropical-storm (34–49kt)
Michael (2018),37658,No TS winds (<34kt)
Michael (2018),34139,No TS winds (<34kt)
Michael (2018),28672,No TS winds (<34kt)
Michael (2018),30525,No TS winds (<34kt)
Michael (2018),33503,No TS winds (<34kt)
Harvey (2017),75056,No TS winds (<34kt)
Harvey (2017),76108,No TS winds (<34kt)
Harvey (2017),79118,No TS winds (<34kt)
Harvey (2017),79363,No TS winds (<34kt)
Harvey (2017),76234,No TS winds (<34kt)
Harvey (2017),77040,Tropical-storm (34–49kt)
Harvey (2017),78418,Gale-force (50–63kt)
Harvey (2017),79938,No TS winds (<34kt)
Harvey (2017),77054,Tropical-storm (34–49kt)
Harvey (2017),77632,No TS winds (<34kt)
Harvey (2017),77401,Tropical-storm (34–49kt)
Harvey (2017),77515,Tropical-storm (34–49kt)
Harvey (2017),78164,Hurricane-force (>=64kt)
Harvey (2017),75702,No TS winds (<34kt)
Harvey (2017),77008,Tropical-storm (34–49kt)
Harvey (2017),77840,Tropical-storm (34–49kt)
Harvey (2017),76012,No TS winds (<34kt)
Harvey (2017),77065,Tropical-storm (34–49kt)
Harvey (2017),77384,Tropical-storm (34–49kt)
Harvey (2017),78650,Tropical-storm (34–49kt)
Harvey (2017),78739,No TS winds (<34kt)
Harvey (2017),76060,No TS winds (<34kt)
Harvey (2017),78201,Tropical-storm (34–49kt)
Harvey (2017),78503,No TS winds (<34kt)
Harvey (2017),73550,No TS winds (<34kt)
Harvey (2017),75214,No TS winds (<34kt)
Harvey (2017),75228,No TS winds (<34kt)
Harvey (2017),75497,No TS winds (<34kt)
Harvey (2017),76624,No TS winds (<34kt)
Harvey (2017),77373,Tropical-storm (34–49kt)
Harvey (2017),75137,No TS winds (<34kt)
Harvey (2017),76458,No TS winds (<34kt)
Harvey (2017),76901,No TS winds (<34kt)
Harvey (2017),78248,No TS winds (<34kt)
Harvey (2017),78721,No TS winds (<34kt)
Harvey (2017),75023,No TS winds (<34kt)
Harvey (2017),75462,No TS winds (<34kt)
Harvey (2017),76247,No TS winds (<34kt)
Harvey (2017),76527,No TS winds (<34kt)
Harvey (2017),75244,No TS winds (<34kt)
Harvey (2017),77803,Tropical-storm (34–49kt)
Harvey (2017),76501,Tropical-storm (34–49kt)
Harvey (2017),78056,No TS winds (<34kt)
Harvey (2017),78355,Tropical-storm (34–49kt)
Harvey (2017),78702,No TS winds (<34kt)
Harvey (2017),76311,No TS winds (<34kt)
Harvey (2017),77656,No TS winds (<34kt)
Harvey (2017),75452,No TS winds (<34kt)
Harvey (2017),76645,No TS winds (<34kt)
Harvey (2017),78407,Gale-force (50–63kt)
Harvey (2017),78942,Tropical-storm (34–49kt)
Harvey (2017),78263,Tropical-storm (34–49kt)
Harvey (2017),75054,No TS winds (<34kt)
Harvey (2017),76559,No TS winds (<34kt)
Harvey (2017),78408,Gale-force (50–63kt)
Harvey (2017),79562,No TS winds (<34kt)
Harvey (2017),77044,Tropical-storm (34–49kt)
Harvey (2017),77022,Tropical-storm (34–49kt)
Harvey (2017),76519,Tropical-storm (34–49kt)
Harvey (2017),77879,Tropical-storm (34–49kt)
Harvey (2017),75486,No TS winds (<34kt)
Harvey (2017),77430,Tropical-storm (34–49kt)
Harvey (2017),78636,No TS winds (<34kt)
Harvey (2017),75479,No TS winds (<34kt)
Harvey (2017),71030,No TS winds (<34kt)
Harvey (2017),79529,No TS winds (<34kt)
Harvey (2017),78146,Gale-force (50–63kt)
Harvey (2017),79785,No TS winds (<34kt)
Harvey (2017),79506,No TS winds (<34kt)
Harvey (2017),78618,No TS winds (<34kt)
Harvey (2017),75948,No TS winds (<34kt)
Harvey (2017),77417,Tropical-storm (34–49kt)
Harvey (2017),78370,Gale-force (50–63kt)
Harvey (2017),74736,No TS winds (<34kt)
Harvey (2017),77046,Tropical-storm (34–49kt)
Harvey (2017),76508,Tropical-storm (34–49kt)
Harvey (2017),75448,No TS winds (<34kt)
Harvey (2017),79080,No TS winds (<34kt)
Harvey (2017),75932,No TS winds (<34kt)
Harvey (2017),79234,No TS winds (<34kt)
Harvey (2017),77518,Tropical-storm (34–49kt)
Harvey (2017),78959,Tropical-storm (34–49kt)
Harvey (2017),76471,No TS winds (<34kt)
Harvey (2017),71027,No TS winds (<34kt)
Harvey (2017),77473,Tropical-storm (34–49kt)
Harvey (2017),77880,Tropical-storm (34–49kt)
Harvey (2017),71061,No TS winds (<34kt)
Harvey (2017),75566,No TS winds (<34kt)
Harvey (2017),75451,No TS winds (<34kt)
Harvey (2017),73932,No TS winds (<34kt)
Harvey (2017),78879,No TS winds (<34kt)
Harvey (2017),88220,No TS winds (<34kt)
Harvey (2017),79061,No TS winds (<34kt)
Harvey (2017),78150,Tropical-storm (34–49kt)
Harvey (2017),77867,Tropical-storm (34–49kt)
Harvey (2017),74720,No TS winds (<34kt)
Harvey (2017),76888,No TS winds (<34kt)
Harvey (2017),78548,No TS winds (<34kt)
Harvey (2017),76261,No TS winds (<34kt)
Harvey (2017),75856,No TS winds (<34kt)
Michael (2018),37878,No TS winds (<34kt)
Harvey (2017),78338,Tropical-storm (34–49kt)
Harvey (2017),77428,Gale-force (50–63kt)
Harvey (2017),78564,No TS winds (<34kt)
Michael (2018),34445,No TS winds (<34kt)
Imelda (2019),75068,No TS winds (<34kt)
Imelda (2019),75142,No TS winds (<34kt)
Imelda (2019),75568,No TS winds (<34kt)
Imelda (2019),76010,No TS winds (<34kt)
Imelda (2019),77859,No TS winds (<34kt)
Imelda (2019),78358,No TS winds (<34kt)
Imelda (2019),78613,No TS winds (<34kt)
Imelda (2019),79367,No TS winds (<34kt)
Imelda (2019),76017,No TS winds (<34kt)
Imelda (2019),76028,No TS winds (<34kt)
Imelda (2019),76043,No TS winds (<34kt)
Imelda (2019),78227,No TS winds (<34kt)
Imelda (2019),78251,No TS winds (<34kt)
Imelda (2019),79118,No TS winds (<34kt)
Imelda (2019),79706,No TS winds (<34kt)
Imelda (2019),74745,No TS winds (<34kt)
Imelda (2019),76006,No TS winds (<34kt)
Imelda (2019),76092,No TS winds (<34kt)
Imelda (2019),77075,No TS winds (<34kt)
Imelda (2019),77389,No TS winds (<34kt)
Imelda (2019),77498,No TS winds (<34kt)
Imelda (2019),77571,No TS winds (<34kt)
Imelda (2019),77705,No TS winds (<34kt)
Imelda (2019),78418,No TS winds (<34kt)
Imelda (2019),78504,No TS winds (<34kt)
Imelda (2019),78574,No TS winds (<34kt)
Imelda (2019),78653,No TS winds (<34kt)
Imelda (2019),78741,No TS winds (<34kt)
Imelda (2019),75140,No TS winds (<34kt)
Imelda (2019),75229,No TS winds (<34kt)
Imelda (2019),75693,No TS winds (<34kt)
Imelda (2019),75783,No TS winds (<34kt)
Imelda (2019),75964,No TS winds (<34kt)
Imelda (2019),76123,No TS winds (<34kt)
Imelda (2019),77059,No TS winds (<34kt)
Imelda (2019),77401,No TS winds (<34kt)
Imelda (2019),77803,No TS winds (<34kt)
Imelda (2019),76108,No TS winds (<34kt)
Imelda (2019),77372,No TS winds (<34kt)
Imelda (2019),78639,No TS winds (<34kt)
Imelda (2019),79424,No TS winds (<34kt)
Imelda (2019),76013,No TS winds (<34kt)
Imelda (2019),79403,No TS winds (<34kt)
Imelda (2019),75109,No TS winds (<34kt)
Imelda (2019),75760,No TS winds (<34kt)
Imelda (2019),79347,No TS winds (<34kt)
Imelda (2019),75791,No TS winds (<34kt)
Imelda (2019),76240,No TS winds (<34kt)
Imelda (2019),77037,No TS winds (<34kt)
Imelda (2019),77517,No TS winds (<34kt)
Imelda (2019),78213,No TS winds (<34kt)
Imelda (2019),71118,No TS winds (<34kt)
Imelda (2019),76384,No TS winds (<34kt)
Imelda (2019),76689,No TS winds (<34kt)
Imelda (2019),77837,No TS winds (<34kt)
Imelda (2019),78729,No TS winds (<34kt)
Imelda (2019),75490,No TS winds (<34kt)
Imelda (2019),75630,No TS winds (<34kt)
Imelda (2019),75633,No TS winds (<34kt)
Imelda (2019),76424,No TS winds (<34kt)
Imelda (2019),77861,No TS winds (<34kt)
Imelda (2019),79401,No TS winds (<34kt)
Imelda (2019),79758,No TS winds (<34kt)
Imelda (2019),77444,No TS winds (<34kt)
Imelda (2019),78224,No TS winds (<34kt)
Imelda (2019),79601,No TS winds (<34kt)
Imelda (2019),76679,No TS winds (<34kt)
Imelda (2019),76693,No TS winds (<34kt)
Imelda (2019),78003,No TS winds (<34kt)
Imelda (2019),71822,No TS winds (<34kt)
Imelda (2019),77306,No TS winds (<34kt)
Imelda (2019),77063,No TS winds (<34kt)
Imelda (2019),77369,No TS winds (<34kt)
Imelda (2019),78065,No TS winds (<34kt)
Imelda (2019),79905,No TS winds (<34kt)
Imelda (2019),75411,No TS winds (<34kt)
Imelda (2019),75424,No TS winds (<34kt)
Imelda (2019),78252,No TS winds (<34kt)
Imelda (2019),77003,No TS winds (<34kt)
Imelda (2019),75418,No TS winds (<34kt)
Imelda (2019),75226,No TS winds (<34kt)
Imelda (2019),76701,No TS winds (<34kt)
Imelda (2019),75158,No TS winds (<34kt)
Imelda (2019),79364,No TS winds (<34kt)
Imelda (2019),79935,No TS winds (<34kt)
Imelda (2019),79529,No TS winds (<34kt)
Imelda (2019),77707,No TS winds (<34kt)
Imelda (2019),73542,No TS winds (<34kt)
Imelda (2019),75212,No TS winds (<34kt)
Imelda (2019),76864,No TS winds (<34kt)
Imelda (2019),75790,No TS winds (<34kt)
Imelda (2019),76251,No TS winds (<34kt)
Imelda (2019),75416,No TS winds (<34kt)
Imelda (2019),76655,No TS winds (<34kt)
Imelda (2019),79377,No TS winds (<34kt)
Imelda (2019),75569,No TS winds (<34kt)
Imelda (2019),75478,No TS winds (<34kt)
Imelda (2019),79033,No TS winds (<34kt)
Imelda (2019),74728,No TS winds (<34kt)
Imelda (2019),70633,No TS winds (<34kt)
Imelda (2019),71064,No TS winds (<34kt)
Imelda (2019),79245,No TS winds (<34kt)
Imelda (2019),79339,No TS winds (<34kt)
Imelda (2019),75966,No TS winds (<34kt)
Imelda (2019),78632,No TS winds (<34kt)
Imelda (2019),79534,No TS winds (<34kt)
Imelda (2019),74727,No TS winds (<34kt)
Imelda (2019),79739,No TS winds (<34kt)
Imelda (2019),76271,No TS winds (<34kt)
Imelda (2019),78146,No TS winds (<34kt)
Imelda (2019),75968,No TS winds (<34kt)
Imelda (2019),79345,No TS winds (<34kt)
Imelda (2019),78615,No TS winds (<34kt)
Imelda (2019),77876,No TS winds (<34kt)
Imelda (2019),74741,No TS winds (<34kt)
Imelda (2019),73530,No TS winds (<34kt)
Imelda (2019),78607,No TS winds (<34kt)
Imelda (2019),76270,No TS winds (<34kt)
Imelda (2019),78067,No TS winds (<34kt)
Imelda (2019),79565,No TS winds (<34kt)
Imelda (2019),78021,No TS winds (<34kt)
Imelda (2019),73848,No TS winds (<34kt)
Imelda (2019),76686,No TS winds (<34kt)
Imelda (2019),73430,No TS winds (<34kt)
Imelda (2019),71820,No TS winds (<34kt)
Imelda (2019),75565,No TS winds (<34kt)
Imelda (2019),76862,No TS winds (<34kt)
Imelda (2019),76363,No TS winds (<34kt)
Imelda (2019),74750,No TS winds (<34kt)
Imelda (2019),75421,No TS winds (<34kt)
Imelda (2019),75780,No TS winds (<34kt)
Imelda (2019),79330,No TS winds (<34kt)
Imelda (2019),78618,No TS winds (<34kt)
Imelda (2019),79247,No TS winds (<34kt)
Harvey (2017),79518,No TS winds (<34kt)
Harvey (2017),78591,No TS winds (<34kt)
Florence (2018),28540,Hurricane-force (>=64kt)
Florence (2018),32224,No TS winds (<34kt)
Florence (2018),32571,No TS winds (<34kt)
Florence (2018),33175,No TS winds (<34kt)
Florence (2018),33177,No TS winds (<34kt)
Florence (2018),33313,No TS winds (<34kt)
Florence (2018),33542,No TS winds (<34kt)
Florence (2018),34119,No TS winds (<34kt)
Florence (2018),34480,No TS winds (<34kt)
Florence (2018),34609,No TS winds (<34kt)
Florence (2018),34761,No TS winds (<34kt)
Florence (2018),27893,Gale-force (50–63kt)
Florence (2018),32087,No TS winds (<34kt)
Florence (2018),32211,No TS winds (<34kt)
Florence (2018),33155,No TS winds (<34kt)
Florence (2018),33558,No TS winds (<34kt)
Florence (2018),33712,No TS winds (<34kt)
Florence (2018),34232,No TS winds (<34kt)
Florence (2018),27878,Tropical-storm (34–49kt)
Florence (2018),32210,No TS winds (<34kt)
Florence (2018),32806,No TS winds (<34kt)
Florence (2018),33043,No TS winds (<34kt)
Florence (2018),33449,No TS winds (<34kt)
Florence (2018),33470,No TS winds (<34kt)
Florence (2018),33834,No TS winds (<34kt)
Florence (2018),34472,No TS winds (<34kt)
Florence (2018),34786,No TS winds (<34kt)
Florence (2018),27203,Tropical-storm (34–49kt)
Florence (2018),27546,Tropical-storm (34–49kt)
Florence (2018),27583,No TS winds (<34kt)
Florence (2018),27705,Tropical-storm (34–49kt)
Florence (2018),28457,Hurricane-force (>=64kt)
Florence (2018),28461,Hurricane-force (>=64kt)
Florence (2018),28638,No TS winds (<34kt)
Florence (2018),27006,No TS winds (<34kt)
Florence (2018),32822,No TS winds (<34kt)
Florence (2018),33401,No TS winds (<34kt)
Florence (2018),36613,No TS winds (<34kt)
Florence (2018),27299,No TS winds (<34kt)
Florence (2018),32096,No TS winds (<34kt)
Florence (2018),32569,No TS winds (<34kt)
Florence (2018),33132,No TS winds (<34kt)
Florence (2018),33805,No TS winds (<34kt)
Florence (2018),33708,No TS winds (<34kt)
Florence (2018),28462,Hurricane-force (>=64kt)
Florence (2018),32455,No TS winds (<34kt)
Florence (2018),32754,No TS winds (<34kt)
Florence (2018),33013,No TS winds (<34kt)
Florence (2018),28328,Gale-force (50–63kt)
Florence (2018),28555,Hurricane-force (>=64kt)
Florence (2018),32340,No TS winds (<34kt)
Florence (2018),33496,No TS winds (<34kt)
Florence (2018),24541,No TS winds (<34kt)
Florence (2018),33592,No TS winds (<34kt)
Florence (2018),34689,No TS winds (<34kt)
Florence (2018),36606,No TS winds (<34kt)
Florence (2018),33472,No TS winds (<34kt)
Florence (2018),28762,No TS winds (<34kt)
Florence (2018),27944,Tropical-storm (34–49kt)
Florence (2018),27943,Gale-force (50–63kt)
Florence (2018),28676,No TS winds (<34kt)
Florence (2018),27326,No TS winds (<34kt)
Florence (2018),36505,No TS winds (<34kt)
Florence (2018),28523,Hurricane-force (>=64kt)
Florence (2018),32626,No TS winds (<34kt)
Florence (2018),27314,No TS winds (<34kt)
Florence (2018),36340,No TS winds (<34kt)
Florence (2018),28669,No TS winds (<34kt)
Florence (2018),27349,Tropical-storm (34–49kt)
Florence (2018),32227,No TS winds (<34kt)
Florence (2018),27258,Tropical-storm (34–49kt)
Florence (2018),39828,No TS winds (<34kt)
Florence (2018),32443,No TS winds (<34kt)
Florence (2018),27009,No TS winds (<34kt)
Florence (2018),27110,No TS winds (<34kt)
Florence (2018),29385,No TS winds (<34kt)
Florence (2018),30537,No TS winds (<34kt)
Florence (2018),28606,No TS winds (<34kt)
Florence (2018),28392,Gale-force (50–63kt)
Florence (2018),28330,Tropical-storm (34–49kt)
Florence (2018),32140,No TS winds (<34kt)
Florence (2018),32567,No TS winds (<34kt)
Florence (2018),30562,No TS winds (<34kt)
Florence (2018),32697,No TS winds (<34kt)
Florence (2018),27814,Gale-force (50–63kt)
Florence (2018),24351,No TS winds (<34kt)
Florence (2018),27956,Tropical-storm (34–49kt)
Florence (2018),32648,No TS winds (<34kt)
Florence (2018),33847,No TS winds (<34kt)
Florence (2018),27964,Tropical-storm (34–49kt)
Florence (2018),32323,No TS winds (<34kt)
Florence (2018),27840,Tropical-storm (34–49kt)
Florence (2018),32356,No TS winds (<34kt)
Florence (2018),28039,Tropical-storm (34–49kt)
Florence (2018),32133,No TS winds (<34kt)
Florence (2018),32463,No TS winds (<34kt)
Irma (2017),33186,Gale-force (50–63kt)
Irma (2017),33334,Gale-force (50–63kt)
Irma (2017),33410,Gale-force (50–63kt)
Irma (2017),33619,Hurricane-force (>=64kt)
Irma (2017),33972,Hurricane-force (>=64kt)
Irma (2017),34609,Hurricane-force (>=64kt)
Irma (2017),34787,Gale-force (50–63kt)
Irma (2017),32177,Gale-force (50–63kt)
Irma (2017),32207,Gale-force (50–63kt)
Irma (2017),32424,Tropical-storm (34–49kt)
Irma (2017),32507,No TS winds (<34kt)
Irma (2017),32763,Gale-force (50–63kt)
Irma (2017),33071,Gale-force (50–63kt)
Irma (2017),33403,Gale-force (50–63kt)
Irma (2017),33463,Gale-force (50–63kt)
Irma (2017),33764,Gale-force (50–63kt)
Irma (2017),33785,Gale-force (50–63kt)
Irma (2017),33950,Hurricane-force (>=64kt)
Irma (2017),34207,Gale-force (50–63kt)
Irma (2017),32055,Gale-force (50–63kt)
Irma (2017),32063,Gale-force (50–63kt)
Irma (2017),32603,Gale-force (50–63kt)
Irma (2017),32724,Gale-force (50–63kt)
Irma (2017),32836,Gale-force (50–63kt)
Irma (2017),33028,Gale-force (50–63kt)
Irma (2017),33170,Gale-force (50–63kt)
Irma (2017),33173,Gale-force (50–63kt)
Irma (2017),33621,Gale-force (50–63kt)
Irma (2017),34113,Hurricane-force (>=64kt)
Irma (2017),34987,Gale-force (50–63kt)
Irma (2017),32466,Tropical-storm (34–49kt)
Irma (2017),32955,Gale-force (50–63kt)
Irma (2017),33155,Gale-force (50–63kt)
Irma (2017),33167,Gale-force (50–63kt)
Irma (2017),33710,Gale-force (50–63kt)
Irma (2017),33956,Hurricane-force (>=64kt)
Irma (2017),32112,Gale-force (50–63kt)
Irma (2017),32413,Tropical-storm (34–49kt)
Irma (2017),34431,Gale-force (50–63kt)
Irma (2017),32926,Gale-force (50–63kt)
Irma (2017),34461,Hurricane-force (>=64kt)
Irma (2017),32128,Gale-force (50–63kt)
Irma (2017),32656,Gale-force (50–63kt)
Irma (2017),33545,Hurricane-force (>=64kt)
Irma (2017),33896,Gale-force (50–63kt)
Irma (2017),34737,Gale-force (50–63kt)
Irma (2017),32407,Tropical-storm (34–49kt)
Irma (2017),33761,Gale-force (50–63kt)
Irma (2017),34946,Gale-force (50–63kt)
Irma (2017),32073,Gale-force (50–63kt)
Irma (2017),32254,Gale-force (50–63kt)
Irma (2017),32534,No TS winds (<34kt)
Irma (2017),33129,Gale-force (50–63kt)
Irma (2017),34956,Gale-force (50–63kt)
Irma (2017),33016,Gale-force (50–63kt)
Irma (2017),33976,Hurricane-force (>=64kt)
Irma (2017),33538,Gale-force (50–63kt)
Irma (2017),33128,Gale-force (50–63kt)
Irma (2017),33857,Hurricane-force (>=64kt)
Irma (2017),32058,Gale-force (50–63kt)
Irma (2017),32744,Gale-force (50–63kt)
Irma (2017),33711,Gale-force (50–63kt)
Irma (2017),34453,Hurricane-force (>=64kt)
Irma (2017),34291,Hurricane-force (>=64kt)
Irma (2017),32692,Gale-force (50–63kt)
Irma (2017),33930,Hurricane-force (>=64kt)
Irma (2017),31562,Gale-force (50–63kt)
Irma (2017),32139,Gale-force (50–63kt)
Irma (2017),36483,Tropical-storm (34–49kt)
Michael (2018),28445,Tropical-storm (34–49kt)
Michael (2018),28530,Gale-force (50–63kt)
Michael (2018),28575,Gale-force (50–63kt)
Michael (2018),28610,No TS winds (<34kt)
Michael (2018),32607,No TS winds (<34kt)
Michael (2018),32680,Tropical-storm (34–49kt)
Michael (2018),33126,No TS winds (<34kt)
Michael (2018),33155,No TS winds (<34kt)
Michael (2018),33570,No TS winds (<34kt)
Michael (2018),33604,No TS winds (<34kt)
Michael (2018),33810,No TS winds (<34kt)
Michael (2018),33830,No TS winds (<34kt)
Michael (2018),34288,No TS winds (<34kt)
Michael (2018),34491,No TS winds (<34kt)
Michael (2018),27406,No TS winds (<34kt)
Michael (2018),27409,No TS winds (<34kt)
Michael (2018),27614,No TS winds (<34kt)
Michael (2018),27804,No TS winds (<34kt)
Michael (2018),28269,No TS winds (<34kt)
Michael (2018),28555,Gale-force (50–63kt)
Michael (2018),28602,No TS winds (<34kt)
Michael (2018),32011,No TS winds (<34kt)
Michael (2018),32404,Hurricane-force (>=64kt)
Michael (2018),32505,Tropical-storm (34–49kt)
Michael (2018),32837,No TS winds (<34kt)
Michael (2018),33134,No TS winds (<34kt)
Michael (2018),33157,No TS winds (<34kt)
Michael (2018),33410,No TS winds (<34kt)
Michael (2018),33511,No TS winds (<34kt)
Michael (2018),33523,No TS winds (<34kt)
Michael (2018),33597,No TS winds (<34kt)
Michael (2018),33618,No TS winds (<34kt)
Michael (2018),33972,No TS winds (<34kt)
Michael (2018),34104,No TS winds (<34kt)
Michael (2018),34232,No TS winds (<34kt)
Michael (2018),34668,No TS winds (<34kt)
Michael (2018),27048,No TS winds (<34kt)
Michael (2018),27855,Gale-force (50–63kt)
Michael (2018),28270,No TS winds (<34kt)
Michael (2018),28570,Gale-force (50–63kt)
Michael (2018),32180,No TS winds (<34kt)
Michael (2018),32526,Tropical-storm (34–49kt)
Michael (2018),33455,No TS winds (<34kt)
Michael (2018),33541,No TS winds (<34kt)
Michael (2018),33576,No TS winds (<34kt)
Michael (2018),34266,No TS winds (<34kt)
Michael (2018),27408,No TS winds (<34kt)
Michael (2018),27571,No TS winds (<34kt)
Michael (2018),33183,No TS winds (<34kt)
Michael (2018),33433,No TS winds (<34kt)
Michael (2018),33445,No TS winds (<34kt)
Michael (2018),33884,No TS winds (<34kt)
Michael (2018),36572,No TS winds (<34kt)
Michael (2018),32003,No TS winds (<34kt)
Michael (2018),32952,No TS winds (<34kt)
Michael (2018),33174,No TS winds (<34kt)
Michael (2018),33772,No TS winds (<34kt)
Michael (2018),33990,No TS winds (<34kt)
Michael (2018),27574,No TS winds (<34kt)
Michael (2018),27605,No TS winds (<34kt)
Michael (2018),28213,No TS winds (<34kt)
Michael (2018),28311,Tropical-storm (34–49kt)
Michael (2018),28314,Tropical-storm (34–49kt)
Michael (2018),28655,No TS winds (<34kt)
Michael (2018),32720,No TS winds (<34kt)
Michael (2018),33928,No TS winds (<34kt)
Michael (2018),36615,No TS winds (<34kt)
Michael (2018),27051,No TS winds (<34kt)
Michael (2018),27873,No TS winds (<34kt)
Michael (2018),28658,No TS winds (<34kt)
Michael (2018),33177,No TS winds (<34kt)
Michael (2018),33477,No TS winds (<34kt)
Michael (2018),33778,No TS winds (<34kt)
Michael (2018),34476,No TS winds (<34kt)
Michael (2018),36530,Tropical-storm (34–49kt)
Michael (2018),27054,No TS winds (<34kt)
Michael (2018),28584,Gale-force (50–63kt)
Michael (2018),32438,Hurricane-force (>=64kt)
Michael (2018),27248,No TS winds (<34kt)
Michael (2018),32136,No TS winds (<34kt)
Michael (2018),34956,No TS winds (<34kt)
Michael (2018),28025,No TS winds (<34kt)
Michael (2018),33054,No TS winds (<34kt)
Michael (2018),27356,Tropical-storm (34–49kt)
Michael (2018),28612,No TS winds (<34kt)
Michael (2018),29704,No TS winds (<34kt)
Michael (2018),33510,No TS winds (<34kt)
Michael (2018),27052,No TS winds (<34kt)
Michael (2018),28435,Tropical-storm (34–49kt)
Michael (2018),34215,No TS winds (<34kt)
Michael (2018),27231,No TS winds (<34kt)
Michael (2018),33922,No TS winds (<34kt)
Michael (2018),33981,No TS winds (<34kt)
Michael (2018),28705,No TS winds (<34kt)
Michael (2018),27920,Tropical-storm (34–49kt)
Michael (2018),28605,No TS winds (<34kt)
Michael (2018),28668,No TS winds (<34kt)
Michael (2018),27509,No TS winds (<34kt)
Michael (2018),32702,No TS winds (<34kt)
Michael (2018),28581,Gale-force (50–63kt)
Michael (2018),34737,No TS winds (<34kt)
Michael (2018),27966,Gale-force (50–63kt)
Michael (2018),28676,No TS winds (<34kt)
Michael (2018),32322,Gale-force (50–63kt)
Michael (2018),28571,Gale-force (50–63kt)
Michael (2018),32054,Tropical-storm (34–49kt)
Michael (2018),27258,No TS winds (<34kt)
Michael (2018),32456,Hurricane-force (>=64kt)
Michael (2018),27810,Gale-force (50–63kt)
Michael (2018),33921,No TS winds (<34kt)
Michael (2018),27110,No TS winds (<34kt)
Michael (2018),28785,No TS winds (<34kt)
Michael (2018),30541,No TS winds (<34kt)
Michael (2018),32625,Tropical-storm (34–49kt)
Michael (2018),34434,No TS winds (<34kt)
Michael (2018),27947,Gale-force (50–63kt)
Michael (2018),28351,Tropical-storm (34–49kt)
Michael (2018),29676,No TS winds (<34kt)
Michael (2018),27305,No TS winds (<34kt)
Michael (2018),37876,No TS winds (<34kt)
Michael (2018),37391,No TS winds (<34kt)
Michael (2018),27883,No TS winds (<34kt)
Michael (2018),27915,Tropical-storm (34–49kt)
Michael (2018),28438,Tropical-storm (34–49kt)
Michael (2018),28448,Tropical-storm (34–49kt)
Michael (2018),27968,Gale-force (50–63kt)
Michael (2018),23434,No TS winds (<34kt)
Michael (2018),28009,No TS winds (<34kt)
Michael (2018),27824,Gale-force (50–63kt)
Michael (2018),24171,No TS winds (<34kt)
Michael (2018),39828,Tropical-storm (34–49kt)
Michael (2018),33051,No TS winds (<34kt)
Michael (2018),27007,No TS winds (<34kt)
Michael (2018),27924,Gale-force (50–63kt)
Michael (2018),32061,Tropical-storm (34–49kt)
Michael (2018),27878,No TS winds (<34kt)
Michael (2018),32332,Gale-force (50–63kt)
Michael (2018),27978,Gale-force (50–63kt)
Michael (2018),34762,No TS winds (<34kt)
Michael (2018),28583,Gale-force (50–63kt)
Michael (2018),27821,Gale-force (50–63kt)
Michael (2018),23927,Tropical-storm (34–49kt)
Michael (2018),28350,Tropical-storm (34–49kt)
Michael (2018),28330,Tropical-storm (34–49kt)
Michael (2018),28589,Gale-force (50–63kt)
Michael (2018),28537,Gale-force (50–63kt)
Michael (2018),29329,No TS winds (<34kt)
Harvey (2017),77489,Tropical-storm (34–49kt)
Harvey (2017),78539,No TS winds (<34kt)
Harvey (2017),75933,No TS winds (<34kt)
Harvey (2017),77038,Tropical-storm (34–49kt)
Harvey (2017),77055,Tropical-storm (34–49kt)
Harvey (2017),78257,No TS winds (<34kt)
Harvey (2017),78704,No TS winds (<34kt)
Harvey (2017),78735,No TS winds (<34kt)
Harvey (2017),79916,No TS winds (<34kt)
Harvey (2017),76710,Tropical-storm (34–49kt)
Harvey (2017),77018,Tropical-storm (34–49kt)
Harvey (2017),77029,Tropical-storm (34–49kt)
Harvey (2017),77808,Tropical-storm (34–49kt)
Harvey (2017),77994,Gale-force (50–63kt)
Harvey (2017),78410,Gale-force (50–63kt)
Harvey (2017),75065,No TS winds (<34kt)
Harvey (2017),75852,Tropical-storm (34–49kt)
Harvey (2017),76092,No TS winds (<34kt)
Harvey (2017),76179,No TS winds (<34kt)
Harvey (2017),77056,Tropical-storm (34–49kt)
Harvey (2017),71107,No TS winds (<34kt)
Harvey (2017),76504,Tropical-storm (34–49kt)
Harvey (2017),75135,No TS winds (<34kt)
Harvey (2017),77371,No TS winds (<34kt)
Harvey (2017),78133,Tropical-storm (34–49kt)
Harvey (2017),79119,No TS winds (<34kt)
Harvey (2017),79546,No TS winds (<34kt)
Harvey (2017),79764,No TS winds (<34kt)
Harvey (2017),76117,No TS winds (<34kt)
Harvey (2017),76537,No TS winds (<34kt)
Harvey (2017),77035,Tropical-storm (34–49kt)
Harvey (2017),78260,No TS winds (<34kt)
Harvey (2017),78620,No TS winds (<34kt)
Harvey (2017),78734,No TS winds (<34kt)
Harvey (2017),76302,No TS winds (<34kt)
Harvey (2017),76574,Tropical-storm (34–49kt)
Harvey (2017),77485,Tropical-storm (34–49kt)
Harvey (2017),77562,Tropical-storm (34–49kt)
Harvey (2017),77662,No TS winds (<34kt)
Harvey (2017),71006,No TS winds (<34kt)
Harvey (2017),75701,No TS winds (<34kt)
Harvey (2017),76120,No TS winds (<34kt)
Harvey (2017),77032,Tropical-storm (34–49kt)
Harvey (2017),77568,Tropical-storm (34–49kt)
Harvey (2017),75650,No TS winds (<34kt)
Harvey (2017),78953,Tropical-storm (34–49kt)
Harvey (2017),75422,No TS winds (<34kt)
Harvey (2017),76013,No TS winds (<34kt)
Harvey (2017),77530,Tropical-storm (34–49kt)
Harvey (2017),78752,No TS winds (<34kt)
Harvey (2017),79504,No TS winds (<34kt)
Harvey (2017),75480,No TS winds (<34kt)
Harvey (2017),76048,No TS winds (<34kt)
Harvey (2017),76577,Tropical-storm (34–49kt)
Harvey (2017),78205,Tropical-storm (34–49kt)
Harvey (2017),71109,No TS winds (<34kt)
Harvey (2017),77025,Tropical-storm (34–49kt)
Harvey (2017),77320,Tropical-storm (34–49kt)
Harvey (2017),79414,No TS winds (<34kt)
Harvey (2017),73542,No TS winds (<34kt)
Harvey (2017),78748,No TS winds (<34kt)
Harvey (2017),78606,No TS winds (<34kt)
Harvey (2017),76557,Tropical-storm (34–49kt)
Harvey (2017),78753,No TS winds (<34kt)
Harvey (2017),79014,No TS winds (<34kt)
Harvey (2017),79035,No TS winds (<34kt)
Harvey (2017),78236,No TS winds (<34kt)
Harvey (2017),75491,No TS winds (<34kt)
Harvey (2017),77024,Tropical-storm (34–49kt)
Harvey (2017),79096,No TS winds (<34kt)
Harvey (2017),76692,No TS winds (<34kt)
Harvey (2017),71101,No TS winds (<34kt)
Harvey (2017),76073,No TS winds (<34kt)
Harvey (2017),75973,No TS winds (<34kt)
Harvey (2017),76623,No TS winds (<34kt)
Harvey (2017),78071,Tropical-storm (34–49kt)
Harvey (2017),75433,No TS winds (<34kt)
Harvey (2017),75935,No TS winds (<34kt)
Harvey (2017),76633,No TS winds (<34kt)
Harvey (2017),79532,No TS winds (<34kt)
Harvey (2017),77665,No TS winds (<34kt)
Harvey (2017),77856,Tropical-storm (34–49kt)
Harvey (2017),76437,No TS winds (<34kt)
Harvey (2017),71108,No TS winds (<34kt)
Harvey (2017),78376,No TS winds (<34kt)
Harvey (2017),75639,No TS winds (<34kt)
Harvey (2017),75661,No TS winds (<34kt)
Harvey (2017),76823,No TS winds (<34kt)
Harvey (2017),75656,No TS winds (<34kt)
Harvey (2017),75966,No TS winds (<34kt)
Harvey (2017),73456,No TS winds (<34kt)
Harvey (2017),78359,Hurricane-force (>=64kt)
Harvey (2017),76389,No TS winds (<34kt)
Harvey (2017),75929,No TS winds (<34kt)
Harvey (2017),78593,No TS winds (<34kt)
Harvey (2017),76837,No TS winds (<34kt)
Harvey (2017),79777,No TS winds (<34kt)
Harvey (2017),77483,Tropical-storm (34–49kt)
Harvey (2017),78873,No TS winds (<34kt)
Harvey (2017),74729,No TS winds (<34kt)
Harvey (2017),75563,No TS winds (<34kt)
Harvey (2017),88263,No TS winds (<34kt)
Harvey (2017),77458,Tropical-storm (34–49kt)
Harvey (2017),88130,No TS winds (<34kt)
Harvey (2017),79343,No TS winds (<34kt)
Harvey (2017),79778,No TS winds (<34kt)
Harvey (2017),73440,No TS winds (<34kt)
Harvey (2017),79233,No TS winds (<34kt)
Harvey (2017),73529,No TS winds (<34kt)
Harvey (2017),75928,No TS winds (<34kt)
Harvey (2017),78012,Tropical-storm (34–49kt)
Harvey (2017),78880,No TS winds (<34kt)
Harvey (2017),78843,No TS winds (<34kt)
Harvey (2017),78066,No TS winds (<34kt)
Harvey (2017),78057,No TS winds (<34kt)
Harvey (2017),75478,No TS winds (<34kt)
Harvey (2017),73569,No TS winds (<34kt)
Harvey (2017),78931,Tropical-storm (34–49kt)
Harvey (2017),77519,No TS winds (<34kt)
Harvey (2017),76635,No TS winds (<34kt)
Harvey (2017),78340,Hurricane-force (>=64kt)
Harvey (2017),77987,Gale-force (50–63kt)
Harvey (2017),75435,No TS winds (<34kt)
Harvey (2017),71043,No TS winds (<34kt)
Harvey (2017),77419,Tropical-storm (34–49kt)
Harvey (2017),75780,No TS winds (<34kt)
Harvey (2017),76957,No TS winds (<34kt)
Harvey (2017),76666,No TS winds (<34kt)
Harvey (2017),76866,No TS winds (<34kt)
Harvey (2017),78353,No TS winds (<34kt)
Harvey (2017),79854,No TS winds (<34kt)
Harvey (2017),77467,Tropical-storm (34–49kt)
Imelda (2019),75204,No TS winds (<34kt)
Imelda (2019),75495,No TS winds (<34kt)
Imelda (2019),76063,No TS winds (<34kt)
Imelda (2019),76904,No TS winds (<34kt)
Imelda (2019),78223,No TS winds (<34kt)
Imelda (2019),79109,No TS winds (<34kt)
Imelda (2019),79605,No TS winds (<34kt)
Imelda (2019),74726,No TS winds (<34kt)
Imelda (2019),75087,No TS winds (<34kt)
Imelda (2019),75092,No TS winds (<34kt)
Imelda (2019),75215,No TS winds (<34kt)
Imelda (2019),75227,No TS winds (<34kt)
Imelda (2019),77581,No TS winds (<34kt)
Imelda (2019),78384,No TS winds (<34kt)
Imelda (2019),78596,No TS winds (<34kt)
Imelda (2019),78754,No TS winds (<34kt)
Imelda (2019),79252,No TS winds (<34kt)
Imelda (2019),79316,No TS winds (<34kt)
Imelda (2019),77082,No TS winds (<34kt)
Imelda (2019),77318,No TS winds (<34kt)
Imelda (2019),77355,No TS winds (<34kt)
Imelda (2019),78207,No TS winds (<34kt)
Imelda (2019),75235,No TS winds (<34kt)
Imelda (2019),76513,No TS winds (<34kt)
Imelda (2019),77327,No TS winds (<34kt)
Imelda (2019),78028,No TS winds (<34kt)
Imelda (2019),78541,No TS winds (<34kt)
Imelda (2019),79908,No TS winds (<34kt)
Imelda (2019),76249,No TS winds (<34kt)
Imelda (2019),77064,No TS winds (<34kt)
Imelda (2019),75459,No TS winds (<34kt)
Imelda (2019),76273,No TS winds (<34kt)
Imelda (2019),76706,No TS winds (<34kt)
Imelda (2019),77423,No TS winds (<34kt)
Imelda (2019),78717,No TS winds (<34kt)
Imelda (2019),75146,No TS winds (<34kt)
Imelda (2019),75479,No TS winds (<34kt)
Imelda (2019),77868,No TS winds (<34kt)
Imelda (2019),78204,No TS winds (<34kt)
Imelda (2019),78250,No TS winds (<34kt)
Imelda (2019),78860,No TS winds (<34kt)
Imelda (2019),75691,No TS winds (<34kt)
Imelda (2019),76084,No TS winds (<34kt)
Imelda (2019),73449,No TS winds (<34kt)
Imelda (2019),75789,No TS winds (<34kt)
Imelda (2019),77045,No TS winds (<34kt)
Imelda (2019),77085,No TS winds (<34kt)
Imelda (2019),75965,No TS winds (<34kt)
Imelda (2019),78061,No TS winds (<34kt)
Imelda (2019),78155,No TS winds (<34kt)
Imelda (2019),78361,No TS winds (<34kt)
Imelda (2019),78631,No TS winds (<34kt)
Imelda (2019),75220,No TS winds (<34kt)
Imelda (2019),77303,No TS winds (<34kt)
Imelda (2019),78240,No TS winds (<34kt)
Imelda (2019),79415,No TS winds (<34kt)
Imelda (2019),73443,No TS winds (<34kt)
Imelda (2019),75417,No TS winds (<34kt)
Imelda (2019),76653,No TS winds (<34kt)
Imelda (2019),77560,No TS winds (<34kt)
Imelda (2019),76476,No TS winds (<34kt)
Imelda (2019),78726,No TS winds (<34kt)
Imelda (2019),78733,No TS winds (<34kt)
Imelda (2019),75972,No TS winds (<34kt)
Imelda (2019),78727,No TS winds (<34kt)
Imelda (2019),77027,No TS winds (<34kt)
Imelda (2019),78942,No TS winds (<34kt)
Imelda (2019),77871,No TS winds (<34kt)
Imelda (2019),71082,No TS winds (<34kt)
Imelda (2019),77087,No TS winds (<34kt)
Imelda (2019),78935,No TS winds (<34kt)
Imelda (2019),79035,No TS winds (<34kt)
Imelda (2019),75237,No TS winds (<34kt)
Imelda (2019),75563,No TS winds (<34kt)
Imelda (2019),75488,No TS winds (<34kt)
Imelda (2019),78113,No TS winds (<34kt)
Imelda (2019),78257,No TS winds (<34kt)
Imelda (2019),79756,No TS winds (<34kt)
Imelda (2019),75125,No TS winds (<34kt)
Imelda (2019),75707,No TS winds (<34kt)
Imelda (2019),78071,No TS winds (<34kt)
Imelda (2019),79022,No TS winds (<34kt)
Imelda (2019),76903,No TS winds (<34kt)
Imelda (2019),76457,No TS winds (<34kt)
Imelda (2019),75946,No TS winds (<34kt)
Imelda (2019),76936,No TS winds (<34kt)
Imelda (2019),78962,No TS winds (<34kt)
Imelda (2019),76518,No TS winds (<34kt)
Imelda (2019),76652,No TS winds (<34kt)
Imelda (2019),79343,No TS winds (<34kt)
Imelda (2019),79703,No TS winds (<34kt)
Imelda (2019),73448,No TS winds (<34kt)
Imelda (2019),78066,No TS winds (<34kt)
Imelda (2019),76878,No TS winds (<34kt)
Imelda (2019),78829,No TS winds (<34kt)
Imelda (2019),77563,No TS winds (<34kt)
Imelda (2019),77457,No TS winds (<34kt)
Imelda (2019),74748,No TS winds (<34kt)
Imelda (2019),79351,No TS winds (<34kt)
Imelda (2019),79092,No TS winds (<34kt)
Imelda (2019),75926,No TS winds (<34kt)
Imelda (2019),79095,No TS winds (<34kt)
Imelda (2019),75144,No TS winds (<34kt)
Imelda (2019),71403,No TS winds (<34kt)
Imelda (2019),79540,No TS winds (<34kt)
Imelda (2019),76481,No TS winds (<34kt)
Imelda (2019),79342,No TS winds (<34kt)
Imelda (2019),71027,No TS winds (<34kt)
Imelda (2019),77616,No TS winds (<34kt)
Imelda (2019),75471,No TS winds (<34kt)
Imelda (2019),78353,No TS winds (<34kt)
Imelda (2019),79087,No TS winds (<34kt)
Imelda (2019),75453,No TS winds (<34kt)
Imelda (2019),79313,No TS winds (<34kt)
Imelda (2019),75943,No TS winds (<34kt)
Imelda (2019),76486,No TS winds (<34kt)
Imelda (2019),78142,No TS winds (<34kt)
Imelda (2019),79528,No TS winds (<34kt)
Imelda (2019),73937,No TS winds (<34kt)
Imelda (2019),79019,No TS winds (<34kt)
Imelda (2019),78151,No TS winds (<34kt)
Imelda (2019),79052,No TS winds (<34kt)
Imelda (2019),76460,No TS winds (<34kt)
Imelda (2019),73440,No TS winds (<34kt)
Imelda (2019),77855,No TS winds (<34kt)
Imelda (2019),78349,No TS winds (<34kt)
Imelda (2019),76874,No TS winds (<34kt)
Imelda (2019),79847,No TS winds (<34kt)
Imelda (2019),76459,No TS winds (<34kt)
Florence (2018),27915,Gale-force (50–63kt)
Florence (2018),28144,Tropical-storm (34–49kt)
Florence (2018),28205,Tropical-storm (34–49kt)
Florence (2018),28311,Tropical-storm (34–49kt)
Florence (2018),28630,No TS winds (<34kt)
Florence (2018),32065,No TS winds (<34kt)
Florence (2018),32750,No TS winds (<34kt)
Florence (2018),32779,No TS winds (<34kt)
Florence (2018),32810,No TS winds (<34kt)
Florence (2018),33018,No TS winds (<34kt)
Florence (2018),33068,No TS winds (<34kt)
Florence (2018),33145,No TS winds (<34kt)
Florence (2018),33563,No TS winds (<34kt)
Florence (2018),33777,No TS winds (<34kt)
Florence (2018),33811,No TS winds (<34kt)
Florence (2018),34608,No TS winds (<34kt)
Florence (2018),34957,No TS winds (<34kt)
Florence (2018),34994,No TS winds (<34kt)
Florence (2018),27909,Tropical-storm (34–49kt)
Florence (2018),28117,No TS winds (<34kt)
Florence (2018),28584,Hurricane-force (>=64kt)
Florence (2018),28734,No TS winds (<34kt)
Florence (2018),32169,No TS winds (<34kt)
Florence (2018),32244,No TS winds (<34kt)
Florence (2018),32259,No TS winds (<34kt)
Florence (2018),32534,No TS winds (<34kt)
Florence (2018),32825,No TS winds (<34kt)
Florence (2018),33183,No TS winds (<34kt)
Florence (2018),33971,No TS winds (<34kt)
Florence (2018),34207,No TS winds (<34kt)
Florence (2018),34683,No TS winds (<34kt)
Florence (2018),27016,No TS winds (<34kt)
Florence (2018),27958,Tropical-storm (34–49kt)
Florence (2018),28040,No TS winds (<34kt)
Florence (2018),28080,No TS winds (<34kt)
Florence (2018),28273,No TS winds (<34kt)
Florence (2018),28678,No TS winds (<34kt)
Florence (2018),30559,No TS winds (<34kt)
Florence (2018),30582,No TS winds (<34kt)
Florence (2018),32145,No TS winds (<34kt)
Florence (2018),33759,No TS winds (<34kt)
Florence (2018),34945,No TS winds (<34kt)
Florence (2018),27520,Tropical-storm (34–49kt)
Florence (2018),28801,No TS winds (<34kt)
Florence (2018),32456,No TS winds (<34kt)
Florence (2018),33140,No TS winds (<34kt)
Florence (2018),33417,No TS winds (<34kt)
Florence (2018),33538,No TS winds (<34kt)
Florence (2018),33570,No TS winds (<34kt)
Florence (2018),33609,No TS winds (<34kt)
Florence (2018),34667,No TS winds (<34kt)
Florence (2018),27288,No TS winds (<34kt)
Florence (2018),27886,Tropical-storm (34–49kt)
Florence (2018),28904,No TS winds (<34kt)
Florence (2018),33193,No TS winds (<34kt)
Florence (2018),33626,No TS winds (<34kt)
Florence (2018),33755,No TS winds (<34kt)
Florence (2018),34286,No TS winds (<34kt)
Florence (2018),34982,No TS winds (<34kt)
Florence (2018),27106,No TS winds (<34kt)
Florence (2018),28677,No TS winds (<34kt)
Florence (2018),33573,No TS winds (<34kt)
Florence (2018),34291,No TS winds (<34kt)
Florence (2018),28092,No TS winds (<34kt)
Florence (2018),32305,No TS winds (<34kt)
Florence (2018),32694,No TS winds (<34kt)
Florence (2018),32764,No TS winds (<34kt)
Florence (2018),33602,No TS winds (<34kt)
Florence (2018),36535,No TS winds (<34kt)
Florence (2018),27525,Tropical-storm (34–49kt)
Florence (2018),27596,Tropical-storm (34–49kt)
Florence (2018),28465,Hurricane-force (>=64kt)
Florence (2018),33714,No TS winds (<34kt)
Florence (2018),32180,No TS winds (<34kt)
Florence (2018),34108,No TS winds (<34kt)
Florence (2018),32399,No TS winds (<34kt)
Florence (2018),36561,No TS winds (<34kt)
Florence (2018),32095,No TS winds (<34kt)
Florence (2018),32568,No TS winds (<34kt)
Florence (2018),27608,Tropical-storm (34–49kt)
Florence (2018),28033,No TS winds (<34kt)
Florence (2018),28711,No TS winds (<34kt)
Florence (2018),32686,No TS winds (<34kt)
Florence (2018),28444,Hurricane-force (>=64kt)
Florence (2018),28089,No TS winds (<34kt)
Florence (2018),28212,Tropical-storm (34–49kt)
Florence (2018),32136,No TS winds (<34kt)
Florence (2018),33585,No TS winds (<34kt)
Florence (2018),27882,Tropical-storm (34–49kt)
Florence (2018),32321,No TS winds (<34kt)
Florence (2018),28516,Hurricane-force (>=64kt)
Florence (2018),28657,No TS winds (<34kt)
Florence (2018),28747,No TS winds (<34kt)
Florence (2018),32179,No TS winds (<34kt)
Florence (2018),27816,Tropical-storm (34–49kt)
Florence (2018),28544,Hurricane-force (>=64kt)
Florence (2018),28529,Hurricane-force (>=64kt)
Florence (2018),27810,Gale-force (50–63kt)
Florence (2018),28682,No TS winds (<34kt)
Florence (2018),27563,Tropical-storm (34–49kt)
Florence (2018),37692,No TS winds (<34kt)
Florence (2018),28905,No TS winds (<34kt)
Florence (2018),28513,Gale-force (50–63kt)
Florence (2018),28556,Hurricane-force (>=64kt)
Florence (2018),32343,No TS winds (<34kt)
Florence (2018),27883,Gale-force (50–63kt)
Florence (2018),32925,No TS winds (<34kt)
Florence (2018),23457,Tropical-storm (34–49kt)
Florence (2018),27821,Hurricane-force (>=64kt)
Florence (2018),28135,Tropical-storm (34–49kt)
Florence (2018),28323,Tropical-storm (34–49kt)
Florence (2018),28783,No TS winds (<34kt)
Florence (2018),27923,Tropical-storm (34–49kt)
Florence (2018),27824,Tropical-storm (34–49kt)
Florence (2018),23828,Tropical-storm (34–49kt)
Florence (2018),36477,No TS winds (<34kt)
Florence (2018),29712,No TS winds (<34kt)
Florence (2018),27978,Tropical-storm (34–49kt)
Florence (2018),29640,No TS winds (<34kt)
Florence (2018),27819,Gale-force (50–63kt)
Florence (2018),27876,Tropical-storm (34–49kt)
Florence (2018),32430,No TS winds (<34kt)
Florence (2018),36483,No TS winds (<34kt)
Florence (2018),36455,No TS winds (<34kt)
Florence (2018),24540,No TS winds (<34kt)
Florence (2018),28589,Hurricane-force (>=64kt)
Florence (2018),32683,No TS winds (<34kt)
Florence (2018),29594,Tropical-storm (34–49kt)
Florence (2018),34137,No TS winds (<34kt)
Florence (2018),36568,No TS winds (<34kt)
Florence (2018),28108,Tropical-storm (34–49kt)
Florence (2018),33040,No TS winds (<34kt)
Florence (2018),28350,Tropical-storm (34–49kt)
Irma (2017),33317,Gale-force (50–63kt)
Irma (2017),33324,Gale-force (50–63kt)
Irma (2017),33406,Gale-force (50–63kt)
Irma (2017),33444,Gale-force (50–63kt)
Irma (2017),33467,Gale-force (50–63kt)
Irma (2017),33812,Hurricane-force (>=64kt)
Irma (2017),34222,Gale-force (50–63kt)
Irma (2017),34470,Gale-force (50–63kt)
Irma (2017),34637,Hurricane-force (>=64kt)
Irma (2017),34788,Gale-force (50–63kt)
Irma (2017),32301,Gale-force (50–63kt)
Irma (2017),32405,Tropical-storm (34–49kt)
Irma (2017),32935,Gale-force (50–63kt)
Irma (2017),33066,Gale-force (50–63kt)
Irma (2017),33478,Gale-force (50–63kt)
Irma (2017),33487,Gale-force (50–63kt)
Irma (2017),33823,Hurricane-force (>=64kt)
Irma (2017),33837,Gale-force (50–63kt)
Irma (2017),34474,Gale-force (50–63kt)
Irma (2017),34639,Hurricane-force (>=64kt)
Irma (2017),32567,Tropical-storm (34–49kt)
Irma (2017),32570,Tropical-storm (34–49kt)
Irma (2017),32757,Gale-force (50–63kt)
Irma (2017),33141,Gale-force (50–63kt)
Irma (2017),33625,Gale-force (50–63kt)
Irma (2017),32092,Gale-force (50–63kt)
Irma (2017),32132,Gale-force (50–63kt)
Irma (2017),32583,Tropical-storm (34–49kt)
Irma (2017),32827,Gale-force (50–63kt)
Irma (2017),33543,Hurricane-force (>=64kt)
Irma (2017),33602,Gale-force (50–63kt)
Irma (2017),33760,Gale-force (50–63kt)
Irma (2017),33931,Hurricane-force (>=64kt)
Irma (2017),32707,Gale-force (50–63kt)
Irma (2017),33054,Gale-force (50–63kt)
Irma (2017),34741,Gale-force (50–63kt)
Irma (2017),32084,Gale-force (50–63kt)
Irma (2017),32309,Gale-force (50–63kt)
Irma (2017),33613,Hurricane-force (>=64kt)
Irma (2017),34251,Hurricane-force (>=64kt)
Irma (2017),34715,Gale-force (50–63kt)
Irma (2017),33306,Gale-force (50–63kt)
Irma (2017),33759,Gale-force (50–63kt)
Irma (2017),34116,Hurricane-force (>=64kt)
Irma (2017),34224,Hurricane-force (>=64kt)
Irma (2017),32460,Tropical-storm (34–49kt)
Irma (2017),32701,Gale-force (50–63kt)
Irma (2017),33483,Gale-force (50–63kt)
Irma (2017),33150,Gale-force (50–63kt)
Irma (2017),33541,Hurricane-force (>=64kt)
Irma (2017),31636,Gale-force (50–63kt)
Irma (2017),33853,Gale-force (50–63kt)
Irma (2017),32180,Gale-force (50–63kt)
Irma (2017),34219,Gale-force (50–63kt)
Irma (2017),32951,Gale-force (50–63kt)
Irma (2017),34269,Hurricane-force (>=64kt)
Irma (2017),32008,Gale-force (50–63kt)
Irma (2017),32542,Tropical-storm (34–49kt)
Irma (2017),33480,Gale-force (50–63kt)
Irma (2017),32227,Gale-force (50–63kt)
Irma (2017),32509,No TS winds (<34kt)
Irma (2017),32427,Tropical-storm (34–49kt)
Irma (2017),33856,Gale-force (50–63kt)
Irma (2017),32426,Tropical-storm (34–49kt)
Irma (2017),36574,No TS winds (<34kt)
Irma (2017),39897,Gale-force (50–63kt)
Irma (2017),34216,Gale-force (50–63kt)
Michael (2018),29330,No TS winds (<34kt)
Michael (2018),31548,No TS winds (<34kt)
Michael (2018),32712,No TS winds (<34kt)
Michael (2018),32724,No TS winds (<34kt)
Michael (2018),32826,No TS winds (<34kt)
Michael (2018),32960,No TS winds (<34kt)
Michael (2018),33133,No TS winds (<34kt)
Michael (2018),33185,No TS winds (<34kt)
Michael (2018),33319,No TS winds (<34kt)
Michael (2018),33351,No TS winds (<34kt)
Michael (2018),33542,No TS winds (<34kt)
Michael (2018),33610,No TS winds (<34kt)
Michael (2018),33612,No TS winds (<34kt)
Michael (2018),36535,Tropical-storm (34–49kt)
Michael (2018),27591,No TS winds (<34kt)
Michael (2018),27615,No TS winds (<34kt)
Michael (2018),28777,No TS winds (<34kt)
Michael (2018),29687,No TS winds (<34kt)
Michael (2018),29730,No TS winds (<34kt)
Michael (2018),32168,No TS winds (<34kt)
Michael (2018),32583,Tropical-storm (34–49kt)
Michael (2018),32811,No TS winds (<34kt)
Michael (2018),32927,No TS winds (<34kt)
Michael (2018),33408,No TS winds (<34kt)
Michael (2018),33484,No TS winds (<34kt)
Michael (2018),34711,No TS winds (<34kt)
Michael (2018),36567,Tropical-storm (34–49kt)
Michael (2018),36609,No TS winds (<34kt)
Michael (2018),28043,No TS winds (<34kt)
Michael (2018),28147,No TS winds (<34kt)
Michael (2018),32025,Tropical-storm (34–49kt)
Michael (2018),32304,Gale-force (50–63kt)
Michael (2018),33411,No TS winds (<34kt)
Michael (2018),33767,No TS winds (<34kt)
Michael (2018),33848,No TS winds (<34kt)
Michael (2018),33875,No TS winds (<34kt)
Michael (2018),33904,No TS winds (<34kt)
Michael (2018),34212,No TS winds (<34kt)
Michael (2018),27292,No TS winds (<34kt)
Michael (2018),27889,Gale-force (50–63kt)
Michael (2018),28012,No TS winds (<34kt)
Michael (2018),28356,Tropical-storm (34–49kt)
Michael (2018),28792,No TS winds (<34kt)
Michael (2018),32333,Gale-force (50–63kt)
Michael (2018),32643,Tropical-storm (34–49kt)
Michael (2018),33187,No TS winds (<34kt)
Michael (2018),34420,No TS winds (<34kt)
Michael (2018),36580,Tropical-storm (34–49kt)
Michael (2018),27028,No TS winds (<34kt)
Michael (2018),28377,Tropical-storm (34–49kt)
Michael (2018),28730,No TS winds (<34kt)
Michael (2018),28791,No TS winds (<34kt)
Michael (2018),32571,Tropical-storm (34–49kt)
Michael (2018),33327,No TS winds (<34kt)
Michael (2018),33549,No TS winds (<34kt)
Michael (2018),34222,No TS winds (<34kt)
Michael (2018),27265,No TS winds (<34kt)
Michael (2018),27801,No TS winds (<34kt)
Michael (2018),32091,No TS winds (<34kt)
Michael (2018),32321,Hurricane-force (>=64kt)
Michael (2018),33498,No TS winds (<34kt)
Michael (2018),33897,No TS winds (<34kt)
Michael (2018),28479,Tropical-storm (34–49kt)
Michael (2018),32767,No TS winds (<34kt)
Michael (2018),33624,No TS winds (<34kt)
Michael (2018),28451,Tropical-storm (34–49kt)
Michael (2018),28305,Tropical-storm (34–49kt)
Michael (2018),27807,No TS winds (<34kt)
Michael (2018),28303,Tropical-storm (34–49kt)
Michael (2018),28786,No TS winds (<34kt)
Michael (2018),34947,No TS winds (<34kt)
Michael (2018),27522,No TS winds (<34kt)
Michael (2018),32008,Tropical-storm (34–49kt)
Michael (2018),32351,Gale-force (50–63kt)
Michael (2018),33473,No TS winds (<34kt)
Michael (2018),33762,No TS winds (<34kt)
Michael (2018),28458,Tropical-storm (34–49kt)
Michael (2018),28709,No TS winds (<34kt)
Michael (2018),30582,No TS winds (<34kt)
Michael (2018),33135,No TS winds (<34kt)
Michael (2018),33168,No TS winds (<34kt)
Michael (2018),27022,No TS winds (<34kt)
Michael (2018),32228,No TS winds (<34kt)
Michael (2018),33785,No TS winds (<34kt)
Michael (2018),33705,No TS winds (<34kt)
Michael (2018),27809,Gale-force (50–63kt)
Michael (2018),33850,No TS winds (<34kt)
Michael (2018),28369,Tropical-storm (34–49kt)
Michael (2018),27921,Gale-force (50–63kt)
Michael (2018),28539,Gale-force (50–63kt)
Michael (2018),32204,No TS winds (<34kt)
Michael (2018),27936,Tropical-storm (34–49kt)
Michael (2018),32427,Gale-force (50–63kt)
Michael (2018),28422,Tropical-storm (34–49kt)
Michael (2018),27839,Gale-force (50–63kt)
Michael (2018),27326,No TS winds (<34kt)
Michael (2018),28160,No TS winds (<34kt)
Michael (2018),32420,Hurricane-force (>=64kt)
Michael (2018),28349,Tropical-storm (34–49kt)
Michael (2018),27983,Gale-force (50–63kt)
Michael (2018),28452,Tropical-storm (34–49kt)
Michael (2018),36688,No TS winds (<34kt)
Michael (2018),28308,Tropical-storm (34–49kt)
Michael (2018),28077,No TS winds (<34kt)
Michael (2018),32323,Gale-force (50–63kt)
Michael (2018),34216,No TS winds (<34kt)
Michael (2018),32622,No TS winds (<34kt)
Michael (2018),27208,Tropical-storm (34–49kt)
Michael (2018),23919,Tropical-storm (34–49kt)
Michael (2018),32449,Hurricane-force (>=64kt)
Michael (2018),28091,Tropical-storm (34–49kt)
Michael (2018),28169,No TS winds (<34kt)
Michael (2018),27879,Gale-force (50–63kt)
Michael (2018),28749,No TS winds (<34kt)
Harvey (2017),70631,No TS winds (<34kt)
Harvey (2017),75218,No TS winds (<34kt)
Harvey (2017),77036,Tropical-storm (34–49kt)
Harvey (2017),77379,Tropical-storm (34–49kt)
Harvey (2017),77385,Tropical-storm (34–49kt)
Harvey (2017),78332,Tropical-storm (34–49kt)
Harvey (2017),75248,No TS winds (<34kt)
Harvey (2017),77095,Tropical-storm (34–49kt)
Harvey (2017),77657,No TS winds (<34kt)
Harvey (2017),71047,No TS winds (<34kt)
Harvey (2017),75494,No TS winds (<34kt)
Harvey (2017),76643,Tropical-storm (34–49kt)
Harvey (2017),77084,Tropical-storm (34–49kt)
Harvey (2017),76140,No TS winds (<34kt)
Harvey (2017),76367,No TS winds (<34kt)
Harvey (2017),76543,No TS winds (<34kt)
Harvey (2017),77414,Tropical-storm (34–49kt)
Harvey (2017),77449,Tropical-storm (34–49kt)
Harvey (2017),78258,No TS winds (<34kt)
Harvey (2017),78633,No TS winds (<34kt)
Harvey (2017),75074,No TS winds (<34kt)
Harvey (2017),76571,No TS winds (<34kt)
Harvey (2017),77045,Tropical-storm (34–49kt)
Harvey (2017),77336,Tropical-storm (34–49kt)
Harvey (2017),77505,Tropical-storm (34–49kt)
Harvey (2017),78574,No TS winds (<34kt)
Harvey (2017),78596,No TS winds (<34kt)
Harvey (2017),75951,No TS winds (<34kt)
Harvey (2017),76305,No TS winds (<34kt)
Harvey (2017),77539,Tropical-storm (34–49kt)
Harvey (2017),78209,Tropical-storm (34–49kt)
Harvey (2017),78839,No TS winds (<34kt)
Harvey (2017),76578,Tropical-storm (34–49kt)
Harvey (2017),77355,Tropical-storm (34–49kt)
Harvey (2017),77441,Tropical-storm (34–49kt)
Harvey (2017),77445,Tropical-storm (34–49kt)
Harvey (2017),77642,No TS winds (<34kt)
Harvey (2017),78147,Tropical-storm (34–49kt)
Harvey (2017),78160,Gale-force (50–63kt)
Harvey (2017),78664,No TS winds (<34kt)
Harvey (2017),79701,No TS winds (<34kt)
Harvey (2017),75237,No TS winds (<34kt)
Harvey (2017),77015,Tropical-storm (34–49kt)
Harvey (2017),78237,No TS winds (<34kt)
Harvey (2017),79782,No TS winds (<34kt)
Harvey (2017),76539,No TS winds (<34kt)
Harvey (2017),77484,Tropical-storm (34–49kt)
Harvey (2017),78414,Gale-force (50–63kt)
Harvey (2017),79053,No TS winds (<34kt)
Harvey (2017),79079,No TS winds (<34kt)
Harvey (2017),79313,No TS winds (<34kt)
Harvey (2017),75287,No TS winds (<34kt)
Harvey (2017),76308,No TS winds (<34kt)
Harvey (2017),76450,No TS winds (<34kt)
Harvey (2017),78050,Tropical-storm (34–49kt)
Harvey (2017),78729,No TS winds (<34kt)
Harvey (2017),77586,Tropical-storm (34–49kt)
Harvey (2017),77590,Tropical-storm (34–49kt)
Harvey (2017),79904,No TS winds (<34kt)
Harvey (2017),71854,No TS winds (<34kt)
Harvey (2017),75633,No TS winds (<34kt)
Harvey (2017),75692,No TS winds (<34kt)
Harvey (2017),77474,Tropical-storm (34–49kt)
Harvey (2017),79719,No TS winds (<34kt)
Harvey (2017),75057,No TS winds (<34kt)
Harvey (2017),78634,No TS winds (<34kt)
Harvey (2017),79052,No TS winds (<34kt)
Harvey (2017),73446,No TS winds (<34kt)
Harvey (2017),77551,Tropical-storm (34–49kt)
Harvey (2017),78724,No TS winds (<34kt)
Harvey (2017),79770,No TS winds (<34kt)
Harvey (2017),75833,No TS winds (<34kt)
Harvey (2017),76856,No TS winds (<34kt)
Harvey (2017),77092,Tropical-storm (34–49kt)
Harvey (2017),78569,No TS winds (<34kt)
Harvey (2017),78886,No TS winds (<34kt)
Harvey (2017),76067,No TS winds (<34kt)
Harvey (2017),78653,No TS winds (<34kt)
Harvey (2017),78059,No TS winds (<34kt)
Harvey (2017),77068,Tropical-storm (34–49kt)
Harvey (2017),78069,No TS winds (<34kt)
Harvey (2017),73430,No TS winds (<34kt)
Harvey (2017),75693,No TS winds (<34kt)
Harvey (2017),76656,Tropical-storm (34–49kt)
Harvey (2017),76661,Tropical-storm (34–49kt)
Harvey (2017),75249,No TS winds (<34kt)
Harvey (2017),79057,No TS winds (<34kt)
Harvey (2017),79311,No TS winds (<34kt)
Harvey (2017),75645,No TS winds (<34kt)
Harvey (2017),78595,No TS winds (<34kt)
Harvey (2017),73858,No TS winds (<34kt)
Harvey (2017),79256,No TS winds (<34kt)
Harvey (2017),76550,No TS winds (<34kt)
Harvey (2017),78416,Gale-force (50–63kt)
Harvey (2017),79081,No TS winds (<34kt)
Harvey (2017),79111,No TS winds (<34kt)
Harvey (2017),79092,No TS winds (<34kt)
Harvey (2017),76055,No TS winds (<34kt)
Harvey (2017),77975,Gale-force (50–63kt)
Harvey (2017),75496,No TS winds (<34kt)
Harvey (2017),75551,No TS winds (<34kt)
Harvey (2017),77624,No TS winds (<34kt)
Harvey (2017),71403,No TS winds (<34kt)
Harvey (2017),78202,Tropical-storm (34–49kt)
Harvey (2017),75638,No TS winds (<34kt)
Harvey (2017),77857,Tropical-storm (34–49kt)
Harvey (2017),76430,No TS winds (<34kt)
Harvey (2017),75416,No TS winds (<34kt)
Harvey (2017),75163,No TS winds (<34kt)
Harvey (2017),77050,Tropical-storm (34–49kt)
Harvey (2017),76858,No TS winds (<34kt)
Harvey (2017),79063,No TS winds (<34kt)
Harvey (2017),78141,Gale-force (50–63kt)
Harvey (2017),76239,No TS winds (<34kt)
Harvey (2017),77971,Gale-force (50–63kt)
Harvey (2017),79046,No TS winds (<34kt)
Harvey (2017),79379,No TS winds (<34kt)
Harvey (2017),78143,Gale-force (50–63kt)
Harvey (2017),79788,No TS winds (<34kt)
Harvey (2017),79369,No TS winds (<34kt)
Harvey (2017),73553,No TS winds (<34kt)
Harvey (2017),75784,No TS winds (<34kt)
Harvey (2017),88430,No TS winds (<34kt)
Harvey (2017),79831,No TS winds (<34kt)
Harvey (2017),79062,No TS winds (<34kt)
Harvey (2017),78578,No TS winds (<34kt)
Harvey (2017),75764,No TS winds (<34kt)
Harvey (2017),75759,No TS winds (<34kt)
Harvey (2017),73554,No TS winds (<34kt)
Imelda (2019),75287,No TS winds (<34kt)
Imelda (2019),76014,No TS winds (<34kt)
Imelda (2019),76048,No TS winds (<34kt)
Imelda (2019),76073,No TS winds (<34kt)
Imelda (2019),76207,No TS winds (<34kt)
Imelda (2019),77384,No TS winds (<34kt)
Imelda (2019),77539,No TS winds (<34kt)
Imelda (2019),78041,No TS winds (<34kt)
Imelda (2019),78374,No TS winds (<34kt)
Imelda (2019),78526,No TS winds (<34kt)
Imelda (2019),78669,No TS winds (<34kt)
Imelda (2019),79936,No TS winds (<34kt)
Imelda (2019),71129,No TS winds (<34kt)
Imelda (2019),71854,No TS winds (<34kt)
Imelda (2019),75035,No TS winds (<34kt)
Imelda (2019),75050,No TS winds (<34kt)
Imelda (2019),75154,No TS winds (<34kt)
Imelda (2019),76036,No TS winds (<34kt)
Imelda (2019),77039,No TS winds (<34kt)
Imelda (2019),78023,No TS winds (<34kt)
Imelda (2019),78070,No TS winds (<34kt)
Imelda (2019),78214,No TS winds (<34kt)
Imelda (2019),78746,No TS winds (<34kt)
Imelda (2019),79414,No TS winds (<34kt)
Imelda (2019),79714,No TS winds (<34kt)
Imelda (2019),79763,No TS winds (<34kt)
Imelda (2019),71106,No TS winds (<34kt)
Imelda (2019),75141,No TS winds (<34kt)
Imelda (2019),75402,No TS winds (<34kt)
Imelda (2019),75554,No TS winds (<34kt)
Imelda (2019),76002,No TS winds (<34kt)
Imelda (2019),76548,No TS winds (<34kt)
Imelda (2019),77968,No TS winds (<34kt)
Imelda (2019),78217,No TS winds (<34kt)
Imelda (2019),79121,No TS winds (<34kt)
Imelda (2019),75025,No TS winds (<34kt)
Imelda (2019),75240,No TS winds (<34kt)
Imelda (2019),75605,No TS winds (<34kt)
Imelda (2019),75002,No TS winds (<34kt)
Imelda (2019),76137,No TS winds (<34kt)
Imelda (2019),78702,No TS winds (<34kt)
Imelda (2019),78734,No TS winds (<34kt)
Imelda (2019),76114,No TS winds (<34kt)
Imelda (2019),77627,No TS winds (<34kt)
Imelda (2019),77964,No TS winds (<34kt)
Imelda (2019),78010,No TS winds (<34kt)
Imelda (2019),78681,No TS winds (<34kt)
Imelda (2019),78758,No TS winds (<34kt)
Imelda (2019),75941,No TS winds (<34kt)
Imelda (2019),76093,No TS winds (<34kt)
Imelda (2019),77090,No TS winds (<34kt)
Imelda (2019),77092,No TS winds (<34kt)
Imelda (2019),77502,No TS winds (<34kt)
Imelda (2019),77551,No TS winds (<34kt)
Imelda (2019),75023,No TS winds (<34kt)
Imelda (2019),77583,No TS winds (<34kt)
Imelda (2019),79410,No TS winds (<34kt)
Imelda (2019),75457,No TS winds (<34kt)
Imelda (2019),78946,No TS winds (<34kt)
Imelda (2019),79423,No TS winds (<34kt)
Imelda (2019),77069,No TS winds (<34kt)
Imelda (2019),78263,No TS winds (<34kt)
Imelda (2019),78521,No TS winds (<34kt)
Imelda (2019),79029,No TS winds (<34kt)
Imelda (2019),75948,No TS winds (<34kt)
Imelda (2019),78552,No TS winds (<34kt)
Imelda (2019),79412,No TS winds (<34kt)
Imelda (2019),79061,No TS winds (<34kt)
Imelda (2019),79838,No TS winds (<34kt)
Imelda (2019),78076,No TS winds (<34kt)
Imelda (2019),76650,No TS winds (<34kt)
Imelda (2019),78236,No TS winds (<34kt)
Imelda (2019),78834,No TS winds (<34kt)
Imelda (2019),70665,No TS winds (<34kt)
Imelda (2019),75143,No TS winds (<34kt)
Imelda (2019),77801,No TS winds (<34kt)
Imelda (2019),77049,No TS winds (<34kt)
Imelda (2019),79930,No TS winds (<34kt)
Imelda (2019),78368,No TS winds (<34kt)
Imelda (2019),77831,No TS winds (<34kt)
Imelda (2019),76875,No TS winds (<34kt)
Imelda (2019),79084,No TS winds (<34kt)
Imelda (2019),75603,No TS winds (<34kt)
Imelda (2019),76633,No TS winds (<34kt)
Imelda (2019),77656,No TS winds (<34kt)
Imelda (2019),77054,No TS winds (<34kt)
Imelda (2019),77659,No TS winds (<34kt)
Imelda (2019),75969,No TS winds (<34kt)
Imelda (2019),76691,No TS winds (<34kt)
Imelda (2019),79541,No TS winds (<34kt)
Imelda (2019),75763,No TS winds (<34kt)
Imelda (2019),77622,No TS winds (<34kt)
Imelda (2019),75692,No TS winds (<34kt)
Imelda (2019),76247,No TS winds (<34kt)
Imelda (2019),79525,No TS winds (<34kt)
Imelda (2019),75487,No TS winds (<34kt)
Imelda (2019),75684,No TS winds (<34kt)
Imelda (2019),70661,No TS winds (<34kt)
Imelda (2019),76661,No TS winds (<34kt)
Imelda (2019),75974,No TS winds (<34kt)
Imelda (2019),78594,No TS winds (<34kt)
Imelda (2019),79533,No TS winds (<34kt)
Imelda (2019),76487,No TS winds (<34kt)
Imelda (2019),76127,No TS winds (<34kt)
Imelda (2019),78931,No TS winds (<34kt)
Imelda (2019),78056,No TS winds (<34kt)
Imelda (2019),78357,No TS winds (<34kt)
Imelda (2019),77975,No TS winds (<34kt)
Imelda (2019),79011,No TS winds (<34kt)
Imelda (2019),78850,No TS winds (<34kt)
Imelda (2019),76837,No TS winds (<34kt)
Imelda (2019),78044,No TS winds (<34kt)
Imelda (2019),73531,No TS winds (<34kt)
Imelda (2019),79059,No TS winds (<34kt)
Imelda (2019),76871,No TS winds (<34kt)
Imelda (2019),79093,No TS winds (<34kt)
Imelda (2019),77454,No TS winds (<34kt)
Imelda (2019),76491,No TS winds (<34kt)
Imelda (2019),73642,No TS winds (<34kt)
Imelda (2019),78592,No TS winds (<34kt)
Imelda (2019),77950,No TS winds (<34kt)
Imelda (2019),79718,No TS winds (<34kt)
Imelda (2019),78162,No TS winds (<34kt)
Imelda (2019),76566,No TS winds (<34kt)
Imelda (2019),77974,No TS winds (<34kt)
Imelda (2019),78622,No TS winds (<34kt)
Imelda (2019),75157,No TS winds (<34kt)
Imelda (2019),78879,No TS winds (<34kt)
Imelda (2019),76469,No TS winds (<34kt)
Imelda (2019),77460,No TS winds (<34kt)
Imelda (2019),79234,No TS winds (<34kt)
Imelda (2019),76685,No TS winds (<34kt)
Imelda (2019),78125,No TS winds (<34kt)
Florence (2018),28139,No TS winds (<34kt)
Florence (2018),32570,No TS winds (<34kt)
Florence (2018),32803,No TS winds (<34kt)
Florence (2018),32819,No TS winds (<34kt)
Florence (2018),32826,No TS winds (<34kt)
Florence (2018),32935,No TS winds (<34kt)
Florence (2018),33138,No TS winds (<34kt)
Florence (2018),33144,No TS winds (<34kt)
Florence (2018),33196,No TS winds (<34kt)
Florence (2018),33771,No TS winds (<34kt)
Florence (2018),33897,No TS winds (<34kt)
Florence (2018),33904,No TS winds (<34kt)
Florence (2018),33917,No TS winds (<34kt)
Florence (2018),34202,No TS winds (<34kt)
Florence (2018),34953,No TS winds (<34kt)
Florence (2018),37743,No TS winds (<34kt)
Florence (2018),27013,Tropical-storm (34–49kt)
Florence (2018),27104,No TS winds (<34kt)
Florence (2018),27292,Tropical-storm (34–49kt)
Florence (2018),27332,Tropical-storm (34–49kt)
Florence (2018),27534,Gale-force (50–63kt)
Florence (2018),28001,Tropical-storm (34–49kt)
Florence (2018),28377,Gale-force (50–63kt)
Florence (2018),28601,No TS winds (<34kt)
Florence (2018),28708,No TS winds (<34kt)
Florence (2018),29708,No TS winds (<34kt)
Florence (2018),32038,No TS winds (<34kt)
Florence (2018),32404,No TS winds (<34kt)
Florence (2018),32708,No TS winds (<34kt)
Florence (2018),33480,No TS winds (<34kt)
Florence (2018),33486,No TS winds (<34kt)
Florence (2018),33702,No TS winds (<34kt)
Florence (2018),33909,No TS winds (<34kt)
Florence (2018),33947,No TS winds (<34kt)
Florence (2018),34655,No TS winds (<34kt)
Florence (2018),34705,No TS winds (<34kt)
Florence (2018),27707,Tropical-storm (34–49kt)
Florence (2018),28163,Tropical-storm (34–49kt)
Florence (2018),28612,No TS winds (<34kt)
Florence (2018),32926,No TS winds (<34kt)
Florence (2018),33330,No TS winds (<34kt)
Florence (2018),33596,No TS winds (<34kt)
Florence (2018),34293,No TS winds (<34kt)
Florence (2018),27007,No TS winds (<34kt)
Florence (2018),27260,No TS winds (<34kt)
Florence (2018),28107,Tropical-storm (34–49kt)
Florence (2018),28409,Hurricane-force (>=64kt)
Florence (2018),28530,Gale-force (50–63kt)
Florence (2018),28901,No TS winds (<34kt)
Florence (2018),29704,No TS winds (<34kt)
Florence (2018),32405,No TS winds (<34kt)
Florence (2018),33070,No TS winds (<34kt)
Florence (2018),33843,No TS winds (<34kt)
Florence (2018),33991,No TS winds (<34kt)
Florence (2018),34981,No TS winds (<34kt)
Florence (2018),27518,Tropical-storm (34–49kt)
Florence (2018),33409,No TS winds (<34kt)
Florence (2018),33803,No TS winds (<34kt)
Florence (2018),27214,No TS winds (<34kt)
Florence (2018),32439,No TS winds (<34kt)
Florence (2018),34465,No TS winds (<34kt)
Florence (2018),24171,No TS winds (<34kt)
Florence (2018),27215,No TS winds (<34kt)
Florence (2018),28543,Hurricane-force (>=64kt)
Florence (2018),28610,No TS winds (<34kt)
Florence (2018),28665,No TS winds (<34kt)
Florence (2018),32054,No TS winds (<34kt)
Florence (2018),34637,No TS winds (<34kt)
Florence (2018),34669,No TS winds (<34kt)
Florence (2018),24317,No TS winds (<34kt)
Florence (2018),32702,No TS winds (<34kt)
Florence (2018),33559,No TS winds (<34kt)
Florence (2018),34242,No TS winds (<34kt)
Florence (2018),36576,No TS winds (<34kt)
Florence (2018),28098,No TS winds (<34kt)
Florence (2018),31537,No TS winds (<34kt)
Florence (2018),33972,No TS winds (<34kt)
Florence (2018),34201,No TS winds (<34kt)
Florence (2018),28138,Tropical-storm (34–49kt)
Florence (2018),29323,No TS winds (<34kt)
Florence (2018),32763,No TS winds (<34kt)
Florence (2018),34756,No TS winds (<34kt)
Florence (2018),32202,No TS winds (<34kt)
Florence (2018),32438,No TS winds (<34kt)
Florence (2018),34947,No TS winds (<34kt)
Florence (2018),34956,No TS winds (<34kt)
Florence (2018),33974,No TS winds (<34kt)
Florence (2018),33993,No TS winds (<34kt)
Florence (2018),28167,No TS winds (<34kt)
Florence (2018),36604,No TS winds (<34kt)
Florence (2018),27874,Tropical-storm (34–49kt)
Florence (2018),27536,Tropical-storm (34–49kt)
Florence (2018),28705,No TS winds (<34kt)
Florence (2018),32501,No TS winds (<34kt)
Florence (2018),28366,Gale-force (50–63kt)
Florence (2018),32081,No TS winds (<34kt)
Florence (2018),27936,Gale-force (50–63kt)
Florence (2018),32616,No TS winds (<34kt)
Florence (2018),34739,No TS winds (<34kt)
Florence (2018),28692,No TS winds (<34kt)
Florence (2018),29322,No TS winds (<34kt)
Florence (2018),32544,No TS winds (<34kt)
Florence (2018),36521,No TS winds (<34kt)
Florence (2018),32449,No TS winds (<34kt)
Florence (2018),29709,Tropical-storm (34–49kt)
Florence (2018),28773,No TS winds (<34kt)
Florence (2018),32113,No TS winds (<34kt)
Florence (2018),28644,No TS winds (<34kt)
Florence (2018),32709,No TS winds (<34kt)
Florence (2018),28364,Tropical-storm (34–49kt)
Florence (2018),32831,No TS winds (<34kt)
Florence (2018),27806,Gale-force (50–63kt)
Florence (2018),29525,Tropical-storm (34–49kt)
Florence (2018),32147,No TS winds (<34kt)
Florence (2018),29685,No TS winds (<34kt)
Florence (2018),27832,Tropical-storm (34–49kt)
Florence (2018),28280,No TS winds (<34kt)
Florence (2018),28538,Gale-force (50–63kt)
Florence (2018),27857,Tropical-storm (34–49kt)
Florence (2018),27897,Tropical-storm (34–49kt)
Florence (2018),28735,No TS winds (<34kt)
Florence (2018),39834,No TS winds (<34kt)
Florence (2018),28671,No TS winds (<34kt)
Florence (2018),36426,No TS winds (<34kt)
Florence (2018),28577,Hurricane-force (>=64kt)
Florence (2018),37753,No TS winds (<34kt)
Florence (2018),30525,No TS winds (<34kt)
Florence (2018),33744,No TS winds (<34kt)
Florence (2018),32432,No TS winds (<34kt)
Florence (2018),37843,No TS winds (<34kt)
Florence (2018),28169,No TS winds (<34kt)
Irma (2017),33428,Gale-force (50–63kt)
Irma (2017),33445,Gale-force (50–63kt)
Irma (2017),33460,Gale-force (50–63kt)
Irma (2017),33559,Hurricane-force (>=64kt)
Irma (2017),33626,Gale-force (50–63kt)
Irma (2017),33904,Hurricane-force (>=64kt)
Irma (2017),33913,Hurricane-force (>=64kt)
Irma (2017),34275,Hurricane-force (>=64kt)
Irma (2017),34689,Gale-force (50–63kt)
Irma (2017),32514,No TS winds (<34kt)
Irma (2017),32789,Gale-force (50–63kt)
Irma (2017),33019,Gale-force (50–63kt)
Irma (2017),33060,Gale-force (50–63kt)
Irma (2017),33183,Gale-force (50–63kt)
Irma (2017),33776,Gale-force (50–63kt)
Irma (2017),34473,Gale-force (50–63kt)
Irma (2017),34653,Hurricane-force (>=64kt)
Irma (2017),34984,Gale-force (50–63kt)
Irma (2017),32605,Gale-force (50–63kt)
Irma (2017),32771,Gale-force (50–63kt)
Irma (2017),32837,Gale-force (50–63kt)
Irma (2017),32940,Gale-force (50–63kt)
Irma (2017),33024,Gale-force (50–63kt)
Irma (2017),33549,Hurricane-force (>=64kt)
Irma (2017),33565,Hurricane-force (>=64kt)
Irma (2017),36542,No TS winds (<34kt)
Irma (2017),32096,Gale-force (50–63kt)
Irma (2017),32792,Gale-force (50–63kt)
Irma (2017),33174,Gale-force (50–63kt)
Irma (2017),33401,Gale-force (50–63kt)
Irma (2017),34109,Hurricane-force (>=64kt)
Irma (2017),34112,Hurricane-force (>=64kt)
Irma (2017),34786,Gale-force (50–63kt)
Irma (2017),32137,Gale-force (50–63kt)
Irma (2017),33030,Gale-force (50–63kt)
Irma (2017),33187,Hurricane-force (>=64kt)
Irma (2017),33145,Gale-force (50–63kt)
Irma (2017),33876,Hurricane-force (>=64kt)
Irma (2017),33897,Hurricane-force (>=64kt)
Irma (2017),33954,Hurricane-force (>=64kt)
Irma (2017),34235,Gale-force (50–63kt)
Irma (2017),32702,Gale-force (50–63kt)
Irma (2017),32736,Gale-force (50–63kt)
Irma (2017),33576,Hurricane-force (>=64kt)
Irma (2017),34205,Gale-force (50–63kt)
Irma (2017),34736,Hurricane-force (>=64kt)
Irma (2017),32751,Gale-force (50–63kt)
Irma (2017),32118,Gale-force (50–63kt)
Irma (2017),32628,Gale-force (50–63kt)
Irma (2017),33330,Gale-force (50–63kt)
Irma (2017),34614,Hurricane-force (>=64kt)
Irma (2017),32217,Gale-force (50–63kt)
Irma (2017),34743,Gale-force (50–63kt)
Irma (2017),34479,Gale-force (50–63kt)
Irma (2017),33947,Hurricane-force (>=64kt)
Irma (2017),32083,Gale-force (50–63kt)
Irma (2017),33131,Gale-force (50–63kt)
Irma (2017),32431,Tropical-storm (34–49kt)
Irma (2017),31792,Gale-force (50–63kt)
Irma (2017),36314,No TS winds (<34kt)
Irma (2017),32343,Gale-force (50–63kt)
Irma (2017),32324,Tropical-storm (34–49kt)
Irma (2017),32443,Tropical-storm (34–49kt)
Irma (2017),33521,Gale-force (50–63kt)
Irma (2017),32147,Gale-force (50–63kt)
Irma (2017),32697,Gale-force (50–63kt)
Irma (2017),33867,Gale-force (50–63kt)
Irma (2017),36344,Tropical-storm (34–49kt)
Irma (2017),32648,Gale-force (50–63kt)
Irma (2017),32361,Gale-force (50–63kt)
Irma (2017),32683,Gale-force (50–63kt)
Irma (2017),32463,Tropical-storm (34–49kt)
Florence (2018),28707,No TS winds (<34kt)
Florence (2018),28587,Hurricane-force (>=64kt)
Florence (2018),24529,No TS winds (<34kt)
Florence (2018),23323,Tropical-storm (34–49kt)
Michael (2018),29349,No TS winds (<34kt)
Michael (2018),29710,No TS winds (<34kt)
Michael (2018),29715,No TS winds (<34kt)
Michael (2018),32073,No TS winds (<34kt)
Michael (2018),32233,No TS winds (<34kt)
Michael (2018),32428,Gale-force (50–63kt)
Michael (2018),32726,No TS winds (<34kt)
Michael (2018),32827,No TS winds (<34kt)
Michael (2018),33325,No TS winds (<34kt)
Michael (2018),33572,No TS winds (<34kt)
Michael (2018),34229,No TS winds (<34kt)
Michael (2018),34293,No TS winds (<34kt)
Michael (2018),36587,No TS winds (<34kt)
Michael (2018),27510,No TS winds (<34kt)
Michael (2018),27560,No TS winds (<34kt)
Michael (2018),27610,No TS winds (<34kt)
Michael (2018),32401,Hurricane-force (>=64kt)
Michael (2018),32448,Hurricane-force (>=64kt)
Michael (2018),32771,No TS winds (<34kt)
Michael (2018),33027,No TS winds (<34kt)
Michael (2018),33436,No TS winds (<34kt)
Michael (2018),33823,No TS winds (<34kt)
Michael (2018),34606,No TS winds (<34kt)
Michael (2018),27954,Gale-force (50–63kt)
Michael (2018),28801,No TS winds (<34kt)
Michael (2018),32223,No TS winds (<34kt)
Michael (2018),33449,No TS winds (<34kt)
Michael (2018),33903,No TS winds (<34kt)
Michael (2018),33935,No TS winds (<34kt)
Michael (2018),34223,No TS winds (<34kt)
Michael (2018),34472,No TS winds (<34kt)
Michael (2018),34480,No TS winds (<34kt)
Michael (2018),34683,No TS winds (<34kt)
Michael (2018),36507,No TS winds (<34kt)
Michael (2018),27523,No TS winds (<34kt)
Michael (2018),27524,Tropical-storm (34–49kt)
Michael (2018),27573,No TS winds (<34kt)
Michael (2018),27704,No TS winds (<34kt)
Michael (2018),28037,No TS winds (<34kt)
Michael (2018),28117,No TS winds (<34kt)
Michael (2018),28547,Gale-force (50–63kt)
Michael (2018),28906,No TS winds (<34kt)
Michael (2018),33131,No TS winds (<34kt)
Michael (2018),33141,No TS winds (<34kt)
Michael (2018),33707,No TS winds (<34kt)
Michael (2018),27944,Gale-force (50–63kt)
Michael (2018),32619,Tropical-storm (34–49kt)
Michael (2018),32640,No TS winds (<34kt)
Michael (2018),33024,No TS winds (<34kt)
Michael (2018),33065,No TS winds (<34kt)
Michael (2018),34442,No TS winds (<34kt)
Michael (2018),34461,No TS winds (<34kt)
Michael (2018),34705,No TS winds (<34kt)
Michael (2018),28405,Tropical-storm (34–49kt)
Michael (2018),32536,Tropical-storm (34–49kt)
Michael (2018),27025,No TS winds (<34kt)
Michael (2018),28203,No TS winds (<34kt)
Michael (2018),28675,No TS winds (<34kt)
Michael (2018),32504,Tropical-storm (34–49kt)
Michael (2018),32831,No TS winds (<34kt)
Michael (2018),33919,No TS winds (<34kt)
Michael (2018),28034,No TS winds (<34kt)
Michael (2018),33434,No TS winds (<34kt)
Michael (2018),34112,No TS winds (<34kt)
Michael (2018),27886,Gale-force (50–63kt)
Michael (2018),28124,No TS winds (<34kt)
Michael (2018),33634,No TS winds (<34kt)
Michael (2018),33635,No TS winds (<34kt)
Michael (2018),28382,Tropical-storm (34–49kt)
Michael (2018),28395,Tropical-storm (34–49kt)
Michael (2018),33703,No TS winds (<34kt)
Michael (2018),33876,No TS winds (<34kt)
Michael (2018),34996,No TS winds (<34kt)
Michael (2018),27403,No TS winds (<34kt)
Michael (2018),28135,No TS winds (<34kt)
Michael (2018),28609,No TS winds (<34kt)
Michael (2018),32696,No TS winds (<34kt)
Michael (2018),28679,No TS winds (<34kt)
Michael (2018),32399,Gale-force (50–63kt)
Michael (2018),32464,Gale-force (50–63kt)
Michael (2018),33167,No TS winds (<34kt)
Michael (2018),32055,Tropical-storm (34–49kt)
Michael (2018),34484,No TS winds (<34kt)
Michael (2018),32732,No TS winds (<34kt)
Michael (2018),36606,No TS winds (<34kt)
Michael (2018),27562,No TS winds (<34kt)
Michael (2018),33930,No TS winds (<34kt)
Michael (2018),27935,Gale-force (50–63kt)
Michael (2018),27958,Gale-force (50–63kt)
Michael (2018),32694,No TS winds (<34kt)
Michael (2018),32709,No TS winds (<34kt)
Michael (2018),33776,No TS winds (<34kt)
Michael (2018),34661,No TS winds (<34kt)
Michael (2018),28782,No TS winds (<34kt)
Michael (2018),34251,No TS winds (<34kt)
Michael (2018),28462,Tropical-storm (34–49kt)
Michael (2018),28790,No TS winds (<34kt)
Michael (2018),28751,No TS winds (<34kt)
Michael (2018),28454,Gale-force (50–63kt)
Michael (2018),29707,No TS winds (<34kt)
Michael (2018),32102,No TS winds (<34kt)
Michael (2018),30513,No TS winds (<34kt)
Michael (2018),29569,Tropical-storm (34–49kt)
Michael (2018),27864,Gale-force (50–63kt)
Michael (2018),28627,No TS winds (<34kt)
Michael (2018),27209,Tropical-storm (34–49kt)
Michael (2018),29727,No TS winds (<34kt)
Michael (2018),28533,Gale-force (50–63kt)
Michael (2018),28383,Tropical-storm (34–49kt)
Michael (2018),27814,Gale-force (50–63kt)
Michael (2018),32112,No TS winds (<34kt)
Michael (2018),28344,Tropical-storm (34–49kt)
Michael (2018),28508,Tropical-storm (34–49kt)
Michael (2018),27844,No TS winds (<34kt)
Michael (2018),37690,No TS winds (<34kt)
Michael (2018),27709,No TS winds (<34kt)
Michael (2018),27827,Gale-force (50–63kt)
Michael (2018),29567,Tropical-storm (34–49kt)
Michael (2018),37680,No TS winds (<34kt)
Michael (2018),23828,Tropical-storm (34–49kt)
Michael (2018),34268,No TS winds (<34kt)
Michael (2018),27825,Gale-force (50–63kt)
Harvey (2017),75093,No TS winds (<34kt)
Harvey (2017),77521,Tropical-storm (34–49kt)
Harvey (2017),77581,Tropical-storm (34–49kt)
Harvey (2017),75002,No TS winds (<34kt)
Harvey (2017),75409,No TS winds (<34kt)
Harvey (2017),78217,Tropical-storm (34–49kt)
Harvey (2017),75140,No TS winds (<34kt)
Harvey (2017),76230,No TS winds (<34kt)
Harvey (2017),77437,Tropical-storm (34–49kt)
Harvey (2017),78666,Tropical-storm (34–49kt)
Harvey (2017),78935,Tropical-storm (34–49kt)
Harvey (2017),79907,No TS winds (<34kt)
Harvey (2017),76008,No TS winds (<34kt)
Harvey (2017),75428,No TS winds (<34kt)
Harvey (2017),77074,Tropical-storm (34–49kt)
Harvey (2017),78027,No TS winds (<34kt)
Harvey (2017),78261,Tropical-storm (34–49kt)
Harvey (2017),78264,Tropical-storm (34–49kt)
Harvey (2017),78834,No TS winds (<34kt)
Harvey (2017),76513,No TS winds (<34kt)
Harvey (2017),77339,Tropical-storm (34–49kt)
Harvey (2017),77422,Tropical-storm (34–49kt)
Harvey (2017),79905,No TS winds (<34kt)
Harvey (2017),71486,No TS winds (<34kt)
Harvey (2017),79027,No TS winds (<34kt)
Harvey (2017),79407,No TS winds (<34kt)
Harvey (2017),75169,No TS winds (<34kt)
Harvey (2017),77064,Tropical-storm (34–49kt)
Harvey (2017),78041,No TS winds (<34kt)
Harvey (2017),78255,No TS winds (<34kt)
Harvey (2017),75773,No TS winds (<34kt)
Harvey (2017),77554,Tropical-storm (34–49kt)
Harvey (2017),78619,No TS winds (<34kt)
Harvey (2017),77014,Tropical-storm (34–49kt)
Harvey (2017),77507,Tropical-storm (34–49kt)
Harvey (2017),78357,No TS winds (<34kt)
Harvey (2017),71078,No TS winds (<34kt)
Harvey (2017),79934,No TS winds (<34kt)
Harvey (2017),76129,No TS winds (<34kt)
Harvey (2017),76626,No TS winds (<34kt)
Harvey (2017),77011,Tropical-storm (34–49kt)
Harvey (2017),78538,No TS winds (<34kt)
Harvey (2017),78933,Tropical-storm (34–49kt)
Harvey (2017),75792,No TS winds (<34kt)
Harvey (2017),78009,No TS winds (<34kt)
Harvey (2017),75253,No TS winds (<34kt)
Harvey (2017),78112,Tropical-storm (34–49kt)
Harvey (2017),75210,No TS winds (<34kt)
Harvey (2017),77444,Tropical-storm (34–49kt)
Harvey (2017),78949,Tropical-storm (34–49kt)
Harvey (2017),76071,No TS winds (<34kt)
Harvey (2017),71033,No TS winds (<34kt)
Harvey (2017),76682,Tropical-storm (34–49kt)
Harvey (2017),75207,No TS winds (<34kt)
Harvey (2017),73449,No TS winds (<34kt)
Harvey (2017),75167,No TS winds (<34kt)
Harvey (2017),71429,No TS winds (<34kt)
Harvey (2017),75709,No TS winds (<34kt)
Harvey (2017),78643,No TS winds (<34kt)
Harvey (2017),73572,No TS winds (<34kt)
Harvey (2017),75706,No TS winds (<34kt)
Harvey (2017),79261,No TS winds (<34kt)
Harvey (2017),75182,No TS winds (<34kt)
Harvey (2017),76371,No TS winds (<34kt)
Harvey (2017),79744,No TS winds (<34kt)
Harvey (2017),79358,No TS winds (<34kt)
Harvey (2017),73548,No TS winds (<34kt)
Harvey (2017),79364,No TS winds (<34kt)
Harvey (2017),76525,No TS winds (<34kt)
Harvey (2017),75682,No TS winds (<34kt)
Harvey (2017),76432,No TS winds (<34kt)
Harvey (2017),76622,No TS winds (<34kt)
Harvey (2017),78011,No TS winds (<34kt)
Harvey (2017),75411,No TS winds (<34kt)
Harvey (2017),79539,No TS winds (<34kt)
Harvey (2017),78562,No TS winds (<34kt)
Harvey (2017),79227,No TS winds (<34kt)
Harvey (2017),73944,No TS winds (<34kt)
Harvey (2017),79731,No TS winds (<34kt)
Harvey (2017),75861,No TS winds (<34kt)
Harvey (2017),77831,Tropical-storm (34–49kt)
Harvey (2017),75838,No TS winds (<34kt)
Harvey (2017),77364,No TS winds (<34kt)
Harvey (2017),78067,No TS winds (<34kt)
Harvey (2017),78632,Tropical-storm (34–49kt)
Harvey (2017),77660,No TS winds (<34kt)
Harvey (2017),77988,Hurricane-force (>=64kt)
Harvey (2017),79759,No TS winds (<34kt)
Harvey (2017),79342,No TS winds (<34kt)
Harvey (2017),79713,No TS winds (<34kt)
Harvey (2017),76445,No TS winds (<34kt)
Harvey (2017),77436,Tropical-storm (34–49kt)
Harvey (2017),75978,No TS winds (<34kt)
Harvey (2017),79548,No TS winds (<34kt)
Harvey (2017),75488,No TS winds (<34kt)
Harvey (2017),79056,No TS winds (<34kt)
Harvey (2017),78828,No TS winds (<34kt)
Harvey (2017),78536,No TS winds (<34kt)
Harvey (2017),76061,No TS winds (<34kt)
Harvey (2017),79748,No TS winds (<34kt)
Harvey (2017),78385,Tropical-storm (34–49kt)
Harvey (2017),73638,No TS winds (<34kt)
Harvey (2017),77617,No TS winds (<34kt)
Harvey (2017),79537,No TS winds (<34kt)
Harvey (2017),79085,No TS winds (<34kt)
Imelda (2019),75067,No TS winds (<34kt)
Imelda (2019),75094,No TS winds (<34kt)
Imelda (2019),75172,No TS winds (<34kt)
Imelda (2019),75252,No TS winds (<34kt)
Imelda (2019),76901,No TS winds (<34kt)
Imelda (2019),77382,No TS winds (<34kt)
Imelda (2019),77459,No TS winds (<34kt)
Imelda (2019),75034,No TS winds (<34kt)
Imelda (2019),75080,No TS winds (<34kt)
Imelda (2019),75452,No TS winds (<34kt)
Imelda (2019),75482,No TS winds (<34kt)
Imelda (2019),75904,No TS winds (<34kt)
Imelda (2019),75980,No TS winds (<34kt)
Imelda (2019),77388,No TS winds (<34kt)
Imelda (2019),78022,No TS winds (<34kt)
Imelda (2019),78226,No TS winds (<34kt)
Imelda (2019),78238,No TS winds (<34kt)
Imelda (2019),71486,No TS winds (<34kt)
Imelda (2019),77833,No TS winds (<34kt)
Imelda (2019),78259,No TS winds (<34kt)
Imelda (2019),78355,No TS winds (<34kt)
Imelda (2019),78520,No TS winds (<34kt)
Imelda (2019),71111,No TS winds (<34kt)
Imelda (2019),75022,No TS winds (<34kt)
Imelda (2019),75093,No TS winds (<34kt)
Imelda (2019),75216,No TS winds (<34kt)
Imelda (2019),77590,No TS winds (<34kt)
Imelda (2019),78130,No TS winds (<34kt)
Imelda (2019),78230,No TS winds (<34kt)
Imelda (2019),78261,No TS winds (<34kt)
Imelda (2019),75156,No TS winds (<34kt)
Imelda (2019),76244,No TS winds (<34kt)
Imelda (2019),77060,No TS winds (<34kt)
Imelda (2019),79404,No TS winds (<34kt)
Imelda (2019),75104,No TS winds (<34kt)
Imelda (2019),76248,No TS winds (<34kt)
Imelda (2019),77083,No TS winds (<34kt)
Imelda (2019),78580,No TS winds (<34kt)
Imelda (2019),79027,No TS winds (<34kt)
Imelda (2019),77048,No TS winds (<34kt)
Imelda (2019),77068,No TS winds (<34kt)
Imelda (2019),78719,No TS winds (<34kt)
Imelda (2019),79382,No TS winds (<34kt)
Imelda (2019),76111,No TS winds (<34kt)
Imelda (2019),77713,No TS winds (<34kt)
Imelda (2019),78582,No TS winds (<34kt)
Imelda (2019),78801,No TS winds (<34kt)
Imelda (2019),75218,No TS winds (<34kt)
Imelda (2019),75770,No TS winds (<34kt)
Imelda (2019),77080,No TS winds (<34kt)
Imelda (2019),77437,No TS winds (<34kt)
Imelda (2019),75571,No TS winds (<34kt)
Imelda (2019),77030,No TS winds (<34kt)
Imelda (2019),75414,No TS winds (<34kt)
Imelda (2019),79521,No TS winds (<34kt)
Imelda (2019),79501,No TS winds (<34kt)
Imelda (2019),75559,No TS winds (<34kt)
Imelda (2019),75161,No TS winds (<34kt)
Imelda (2019),75845,No TS winds (<34kt)
Imelda (2019),76627,No TS winds (<34kt)
Imelda (2019),79357,No TS winds (<34kt)
Imelda (2019),78373,No TS winds (<34kt)
Imelda (2019),78945,No TS winds (<34kt)
Imelda (2019),76543,No TS winds (<34kt)
Imelda (2019),79512,No TS winds (<34kt)
Imelda (2019),76642,No TS winds (<34kt)
Imelda (2019),77623,No TS winds (<34kt)
Imelda (2019),76389,No TS winds (<34kt)
Imelda (2019),75855,No TS winds (<34kt)
Imelda (2019),77835,No TS winds (<34kt)
Imelda (2019),78164,No TS winds (<34kt)
Imelda (2019),78617,No TS winds (<34kt)
Imelda (2019),76565,No TS winds (<34kt)
Imelda (2019),75977,No TS winds (<34kt)
Imelda (2019),78648,No TS winds (<34kt)
Imelda (2019),76632,No TS winds (<34kt)
Imelda (2019),79546,No TS winds (<34kt)
Imelda (2019),75155,No TS winds (<34kt)
Imelda (2019),76665,No TS winds (<34kt)
Imelda (2019),76866,No TS winds (<34kt)
Imelda (2019),79916,No TS winds (<34kt)
Imelda (2019),76711,No TS winds (<34kt)
Imelda (2019),78055,No TS winds (<34kt)
Imelda (2019),76554,No TS winds (<34kt)
Imelda (2019),76877,No TS winds (<34kt)
Imelda (2019),79237,No TS winds (<34kt)
Imelda (2019),75556,No TS winds (<34kt)
Imelda (2019),79561,No TS winds (<34kt)
Imelda (2019),77663,No TS winds (<34kt)
Imelda (2019),88411,No TS winds (<34kt)
Imelda (2019),78161,No TS winds (<34kt)
Imelda (2019),77614,No TS winds (<34kt)
Imelda (2019),79009,No TS winds (<34kt)
Imelda (2019),71061,No TS winds (<34kt)
Imelda (2019),79312,No TS winds (<34kt)
Imelda (2019),74766,No TS winds (<34kt)
Imelda (2019),77046,No TS winds (<34kt)
Imelda (2019),79730,No TS winds (<34kt)
Imelda (2019),78549,No TS winds (<34kt)
Imelda (2019),88256,No TS winds (<34kt)
Imelda (2019),77961,No TS winds (<34kt)
Imelda (2019),77334,No TS winds (<34kt)
Imelda (2019),79372,No TS winds (<34kt)
Imelda (2019),79532,No TS winds (<34kt)
Imelda (2019),77412,No TS winds (<34kt)
Imelda (2019),88044,No TS winds (<34kt)
Imelda (2019),74738,No TS winds (<34kt)
Imelda (2019),73438,No TS winds (<34kt)
Imelda (2019),77661,No TS winds (<34kt)
Imelda (2019),75934,No TS winds (<34kt)
Imelda (2019),73562,No TS winds (<34kt)
Imelda (2019),77994,No TS winds (<34kt)
Imelda (2019),77451,No TS winds (<34kt)
Imelda (2019),79220,No TS winds (<34kt)
Imelda (2019),73944,No TS winds (<34kt)
Imelda (2019),76884,No TS winds (<34kt)
Imelda (2019),78851,No TS winds (<34kt)
Imelda (2019),88132,No TS winds (<34kt)
Imelda (2019),76852,No TS winds (<34kt)
