threshold_m,degree,p
1,1,0.03030697657709441
1,2,0.039200585572639744
1,3,0.044423139100445465
1,4,0.047283643483259086
1,5,0.049594050869377786
1,6,0.05163277769794511
1,7,0.05231085644489151
1,8,0.052634178761316285
1,9,0.05075711309096134
1,10,0.049865731426929155
1,11,0.048433233941658285
1,12,0.04548291780428222
1,13,0.041737767639028596
1,14,0.03995724960482828
1,15,0.03712817933611151
1,16,0.03401171145279494
1,17,0.030531505963500502
1,18,0.028014531541888203
1,19,0.025086668343152752
1,20,0.022726864492024716
1,21,0.020429928869090386
1,22,0.018200352062077884
1,23,0.016235719931024573
1,24,0.014504598361833597
1,25,0.012845326196292571
1,26,0.011109714039373473
1,27,0.009614348325908895
1,28,0.008278398476792643
1,29,0.00725678976864492
1,30,0.0066078998419313115
1,31,0.005503215260813335
1,32,0.004944137088662164
1,33,0.004133586003736169
1,34,0.0035812437131771805
1,35,0.003123203764908751
1,36,0.0027123149877856015
1,37,0.0022430485701968672
1,38,0.0020185191837907746
1,39,0.00181419744216123
1,40,0.0015559886477942233
1,41,0.0013000251472912775
1,42,0.0012371569190975716
1,43,0.0010395710590602098
1,44,0.0009115893088087369
1,45,0.0008262681419744216
1,46,0.0006758334530823394
1,47,0.000624191694208938
1,48,0.0005366252335105619
1,49,0.00044007759735594193
1,50,0.00046477582986061215
1,51,0.00045803994826842937
1,52,0.000343529961201322
1,53,0.00033679407960913923
1,54,0.0003502658427935048
1,55,0.0003098505532404081
1,56,0.00020207644776548355
1,57,0.0002065670354936054
1,58,0.00023351056186233656
1,59,0.00019758586003736168
1,60,0.00021554821094984912
1,61,0.00019534056617330077
1,62,0.00020207644776548355
1,63,0.00017962350912487427
1,64,0.0001751329213967524
1,65,0.00017064233366863055
1,66,0.00013696292570771664
1,67,0.0001526799827561431
1,68,0.00012573645638741198
1,69,0.00012798175025147292
1,70,0.00012798175025147292
1,71,0.0001190005747952292
1,72,0.00010777410547492456
1,73,0.00011450998706710734
1,74,9.205704842649806e-05
1,75,9.654763615461992e-05
1,76,0.0001190005747952292
1,77,0.0001032835177468027
1,78,0.00012349116252335105
1,79,0.00011450998706710734
1,80,9.879293001868084e-05
1,81,7.633999137807156e-05
1,82,0.00011226469320304642
1,83,9.879293001868084e-05
1,84,8.981175456243713e-05
1,85,7.633999137807156e-05
1,86,8.981175456243713e-05
1,87,9.654763615461992e-05
1,88,6.960410978588877e-05
1,89,7.858528524213249e-05
1,90,0.00010103822388274178
1,91,7.858528524213249e-05
1,92,7.184940364994971e-05
1,93,4.71511711452795e-05
1,94,6.286822819370599e-05
1,95,5.837764046558414e-05
1,96,4.71511711452795e-05
1,97,6.960410978588877e-05
1,98,5.837764046558414e-05
1,99,4.939646500934042e-05
1,100,6.062293432964506e-05
1,101,6.960410978588877e-05
1,102,5.613234660152321e-05
1,103,6.286822819370599e-05
1,104,4.939646500934042e-05
1,105,5.388705273746228e-05
1,106,4.939646500934042e-05
1,107,4.71511711452795e-05
1,108,4.041528955309671e-05
1,109,3.816999568903578e-05
1,110,4.041528955309671e-05
1,111,5.837764046558414e-05
1,112,2.2452938640609284e-05
1,113,3.3679407960913926e-05
1,114,2.469823250467021e-05
1,115,5.164175887340135e-05
1,116,2.918882023279207e-05
1,117,5.388705273746228e-05
1,118,2.918882023279207e-05
1,119,2.0207644776548354e-05
1,120,4.266058341715764e-05
1,121,3.1434114096852996e-05
1,122,5.613234660152321e-05
1,123,2.694352636873114e-05
1,124,3.3679407960913926e-05
1,125,4.266058341715764e-05
1,126,3.1434114096852996e-05
1,127,2.0207644776548354e-05
1,128,2.2452938640609284e-05
1,129,2.694352636873114e-05
1,130,3.3679407960913926e-05
1,131,2.0207644776548354e-05
1,132,1.7962350912487428e-05
1,133,2.694352636873114e-05
1,134,2.469823250467021e-05
1,135,3.1434114096852996e-05
1,136,3.816999568903578e-05
1,137,3.5924701824974855e-05
1,138,3.5924701824974855e-05
1,139,2.694352636873114e-05
1,140,4.939646500934042e-05
1,141,3.1434114096852996e-05
1,142,2.918882023279207e-05
1,143,2.469823250467021e-05
1,144,2.0207644776548354e-05
1,145,2.469823250467021e-05
1,146,3.5924701824974855e-05
1,147,8.981175456243714e-06
1,148,3.3679407960913926e-05
1,149,1.7962350912487428e-05
1,150,1.347176318436557e-05
1,151,2.2452938640609284e-05
1,152,2.694352636873114e-05
1,153,2.918882023279207e-05
1,154,2.694352636873114e-05
1,155,2.2452938640609284e-05
1,156,1.7962350912487428e-05
1,157,1.7962350912487428e-05
1,158,6.735881592182785e-06
1,159,1.5717057048426498e-05
1,160,2.0207644776548354e-05
1,161,2.0207644776548354e-05
1,162,2.0207644776548354e-05
1,163,3.1434114096852996e-05
1,164,4.71511711452795e-05
1,165,8.981175456243714e-06
1,166,2.918882023279207e-05
1,167,1.347176318436557e-05
1,168,2.0207644776548354e-05
1,169,3.5924701824974855e-05
1,170,1.1226469320304642e-05
1,171,2.2452938640609284e-05
1,172,1.7962350912487428e-05
1,173,2.918882023279207e-05
1,174,1.5717057048426498e-05
1,175,2.0207644776548354e-05
1,176,2.0207644776548354e-05
1,177,1.7962350912487428e-05
1,178,1.5717057048426498e-05
1,179,2.918882023279207e-05
1,180,1.5717057048426498e-05
1,181,1.7962350912487428e-05
1,182,1.347176318436557e-05
1,183,1.347176318436557e-05
1,184,2.2452938640609285e-06
1,185,1.347176318436557e-05
1,186,1.5717057048426498e-05
1,187,1.347176318436557e-05
1,188,2.2452938640609284e-05
1,189,2.469823250467021e-05
1,190,1.1226469320304642e-05
1,191,4.490587728121857e-06
1,192,1.1226469320304642e-05
1,193,2.694352636873114e-05
1,194,2.2452938640609284e-05
1,195,1.347176318436557e-05
1,196,1.7962350912487428e-05
1,197,1.347176318436557e-05
1,198,1.1226469320304642e-05
1,199,6.735881592182785e-06
1,200,1.1226469320304642e-05
1,201,1.1226469320304642e-05
1,202,1.5717057048426498e-05
1,203,1.7962350912487428e-05
1,204,3.1434114096852996e-05
1,205,2.469823250467021e-05
1,206,4.490587728121857e-06
1,207,1.7962350912487428e-05
1,208,6.735881592182785e-06
1,209,1.1226469320304642e-05
1,210,1.5717057048426498e-05
1,211,1.7962350912487428e-05
1,212,1.5717057048426498e-05
1,213,1.5717057048426498e-05
1,214,2.918882023279207e-05
1,215,1.5717057048426498e-05
1,216,1.5717057048426498e-05
1,217,1.347176318436557e-05
1,218,1.347176318436557e-05
1,219,1.5717057048426498e-05
1,220,1.1226469320304642e-05
1,221,1.7962350912487428e-05
1,222,2.694352636873114e-05
1,223,1.1226469320304642e-05
1,224,1.5717057048426498e-05
1,225,1.7962350912487428e-05
1,226,3.1434114096852996e-05
1,227,2.2452938640609285e-06
1,228,2.0207644776548354e-05
1,229,8.981175456243714e-06
1,230,8.981175456243714e-06
1,231,8.981175456243714e-06
1,232,8.981175456243714e-06
1,233,1.347176318436557e-05
1,234,1.347176318436557e-05
1,235,2.0207644776548354e-05
1,236,6.735881592182785e-06
1,237,8.981175456243714e-06
1,238,8.981175456243714e-06
1,239,8.981175456243714e-06
1,240,1.1226469320304642e-05
1,241,6.735881592182785e-06
1,242,8.981175456243714e-06
1,243,1.5717057048426498e-05
1,244,6.735881592182785e-06
1,245,2.0207644776548354e-05
1,246,6.735881592182785e-06
1,247,1.1226469320304642e-05
1,248,6.735881592182785e-06
1,249,6.735881592182785e-06
1,250,6.735881592182785e-06
1,251,8.981175456243714e-06
1,252,1.7962350912487428e-05
1,253,1.347176318436557e-05
1,254,4.490587728121857e-06
1,255,8.981175456243714e-06
1,256,1.1226469320304642e-05
1,257,8.981175456243714e-06
1,258,8.981175456243714e-06
1,259,8.981175456243714e-06
1,260,8.981175456243714e-06
1,261,1.5717057048426498e-05
1,262,1.1226469320304642e-05
1,263,1.1226469320304642e-05
1,264,8.981175456243714e-06
1,265,2.2452938640609284e-05
1,266,2.0207644776548354e-05
1,267,1.1226469320304642e-05
1,268,1.5717057048426498e-05
1,269,1.1226469320304642e-05
1,270,4.490587728121857e-06
1,271,2.2452938640609285e-06
1,272,2.2452938640609285e-06
1,273,1.1226469320304642e-05
1,274,8.981175456243714e-06
1,275,1.1226469320304642e-05
1,277,1.5717057048426498e-05
1,278,1.7962350912487428e-05
1,279,2.2452938640609285e-06
1,280,4.490587728121857e-06
1,281,1.1226469320304642e-05
1,282,8.981175456243714e-06
1,283,2.2452938640609285e-06
1,284,4.490587728121857e-06
1,285,6.735881592182785e-06
1,286,4.490587728121857e-06
1,287,1.1226469320304642e-05
1,288,1.7962350912487428e-05
1,289,4.490587728121857e-06
1,290,6.735881592182785e-06
1,291,6.735881592182785e-06
1,292,1.347176318436557e-05
1,294,2.2452938640609285e-06
1,295,6.735881592182785e-06
1,296,2.2452938640609285e-06
1,297,4.490587728121857e-06
1,298,2.2452938640609285e-06
1,299,8.981175456243714e-06
1,300,8.981175456243714e-06
1,301,8.981175456243714e-06
1,302,1.1226469320304642e-05
1,303,8.981175456243714e-06
1,304,1.347176318436557e-05
1,305,2.694352636873114e-05
1,306,1.1226469320304642e-05
1,307,8.981175456243714e-06
1,308,1.347176318436557e-05
1,309,8.981175456243714e-06
1,310,8.981175456243714e-06
1,311,1.347176318436557e-05
1,312,1.347176318436557e-05
1,313,4.490587728121857e-06
1,314,1.1226469320304642e-05
1,315,1.5717057048426498e-05
1,316,6.735881592182785e-06
1,317,6.735881592182785e-06
1,318,4.490587728121857e-06
1,319,4.490587728121857e-06
1,320,4.490587728121857e-06
1,321,2.2452938640609285e-06
1,322,4.490587728121857e-06
1,323,4.490587728121857e-06
1,324,8.981175456243714e-06
1,325,4.490587728121857e-06
1,326,1.1226469320304642e-05
1,327,6.735881592182785e-06
1,328,4.490587728121857e-06
1,329,1.347176318436557e-05
1,331,2.2452938640609285e-06
1,332,6.735881592182785e-06
1,333,2.2452938640609285e-06
1,334,2.2452938640609285e-06
1,335,8.981175456243714e-06
1,336,4.490587728121857e-06
1,337,8.981175456243714e-06
1,338,2.2452938640609285e-06
1,339,1.347176318436557e-05
1,340,6.735881592182785e-06
1,341,2.2452938640609285e-06
1,342,4.490587728121857e-06
1,343,1.5717057048426498e-05
1,344,6.735881592182785e-06
1,345,6.735881592182785e-06
1,346,4.490587728121857e-06
1,347,1.347176318436557e-05
1,348,6.735881592182785e-06
1,349,1.5717057048426498e-05
1,350,2.2452938640609285e-06
1,351,6.735881592182785e-06
1,352,4.490587728121857e-06
1,353,8.981175456243714e-06
1,354,2.2452938640609285e-06
1,355,4.490587728121857e-06
1,356,4.490587728121857e-06
1,357,6.735881592182785e-06
1,358,4.490587728121857e-06
1,359,1.347176318436557e-05
1,360,4.490587728121857e-06
1,361,6.735881592182785e-06
1,362,1.1226469320304642e-05
1,363,4.490587728121857e-06
1,364,2.2452938640609285e-06
1,365,2.2452938640609285e-06
1,366,6.735881592182785e-06
1,368,4.490587728121857e-06
1,369,2.2452938640609285e-06
1,370,4.490587728121857e-06
1,371,2.2452938640609285e-06
1,372,1.347176318436557e-05
1,373,4.490587728121857e-06
1,374,6.735881592182785e-06
1,375,8.981175456243714e-06
1,376,2.2452938640609285e-06
1,377,6.735881592182785e-06
1,378,2.2452938640609285e-06
1,379,8.981175456243714e-06
1,381,1.1226469320304642e-05
1,382,4.490587728121857e-06
1,383,6.735881592182785e-06
1,384,4.490587728121857e-06
1,385,6.735881592182785e-06
1,386,4.490587728121857e-06
1,387,4.490587728121857e-06
1,388,6.735881592182785e-06
1,389,1.347176318436557e-05
1,390,8.981175456243714e-06
1,392,2.2452938640609285e-06
1,394,4.490587728121857e-06
1,395,4.490587728121857e-06
1,396,6.735881592182785e-06
1,397,2.2452938640609285e-06
1,398,6.735881592182785e-06
1,399,4.490587728121857e-06
1,400,6.735881592182785e-06
1,401,6.735881592182785e-06
1,402,8.981175456243714e-06
1,403,4.490587728121857e-06
1,404,4.490587728121857e-06
1,405,8.981175456243714e-06
1,406,8.981175456243714e-06
1,407,6.735881592182785e-06
1,408,6.735881592182785e-06
1,409,2.2452938640609285e-06
1,410,1.1226469320304642e-05
1,412,4.490587728121857e-06
1,413,2.2452938640609285e-06
1,414,6.735881592182785e-06
1,415,1.5717057048426498e-05
1,416,4.490587728121857e-06
1,417,2.2452938640609285e-06
1,418,2.2452938640609285e-06
1,419,4.490587728121857e-06
1,421,2.2452938640609285e-06
1,422,4.490587728121857e-06
1,423,4.490587728121857e-06
1,424,6.735881592182785e-06
1,425,4.490587728121857e-06
1,426,2.2452938640609285e-06
1,428,8.981175456243714e-06
1,429,2.2452938640609285e-06
1,430,4.490587728121857e-06
1,431,2.2452938640609285e-06
1,433,8.981175456243714e-06
1,434,8.981175456243714e-06
1,435,2.2452938640609285e-06
1,437,2.2452938640609285e-06
1,438,4.490587728121857e-06
1,439,8.981175456243714e-06
1,440,4.490587728121857e-06
1,441,8.981175456243714e-06
1,442,6.735881592182785e-06
1,443,2.2452938640609285e-06
1,444,2.2452938640609285e-06
1,445,2.2452938640609285e-06
1,447,2.2452938640609285e-06
1,448,4.490587728121857e-06
1,449,2.2452938640609285e-06
1,450,4.490587728121857e-06
1,452,2.2452938640609285e-06
1,454,2.2452938640609285e-06
1,455,4.490587728121857e-06
1,456,4.490587728121857e-06
1,457,2.2452938640609285e-06
1,459,4.490587728121857e-06
1,460,4.490587728121857e-06
1,461,4.490587728121857e-06
1,462,4.490587728121857e-06
1,463,4.490587728121857e-06
1,464,4.490587728121857e-06
1,465,2.2452938640609285e-06
1,466,4.490587728121857e-06
1,467,6.735881592182785e-06
1,468,2.2452938640609285e-06
1,469,2.2452938640609285e-06
1,470,2.2452938640609285e-06
1,472,2.2452938640609285e-06
1,475,4.490587728121857e-06
1,476,2.2452938640609285e-06
1,477,4.490587728121857e-06
1,478,4.490587728121857e-06
1,479,4.490587728121857e-06
1,480,4.490587728121857e-06
1,481,6.735881592182785e-06
1,482,4.490587728121857e-06
1,483,8.981175456243714e-06
1,484,2.2452938640609285e-06
1,485,2.2452938640609285e-06
1,488,4.490587728121857e-06
1,490,6.735881592182785e-06
1,491,6.735881592182785e-06
1,492,2.2452938640609285e-06
1,493,2.2452938640609285e-06
1,495,8.981175456243714e-06
1,497,2.2452938640609285e-06
1,498,2.2452938640609285e-06
1,499,8.981175456243714e-06
1,500,4.490587728121857e-06
1,502,2.2452938640609285e-06
1,503,2.2452938640609285e-06
1,504,4.490587728121857e-06
1,505,2.2452938640609285e-06
1,506,2.2452938640609285e-06
1,507,4.490587728121857e-06
1,509,2.2452938640609285e-06
1,511,2.2452938640609285e-06
1,512,2.2452938640609285e-06
1,513,6.735881592182785e-06
1,514,8.981175456243714e-06
1,516,6.735881592182785e-06
1,517,2.2452938640609285e-06
1,518,6.735881592182785e-06
1,519,2.2452938640609285e-06
1,520,4.490587728121857e-06
1,522,4.490587728121857e-06
1,524,4.490587728121857e-06
1,527,2.2452938640609285e-06
1,529,4.490587728121857e-06
1,530,4.490587728121857e-06
1,532,2.2452938640609285e-06
1,533,2.2452938640609285e-06
1,534,4.490587728121857e-06
1,537,4.490587728121857e-06
1,538,2.2452938640609285e-06
1,539,6.735881592182785e-06
1,540,6.735881592182785e-06
1,541,2.2452938640609285e-06
1,542,4.490587728121857e-06
1,544,1.347176318436557e-05
1,545,2.2452938640609285e-06
1,546,2.2452938640609285e-06
1,547,2.2452938640609285e-06
1,548,2.2452938640609285e-06
1,549,4.490587728121857e-06
1,550,2.2452938640609285e-06
1,551,2.2452938640609285e-06
1,552,4.490587728121857e-06
1,553,2.2452938640609285e-06
1,554,2.2452938640609285e-06
1,555,2.2452938640609285e-06
1,557,2.2452938640609285e-06
1,558,2.2452938640609285e-06
1,559,2.2452938640609285e-06
1,561,2.2452938640609285e-06
1,564,2.2452938640609285e-06
1,565,6.735881592182785e-06
1,566,4.490587728121857e-06
1,567,2.2452938640609285e-06
1,568,6.735881592182785e-06
1,570,2.2452938640609285e-06
1,571,2.2452938640609285e-06
1,573,2.2452938640609285e-06
1,575,1.1226469320304642e-05
1,577,8.981175456243714e-06
1,578,4.490587728121857e-06
1,579,2.2452938640609285e-06
1,580,8.981175456243714e-06
1,582,4.490587728121857e-06
1,583,2.2452938640609285e-06
1,585,2.2452938640609285e-06
1,588,2.2452938640609285e-06
1,589,2.2452938640609285e-06
1,590,2.2452938640609285e-06
1,592,2.2452938640609285e-06
1,593,2.2452938640609285e-06
1,595,4.490587728121857e-06
1,596,2.2452938640609285e-06
1,597,4.490587728121857e-06
1,598,4.490587728121857e-06
1,599,8.981175456243714e-06
1,600,4.490587728121857e-06
1,601,2.2452938640609285e-06
1,602,2.2452938640609285e-06
1,605,2.2452938640609285e-06
1,606,2.2452938640609285e-06
1,607,2.2452938640609285e-06
1,608,4.490587728121857e-06
1,609,2.2452938640609285e-06
1,611,2.2452938640609285e-06
1,612,2.2452938640609285e-06
1,613,2.2452938640609285e-06
1,614,2.2452938640609285e-06
1,616,2.2452938640609285e-06
1,617,2.2452938640609285e-06
1,619,2.2452938640609285e-06
1,620,4.490587728121857e-06
1,622,2.2452938640609285e-06
1,624,2.2452938640609285e-06
1,625,4.490587728121857e-06
1,626,4.490587728121857e-06
1,627,2.2452938640609285e-06
1,628,2.2452938640609285e-06
1,629,2.2452938640609285e-06
1,630,4.490587728121857e-06
1,633,2.2452938640609285e-06
1,634,2.2452938640609285e-06
1,638,2.2452938640609285e-06
1,640,2.2452938640609285e-06
1,646,2.2452938640609285e-06
1,647,2.2452938640609285e-06
1,649,2.2452938640609285e-06
1,650,2.2452938640609285e-06
1,652,4.490587728121857e-06
1,655,4.490587728121857e-06
1,657,4.490587728121857e-06
1,660,2.2452938640609285e-06
1,663,2.2452938640609285e-06
1,664,4.490587728121857e-06
1,667,4.490587728121857e-06
1,670,4.490587728121857e-06
1,671,2.2452938640609285e-06
1,672,2.2452938640609285e-06
1,673,2.2452938640609285e-06
1,674,2.2452938640609285e-06
1,681,2.2452938640609285e-06
1,684,2.2452938640609285e-06
1,688,4.490587728121857e-06
1,689,2.2452938640609285e-06
1,691,2.2452938640609285e-06
1,694,4.490587728121857e-06
1,697,6.735881592182785e-06
1,698,2.2452938640609285e-06
1,701,2.2452938640609285e-06
1,702,2.2452938640609285e-06
1,703,2.2452938640609285e-06
1,704,4.490587728121857e-06
1,706,2.2452938640609285e-06
1,707,2.2452938640609285e-06
1,714,2.2452938640609285e-06
1,715,2.2452938640609285e-06
1,716,4.490587728121857e-06
1,726,4.490587728121857e-06
1,727,2.2452938640609285e-06
1,729,6.735881592182785e-06
1,730,2.2452938640609285e-06
1,731,4.490587728121857e-06
1,732,2.2452938640609285e-06
1,733,4.490587728121857e-06
1,734,2.2452938640609285e-06
1,738,6.735881592182785e-06
1,740,2.2452938640609285e-06
1,741,4.490587728121857e-06
1,743,4.490587728121857e-06
1,747,2.2452938640609285e-06
1,748,2.2452938640609285e-06
1,749,2.2452938640609285e-06
1,751,6.735881592182785e-06
1,752,4.490587728121857e-06
1,756,2.2452938640609285e-06
1,757,2.2452938640609285e-06
1,764,2.2452938640609285e-06
1,766,2.2452938640609285e-06
1,768,2.2452938640609285e-06
1,769,6.735881592182785e-06
1,771,2.2452938640609285e-06
1,772,2.2452938640609285e-06
1,773,2.2452938640609285e-06
1,774,2.2452938640609285e-06
1,777,2.2452938640609285e-06
1,778,2.2452938640609285e-06
1,780,2.2452938640609285e-06
1,781,2.2452938640609285e-06
1,785,2.2452938640609285e-06
1,790,4.490587728121857e-06
1,792,2.2452938640609285e-06
1,795,2.2452938640609285e-06
1,797,2.2452938640609285e-06
1,798,2.2452938640609285e-06
1,800,4.490587728121857e-06
1,801,2.2452938640609285e-06
1,803,2.2452938640609285e-06
1,804,2.2452938640609285e-06
1,805,4.490587728121857e-06
1,806,2.2452938640609285e-06
1,807,4.490587728121857e-06
1,808,6.735881592182785e-06
1,809,2.2452938640609285e-06
1,810,2.2452938640609285e-06
1,811,6.735881592182785e-06
1,813,2.2452938640609285e-06
1,815,8.981175456243714e-06
1,816,2.2452938640609285e-06
1,817,2.2452938640609285e-06
1,818,2.2452938640609285e-06
1,819,2.2452938640609285e-06
1,822,4.490587728121857e-06
1,823,2.2452938640609285e-06
1,826,2.2452938640609285e-06
1,828,2.2452938640609285e-06
1,829,6.735881592182785e-06
1,830,4.490587728121857e-06
1,831,2.2452938640609285e-06
1,832,2.2452938640609285e-06
1,834,2.2452938640609285e-06
1,836,6.735881592182785e-06
1,838,2.2452938640609285e-06
1,840,2.2452938640609285e-06
1,841,2.2452938640609285e-06
1,842,2.2452938640609285e-06
1,847,2.2452938640609285e-06
1,851,2.2452938640609285e-06
1,852,4.490587728121857e-06
1,855,2.2452938640609285e-06
1,857,6.735881592182785e-06
1,859,4.490587728121857e-06
1,860,2.2452938640609285e-06
1,861,4.490587728121857e-06
1,864,2.2452938640609285e-06
1,865,2.2452938640609285e-06
1,868,4.490587728121857e-06
1,869,4.490587728121857e-06
1,870,6.735881592182785e-06
1,871,2.2452938640609285e-06
1,872,2.2452938640609285e-06
1,873,2.2452938640609285e-06
1,877,2.2452938640609285e-06
1,878,4.490587728121857e-06
1,879,4.490587728121857e-06
1,888,2.2452938640609285e-06
1,891,2.2452938640609285e-06
1,892,2.2452938640609285e-06
1,893,2.2452938640609285e-06
1,900,4.490587728121857e-06
1,903,4.490587728121857e-06
1,906,2.2452938640609285e-06
1,910,2.2452938640609285e-06
1,913,2.2452938640609285e-06
1,918,2.2452938640609285e-06
1,923,2.2452938640609285e-06
1,928,4.490587728121857e-06
1,929,2.2452938640609285e-06
1,932,2.2452938640609285e-06
1,934,2.2452938640609285e-06
1,943,2.2452938640609285e-06
1,958,4.490587728121857e-06
1,960,2.2452938640609285e-06
1,964,4.490587728121857e-06
1,965,2.2452938640609285e-06
1,966,4.490587728121857e-06
1,970,2.2452938640609285e-06
1,971,4.490587728121857e-06
1,973,4.490587728121857e-06
1,981,2.2452938640609285e-06
1,983,2.2452938640609285e-06
1,989,2.2452938640609285e-06
1,992,2.2452938640609285e-06
1,999,2.2452938640609285e-06
1,1000,2.2452938640609285e-06
1,1004,2.2452938640609285e-06
1,1005,2.2452938640609285e-06
1,1007,2.2452938640609285e-06
1,1009,2.2452938640609285e-06
1,1010,2.2452938640609285e-06
1,1011,2.2452938640609285e-06
1,1012,2.2452938640609285e-06
1,1013,2.2452938640609285e-06
1,1015,2.2452938640609285e-06
1,1016,2.2452938640609285e-06
1,1017,2.2452938640609285e-06
1,1020,4.490587728121857e-06
1,1025,4.490587728121857e-06
1,1027,2.2452938640609285e-06
1,1028,2.2452938640609285e-06
1,1031,2.2452938640609285e-06
1,1037,2.2452938640609285e-06
1,1041,2.2452938640609285e-06
1,1043,2.2452938640609285e-06
1,1046,2.2452938640609285e-06
1,1048,2.2452938640609285e-06
1,1049,2.2452938640609285e-06
1,1051,2.2452938640609285e-06
1,1053,2.2452938640609285e-06
1,1055,2.2452938640609285e-06
1,1059,2.2452938640609285e-06
1,1060,6.735881592182785e-06
1,1063,4.490587728121857e-06
1,1064,2.2452938640609285e-06
1,1068,2.2452938640609285e-06
1,1071,2.2452938640609285e-06
1,1073,2.2452938640609285e-06
1,1082,2.2452938640609285e-06
1,1084,2.2452938640609285e-06
1,1087,2.2452938640609285e-06
1,1100,2.2452938640609285e-06
1,1102,2.2452938640609285e-06
1,1105,2.2452938640609285e-06
1,1109,2.2452938640609285e-06
1,1110,2.2452938640609285e-06
1,1111,2.2452938640609285e-06
1,1113,4.490587728121857e-06
1,1123,2.2452938640609285e-06
1,1125,2.2452938640609285e-06
1,1133,2.2452938640609285e-06
1,1144,2.2452938640609285e-06
1,1146,2.2452938640609285e-06
1,1148,2.2452938640609285e-06
1,1149,2.2452938640609285e-06
1,1150,2.2452938640609285e-06
1,1153,2.2452938640609285e-06
1,1154,2.2452938640609285e-06
1,1157,4.490587728121857e-06
1,1158,2.2452938640609285e-06
1,1160,2.2452938640609285e-06
1,1164,2.2452938640609285e-06
1,1172,2.2452938640609285e-06
1,1178,4.490587728121857e-06
1,1183,4.490587728121857e-06
1,1187,2.2452938640609285e-06
1,1190,2.2452938640609285e-06
1,1196,2.2452938640609285e-06
1,1197,4.490587728121857e-06
1,1199,2.2452938640609285e-06
1,1202,2.2452938640609285e-06
1,1211,2.2452938640609285e-06
1,1214,2.2452938640609285e-06
1,1215,2.2452938640609285e-06
1,1217,4.490587728121857e-06
1,1224,2.2452938640609285e-06
1,1232,2.2452938640609285e-06
1,1233,2.2452938640609285e-06
1,1235,2.2452938640609285e-06
1,1238,2.2452938640609285e-06
1,1246,2.2452938640609285e-06
1,1257,2.2452938640609285e-06
1,1260,2.2452938640609285e-06
1,1261,2.2452938640609285e-06
1,1263,2.2452938640609285e-06
1,1265,2.2452938640609285e-06
1,1266,2.2452938640609285e-06
1,1267,2.2452938640609285e-06
1,1272,2.2452938640609285e-06
1,1274,2.2452938640609285e-06
1,1278,4.490587728121857e-06
1,1287,2.2452938640609285e-06
1,1289,2.2452938640609285e-06
1,1297,2.2452938640609285e-06
1,1299,2.2452938640609285e-06
1,1300,4.490587728121857e-06
1,1305,2.2452938640609285e-06
1,1306,2.2452938640609285e-06
1,1309,2.2452938640609285e-06
1,1316,2.2452938640609285e-06
1,1321,2.2452938640609285e-06
1,1323,2.2452938640609285e-06
1,1329,2.2452938640609285e-06
1,1331,2.2452938640609285e-06
1,1332,4.490587728121857e-06
1,1339,2.2452938640609285e-06
1,1344,2.2452938640609285e-06
1,1348,4.490587728121857e-06
1,1350,2.2452938640609285e-06
1,1351,2.2452938640609285e-06
1,1357,4.490587728121857e-06
1,1365,2.2452938640609285e-06
1,1378,2.2452938640609285e-06
1,1380,2.2452938640609285e-06
1,1384,2.2452938640609285e-06
1,1390,2.2452938640609285e-06
1,1392,2.2452938640609285e-06
1,1398,2.2452938640609285e-06
1,1402,2.2452938640609285e-06
1,1403,2.2452938640609285e-06
1,1404,2.2452938640609285e-06
1,1408,2.2452938640609285e-06
1,1412,2.2452938640609285e-06
1,1415,2.2452938640609285e-06
1,1418,2.2452938640609285e-06
1,1419,2.2452938640609285e-06
1,1420,2.2452938640609285e-06
1,1437,2.2452938640609285e-06
1,1439,2.2452938640609285e-06
1,1455,2.2452938640609285e-06
1,1472,2.2452938640609285e-06
1,1474,2.2452938640609285e-06
1,1479,2.2452938640609285e-06
1,1481,2.2452938640609285e-06
1,1482,2.2452938640609285e-06
1,1483,2.2452938640609285e-06
1,1486,2.2452938640609285e-06
1,1493,2.2452938640609285e-06
1,1495,2.2452938640609285e-06
1,1505,2.2452938640609285e-06
1,1512,2.2452938640609285e-06
1,1513,2.2452938640609285e-06
1,1525,4.490587728121857e-06
1,1526,2.2452938640609285e-06
1,1527,2.2452938640609285e-06
1,1531,2.2452938640609285e-06
1,1532,4.490587728121857e-06
1,1534,2.2452938640609285e-06
1,1537,2.2452938640609285e-06
1,1540,2.2452938640609285e-06
1,1541,4.490587728121857e-06
1,1542,6.735881592182785e-06
1,1544,2.2452938640609285e-06
1,1550,2.2452938640609285e-06
1,1552,4.490587728121857e-06
1,1559,2.2452938640609285e-06
1,1560,2.2452938640609285e-06
1,1562,2.2452938640609285e-06
1,1572,2.2452938640609285e-06
1,1576,2.2452938640609285e-06
1,1578,4.490587728121857e-06
1,1587,4.490587728121857e-06
1,1594,2.2452938640609285e-06
1,1598,2.2452938640609285e-06
1,1607,2.2452938640609285e-06
1,1611,2.2452938640609285e-06
1,1621,2.2452938640609285e-06
1,1622,2.2452938640609285e-06
1,1627,4.490587728121857e-06
1,1632,2.2452938640609285e-06
1,1633,4.490587728121857e-06
1,1636,2.2452938640609285e-06
1,1638,2.2452938640609285e-06
1,1639,2.2452938640609285e-06
1,1641,2.2452938640609285e-06
1,1643,6.735881592182785e-06
1,1647,4.490587728121857e-06
1,1648,4.490587728121857e-06
1,1652,4.490587728121857e-06
1,1653,2.2452938640609285e-06
1,1654,2.2452938640609285e-06
1,1655,2.2452938640609285e-06
1,1657,4.490587728121857e-06
1,1659,2.2452938640609285e-06
1,1665,2.2452938640609285e-06
1,1667,2.2452938640609285e-06
1,1669,2.2452938640609285e-06
1,1671,2.2452938640609285e-06
1,1672,2.2452938640609285e-06
1,1673,2.2452938640609285e-06
1,1676,2.2452938640609285e-06
1,1678,4.490587728121857e-06
1,1679,2.2452938640609285e-06
1,1686,2.2452938640609285e-06
1,1690,2.2452938640609285e-06
1,1691,2.2452938640609285e-06
1,1692,2.2452938640609285e-06
1,1696,2.2452938640609285e-06
1,1698,2.2452938640609285e-06
1,1704,2.2452938640609285e-06
1,1705,4.490587728121857e-06
1,1708,2.2452938640609285e-06
1,1714,2.2452938640609285e-06
1,1715,2.2452938640609285e-06
1,1717,2.2452938640609285e-06
1,1718,2.2452938640609285e-06
1,1723,2.2452938640609285e-06
1,1727,2.2452938640609285e-06
1,1732,2.2452938640609285e-06
1,1738,2.2452938640609285e-06
1,1747,2.2452938640609285e-06
1,1748,4.490587728121857e-06
1,1749,2.2452938640609285e-06
1,1754,2.2452938640609285e-06
1,1755,2.2452938640609285e-06
1,1756,2.2452938640609285e-06
1,1757,2.2452938640609285e-06
1,1758,2.2452938640609285e-06
1,1761,2.2452938640609285e-06
1,1762,2.2452938640609285e-06
1,1764,2.2452938640609285e-06
1,1767,2.2452938640609285e-06
1,1769,2.2452938640609285e-06
1,1772,2.2452938640609285e-06
1,1776,6.735881592182785e-06
1,1777,2.2452938640609285e-06
1,1780,2.2452938640609285e-06
1,1782,2.2452938640609285e-06
1,1784,2.2452938640609285e-06
1,1786,2.2452938640609285e-06
1,1787,2.2452938640609285e-06
1,1792,2.2452938640609285e-06
1,1793,4.490587728121857e-06
1,1795,2.2452938640609285e-06
1,1797,2.2452938640609285e-06
1,1799,2.2452938640609285e-06
1,1800,2.2452938640609285e-06
1,1806,2.2452938640609285e-06
1,1808,4.490587728121857e-06
1,1817,2.2452938640609285e-06
1,1821,2.2452938640609285e-06
1,1822,2.2452938640609285e-06
1,1824,2.2452938640609285e-06
1,1825,2.2452938640609285e-06
1,1826,2.2452938640609285e-06
1,1827,4.490587728121857e-06
1,1829,2.2452938640609285e-06
1,1834,2.2452938640609285e-06
1,1838,2.2452938640609285e-06
1,1839,4.490587728121857e-06
1,1841,2.2452938640609285e-06
1,1843,2.2452938640609285e-06
1,1845,2.2452938640609285e-06
1,1852,4.490587728121857e-06
1,1855,2.2452938640609285e-06
1,1860,2.2452938640609285e-06
1,1862,2.2452938640609285e-06
1,1864,2.2452938640609285e-06
1,1875,2.2452938640609285e-06
1,1878,2.2452938640609285e-06
1,1881,2.2452938640609285e-06
1,1882,2.2452938640609285e-06
1,1884,2.2452938640609285e-06
1,1886,2.2452938640609285e-06
1,1891,2.2452938640609285e-06
1,1908,4.490587728121857e-06
1,1932,2.2452938640609285e-06
1,1938,2.2452938640609285e-06
1,1939,2.2452938640609285e-06
1,1957,2.2452938640609285e-06
1,1959,2.2452938640609285e-06
1,1961,2.2452938640609285e-06
1,1970,2.2452938640609285e-06
1,1974,2.2452938640609285e-06
1,1977,2.2452938640609285e-06
1,1978,2.2452938640609285e-06
1,1980,2.2452938640609285e-06
1,1988,2.2452938640609285e-06
1,1999,2.2452938640609285e-06
1,2006,2.2452938640609285e-06
1,2023,2.2452938640609285e-06
1,2024,2.2452938640609285e-06
1,2027,2.2452938640609285e-06
1,2034,2.2452938640609285e-06
1,2035,2.2452938640609285e-06
1,2044,2.2452938640609285e-06
1,2052,2.2452938640609285e-06
1,2063,2.2452938640609285e-06
1,2067,2.2452938640609285e-06
1,2076,2.2452938640609285e-06
1,2103,2.2452938640609285e-06
1,2121,2.2452938640609285e-06
1,2129,2.2452938640609285e-06
1,2142,2.2452938640609285e-06
1,2156,2.2452938640609285e-06
1,2160,2.2452938640609285e-06
1,2172,2.2452938640609285e-06
1,2198,2.2452938640609285e-06
1,2213,2.2452938640609285e-06
1,2217,4.490587728121857e-06
1,2218,2.2452938640609285e-06
1,2229,2.2452938640609285e-06
1,2233,2.2452938640609285e-06
1,2237,2.2452938640609285e-06
1,2283,2.2452938640609285e-06
1,2286,2.2452938640609285e-06
1,2308,2.2452938640609285e-06
1,2309,2.2452938640609285e-06
1,2348,2.2452938640609285e-06
1,2352,2.2452938640609285e-06
1,2354,2.2452938640609285e-06
1,2357,2.2452938640609285e-06
1,2365,2.2452938640609285e-06
1,2380,2.2452938640609285e-06
1,2400,2.2452938640609285e-06
1,2417,4.490587728121857e-06
1,2421,2.2452938640609285e-06
1,2425,2.2452938640609285e-06
1,2443,2.2452938640609285e-06
1,2445,4.490587728121857e-06
1,2450,2.2452938640609285e-06
1,2461,2.2452938640609285e-06
1,2472,2.2452938640609285e-06
1,2478,2.2452938640609285e-06
1,2504,2.2452938640609285e-06
1,2524,2.2452938640609285e-06
1,2564,2.2452938640609285e-06
1,2587,2.2452938640609285e-06
1,2589,2.2452938640609285e-06
1,2621,2.2452938640609285e-06
1,2644,2.2452938640609285e-06
1,2647,2.2452938640609285e-06
1,2649,2.2452938640609285e-06
1,2653,2.2452938640609285e-06
1,2655,2.2452938640609285e-06
1,2665,2.2452938640609285e-06
1,2680,2.2452938640609285e-06
1,2682,2.2452938640609285e-06
1,2700,2.2452938640609285e-06
1,2720,2.2452938640609285e-06
1,2726,2.2452938640609285e-06
1,2729,2.2452938640609285e-06
1,2739,2.2452938640609285e-06
1,2741,2.2452938640609285e-06
1,2816,2.2452938640609285e-06
1,2820,2.2452938640609285e-06
1,2847,2.2452938640609285e-06
1,2892,2.2452938640609285e-06
1,2903,2.2452938640609285e-06
1,2904,2.2452938640609285e-06
1,2906,2.2452938640609285e-06
1,2911,2.2452938640609285e-06
1,2917,2.2452938640609285e-06
1,2943,2.2452938640609285e-06
1,2948,2.2452938640609285e-06
1,2959,2.2452938640609285e-06
1,2964,2.2452938640609285e-06
1,2987,2.2452938640609285e-06
1,2992,2.2452938640609285e-06
1,2993,2.2452938640609285e-06
1,3001,2.2452938640609285e-06
1,3010,2.2452938640609285e-06
1,3060,2.2452938640609285e-06
1,3079,2.2452938640609285e-06
1,3081,2.2452938640609285e-06
1,3089,2.2452938640609285e-06
1,3115,2.2452938640609285e-06
1,3133,4.490587728121857e-06
1,3135,2.2452938640609285e-06
1,3136,2.2452938640609285e-06
1,3150,2.2452938640609285e-06
1,3167,2.2452938640609285e-06
1,3199,2.2452938640609285e-06
1,3215,2.2452938640609285e-06
1,3220,2.2452938640609285e-06
1,3235,2.2452938640609285e-06
1,3278,2.2452938640609285e-06
1,3300,2.2452938640609285e-06
1,3301,2.2452938640609285e-06
1,3311,2.2452938640609285e-06
1,3326,2.2452938640609285e-06
1,3348,2.2452938640609285e-06
1,3354,2.2452938640609285e-06
1,3363,2.2452938640609285e-06
1,3373,2.2452938640609285e-06
1,3374,2.2452938640609285e-06
1,3375,2.2452938640609285e-06
1,3389,2.2452938640609285e-06
1,3420,4.490587728121857e-06
1,3454,2.2452938640609285e-06
1,3475,4.490587728121857e-06
1,3483,2.2452938640609285e-06
1,3486,2.2452938640609285e-06
1,3488,2.2452938640609285e-06
1,3499,2.2452938640609285e-06
1,3500,2.2452938640609285e-06
1,3503,4.490587728121857e-06
1,3523,2.2452938640609285e-06
1,3529,2.2452938640609285e-06
1,3534,2.2452938640609285e-06
1,3555,2.2452938640609285e-06
1,3575,2.2452938640609285e-06
1,3584,2.2452938640609285e-06
1,3586,2.2452938640609285e-06
1,3591,2.2452938640609285e-06
1,3600,2.2452938640609285e-06
1,3601,2.2452938640609285e-06
1,3606,2.2452938640609285e-06
1,3626,2.2452938640609285e-06
1,3627,2.2452938640609285e-06
1,3668,2.2452938640609285e-06
1,3699,2.2452938640609285e-06
1,3721,2.2452938640609285e-06
1,3727,2.2452938640609285e-06
1,3758,2.2452938640609285e-06
1,3763,2.2452938640609285e-06
1,3766,2.2452938640609285e-06
1,3767,2.2452938640609285e-06
1,3807,2.2452938640609285e-06
1,3829,2.2452938640609285e-06
1,3855,2.2452938640609285e-06
1,3860,2.2452938640609285e-06
1,3863,2.2452938640609285e-06
1,3872,2.2452938640609285e-06
1,3884,2.2452938640609285e-06
1,3886,2.2452938640609285e-06
1,3887,2.2452938640609285e-06
1,3900,2.2452938640609285e-06
1,3958,2.2452938640609285e-06
1,3974,2.2452938640609285e-06
1,4020,2.2452938640609285e-06
1,4029,2.2452938640609285e-06
1,4090,2.2452938640609285e-06
1,4117,2.2452938640609285e-06
1,4123,2.2452938640609285e-06
1,4125,2.2452938640609285e-06
1,4130,2.2452938640609285e-06
1,4145,2.2452938640609285e-06
1,4162,2.2452938640609285e-06
1,4246,2.2452938640609285e-06
1,4253,2.2452938640609285e-06
1,4266,2.2452938640609285e-06
1,4293,2.2452938640609285e-06
1,4328,2.2452938640609285e-06
1,4331,2.2452938640609285e-06
1,4365,2.2452938640609285e-06
1,4485,2.2452938640609285e-06
1,4494,2.2452938640609285e-06
1,4499,2.2452938640609285e-06
1,4550,2.2452938640609285e-06
1,4563,2.2452938640609285e-06
1,4615,2.2452938640609285e-06
1,4669,2.2452938640609285e-06
1,4746,2.2452938640609285e-06
1,4766,2.2452938640609285e-06
1,4803,2.2452938640609285e-06
1,4829,2.2452938640609285e-06
1,4858,2.2452938640609285e-06
1,4909,2.2452938640609285e-06
1,4910,2.2452938640609285e-06
1,5016,2.2452938640609285e-06
1,5017,2.2452938640609285e-06
1,5097,2.2452938640609285e-06
1,5105,2.2452938640609285e-06
1,5113,2.2452938640609285e-06
1,5251,2.2452938640609285e-06
1,5344,2.2452938640609285e-06
1,5397,2.2452938640609285e-06
1,5434,2.2452938640609285e-06
1,5443,2.2452938640609285e-06
1,5546,2.2452938640609285e-06
1,5563,2.2452938640609285e-06
1,5604,2.2452938640609285e-06
1,5642,2.2452938640609285e-06
1,5660,2.2452938640609285e-06
1,5699,2.2452938640609285e-06
1,5778,2.2452938640609285e-06
1,5872,2.2452938640609285e-06
1,5875,2.2452938640609285e-06
1,5904,2.2452938640609285e-06
1,5987,2.2452938640609285e-06
1,6047,2.2452938640609285e-06
1,6132,2.2452938640609285e-06
1,6206,2.2452938640609285e-06
1,6445,2.2452938640609285e-06
1,6574,2.2452938640609285e-06
1,6617,2.2452938640609285e-06
1,6762,2.2452938640609285e-06
1,6848,2.2452938640609285e-06
1,6970,2.2452938640609285e-06
1,6981,4.490587728121857e-06
1,6988,2.2452938640609285e-06
1,7099,2.2452938640609285e-06
1,7140,2.2452938640609285e-06
1,7260,2.2452938640609285e-06
1,7284,2.2452938640609285e-06
1,7317,2.2452938640609285e-06
1,7409,2.2452938640609285e-06
1,7412,2.2452938640609285e-06
1,7462,2.2452938640609285e-06
1,7464,2.2452938640609285e-06
1,7476,2.2452938640609285e-06
1,7531,2.2452938640609285e-06
1,7558,2.2452938640609285e-06
1,7612,2.2452938640609285e-06
1,7648,2.2452938640609285e-06
1,7671,2.2452938640609285e-06
1,7787,2.2452938640609285e-06
1,8004,2.2452938640609285e-06
1,8251,2.2452938640609285e-06
1,8631,2.2452938640609285e-06
1,8696,2.2452938640609285e-06
1,8961,2.2452938640609285e-06
1,9014,2.2452938640609285e-06
1,9211,2.2452938640609285e-06
1,9242,2.2452938640609285e-06
1,9296,2.2452938640609285e-06
1,9413,2.2452938640609285e-06
1,9473,2.2452938640609285e-06
1,10095,2.2452938640609285e-06
1,10308,2.2452938640609285e-06
1,10448,2.2452938640609285e-06
1,10504,2.2452938640609285e-06
1,10877,2.2452938640609285e-06
1,10910,2.2452938640609285e-06
1,11023,2.2452938640609285e-06
1,11063,2.2452938640609285e-06
1,11174,2.2452938640609285e-06
1,11190,2.2452938640609285e-06
1,11410,2.2452938640609285e-06
1,11611,2.2452938640609285e-06
1,11658,2.2452938640609285e-06
1,11775,2.2452938640609285e-06
1,11826,2.2452938640609285e-06
1,11985,2.2452938640609285e-06
1,12553,2.2452938640609285e-06
1,12915,2.2452938640609285e-06
1,12962,2.2452938640609285e-06
1,13371,2.2452938640609285e-06
1,13552,2.2452938640609285e-06
1,13792,2.2452938640609285e-06
1,13825,2.2452938640609285e-06
1,14252,2.2452938640609285e-06
1,14461,2.2452938640609285e-06
1,14494,2.2452938640609285e-06
1,14789,2.2452938640609285e-06
1,15209,2.2452938640609285e-06
1,15783,2.2452938640609285e-06
1,18393,2.2452938640609285e-06
1,19042,2.2452938640609285e-06
1,19084,2.2452938640609285e-06
1,21785,2.2452938640609285e-06
1,23021,2.2452938640609285e-06
1,25618,2.2452938640609285e-06
1,29244,2.2452938640609285e-06
1,30869,2.2452938640609285e-06
1,31399,2.2452938640609285e-06
1,33386,2.2452938640609285e-06
1,60543,2.2452938640609285e-06
1,160436,2.2452938640609285e-06
1,161244,2.2452938640609285e-06
2,1,0.050695178469794294
2,2,0.06430965480481701
2,3,0.07159118627530693
2,4,0.0753290692106856
2,5,0.07670226124978544
2,6,0.07405525291125746
2,7,0.07128402489813987
2,8,0.06522888039678022
2,9,0.06025331779458131
2,10,0.054022007209258205
2,11,0.04779747224254908
2,12,0.04204271349974253
2,13,0.03620438879403023
2,14,0.03145468014563063
2,15,0.02693308399056834
2,16,0.02287900551987063
2,17,0.01884525390501486
2,18,0.016417323901672224
2,19,0.013614476335022722
2,20,0.011529844341455042
2,21,0.009582983259704945
2,22,0.007963610410963854
2,23,0.006739481981371566
2,24,0.005497285235475332
2,25,0.004600645038892051
2,26,0.003857585530892304
2,27,0.003286175027780036
2,28,0.0027599353154276317
2,29,0.0022517639193791726
2,30,0.002048495360959789
2,31,0.0015470995835253091
2,32,0.0013844847367898022
2,33,0.0011812161783704186
2,34,0.0009779476199510348
2,35,0.0009282597501151855
2,36,0.0007340253498477745
2,37,0.0005894788194162127
2,38,0.0006346496101760757
2,39,0.0004765518425165551
2,40,0.0004065371168387674
2,41,0.0003636248656168975
2,42,0.0002845759817871372
2,43,0.0002890930608631235
2,44,0.00031167845624305497
2,45,0.00022359541426132207
2,46,0.00022811249333730836
2,47,0.0001942344002674111
2,48,0.00020101001888139054
2,49,0.00016487338627350012
2,50,0.00016713192581149325
2,51,0.00015358068858353435
2,52,0.00011518551643765076
2,53,0.00011970259551363706
2,54,0.00013777091181758227
2,55,0.00011970259551363706
2,56,0.00011744405597564392
2,57,8.356596290574662e-05
2,58,0.00011066843736166445
2,59,0.00013325383274159598
2,60,8.582450244373978e-05
2,61,0.00010615135828567815
2,62,8.582450244373978e-05
2,63,9.260012105771924e-05
2,64,9.034158151972608e-05
2,65,9.260012105771924e-05
2,66,5.872202798782196e-05
2,67,6.323910706380825e-05
2,68,8.356596290574662e-05
2,69,8.808304198173293e-05
2,70,5.872202798782196e-05
2,71,6.098056752581511e-05
2,72,8.356596290574662e-05
2,73,4.9687869835849345e-05
2,74,4.517079075986304e-05
2,75,4.065371168387674e-05
2,76,3.387809306989728e-05
2,77,5.64634884498288e-05
2,78,6.098056752581511e-05
2,79,2.032685584193837e-05
2,80,5.19464093738425e-05
2,81,4.9687869835849345e-05
2,82,8.582450244373978e-05
2,83,4.7429330297856194e-05
2,84,5.19464093738425e-05
2,85,5.872202798782196e-05
2,86,4.9687869835849345e-05
2,87,3.6136632607890437e-05
2,88,4.065371168387674e-05
2,89,4.291225122186989e-05
2,90,5.19464093738425e-05
2,91,2.4843934917924673e-05
2,92,4.7429330297856194e-05
2,93,4.065371168387674e-05
2,94,4.291225122186989e-05
2,95,5.872202798782196e-05
2,96,3.839517214588359e-05
2,97,5.872202798782196e-05
2,98,4.517079075986304e-05
2,99,6.098056752581511e-05
2,100,4.291225122186989e-05
2,101,5.420494891183565e-05
2,102,3.6136632607890437e-05
2,103,2.7102474455917824e-05
2,104,3.839517214588359e-05
2,105,5.420494891183565e-05
2,106,5.420494891183565e-05
2,107,3.839517214588359e-05
2,108,4.065371168387674e-05
2,109,2.4843934917924673e-05
2,110,5.19464093738425e-05
2,111,4.065371168387674e-05
2,112,4.517079075986304e-05
2,113,4.517079075986304e-05
2,114,3.387809306989728e-05
2,115,2.7102474455917824e-05
2,116,5.64634884498288e-05
2,117,4.065371168387674e-05
2,118,4.291225122186989e-05
2,119,3.161955353190413e-05
2,120,3.161955353190413e-05
2,121,5.19464093738425e-05
2,122,5.19464093738425e-05
2,123,2.7102474455917824e-05
2,124,3.161955353190413e-05
2,125,3.387809306989728e-05
2,126,3.161955353190413e-05
2,127,2.258539537993152e-05
2,128,1.3551237227958912e-05
2,129,4.517079075986304e-05
2,130,3.161955353190413e-05
2,131,2.258539537993152e-05
2,132,3.387809306989728e-05
2,133,2.936101399391098e-05
2,134,2.7102474455917824e-05
2,135,2.4843934917924673e-05
2,136,3.161955353190413e-05
2,137,2.7102474455917824e-05
2,138,2.936101399391098e-05
2,139,1.8068316303945218e-05
2,140,3.161955353190413e-05
2,141,1.129269768996576e-05
2,142,2.258539537993152e-05
2,143,1.129269768996576e-05
2,144,2.032685584193837e-05
2,145,2.936101399391098e-05
2,146,2.032685584193837e-05
2,147,3.161955353190413e-05
2,148,1.3551237227958912e-05
2,149,2.936101399391098e-05
2,150,2.4843934917924673e-05
2,151,2.032685584193837e-05
2,152,2.032685584193837e-05
2,153,2.7102474455917824e-05
2,154,1.8068316303945218e-05
2,155,3.161955353190413e-05
2,156,9.034158151972609e-06
2,157,2.258539537993152e-05
2,158,1.8068316303945218e-05
2,159,1.8068316303945218e-05
2,160,1.5809776765952063e-05
2,161,2.032685584193837e-05
2,162,1.5809776765952063e-05
2,163,1.5809776765952063e-05
2,164,2.7102474455917824e-05
2,165,2.032685584193837e-05
2,166,1.3551237227958912e-05
2,167,2.4843934917924673e-05
2,168,1.3551237227958912e-05
2,169,1.5809776765952063e-05
2,170,2.2585395379931523e-06
2,171,1.129269768996576e-05
2,172,1.129269768996576e-05
2,173,1.3551237227958912e-05
2,174,1.8068316303945218e-05
2,175,2.936101399391098e-05
2,176,1.129269768996576e-05
2,177,1.8068316303945218e-05
2,178,1.5809776765952063e-05
2,179,2.7102474455917824e-05
2,180,1.8068316303945218e-05
2,181,1.8068316303945218e-05
2,182,1.3551237227958912e-05
2,183,1.129269768996576e-05
2,184,1.129269768996576e-05
2,185,1.129269768996576e-05
2,186,1.129269768996576e-05
2,187,9.034158151972609e-06
2,188,1.129269768996576e-05
2,189,2.258539537993152e-05
2,190,1.129269768996576e-05
2,191,4.5170790759863046e-06
2,192,9.034158151972609e-06
2,193,1.8068316303945218e-05
2,194,1.5809776765952063e-05
2,195,1.3551237227958912e-05
2,196,1.129269768996576e-05
2,197,1.5809776765952063e-05
2,198,1.8068316303945218e-05
2,199,1.5809776765952063e-05
2,200,1.129269768996576e-05
2,201,2.4843934917924673e-05
2,202,9.034158151972609e-06
2,203,1.5809776765952063e-05
2,204,9.034158151972609e-06
2,205,6.775618613979456e-06
2,206,9.034158151972609e-06
2,207,1.8068316303945218e-05
2,208,9.034158151972609e-06
2,209,9.034158151972609e-06
2,210,1.8068316303945218e-05
2,211,1.5809776765952063e-05
2,212,4.5170790759863046e-06
2,213,1.3551237227958912e-05
2,214,4.5170790759863046e-06
2,216,1.3551237227958912e-05
2,217,1.129269768996576e-05
2,218,2.032685584193837e-05
2,219,1.8068316303945218e-05
2,220,1.8068316303945218e-05
2,221,1.129269768996576e-05
2,222,1.3551237227958912e-05
2,223,9.034158151972609e-06
2,224,4.5170790759863046e-06
2,225,1.5809776765952063e-05
2,226,9.034158151972609e-06
2,227,1.3551237227958912e-05
2,228,9.034158151972609e-06
2,229,1.5809776765952063e-05
2,230,4.5170790759863046e-06
2,231,1.129269768996576e-05
2,232,9.034158151972609e-06
2,233,2.258539537993152e-05
2,234,2.2585395379931523e-06
2,235,1.129269768996576e-05
2,236,2.2585395379931523e-06
2,237,2.2585395379931523e-06
2,238,1.129269768996576e-05
2,239,4.5170790759863046e-06
2,240,6.775618613979456e-06
2,242,2.2585395379931523e-06
2,243,1.129269768996576e-05
2,244,4.5170790759863046e-06
2,245,2.2585395379931523e-06
2,246,9.034158151972609e-06
2,247,2.2585395379931523e-06
2,248,4.5170790759863046e-06
2,249,2.2585395379931523e-06
2,250,9.034158151972609e-06
2,251,4.5170790759863046e-06
2,252,2.2585395379931523e-06
2,253,6.775618613979456e-06
2,254,4.5170790759863046e-06
2,255,4.5170790759863046e-06
2,256,1.129269768996576e-05
2,257,4.5170790759863046e-06
2,258,2.2585395379931523e-06
2,259,6.775618613979456e-06
2,260,2.2585395379931523e-06
2,261,4.5170790759863046e-06
2,262,6.775618613979456e-06
2,263,4.5170790759863046e-06
2,264,6.775618613979456e-06
2,265,6.775618613979456e-06
2,266,6.775618613979456e-06
2,267,1.129269768996576e-05
2,268,6.775618613979456e-06
2,269,4.5170790759863046e-06
2,270,2.2585395379931523e-06
2,271,1.129269768996576e-05
2,272,9.034158151972609e-06
2,273,4.5170790759863046e-06
2,274,2.2585395379931523e-06
2,275,9.034158151972609e-06
2,276,4.5170790759863046e-06
2,277,4.5170790759863046e-06
2,278,4.5170790759863046e-06
2,279,4.5170790759863046e-06
2,280,6.775618613979456e-06
2,281,1.3551237227958912e-05
2,282,2.2585395379931523e-06
2,283,9.034158151972609e-06
2,284,6.775618613979456e-06
2,285,1.129269768996576e-05
2,286,4.5170790759863046e-06
2,287,6.775618613979456e-06
2,288,6.775618613979456e-06
2,289,9.034158151972609e-06
2,290,9.034158151972609e-06
2,291,2.2585395379931523e-06
2,292,2.2585395379931523e-06
2,293,9.034158151972609e-06
2,294,2.2585395379931523e-06
2,295,6.775618613979456e-06
2,296,6.775618613979456e-06
2,297,6.775618613979456e-06
2,298,1.129269768996576e-05
2,300,4.5170790759863046e-06
2,301,6.775618613979456e-06
2,302,2.2585395379931523e-06
2,303,2.2585395379931523e-06
2,304,6.775618613979456e-06
2,306,6.775618613979456e-06
2,308,6.775618613979456e-06
2,310,4.5170790759863046e-06
2,311,6.775618613979456e-06
2,312,4.5170790759863046e-06
2,313,4.5170790759863046e-06
2,314,4.5170790759863046e-06
2,315,2.2585395379931523e-06
2,316,4.5170790759863046e-06
2,317,2.2585395379931523e-06
2,318,4.5170790759863046e-06
2,320,4.5170790759863046e-06
2,322,4.5170790759863046e-06
2,323,6.775618613979456e-06
2,324,4.5170790759863046e-06
2,325,4.5170790759863046e-06
2,326,6.775618613979456e-06
2,327,4.5170790759863046e-06
2,329,2.2585395379931523e-06
2,330,4.5170790759863046e-06
2,332,4.5170790759863046e-06
2,333,2.2585395379931523e-06
2,335,2.2585395379931523e-06
2,336,2.2585395379931523e-06
2,337,4.5170790759863046e-06
2,339,2.2585395379931523e-06
2,340,2.2585395379931523e-06
2,341,4.5170790759863046e-06
2,343,2.2585395379931523e-06
2,344,4.5170790759863046e-06
2,348,2.2585395379931523e-06
2,349,2.2585395379931523e-06
2,350,2.2585395379931523e-06
2,351,4.5170790759863046e-06
2,353,2.2585395379931523e-06
2,355,9.034158151972609e-06
2,356,9.034158151972609e-06
2,357,6.775618613979456e-06
2,358,2.2585395379931523e-06
2,359,4.5170790759863046e-06
2,361,2.2585395379931523e-06
2,362,4.5170790759863046e-06
2,364,2.2585395379931523e-06
2,365,2.2585395379931523e-06
2,367,2.2585395379931523e-06
2,368,4.5170790759863046e-06
2,369,2.2585395379931523e-06
2,370,4.5170790759863046e-06
2,372,6.775618613979456e-06
2,373,9.034158151972609e-06
2,374,2.2585395379931523e-06
2,375,2.2585395379931523e-06
2,376,6.775618613979456e-06
2,377,4.5170790759863046e-06
2,378,4.5170790759863046e-06
2,379,2.2585395379931523e-06
2,381,2.2585395379931523e-06
2,382,4.5170790759863046e-06
2,383,2.2585395379931523e-06
2,384,2.2585395379931523e-06
2,385,2.2585395379931523e-06
2,389,2.2585395379931523e-06
2,390,4.5170790759863046e-06
2,391,2.2585395379931523e-06
2,392,4.5170790759863046e-06
2,393,6.775618613979456e-06
2,394,2.2585395379931523e-06
2,396,2.2585395379931523e-06
2,397,2.2585395379931523e-06
2,399,6.775618613979456e-06
2,400,4.5170790759863046e-06
2,402,2.2585395379931523e-06
2,403,2.2585395379931523e-06
2,404,4.5170790759863046e-06
2,405,4.5170790759863046e-06
2,408,2.2585395379931523e-06
2,410,2.2585395379931523e-06
2,411,2.2585395379931523e-06
2,412,2.2585395379931523e-06
2,413,6.775618613979456e-06
2,414,4.5170790759863046e-06
2,415,2.2585395379931523e-06
2,417,2.2585395379931523e-06
2,419,6.775618613979456e-06
2,420,4.5170790759863046e-06
2,421,4.5170790759863046e-06
2,424,4.5170790759863046e-06
2,425,2.2585395379931523e-06
2,426,2.2585395379931523e-06
2,427,4.5170790759863046e-06
2,428,2.2585395379931523e-06
2,430,4.5170790759863046e-06
2,431,2.2585395379931523e-06
2,433,2.2585395379931523e-06
2,434,4.5170790759863046e-06
2,435,4.5170790759863046e-06
2,436,4.5170790759863046e-06
2,437,4.5170790759863046e-06
2,438,4.5170790759863046e-06
2,439,4.5170790759863046e-06
2,440,2.2585395379931523e-06
2,441,2.2585395379931523e-06
2,442,2.2585395379931523e-06
2,444,9.034158151972609e-06
2,445,2.2585395379931523e-06
2,447,4.5170790759863046e-06
2,449,2.2585395379931523e-06
2,451,6.775618613979456e-06
2,453,6.775618613979456e-06
2,456,4.5170790759863046e-06
2,457,2.2585395379931523e-06
2,458,2.2585395379931523e-06
2,459,2.2585395379931523e-06
2,460,4.5170790759863046e-06
2,461,2.2585395379931523e-06
2,462,2.2585395379931523e-06
2,463,2.2585395379931523e-06
2,465,4.5170790759863046e-06
2,466,2.2585395379931523e-06
2,467,2.2585395379931523e-06
2,468,2.2585395379931523e-06
2,471,2.2585395379931523e-06
2,472,4.5170790759863046e-06
2,473,2.2585395379931523e-06
2,474,6.775618613979456e-06
2,475,6.775618613979456e-06
2,476,2.2585395379931523e-06
2,478,4.5170790759863046e-06
2,479,2.2585395379931523e-06
2,480,4.5170790759863046e-06
2,481,2.2585395379931523e-06
2,483,6.775618613979456e-06
2,484,4.5170790759863046e-06
2,485,4.5170790759863046e-06
2,486,6.775618613979456e-06
2,489,4.5170790759863046e-06
2,491,6.775618613979456e-06
2,496,4.5170790759863046e-06
2,497,4.5170790759863046e-06
2,505,9.034158151972609e-06
2,508,2.2585395379931523e-06
2,509,4.5170790759863046e-06
2,510,2.2585395379931523e-06
2,512,4.5170790759863046e-06
2,515,2.2585395379931523e-06
2,516,4.5170790759863046e-06
2,517,2.2585395379931523e-06
2,519,4.5170790759863046e-06
2,520,4.5170790759863046e-06
2,521,2.2585395379931523e-06
2,525,2.2585395379931523e-06
2,526,2.2585395379931523e-06
2,527,2.2585395379931523e-06
2,530,6.775618613979456e-06
2,532,2.2585395379931523e-06
2,536,2.2585395379931523e-06
2,537,2.2585395379931523e-06
2,538,4.5170790759863046e-06
2,539,6.775618613979456e-06
2,541,2.2585395379931523e-06
2,543,2.2585395379931523e-06
2,544,4.5170790759863046e-06
2,547,6.775618613979456e-06
2,548,6.775618613979456e-06
2,549,4.5170790759863046e-06
2,551,4.5170790759863046e-06
2,552,2.2585395379931523e-06
2,553,2.2585395379931523e-06
2,559,2.2585395379931523e-06
2,560,2.2585395379931523e-06
2,561,4.5170790759863046e-06
2,562,2.2585395379931523e-06
2,563,2.2585395379931523e-06
2,564,4.5170790759863046e-06
2,567,2.2585395379931523e-06
2,568,2.2585395379931523e-06
2,569,2.2585395379931523e-06
2,570,2.2585395379931523e-06
2,576,6.775618613979456e-06
2,577,4.5170790759863046e-06
2,580,4.5170790759863046e-06
2,582,2.2585395379931523e-06
2,583,4.5170790759863046e-06
2,584,2.2585395379931523e-06
2,586,4.5170790759863046e-06
2,587,2.2585395379931523e-06
2,588,2.2585395379931523e-06
2,589,2.2585395379931523e-06
2,593,6.775618613979456e-06
2,594,2.2585395379931523e-06
2,596,2.2585395379931523e-06
2,597,2.2585395379931523e-06
2,598,2.2585395379931523e-06
2,600,6.775618613979456e-06
2,602,2.2585395379931523e-06
2,603,4.5170790759863046e-06
2,604,2.2585395379931523e-06
2,607,6.775618613979456e-06
2,608,2.2585395379931523e-06
2,609,2.2585395379931523e-06
2,610,4.5170790759863046e-06
2,611,4.5170790759863046e-06
2,612,2.2585395379931523e-06
2,613,2.2585395379931523e-06
2,618,2.2585395379931523e-06
2,623,2.2585395379931523e-06
2,624,2.2585395379931523e-06
2,626,6.775618613979456e-06
2,630,4.5170790759863046e-06
2,631,2.2585395379931523e-06
2,633,2.2585395379931523e-06
2,634,2.2585395379931523e-06
2,636,2.2585395379931523e-06
2,638,2.2585395379931523e-06
2,639,2.2585395379931523e-06
2,643,2.2585395379931523e-06
2,644,2.2585395379931523e-06
2,645,2.2585395379931523e-06
2,646,2.2585395379931523e-06
2,648,2.2585395379931523e-06
2,651,4.5170790759863046e-06
2,652,6.775618613979456e-06
2,653,2.2585395379931523e-06
2,656,6.775618613979456e-06
2,659,2.2585395379931523e-06
2,661,2.2585395379931523e-06
2,662,2.2585395379931523e-06
2,663,2.2585395379931523e-06
2,664,4.5170790759863046e-06
2,665,2.2585395379931523e-06
2,667,2.2585395379931523e-06
2,669,2.2585395379931523e-06
2,670,2.2585395379931523e-06
2,673,4.5170790759863046e-06
2,674,2.2585395379931523e-06
2,676,2.2585395379931523e-06
2,677,2.2585395379931523e-06
2,678,4.5170790759863046e-06
2,681,2.2585395379931523e-06
2,682,4.5170790759863046e-06
2,684,4.5170790759863046e-06
2,687,2.2585395379931523e-06
2,688,2.2585395379931523e-06
2,690,2.2585395379931523e-06
2,692,2.2585395379931523e-06
2,694,2.2585395379931523e-06
2,696,2.2585395379931523e-06
2,697,2.2585395379931523e-06
2,698,4.5170790759863046e-06
2,703,2.2585395379931523e-06
2,705,2.2585395379931523e-06
2,707,4.5170790759863046e-06
2,708,2.2585395379931523e-06
2,711,2.2585395379931523e-06
2,712,4.5170790759863046e-06
2,713,2.2585395379931523e-06
2,715,4.5170790759863046e-06
2,718,2.2585395379931523e-06
2,719,2.2585395379931523e-06
2,720,4.5170790759863046e-06
2,723,2.2585395379931523e-06
2,724,4.5170790759863046e-06
2,726,4.5170790759863046e-06
2,729,4.5170790759863046e-06
2,732,6.775618613979456e-06
2,733,4.5170790759863046e-06
2,736,6.775618613979456e-06
2,737,4.5170790759863046e-06
2,739,2.2585395379931523e-06
2,740,4.5170790759863046e-06
2,741,6.775618613979456e-06
2,744,2.2585395379931523e-06
2,747,4.5170790759863046e-06
2,748,2.2585395379931523e-06
2,749,4.5170790759863046e-06
2,750,2.2585395379931523e-06
2,752,4.5170790759863046e-06
2,753,4.5170790759863046e-06
2,755,2.2585395379931523e-06
2,756,4.5170790759863046e-06
2,757,2.2585395379931523e-06
2,758,6.775618613979456e-06
2,759,2.2585395379931523e-06
2,760,2.2585395379931523e-06
2,762,2.2585395379931523e-06
2,763,4.5170790759863046e-06
2,764,4.5170790759863046e-06
2,765,2.2585395379931523e-06
2,767,2.2585395379931523e-06
2,770,4.5170790759863046e-06
2,772,2.2585395379931523e-06
2,773,2.2585395379931523e-06
2,775,2.2585395379931523e-06
2,776,2.2585395379931523e-06
2,779,4.5170790759863046e-06
2,780,6.775618613979456e-06
2,781,4.5170790759863046e-06
2,782,2.2585395379931523e-06
2,783,2.2585395379931523e-06
2,785,4.5170790759863046e-06
2,786,2.2585395379931523e-06
2,789,2.2585395379931523e-06
2,791,4.5170790759863046e-06
2,792,2.2585395379931523e-06
2,794,2.2585395379931523e-06
2,796,4.5170790759863046e-06
2,797,9.034158151972609e-06
2,800,4.5170790759863046e-06
2,801,6.775618613979456e-06
2,805,6.775618613979456e-06
2,806,2.2585395379931523e-06
2,808,6.775618613979456e-06
2,811,6.775618613979456e-06
2,812,2.2585395379931523e-06
2,815,6.775618613979456e-06
2,816,2.2585395379931523e-06
2,818,2.2585395379931523e-06
2,819,2.2585395379931523e-06
2,822,2.2585395379931523e-06
2,823,6.775618613979456e-06
2,827,2.2585395379931523e-06
2,828,2.2585395379931523e-06
2,830,2.2585395379931523e-06
2,831,2.2585395379931523e-06
2,834,2.2585395379931523e-06
2,838,4.5170790759863046e-06
2,841,6.775618613979456e-06
2,842,4.5170790759863046e-06
2,846,2.2585395379931523e-06
2,847,2.2585395379931523e-06
2,848,4.5170790759863046e-06
2,851,2.2585395379931523e-06
2,855,2.2585395379931523e-06
2,857,2.2585395379931523e-06
2,858,4.5170790759863046e-06
2,859,4.5170790759863046e-06
2,860,4.5170790759863046e-06
2,862,2.2585395379931523e-06
2,864,2.2585395379931523e-06
2,865,2.2585395379931523e-06
2,867,2.2585395379931523e-06
2,868,2.2585395379931523e-06
2,869,2.2585395379931523e-06
2,875,2.2585395379931523e-06
2,879,2.2585395379931523e-06
2,886,2.2585395379931523e-06
2,887,4.5170790759863046e-06
2,891,2.2585395379931523e-06
2,894,4.5170790759863046e-06
2,895,4.5170790759863046e-06
2,896,2.2585395379931523e-06
2,898,2.2585395379931523e-06
2,902,4.5170790759863046e-06
2,904,2.2585395379931523e-06
2,910,2.2585395379931523e-06
2,911,2.2585395379931523e-06
2,914,2.2585395379931523e-06
2,918,2.2585395379931523e-06
2,925,2.2585395379931523e-06
2,927,2.2585395379931523e-06
2,928,2.2585395379931523e-06
2,934,2.2585395379931523e-06
2,937,2.2585395379931523e-06
2,939,4.5170790759863046e-06
2,941,2.2585395379931523e-06
2,942,2.2585395379931523e-06
2,946,2.2585395379931523e-06
2,947,2.2585395379931523e-06
2,950,4.5170790759863046e-06
2,951,2.2585395379931523e-06
2,952,2.2585395379931523e-06
2,953,2.2585395379931523e-06
2,955,2.2585395379931523e-06
2,960,2.2585395379931523e-06
2,961,2.2585395379931523e-06
2,963,2.2585395379931523e-06
2,968,2.2585395379931523e-06
2,969,2.2585395379931523e-06
2,975,2.2585395379931523e-06
2,976,4.5170790759863046e-06
2,977,2.2585395379931523e-06
2,983,2.2585395379931523e-06
2,984,4.5170790759863046e-06
2,987,4.5170790759863046e-06
2,997,2.2585395379931523e-06
2,1000,2.2585395379931523e-06
2,1004,4.5170790759863046e-06
2,1011,2.2585395379931523e-06
2,1012,2.2585395379931523e-06
2,1018,2.2585395379931523e-06
2,1024,2.2585395379931523e-06
2,1025,2.2585395379931523e-06
2,1026,2.2585395379931523e-06
2,1030,2.2585395379931523e-06
2,1034,4.5170790759863046e-06
2,1056,2.2585395379931523e-06
2,1060,2.2585395379931523e-06
2,1063,2.2585395379931523e-06
2,1066,2.2585395379931523e-06
2,1067,2.2585395379931523e-06
2,1068,2.2585395379931523e-06
2,1075,2.2585395379931523e-06
2,1078,2.2585395379931523e-06
2,1080,2.2585395379931523e-06
2,1083,2.2585395379931523e-06
2,1084,4.5170790759863046e-06
2,1087,2.2585395379931523e-06
2,1091,2.2585395379931523e-06
2,1094,4.5170790759863046e-06
2,1101,2.2585395379931523e-06
2,1104,2.2585395379931523e-06
2,1106,2.2585395379931523e-06
2,1108,2.2585395379931523e-06
2,1112,2.2585395379931523e-06
2,1117,4.5170790759863046e-06
2,1130,2.2585395379931523e-06
2,1131,2.2585395379931523e-06
2,1135,2.2585395379931523e-06
2,1136,2.2585395379931523e-06
2,1139,2.2585395379931523e-06
2,1140,2.2585395379931523e-06
2,1144,4.5170790759863046e-06
2,1150,2.2585395379931523e-06
2,1155,2.2585395379931523e-06
2,1158,2.2585395379931523e-06
2,1162,2.2585395379931523e-06
2,1166,2.2585395379931523e-06
2,1174,2.2585395379931523e-06
2,1178,2.2585395379931523e-06
2,1180,2.2585395379931523e-06
2,1182,4.5170790759863046e-06
2,1187,2.2585395379931523e-06
2,1188,2.2585395379931523e-06
2,1198,4.5170790759863046e-06
2,1201,2.2585395379931523e-06
2,1205,2.2585395379931523e-06
2,1210,2.2585395379931523e-06
2,1211,2.2585395379931523e-06
2,1215,4.5170790759863046e-06
2,1216,4.5170790759863046e-06
2,1218,2.2585395379931523e-06
2,1228,2.2585395379931523e-06
2,1230,4.5170790759863046e-06
2,1232,2.2585395379931523e-06
2,1235,2.2585395379931523e-06
2,1238,2.2585395379931523e-06
2,1244,2.2585395379931523e-06
2,1245,2.2585395379931523e-06
2,1247,2.2585395379931523e-06
2,1252,2.2585395379931523e-06
2,1254,4.5170790759863046e-06
2,1261,2.2585395379931523e-06
2,1265,2.2585395379931523e-06
2,1271,2.2585395379931523e-06
2,1273,2.2585395379931523e-06
2,1278,2.2585395379931523e-06
2,1279,2.2585395379931523e-06
2,1281,2.2585395379931523e-06
2,1283,2.2585395379931523e-06
2,1288,2.2585395379931523e-06
2,1296,2.2585395379931523e-06
2,1308,2.2585395379931523e-06
2,1310,4.5170790759863046e-06
2,1312,2.2585395379931523e-06
2,1327,2.2585395379931523e-06
2,1331,2.2585395379931523e-06
2,1339,2.2585395379931523e-06
2,1347,2.2585395379931523e-06
2,1351,2.2585395379931523e-06
2,1360,2.2585395379931523e-06
2,1363,2.2585395379931523e-06
2,1369,2.2585395379931523e-06
2,1380,2.2585395379931523e-06
2,1383,2.2585395379931523e-06
2,1388,4.5170790759863046e-06
2,1393,2.2585395379931523e-06
2,1396,2.2585395379931523e-06
2,1403,2.2585395379931523e-06
2,1409,4.5170790759863046e-06
2,1415,2.2585395379931523e-06
2,1421,2.2585395379931523e-06
2,1423,2.2585395379931523e-06
2,1428,2.2585395379931523e-06
2,1430,2.2585395379931523e-06
2,1435,4.5170790759863046e-06
2,1440,2.2585395379931523e-06
2,1443,2.2585395379931523e-06
2,1444,2.2585395379931523e-06
2,1448,2.2585395379931523e-06
2,1462,2.2585395379931523e-06
2,1464,6.775618613979456e-06
2,1468,2.2585395379931523e-06
2,1471,2.2585395379931523e-06
2,1472,2.2585395379931523e-06
2,1473,2.2585395379931523e-06
2,1476,2.2585395379931523e-06
2,1479,2.2585395379931523e-06
2,1480,2.2585395379931523e-06
2,1482,2.2585395379931523e-06
2,1484,2.2585395379931523e-06
2,1486,2.2585395379931523e-06
2,1501,2.2585395379931523e-06
2,1504,2.2585395379931523e-06
2,1509,2.2585395379931523e-06
2,1510,2.2585395379931523e-06
2,1520,2.2585395379931523e-06
2,1540,2.2585395379931523e-06
2,1543,2.2585395379931523e-06
2,1571,2.2585395379931523e-06
2,1576,2.2585395379931523e-06
2,1580,2.2585395379931523e-06
2,1582,2.2585395379931523e-06
2,1583,2.2585395379931523e-06
2,1587,2.2585395379931523e-06
2,1595,2.2585395379931523e-06
2,1611,2.2585395379931523e-06
2,1614,2.2585395379931523e-06
2,1619,2.2585395379931523e-06
2,1624,2.2585395379931523e-06
2,1627,2.2585395379931523e-06
2,1637,2.2585395379931523e-06
2,1638,2.2585395379931523e-06
2,1644,2.2585395379931523e-06
2,1664,2.2585395379931523e-06
2,1677,4.5170790759863046e-06
2,1688,2.2585395379931523e-06
2,1690,2.2585395379931523e-06
2,1692,2.2585395379931523e-06
2,1697,2.2585395379931523e-06
2,1712,2.2585395379931523e-06
2,1722,2.2585395379931523e-06
2,1727,2.2585395379931523e-06
2,1729,2.2585395379931523e-06
2,1741,6.775618613979456e-06
2,1743,2.2585395379931523e-06
2,1746,2.2585395379931523e-06
2,1774,2.2585395379931523e-06
2,1780,2.2585395379931523e-06
2,1791,2.2585395379931523e-06
2,1792,2.2585395379931523e-06
2,1804,2.2585395379931523e-06
2,1812,2.2585395379931523e-06
2,1815,2.2585395379931523e-06
2,1819,2.2585395379931523e-06
2,1824,2.2585395379931523e-06
2,1834,2.2585395379931523e-06
2,1848,2.2585395379931523e-06
2,1859,2.2585395379931523e-06
2,1862,2.2585395379931523e-06
2,1870,2.2585395379931523e-06
2,1881,2.2585395379931523e-06
2,1891,2.2585395379931523e-06
2,1910,2.2585395379931523e-06
2,1914,2.2585395379931523e-06
2,1915,2.2585395379931523e-06
2,1934,2.2585395379931523e-06
2,1961,2.2585395379931523e-06
2,1979,2.2585395379931523e-06
2,1982,2.2585395379931523e-06
2,2027,2.2585395379931523e-06
2,2039,2.2585395379931523e-06
2,2047,2.2585395379931523e-06
2,2071,2.2585395379931523e-06
2,2072,2.2585395379931523e-06
2,2076,2.2585395379931523e-06
2,2082,2.2585395379931523e-06
2,2083,2.2585395379931523e-06
2,2087,2.2585395379931523e-06
2,2091,2.2585395379931523e-06
2,2093,2.2585395379931523e-06
2,2103,2.2585395379931523e-06
2,2108,2.2585395379931523e-06
2,2128,4.5170790759863046e-06
2,2129,2.2585395379931523e-06
2,2132,2.2585395379931523e-06
2,2153,2.2585395379931523e-06
2,2155,2.2585395379931523e-06
2,2162,2.2585395379931523e-06
2,2178,2.2585395379931523e-06
2,2189,2.2585395379931523e-06
2,2317,2.2585395379931523e-06
2,2318,2.2585395379931523e-06
2,2324,2.2585395379931523e-06
2,2360,2.2585395379931523e-06
2,2362,2.2585395379931523e-06
2,2421,2.2585395379931523e-06
2,2423,2.2585395379931523e-06
2,2435,2.2585395379931523e-06
2,2437,2.2585395379931523e-06
2,2453,2.2585395379931523e-06
2,2471,2.2585395379931523e-06
2,2477,2.2585395379931523e-06
2,2480,2.2585395379931523e-06
2,2525,2.2585395379931523e-06
2,2556,2.2585395379931523e-06
2,2558,2.2585395379931523e-06
2,2569,2.2585395379931523e-06
2,2604,2.2585395379931523e-06
2,2620,2.2585395379931523e-06
2,2651,2.2585395379931523e-06
2,2656,2.2585395379931523e-06
2,2658,2.2585395379931523e-06
2,2713,2.2585395379931523e-06
2,2720,2.2585395379931523e-06
2,2730,2.2585395379931523e-06
2,2738,2.2585395379931523e-06
2,2752,2.2585395379931523e-06
2,2756,2.2585395379931523e-06
2,2775,2.2585395379931523e-06
2,2788,2.2585395379931523e-06
2,2789,2.2585395379931523e-06
2,2802,2.2585395379931523e-06
2,2823,2.2585395379931523e-06
2,2836,2.2585395379931523e-06
2,2865,2.2585395379931523e-06
2,2878,2.2585395379931523e-06
2,2884,2.2585395379931523e-06
2,2914,2.2585395379931523e-06
2,2917,2.2585395379931523e-06
2,2980,2.2585395379931523e-06
2,2983,2.2585395379931523e-06
2,3000,2.2585395379931523e-06
2,3002,2.2585395379931523e-06
2,3009,2.2585395379931523e-06
2,3049,2.2585395379931523e-06
2,3061,2.2585395379931523e-06
2,3065,2.2585395379931523e-06
2,3083,2.2585395379931523e-06
2,3089,2.2585395379931523e-06
2,3115,2.2585395379931523e-06
2,3165,2.2585395379931523e-06
2,3220,2.2585395379931523e-06
2,3227,2.2585395379931523e-06
2,3257,2.2585395379931523e-06
2,3294,2.2585395379931523e-06
2,3325,2.2585395379931523e-06
2,3330,2.2585395379931523e-06
2,3331,2.2585395379931523e-06
2,3335,2.2585395379931523e-06
2,3362,2.2585395379931523e-06
2,3372,2.2585395379931523e-06
2,3383,2.2585395379931523e-06
2,3385,2.2585395379931523e-06
2,3424,2.2585395379931523e-06
2,3428,2.2585395379931523e-06
2,3464,2.2585395379931523e-06
2,3535,2.2585395379931523e-06
2,3554,2.2585395379931523e-06
2,3568,2.2585395379931523e-06
2,3573,2.2585395379931523e-06
2,3578,2.2585395379931523e-06
2,3604,2.2585395379931523e-06
2,3637,2.2585395379931523e-06
2,3655,2.2585395379931523e-06
2,3663,2.2585395379931523e-06
2,3701,2.2585395379931523e-06
2,3749,2.2585395379931523e-06
2,3857,2.2585395379931523e-06
2,3892,2.2585395379931523e-06
2,3896,2.2585395379931523e-06
2,3909,2.2585395379931523e-06
2,3969,2.2585395379931523e-06
2,3988,2.2585395379931523e-06
2,3998,2.2585395379931523e-06
2,4031,2.2585395379931523e-06
2,4127,2.2585395379931523e-06
2,4142,2.2585395379931523e-06
2,4145,2.2585395379931523e-06
2,4212,2.2585395379931523e-06
2,4238,2.2585395379931523e-06
2,4243,2.2585395379931523e-06
2,4277,2.2585395379931523e-06
2,4330,2.2585395379931523e-06
2,4387,2.2585395379931523e-06
2,4506,2.2585395379931523e-06
2,4526,2.2585395379931523e-06
2,4560,2.2585395379931523e-06
2,4569,2.2585395379931523e-06
2,4571,2.2585395379931523e-06
2,4601,2.2585395379931523e-06
2,4636,2.2585395379931523e-06
2,4682,2.2585395379931523e-06
2,4697,2.2585395379931523e-06
2,4718,2.2585395379931523e-06
2,4727,2.2585395379931523e-06
2,4731,2.2585395379931523e-06
2,4748,2.2585395379931523e-06
2,4837,2.2585395379931523e-06
2,4857,2.2585395379931523e-06
2,4935,2.2585395379931523e-06
2,4991,2.2585395379931523e-06
2,5125,2.2585395379931523e-06
2,5197,2.2585395379931523e-06
2,5253,2.2585395379931523e-06
2,5407,2.2585395379931523e-06
2,5564,2.2585395379931523e-06
2,5594,2.2585395379931523e-06
2,5811,2.2585395379931523e-06
2,5923,2.2585395379931523e-06
2,5949,2.2585395379931523e-06
2,6043,2.2585395379931523e-06
2,6067,2.2585395379931523e-06
2,6439,2.2585395379931523e-06
2,6594,2.2585395379931523e-06
2,6729,2.2585395379931523e-06
2,7329,2.2585395379931523e-06
2,7352,2.2585395379931523e-06
2,7476,2.2585395379931523e-06
2,7787,2.2585395379931523e-06
2,8009,2.2585395379931523e-06
2,8188,2.2585395379931523e-06
2,8316,2.2585395379931523e-06
2,8871,2.2585395379931523e-06
2,9263,2.2585395379931523e-06
2,9695,2.2585395379931523e-06
2,9896,2.2585395379931523e-06
2,10012,2.2585395379931523e-06
2,10340,2.2585395379931523e-06
2,11975,2.2585395379931523e-06
2,12412,2.2585395379931523e-06
2,13841,2.2585395379931523e-06
2,15130,2.2585395379931523e-06
2,18764,2.2585395379931523e-06
2,18768,2.2585395379931523e-06
2,19971,2.2585395379931523e-06
2,22722,2.2585395379931523e-06
2,22996,2.2585395379931523e-06
2,23527,2.2585395379931523e-06
2,42443,2.2585395379931523e-06
2,109279,2.2585395379931523e-06
2,120862,2.2585395379931523e-06
3,1,0.07794964290919691
3,2,0.09564021279696837
3,3,0.10353355924792304
3,4,0.10203733056405771
3,5,0.09651016615653694
3,6,0.08603428800466405
3,7,0.07583852572511296
3,8,0.06501648812126512
3,9,0.054258216732254776
3,10,0.04505994024194724
3,11,0.036888755283486376
3,12,0.029387115580819124
3,13,0.024208387990088908
3,14,0.019355323567993004
3,15,0.01534943885730943
3,16,0.01254828013409124
3,17,0.009886040664626148
3,18,0.00797760894913278
3,19,0.006344738376329981
3,20,0.005114961375892727
3,21,0.004217679638536656
3,22,0.0032065296603993585
3,23,0.002639465821308847
3,24,0.00219993441189331
3,25,0.0017125783413496575
3,26,0.0014233530097653403
3,27,0.001229777000437254
3,28,0.0010521425448185395
3,29,0.0008426249817810815
3,30,0.0006308300539279989
3,31,0.0006467716076373706
3,32,0.0005329033668561434
3,33,0.00043953140941553707
3,34,0.0003917067482874217
3,35,0.00032794053344993443
3,36,0.0003324952630811835
3,37,0.00026872904824369625
3,38,0.0002140722926687072
3,39,0.000204962833406209
3,40,0.00020268546859058447
3,41,0.00016852499635621628
3,42,0.00018218918524996356
3,43,0.00017535709080308994
3,44,0.00016624763154059175
3,45,0.00013436452412184813
3,46,0.00011386824078122722
3,47,0.00011842297041247631
3,48,9.109459262498178e-05
3,49,0.00010020405188747995
3,50,9.792668707185542e-05
3,51,0.0001070361463343536
3,52,0.0001070361463343536
3,53,8.881722780935723e-05
3,54,9.792668707185542e-05
3,55,9.792668707185542e-05
3,56,9.337195744060633e-05
3,57,8.198513336248361e-05
3,58,8.881722780935723e-05
3,59,8.881722780935723e-05
3,60,9.109459262498178e-05
3,61,0.00011386824078122722
3,62,6.376621483748725e-05
3,63,7.287567409998542e-05
3,64,7.515303891560997e-05
3,65,5.693412039061361e-05
3,66,6.14888500218627e-05
3,67,7.059830928436088e-05
3,68,6.14888500218627e-05
3,69,4.782466112811544e-05
3,70,6.832094446873633e-05
3,71,5.2379390759364524e-05
3,72,5.2379390759364524e-05
3,73,6.832094446873633e-05
3,74,5.465675557498907e-05
3,75,4.0992566681241804e-05
3,76,5.9211485206238156e-05
3,77,3.4160472234368165e-05
3,78,2.9605742603119078e-05
3,79,3.4160472234368165e-05
3,80,6.376621483748725e-05
3,81,5.2379390759364524e-05
3,82,5.693412039061361e-05
3,83,5.2379390759364524e-05
3,84,4.554729631249089e-05
3,85,4.782466112811544e-05
3,86,2.505101297186999e-05
3,87,4.782466112811544e-05
3,88,4.0992566681241804e-05
3,89,4.0992566681241804e-05
3,90,3.1883107418743625e-05
3,91,3.871520186561726e-05
3,92,2.9605742603119078e-05
3,93,3.1883107418743625e-05
3,94,3.1883107418743625e-05
3,95,3.1883107418743625e-05
3,96,4.3269931496866344e-05
3,97,2.2773648156245445e-05
3,98,2.9605742603119078e-05
3,99,3.4160472234368165e-05
3,100,3.871520186561726e-05
3,101,3.871520186561726e-05
3,102,4.554729631249089e-05
3,103,3.1883107418743625e-05
3,104,3.4160472234368165e-05
3,105,3.1883107418743625e-05
3,106,1.8218918524996356e-05
3,107,2.505101297186999e-05
3,108,1.8218918524996356e-05
3,109,2.2773648156245445e-05
3,110,4.3269931496866344e-05
3,111,2.0496283340620902e-05
3,112,1.8218918524996356e-05
3,113,1.8218918524996356e-05
3,114,1.5941553709371812e-05
3,115,2.7328377787494535e-05
3,116,1.5941553709371812e-05
3,117,2.505101297186999e-05
3,118,2.2773648156245445e-05
3,119,3.1883107418743625e-05
3,120,1.5941553709371812e-05
3,121,1.5941553709371812e-05
3,122,1.5941553709371812e-05
3,123,2.505101297186999e-05
3,124,1.8218918524996356e-05
3,125,2.2773648156245445e-05
3,126,2.0496283340620902e-05
3,127,2.0496283340620902e-05
3,128,2.0496283340620902e-05
3,129,2.9605742603119078e-05
3,130,2.2773648156245444e-06
3,131,2.9605742603119078e-05
3,132,3.1883107418743625e-05
3,133,2.0496283340620902e-05
3,134,1.1386824078122723e-05
3,135,2.7328377787494535e-05
3,136,2.2773648156245445e-05
3,137,2.0496283340620902e-05
3,138,2.0496283340620902e-05
3,139,2.2773648156245445e-05
3,140,1.8218918524996356e-05
3,141,1.3664188893747268e-05
3,142,2.2773648156245445e-05
3,143,1.8218918524996356e-05
3,144,2.0496283340620902e-05
3,145,2.2773648156245445e-05
3,146,6.832094446873634e-06
3,147,1.3664188893747268e-05
3,148,2.2773648156245445e-05
3,149,1.3664188893747268e-05
3,150,1.3664188893747268e-05
3,151,1.3664188893747268e-05
3,152,9.109459262498178e-06
3,153,1.3664188893747268e-05
3,154,2.0496283340620902e-05
3,155,6.832094446873634e-06
3,156,9.109459262498178e-06
3,157,2.0496283340620902e-05
3,158,6.832094446873634e-06
3,159,1.3664188893747268e-05
3,160,1.5941553709371812e-05
3,161,2.0496283340620902e-05
3,162,1.1386824078122723e-05
3,163,1.1386824078122723e-05
3,164,9.109459262498178e-06
3,165,1.1386824078122723e-05
3,166,9.109459262498178e-06
3,167,9.109459262498178e-06
3,168,1.5941553709371812e-05
3,169,1.8218918524996356e-05
3,170,1.1386824078122723e-05
3,171,1.1386824078122723e-05
3,172,1.1386824078122723e-05
3,173,9.109459262498178e-06
3,174,1.8218918524996356e-05
3,175,1.3664188893747268e-05
3,176,1.3664188893747268e-05
3,177,1.1386824078122723e-05
3,178,1.1386824078122723e-05
3,179,6.832094446873634e-06
3,180,9.109459262498178e-06
3,181,1.1386824078122723e-05
3,182,9.109459262498178e-06
3,183,4.554729631249089e-06
3,184,1.8218918524996356e-05
3,185,9.109459262498178e-06
3,186,1.1386824078122723e-05
3,187,6.832094446873634e-06
3,188,6.832094446873634e-06
3,189,1.8218918524996356e-05
3,190,1.3664188893747268e-05
3,191,1.8218918524996356e-05
3,192,1.3664188893747268e-05
3,193,6.832094446873634e-06
3,194,9.109459262498178e-06
3,195,4.554729631249089e-06
3,196,1.8218918524996356e-05
3,197,9.109459262498178e-06
3,198,1.1386824078122723e-05
3,199,1.1386824078122723e-05
3,200,1.1386824078122723e-05
3,201,1.1386824078122723e-05
3,202,9.109459262498178e-06
3,203,9.109459262498178e-06
3,204,9.109459262498178e-06
3,205,6.832094446873634e-06
3,206,1.3664188893747268e-05
3,207,6.832094446873634e-06
3,208,1.3664188893747268e-05
3,209,9.109459262498178e-06
3,210,6.832094446873634e-06
3,211,1.3664188893747268e-05
3,212,1.1386824078122723e-05
3,213,6.832094446873634e-06
3,214,9.109459262498178e-06
3,215,1.8218918524996356e-05
3,216,2.2773648156245444e-06
3,217,1.1386824078122723e-05
3,218,2.2773648156245444e-06
3,219,1.5941553709371812e-05
3,220,4.554729631249089e-06
3,221,6.832094446873634e-06
3,223,2.2773648156245444e-06
3,224,4.554729631249089e-06
3,225,9.109459262498178e-06
3,227,2.2773648156245444e-06
3,228,1.1386824078122723e-05
3,230,4.554729631249089e-06
3,231,4.554729631249089e-06
3,232,1.1386824078122723e-05
3,233,4.554729631249089e-06
3,234,6.832094446873634e-06
3,235,9.109459262498178e-06
3,236,2.2773648156245444e-06
3,237,2.2773648156245444e-06
3,238,2.2773648156245444e-06
3,239,6.832094446873634e-06
3,240,6.832094446873634e-06
3,241,6.832094446873634e-06
3,242,2.2773648156245444e-06
3,244,1.1386824078122723e-05
3,245,4.554729631249089e-06
3,246,4.554729631249089e-06
3,247,6.832094446873634e-06
3,248,2.2773648156245444e-06
3,249,6.832094446873634e-06
3,250,9.109459262498178e-06
3,251,4.554729631249089e-06
3,252,6.832094446873634e-06
3,253,2.2773648156245444e-06
3,254,6.832094446873634e-06
3,255,2.2773648156245444e-06
3,257,4.554729631249089e-06
3,258,2.2773648156245444e-06
3,259,4.554729631249089e-06
3,260,1.3664188893747268e-05
3,261,9.109459262498178e-06
3,262,1.3664188893747268e-05
3,263,2.2773648156245444e-06
3,264,2.2773648156245444e-06
3,265,2.2773648156245444e-06
3,266,2.2773648156245444e-06
3,267,9.109459262498178e-06
3,268,4.554729631249089e-06
3,269,9.109459262498178e-06
3,270,2.2773648156245444e-06
3,271,6.832094446873634e-06
3,272,6.832094446873634e-06
3,273,4.554729631249089e-06
3,274,1.1386824078122723e-05
3,275,9.109459262498178e-06
3,276,4.554729631249089e-06
3,277,2.2773648156245444e-06
3,278,4.554729631249089e-06
3,279,4.554729631249089e-06
3,280,2.2773648156245444e-06
3,281,4.554729631249089e-06
3,282,6.832094446873634e-06
3,283,4.554729631249089e-06
3,284,2.2773648156245444e-06
3,285,6.832094446873634e-06
3,286,2.2773648156245444e-06
3,287,6.832094446873634e-06
3,288,4.554729631249089e-06
3,289,1.3664188893747268e-05
3,290,6.832094446873634e-06
3,291,2.2773648156245444e-06
3,292,9.109459262498178e-06
3,293,2.2773648156245444e-06
3,296,2.2773648156245444e-06
3,297,2.2773648156245444e-06
3,298,6.832094446873634e-06
3,299,4.554729631249089e-06
3,300,2.2773648156245444e-06
3,301,4.554729631249089e-06
3,303,4.554729631249089e-06
3,304,4.554729631249089e-06
3,307,4.554729631249089e-06
3,308,2.2773648156245444e-06
3,309,1.1386824078122723e-05
3,310,4.554729631249089e-06
3,311,2.2773648156245444e-06
3,312,2.2773648156245444e-06
3,313,2.2773648156245444e-06
3,314,4.554729631249089e-06
3,315,4.554729631249089e-06
3,316,2.2773648156245444e-06
3,318,4.554729631249089e-06
3,319,4.554729631249089e-06
3,320,2.2773648156245444e-06
3,322,2.2773648156245444e-06
3,323,9.109459262498178e-06
3,324,2.2773648156245444e-06
3,325,2.2773648156245444e-06
3,327,2.2773648156245444e-06
3,328,2.2773648156245444e-06
3,329,6.832094446873634e-06
3,330,4.554729631249089e-06
3,331,4.554729631249089e-06
3,332,2.2773648156245444e-06
3,333,2.2773648156245444e-06
3,334,4.554729631249089e-06
3,335,4.554729631249089e-06
3,336,6.832094446873634e-06
3,337,6.832094446873634e-06
3,338,6.832094446873634e-06
3,339,2.2773648156245444e-06
3,340,6.832094446873634e-06
3,341,4.554729631249089e-06
3,342,9.109459262498178e-06
3,343,4.554729631249089e-06
3,344,6.832094446873634e-06
3,345,9.109459262498178e-06
3,346,6.832094446873634e-06
3,347,2.2773648156245444e-06
3,348,4.554729631249089e-06
3,349,6.832094446873634e-06
3,350,4.554729631249089e-06
3,351,2.2773648156245444e-06
3,352,4.554729631249089e-06
3,354,4.554729631249089e-06
3,355,6.832094446873634e-06
3,356,2.2773648156245444e-06
3,357,6.832094446873634e-06
3,358,6.832094446873634e-06
3,359,9.109459262498178e-06
3,360,2.2773648156245444e-06
3,361,6.832094446873634e-06
3,362,4.554729631249089e-06
3,363,4.554729631249089e-06
3,364,6.832094446873634e-06
3,365,9.109459262498178e-06
3,366,4.554729631249089e-06
3,367,4.554729631249089e-06
3,368,2.2773648156245444e-06
3,369,6.832094446873634e-06
3,370,2.2773648156245444e-06
3,371,2.2773648156245444e-06
3,372,4.554729631249089e-06
3,373,4.554729631249089e-06
3,374,2.2773648156245444e-06
3,375,1.1386824078122723e-05
3,376,6.832094446873634e-06
3,377,4.554729631249089e-06
3,378,6.832094446873634e-06
3,379,6.832094446873634e-06
3,380,4.554729631249089e-06
3,381,9.109459262498178e-06
3,382,4.554729631249089e-06
3,383,1.1386824078122723e-05
3,384,6.832094446873634e-06
3,385,9.109459262498178e-06
3,386,4.554729631249089e-06
3,387,2.2773648156245444e-06
3,388,4.554729631249089e-06
3,389,2.2773648156245444e-06
3,390,4.554729631249089e-06
3,391,2.2773648156245444e-06
3,392,6.832094446873634e-06
3,393,2.2773648156245444e-06
3,394,6.832094446873634e-06
3,396,2.2773648156245444e-06
3,397,4.554729631249089e-06
3,399,2.2773648156245444e-06
3,400,6.832094446873634e-06
3,401,4.554729631249089e-06
3,402,6.832094446873634e-06
3,403,4.554729631249089e-06
3,404,4.554729631249089e-06
3,406,2.2773648156245444e-06
3,407,1.1386824078122723e-05
3,408,4.554729631249089e-06
3,409,4.554729631249089e-06
3,410,4.554729631249089e-06
3,411,4.554729631249089e-06
3,412,1.1386824078122723e-05
3,413,2.2773648156245444e-06
3,414,4.554729631249089e-06
3,415,6.832094446873634e-06
3,416,6.832094446873634e-06
3,417,4.554729631249089e-06
3,418,4.554729631249089e-06
3,419,2.2773648156245444e-06
3,420,2.2773648156245444e-06
3,421,4.554729631249089e-06
3,422,4.554729631249089e-06
3,423,6.832094446873634e-06
3,424,2.2773648156245444e-06
3,425,2.2773648156245444e-06
3,427,1.1386824078122723e-05
3,428,2.2773648156245444e-06
3,429,4.554729631249089e-06
3,430,2.2773648156245444e-06
3,431,2.2773648156245444e-06
3,433,4.554729631249089e-06
3,434,4.554729631249089e-06
3,435,2.2773648156245444e-06
3,436,2.2773648156245444e-06
3,437,2.2773648156245444e-06
3,438,4.554729631249089e-06
3,439,6.832094446873634e-06
3,440,2.2773648156245444e-06
3,441,4.554729631249089e-06
3,442,2.2773648156245444e-06
3,445,4.554729631249089e-06
3,446,2.2773648156245444e-06
3,447,2.2773648156245444e-06
3,448,2.2773648156245444e-06
3,449,2.2773648156245444e-06
3,450,2.2773648156245444e-06
3,451,2.2773648156245444e-06
3,452,2.2773648156245444e-06
3,453,2.2773648156245444e-06
3,455,2.2773648156245444e-06
3,457,2.2773648156245444e-06
3,458,2.2773648156245444e-06
3,460,2.2773648156245444e-06
3,462,2.2773648156245444e-06
3,466,4.554729631249089e-06
3,467,2.2773648156245444e-06
3,469,4.554729631249089e-06
3,470,2.2773648156245444e-06
3,471,2.2773648156245444e-06
3,473,2.2773648156245444e-06
3,474,2.2773648156245444e-06
3,475,2.2773648156245444e-06
3,476,6.832094446873634e-06
3,478,2.2773648156245444e-06
3,479,2.2773648156245444e-06
3,481,2.2773648156245444e-06
3,482,2.2773648156245444e-06
3,483,4.554729631249089e-06
3,485,4.554729631249089e-06
3,486,4.554729631249089e-06
3,489,4.554729631249089e-06
3,490,2.2773648156245444e-06
3,491,4.554729631249089e-06
3,492,4.554729631249089e-06
3,493,2.2773648156245444e-06
3,495,2.2773648156245444e-06
3,497,2.2773648156245444e-06
3,499,2.2773648156245444e-06
3,500,2.2773648156245444e-06
3,503,2.2773648156245444e-06
3,504,2.2773648156245444e-06
3,505,4.554729631249089e-06
3,506,2.2773648156245444e-06
3,507,2.2773648156245444e-06
3,508,2.2773648156245444e-06
3,509,2.2773648156245444e-06
3,511,4.554729631249089e-06
3,514,2.2773648156245444e-06
3,515,2.2773648156245444e-06
3,518,2.2773648156245444e-06
3,520,6.832094446873634e-06
3,521,2.2773648156245444e-06
3,522,2.2773648156245444e-06
3,524,2.2773648156245444e-06
3,527,2.2773648156245444e-06
3,528,2.2773648156245444e-06
3,530,2.2773648156245444e-06
3,533,2.2773648156245444e-06
3,536,2.2773648156245444e-06
3,539,2.2773648156245444e-06
3,541,2.2773648156245444e-06
3,543,6.832094446873634e-06
3,545,2.2773648156245444e-06
3,546,4.554729631249089e-06
3,547,2.2773648156245444e-06
3,548,2.2773648156245444e-06
3,549,2.2773648156245444e-06
3,550,2.2773648156245444e-06
3,553,2.2773648156245444e-06
3,554,2.2773648156245444e-06
3,556,2.2773648156245444e-06
3,558,2.2773648156245444e-06
3,559,2.2773648156245444e-06
3,560,2.2773648156245444e-06
3,561,4.554729631249089e-06
3,563,4.554729631249089e-06
3,564,4.554729631249089e-06
3,565,2.2773648156245444e-06
3,567,2.2773648156245444e-06
3,569,2.2773648156245444e-06
3,573,2.2773648156245444e-06
3,575,2.2773648156245444e-06
3,576,2.2773648156245444e-06
3,578,2.2773648156245444e-06
3,580,4.554729631249089e-06
3,581,2.2773648156245444e-06
3,582,2.2773648156245444e-06
3,585,2.2773648156245444e-06
3,589,2.2773648156245444e-06
3,591,4.554729631249089e-06
3,597,2.2773648156245444e-06
3,598,2.2773648156245444e-06
3,599,2.2773648156245444e-06
3,601,2.2773648156245444e-06
3,605,2.2773648156245444e-06
3,606,6.832094446873634e-06
3,607,4.554729631249089e-06
3,611,2.2773648156245444e-06
3,614,2.2773648156245444e-06
3,621,2.2773648156245444e-06
3,622,2.2773648156245444e-06
3,624,2.2773648156245444e-06
3,626,4.554729631249089e-06
3,627,2.2773648156245444e-06
3,630,4.554729631249089e-06
3,632,2.2773648156245444e-06
3,633,2.2773648156245444e-06
3,634,2.2773648156245444e-06
3,636,2.2773648156245444e-06
3,637,2.2773648156245444e-06
3,639,4.554729631249089e-06
3,642,2.2773648156245444e-06
3,648,4.554729631249089e-06
3,649,2.2773648156245444e-06
3,652,2.2773648156245444e-06
3,654,2.2773648156245444e-06
3,657,2.2773648156245444e-06
3,658,2.2773648156245444e-06
3,660,4.554729631249089e-06
3,662,2.2773648156245444e-06
3,663,2.2773648156245444e-06
3,667,4.554729631249089e-06
3,669,2.2773648156245444e-06
3,672,2.2773648156245444e-06
3,673,2.2773648156245444e-06
3,674,2.2773648156245444e-06
3,675,4.554729631249089e-06
3,676,2.2773648156245444e-06
3,677,2.2773648156245444e-06
3,680,4.554729631249089e-06
3,681,4.554729631249089e-06
3,682,2.2773648156245444e-06
3,684,2.2773648156245444e-06
3,688,2.2773648156245444e-06
3,694,2.2773648156245444e-06
3,695,2.2773648156245444e-06
3,696,2.2773648156245444e-06
3,697,4.554729631249089e-06
3,699,2.2773648156245444e-06
3,700,4.554729631249089e-06
3,703,2.2773648156245444e-06
3,708,4.554729631249089e-06
3,713,2.2773648156245444e-06
3,714,2.2773648156245444e-06
3,715,2.2773648156245444e-06
3,721,2.2773648156245444e-06
3,722,4.554729631249089e-06
3,724,2.2773648156245444e-06
3,725,2.2773648156245444e-06
3,726,6.832094446873634e-06
3,727,2.2773648156245444e-06
3,728,2.2773648156245444e-06
3,732,2.2773648156245444e-06
3,733,4.554729631249089e-06
3,742,4.554729631249089e-06
3,743,4.554729631249089e-06
3,744,2.2773648156245444e-06
3,747,2.2773648156245444e-06
3,750,2.2773648156245444e-06
3,753,2.2773648156245444e-06
3,756,2.2773648156245444e-06
3,762,2.2773648156245444e-06
3,765,2.2773648156245444e-06
3,767,2.2773648156245444e-06
3,769,2.2773648156245444e-06
3,772,2.2773648156245444e-06
3,778,2.2773648156245444e-06
3,779,2.2773648156245444e-06
3,784,4.554729631249089e-06
3,790,4.554729631249089e-06
3,791,2.2773648156245444e-06
3,795,4.554729631249089e-06
3,798,2.2773648156245444e-06
3,799,2.2773648156245444e-06
3,802,2.2773648156245444e-06
3,803,2.2773648156245444e-06
3,805,2.2773648156245444e-06
3,807,2.2773648156245444e-06
3,815,2.2773648156245444e-06
3,818,2.2773648156245444e-06
3,831,2.2773648156245444e-06
3,835,2.2773648156245444e-06
3,836,2.2773648156245444e-06
3,837,2.2773648156245444e-06
3,839,2.2773648156245444e-06
3,843,2.2773648156245444e-06
3,849,2.2773648156245444e-06
3,856,2.2773648156245444e-06
3,857,2.2773648156245444e-06
3,860,2.2773648156245444e-06
3,868,2.2773648156245444e-06
3,869,2.2773648156245444e-06
3,872,4.554729631249089e-06
3,873,2.2773648156245444e-06
3,881,2.2773648156245444e-06
3,883,2.2773648156245444e-06
3,884,2.2773648156245444e-06
3,886,2.2773648156245444e-06
3,889,2.2773648156245444e-06
3,894,2.2773648156245444e-06
3,900,2.2773648156245444e-06
3,911,2.2773648156245444e-06
3,919,2.2773648156245444e-06
3,927,2.2773648156245444e-06
3,930,2.2773648156245444e-06
3,938,4.554729631249089e-06
3,939,2.2773648156245444e-06
3,940,2.2773648156245444e-06
3,942,2.2773648156245444e-06
3,943,2.2773648156245444e-06
3,945,2.2773648156245444e-06
3,949,4.554729631249089e-06
3,958,2.2773648156245444e-06
3,960,6.832094446873634e-06
3,965,4.554729631249089e-06
3,970,2.2773648156245444e-06
3,971,2.2773648156245444e-06
3,975,2.2773648156245444e-06
3,982,2.2773648156245444e-06
3,992,2.2773648156245444e-06
3,993,2.2773648156245444e-06
3,999,2.2773648156245444e-06
3,1003,2.2773648156245444e-06
3,1014,2.2773648156245444e-06
3,1020,2.2773648156245444e-06
3,1022,2.2773648156245444e-06
3,1026,4.554729631249089e-06
3,1033,2.2773648156245444e-06
3,1034,4.554729631249089e-06
3,1040,2.2773648156245444e-06
3,1047,6.832094446873634e-06
3,1048,2.2773648156245444e-06
3,1054,2.2773648156245444e-06
3,1056,2.2773648156245444e-06
3,1060,2.2773648156245444e-06
3,1061,2.2773648156245444e-06
3,1065,2.2773648156245444e-06
3,1067,2.2773648156245444e-06
3,1073,2.2773648156245444e-06
3,1078,2.2773648156245444e-06
3,1082,2.2773648156245444e-06
3,1088,2.2773648156245444e-06
3,1095,2.2773648156245444e-06
3,1096,2.2773648156245444e-06
3,1100,2.2773648156245444e-06
3,1102,2.2773648156245444e-06
3,1113,2.2773648156245444e-06
3,1116,2.2773648156245444e-06
3,1119,2.2773648156245444e-06
3,1120,2.2773648156245444e-06
3,1123,2.2773648156245444e-06
3,1126,2.2773648156245444e-06
3,1130,2.2773648156245444e-06
3,1133,2.2773648156245444e-06
3,1142,2.2773648156245444e-06
3,1145,2.2773648156245444e-06
3,1148,2.2773648156245444e-06
3,1149,2.2773648156245444e-06
3,1151,2.2773648156245444e-06
3,1156,2.2773648156245444e-06
3,1163,2.2773648156245444e-06
3,1167,2.2773648156245444e-06
3,1171,2.2773648156245444e-06
3,1173,2.2773648156245444e-06
3,1182,2.2773648156245444e-06
3,1186,4.554729631249089e-06
3,1188,2.2773648156245444e-06
3,1191,2.2773648156245444e-06
3,1192,2.2773648156245444e-06
3,1202,2.2773648156245444e-06
3,1206,2.2773648156245444e-06
3,1215,2.2773648156245444e-06
3,1222,2.2773648156245444e-06
3,1235,2.2773648156245444e-06
3,1238,2.2773648156245444e-06
3,1240,2.2773648156245444e-06
3,1249,2.2773648156245444e-06
3,1253,2.2773648156245444e-06
3,1254,2.2773648156245444e-06
3,1261,2.2773648156245444e-06
3,1264,2.2773648156245444e-06
3,1271,2.2773648156245444e-06
3,1287,4.554729631249089e-06
3,1290,2.2773648156245444e-06
3,1295,2.2773648156245444e-06
3,1311,4.554729631249089e-06
3,1317,2.2773648156245444e-06
3,1322,2.2773648156245444e-06
3,1325,2.2773648156245444e-06
3,1330,2.2773648156245444e-06
3,1335,2.2773648156245444e-06
3,1341,2.2773648156245444e-06
3,1346,2.2773648156245444e-06
3,1347,2.2773648156245444e-06
3,1358,2.2773648156245444e-06
3,1363,2.2773648156245444e-06
3,1369,2.2773648156245444e-06
3,1387,2.2773648156245444e-06
3,1390,4.554729631249089e-06
3,1392,2.2773648156245444e-06
3,1397,2.2773648156245444e-06
3,1402,4.554729631249089e-06
3,1404,2.2773648156245444e-06
3,1406,2.2773648156245444e-06
3,1417,2.2773648156245444e-06
3,1424,4.554729631249089e-06
3,1439,2.2773648156245444e-06
3,1447,2.2773648156245444e-06
3,1459,2.2773648156245444e-06
3,1462,2.2773648156245444e-06
3,1473,2.2773648156245444e-06
3,1474,2.2773648156245444e-06
3,1475,2.2773648156245444e-06
3,1489,2.2773648156245444e-06
3,1498,2.2773648156245444e-06
3,1503,2.2773648156245444e-06
3,1507,2.2773648156245444e-06
3,1509,2.2773648156245444e-06
3,1524,2.2773648156245444e-06
3,1528,2.2773648156245444e-06
3,1530,2.2773648156245444e-06
3,1536,2.2773648156245444e-06
3,1541,2.2773648156245444e-06
3,1554,2.2773648156245444e-06
3,1559,2.2773648156245444e-06
3,1564,2.2773648156245444e-06
3,1580,2.2773648156245444e-06
3,1592,2.2773648156245444e-06
3,1606,2.2773648156245444e-06
3,1623,2.2773648156245444e-06
3,1631,2.2773648156245444e-06
3,1633,2.2773648156245444e-06
3,1635,2.2773648156245444e-06
3,1646,2.2773648156245444e-06
3,1648,2.2773648156245444e-06
3,1651,2.2773648156245444e-06
3,1668,4.554729631249089e-06
3,1721,2.2773648156245444e-06
3,1745,2.2773648156245444e-06
3,1777,2.2773648156245444e-06
3,1780,2.2773648156245444e-06
3,1813,2.2773648156245444e-06
3,1822,2.2773648156245444e-06
3,1874,2.2773648156245444e-06
3,1900,2.2773648156245444e-06
3,1908,2.2773648156245444e-06
3,1917,2.2773648156245444e-06
3,1951,2.2773648156245444e-06
3,2007,2.2773648156245444e-06
3,2010,2.2773648156245444e-06
3,2020,2.2773648156245444e-06
3,2033,2.2773648156245444e-06
3,2044,2.2773648156245444e-06
3,2066,2.2773648156245444e-06
3,2068,2.2773648156245444e-06
3,2076,2.2773648156245444e-06
3,2110,2.2773648156245444e-06
3,2119,2.2773648156245444e-06
3,2156,2.2773648156245444e-06
3,2204,2.2773648156245444e-06
3,2254,2.2773648156245444e-06
3,2258,2.2773648156245444e-06
3,2274,2.2773648156245444e-06
3,2294,2.2773648156245444e-06
3,2309,2.2773648156245444e-06
3,2332,2.2773648156245444e-06
3,2340,2.2773648156245444e-06
3,2343,2.2773648156245444e-06
3,2346,2.2773648156245444e-06
3,2354,2.2773648156245444e-06
3,2396,2.2773648156245444e-06
3,2404,2.2773648156245444e-06
3,2417,2.2773648156245444e-06
3,2431,2.2773648156245444e-06
3,2444,2.2773648156245444e-06
3,2446,2.2773648156245444e-06
3,2514,2.2773648156245444e-06
3,2523,2.2773648156245444e-06
3,2543,2.2773648156245444e-06
3,2547,2.2773648156245444e-06
3,2556,2.2773648156245444e-06
3,2596,2.2773648156245444e-06
3,2606,2.2773648156245444e-06
3,2619,2.2773648156245444e-06
3,2652,2.2773648156245444e-06
3,2660,2.2773648156245444e-06
3,2662,2.2773648156245444e-06
3,2785,2.2773648156245444e-06
3,2854,2.2773648156245444e-06
3,2878,2.2773648156245444e-06
3,2899,2.2773648156245444e-06
3,2903,2.2773648156245444e-06
3,2917,2.2773648156245444e-06
3,2929,2.2773648156245444e-06
3,2944,2.2773648156245444e-06
3,2953,2.2773648156245444e-06
3,2986,4.554729631249089e-06
3,3016,2.2773648156245444e-06
3,3017,2.2773648156245444e-06
3,3032,2.2773648156245444e-06
3,3034,2.2773648156245444e-06
3,3066,2.2773648156245444e-06
3,3079,2.2773648156245444e-06
3,3122,2.2773648156245444e-06
3,3214,2.2773648156245444e-06
3,3241,2.2773648156245444e-06
3,3252,2.2773648156245444e-06
3,3294,2.2773648156245444e-06
3,3301,2.2773648156245444e-06
3,3329,2.2773648156245444e-06
3,3400,2.2773648156245444e-06
3,3484,2.2773648156245444e-06
3,3585,2.2773648156245444e-06
3,3602,2.2773648156245444e-06
3,3983,2.2773648156245444e-06
3,4091,2.2773648156245444e-06
3,4164,2.2773648156245444e-06
3,4184,2.2773648156245444e-06
3,4311,2.2773648156245444e-06
3,4343,2.2773648156245444e-06
3,4472,2.2773648156245444e-06
3,4482,2.2773648156245444e-06
3,4628,2.2773648156245444e-06
3,4636,2.2773648156245444e-06
3,4838,2.2773648156245444e-06
3,5067,2.2773648156245444e-06
3,5102,2.2773648156245444e-06
3,5148,2.2773648156245444e-06
3,5270,2.2773648156245444e-06
3,5524,2.2773648156245444e-06
3,5858,2.2773648156245444e-06
3,6536,2.2773648156245444e-06
3,6959,2.2773648156245444e-06
3,7193,2.2773648156245444e-06
3,7701,2.2773648156245444e-06
3,8580,2.2773648156245444e-06
3,8983,2.2773648156245444e-06
3,9324,2.2773648156245444e-06
3,12290,2.2773648156245444e-06
3,12749,2.2773648156245444e-06
3,14953,2.2773648156245444e-06
3,15887,2.2773648156245444e-06
3,16932,2.2773648156245444e-06
3,17963,2.2773648156245444e-06
3,18060,2.2773648156245444e-06
3,30565,2.2773648156245444e-06
3,60112,2.2773648156245444e-06
3,77109,2.2773648156245444e-06
5,1,0.12592711056720624
5,2,0.1438388867256309
5,3,0.14165090578702416
5,4,0.12495132669522167
5,5,0.10490719623222265
5,6,0.08376907529992027
5,7,0.06537288387013035
5,8,0.05063414362796907
5,9,0.037408911386771986
5,10,0.02839507889710927
5,11,0.021645713967847806
5,12,0.015434073167565964
5,13,0.011665368711872577
5,14,0.008747288201590922
5,15,0.006480502864771653
5,16,0.004769983868276131
5,17,0.0037130778216610113
5,18,0.002925033839535703
5,19,0.0021161298696482545
5,20,0.001657210138881163
5,21,0.0013837125215553207
5,22,0.0010151860710908382
5,23,0.0008946616973540265
5,24,0.0007741373236172146
5,25,0.000616528527192153
5,26,0.000514546364799466
5,27,0.0004218353080788415
5,28,0.00038938643822662293
5,29,0.0003128998164321077
5,30,0.00026654428807179544
5,31,0.00024568430030965494
5,32,0.00021555320687545196
5,33,0.00017383323135117094
5,34,0.00016919767851513972
5,35,0.00015529102000704604
5,36,0.00012515992657284307
5,37,0.00012052437373681186
5,38,0.00012284215015482747
5,39,0.00013211325582688992
5,40,9.502883313864012e-05
5,41,9.734660955665573e-05
5,42,8.112217463054643e-05
5,43,0.00010198216239268696
5,44,6.953329254046837e-05
5,45,7.648662179451521e-05
5,46,9.966438597467135e-05
5,47,7.185106895848398e-05
5,48,6.489773970443715e-05
5,49,8.807550388459327e-05
5,50,6.026218686840593e-05
5,51,5.7944410450390316e-05
5,52,7.41688453764996e-05
5,53,5.330885761435909e-05
5,54,7.880439821253082e-05
5,55,5.5626634032374704e-05
5,56,6.489773970443715e-05
5,57,6.721551612245276e-05
5,58,5.5626634032374704e-05
5,59,3.4766646270234186e-05
5,60,6.257996328642153e-05
5,61,4.867330477832787e-05
5,62,4.867330477832787e-05
5,63,6.026218686840593e-05
5,64,3.940219910626541e-05
5,65,4.171997552428102e-05
5,66,3.70844226882498e-05
5,67,3.940219910626541e-05
5,68,3.70844226882498e-05
5,69,4.867330477832787e-05
5,70,5.099108119634348e-05
5,71,4.635552836031225e-05
5,72,3.4766646270234186e-05
5,73,3.70844226882498e-05
5,74,3.70844226882498e-05
5,75,3.940219910626541e-05
5,76,2.3177764180156124e-05
5,77,3.70844226882498e-05
5,78,3.70844226882498e-05
5,79,4.171997552428102e-05
5,80,2.7813317016187352e-05
5,81,4.4037751942296635e-05
5,82,4.4037751942296635e-05
5,83,4.4037751942296635e-05
5,84,3.940219910626541e-05
5,85,2.7813317016187352e-05
5,86,4.171997552428102e-05
5,87,3.70844226882498e-05
5,88,3.244886985221857e-05
5,89,2.7813317016187352e-05
5,90,3.244886985221857e-05
5,91,2.3177764180156124e-05
5,92,3.0131093434202964e-05
5,93,3.70844226882498e-05
5,94,3.244886985221857e-05
5,95,3.940219910626541e-05
5,96,2.3177764180156124e-05
5,97,2.3177764180156124e-05
5,98,3.940219910626541e-05
5,99,3.244886985221857e-05
5,100,2.3177764180156124e-05
5,101,1.85422113441249e-05
5,102,2.085998776214051e-05
5,103,2.085998776214051e-05
5,104,1.1588882090078062e-05
5,105,3.244886985221857e-05
5,106,1.1588882090078062e-05
5,107,3.0131093434202964e-05
5,108,3.4766646270234186e-05
5,109,2.7813317016187352e-05
5,110,1.6224434926109287e-05
5,111,1.3906658508093676e-05
5,112,2.7813317016187352e-05
5,113,2.3177764180156124e-05
5,114,9.27110567206245e-06
5,115,9.27110567206245e-06
5,116,1.1588882090078062e-05
5,117,1.6224434926109287e-05
5,118,1.6224434926109287e-05
5,119,2.7813317016187352e-05
5,120,3.0131093434202964e-05
5,121,3.0131093434202964e-05
5,122,1.6224434926109287e-05
5,123,1.6224434926109287e-05
5,124,1.6224434926109287e-05
5,125,3.244886985221857e-05
5,126,1.85422113441249e-05
5,127,3.244886985221857e-05
5,128,1.6224434926109287e-05
5,129,2.7813317016187352e-05
5,130,2.085998776214051e-05
5,131,1.1588882090078062e-05
5,132,1.85422113441249e-05
5,133,1.85422113441249e-05
5,134,6.953329254046838e-06
5,135,1.3906658508093676e-05
5,136,3.4766646270234186e-05
5,137,2.085998776214051e-05
5,138,2.085998776214051e-05
5,139,3.244886985221857e-05
5,140,2.085998776214051e-05
5,141,2.085998776214051e-05
5,142,1.1588882090078062e-05
5,143,2.549554059817174e-05
5,144,2.3177764180156124e-05
5,145,9.27110567206245e-06
5,146,2.3177764180156124e-05
5,147,1.85422113441249e-05
5,148,1.3906658508093676e-05
5,149,2.549554059817174e-05
5,150,1.85422113441249e-05
5,151,1.6224434926109287e-05
5,152,1.6224434926109287e-05
5,153,2.085998776214051e-05
5,154,1.6224434926109287e-05
5,155,9.27110567206245e-06
5,156,1.1588882090078062e-05
5,157,4.635552836031225e-06
5,158,9.27110567206245e-06
5,159,4.635552836031225e-06
5,160,6.953329254046838e-06
5,161,9.27110567206245e-06
5,162,1.3906658508093676e-05
5,163,1.1588882090078062e-05
5,164,2.085998776214051e-05
5,165,1.3906658508093676e-05
5,166,2.3177764180156124e-06
5,167,1.1588882090078062e-05
5,168,1.3906658508093676e-05
5,169,1.6224434926109287e-05
5,170,4.635552836031225e-06
5,171,6.953329254046838e-06
5,172,1.1588882090078062e-05
5,173,1.1588882090078062e-05
5,174,1.1588882090078062e-05
5,175,2.3177764180156124e-06
5,176,1.1588882090078062e-05
5,177,6.953329254046838e-06
5,178,4.635552836031225e-06
5,179,1.6224434926109287e-05
5,180,6.953329254046838e-06
5,181,4.635552836031225e-06
5,182,1.6224434926109287e-05
5,183,1.1588882090078062e-05
5,184,4.635552836031225e-06
5,185,9.27110567206245e-06
5,186,1.1588882090078062e-05
5,187,2.3177764180156124e-06
5,188,6.953329254046838e-06
5,189,2.3177764180156124e-06
5,190,4.635552836031225e-06
5,191,9.27110567206245e-06
5,192,2.3177764180156124e-06
5,193,9.27110567206245e-06
5,194,4.635552836031225e-06
5,196,2.3177764180156124e-06
5,198,6.953329254046838e-06
5,199,9.27110567206245e-06
5,200,4.635552836031225e-06
5,201,9.27110567206245e-06
5,203,4.635552836031225e-06
5,204,4.635552836031225e-06
5,205,4.635552836031225e-06
5,206,4.635552836031225e-06
5,207,2.3177764180156124e-06
5,208,9.27110567206245e-06
5,209,9.27110567206245e-06
5,210,4.635552836031225e-06
5,211,6.953329254046838e-06
5,212,1.1588882090078062e-05
5,213,4.635552836031225e-06
5,214,1.3906658508093676e-05
5,215,2.3177764180156124e-06
5,216,9.27110567206245e-06
5,218,2.3177764180156124e-06
5,219,6.953329254046838e-06
5,221,2.3177764180156124e-06
5,222,9.27110567206245e-06
5,223,1.6224434926109287e-05
5,224,2.3177764180156124e-06
5,226,4.635552836031225e-06
5,228,2.3177764180156124e-06
5,229,4.635552836031225e-06
5,230,6.953329254046838e-06
5,231,9.27110567206245e-06
5,232,4.635552836031225e-06
5,233,9.27110567206245e-06
5,234,4.635552836031225e-06
5,235,6.953329254046838e-06
5,236,9.27110567206245e-06
5,237,6.953329254046838e-06
5,238,2.3177764180156124e-06
5,239,2.3177764180156124e-06
5,240,4.635552836031225e-06
5,241,4.635552836031225e-06
5,242,6.953329254046838e-06
5,244,9.27110567206245e-06
5,245,4.635552836031225e-06
5,247,4.635552836031225e-06
5,248,1.1588882090078062e-05
5,249,9.27110567206245e-06
5,250,1.1588882090078062e-05
5,251,9.27110567206245e-06
5,252,2.3177764180156124e-06
5,255,2.3177764180156124e-06
5,256,2.3177764180156124e-06
5,257,2.3177764180156124e-06
5,258,4.635552836031225e-06
5,259,4.635552836031225e-06
5,260,4.635552836031225e-06
5,261,6.953329254046838e-06
5,262,2.3177764180156124e-06
5,263,2.3177764180156124e-06
5,264,4.635552836031225e-06
5,265,4.635552836031225e-06
5,266,2.3177764180156124e-06
5,267,2.3177764180156124e-06
5,268,4.635552836031225e-06
5,269,4.635552836031225e-06
5,270,2.3177764180156124e-06
5,271,4.635552836031225e-06
5,272,4.635552836031225e-06
5,273,2.3177764180156124e-06
5,275,4.635552836031225e-06
5,276,2.3177764180156124e-06
5,277,4.635552836031225e-06
5,279,2.3177764180156124e-06
5,280,6.953329254046838e-06
5,281,6.953329254046838e-06
5,282,4.635552836031225e-06
5,283,2.3177764180156124e-06
5,284,9.27110567206245e-06
5,285,1.1588882090078062e-05
5,287,4.635552836031225e-06
5,288,4.635552836031225e-06
5,292,4.635552836031225e-06
5,293,6.953329254046838e-06
5,294,1.1588882090078062e-05
5,295,6.953329254046838e-06
5,296,4.635552836031225e-06
5,297,1.6224434926109287e-05
5,298,6.953329254046838e-06
5,300,2.3177764180156124e-06
5,302,2.3177764180156124e-06
5,304,2.3177764180156124e-06
5,305,2.3177764180156124e-06
5,306,2.3177764180156124e-06
5,307,6.953329254046838e-06
5,308,2.3177764180156124e-06
5,310,4.635552836031225e-06
5,312,2.3177764180156124e-06
5,313,2.3177764180156124e-06
5,315,4.635552836031225e-06
5,317,2.3177764180156124e-06
5,318,2.3177764180156124e-06
5,319,2.3177764180156124e-06
5,320,2.3177764180156124e-06
5,321,2.3177764180156124e-06
5,324,4.635552836031225e-06
5,325,4.635552836031225e-06
5,327,1.1588882090078062e-05
5,328,2.3177764180156124e-06
5,329,2.3177764180156124e-06
5,330,2.3177764180156124e-06
5,331,2.3177764180156124e-06
5,335,4.635552836031225e-06
5,337,2.3177764180156124e-06
5,338,2.3177764180156124e-06
5,342,2.3177764180156124e-06
5,343,6.953329254046838e-06
5,347,2.3177764180156124e-06
5,348,2.3177764180156124e-06
5,350,4.635552836031225e-06
5,351,2.3177764180156124e-06
5,352,2.3177764180156124e-06
5,353,2.3177764180156124e-06
5,354,2.3177764180156124e-06
5,357,2.3177764180156124e-06
5,358,2.3177764180156124e-06
5,359,2.3177764180156124e-06
5,361,4.635552836031225e-06
5,362,2.3177764180156124e-06
5,364,2.3177764180156124e-06
5,366,2.3177764180156124e-06
5,367,4.635552836031225e-06
5,369,4.635552836031225e-06
5,370,4.635552836031225e-06
5,371,2.3177764180156124e-06
5,372,2.3177764180156124e-06
5,373,6.953329254046838e-06
5,374,2.3177764180156124e-06
5,376,2.3177764180156124e-06
5,377,4.635552836031225e-06
5,378,2.3177764180156124e-06
5,380,4.635552836031225e-06
5,382,4.635552836031225e-06
5,384,4.635552836031225e-06
5,385,2.3177764180156124e-06
5,387,2.3177764180156124e-06
5,390,2.3177764180156124e-06
5,393,2.3177764180156124e-06
5,394,2.3177764180156124e-06
5,398,4.635552836031225e-06
5,400,4.635552836031225e-06
5,401,2.3177764180156124e-06
5,403,2.3177764180156124e-06
5,406,4.635552836031225e-06
5,407,2.3177764180156124e-06
5,408,4.635552836031225e-06
5,409,4.635552836031225e-06
5,410,2.3177764180156124e-06
5,411,4.635552836031225e-06
5,412,2.3177764180156124e-06
5,413,2.3177764180156124e-06
5,414,2.3177764180156124e-06
5,415,2.3177764180156124e-06
5,416,2.3177764180156124e-06
5,419,2.3177764180156124e-06
5,420,2.3177764180156124e-06
5,425,4.635552836031225e-06
5,428,2.3177764180156124e-06
5,430,2.3177764180156124e-06
5,431,2.3177764180156124e-06
5,432,2.3177764180156124e-06
5,433,6.953329254046838e-06
5,434,4.635552836031225e-06
5,436,2.3177764180156124e-06
5,437,2.3177764180156124e-06
5,438,2.3177764180156124e-06
5,443,2.3177764180156124e-06
5,446,2.3177764180156124e-06
5,447,2.3177764180156124e-06
5,448,4.635552836031225e-06
5,449,2.3177764180156124e-06
5,453,2.3177764180156124e-06
5,455,2.3177764180156124e-06
5,456,2.3177764180156124e-06
5,457,4.635552836031225e-06
5,459,4.635552836031225e-06
5,465,2.3177764180156124e-06
5,466,2.3177764180156124e-06
5,467,2.3177764180156124e-06
5,469,2.3177764180156124e-06
5,481,2.3177764180156124e-06
5,483,2.3177764180156124e-06
5,487,2.3177764180156124e-06
5,488,2.3177764180156124e-06
5,489,2.3177764180156124e-06
5,490,2.3177764180156124e-06
5,491,2.3177764180156124e-06
5,493,2.3177764180156124e-06
5,495,2.3177764180156124e-06
5,497,4.635552836031225e-06
5,500,2.3177764180156124e-06
5,501,4.635552836031225e-06
5,504,2.3177764180156124e-06
5,505,2.3177764180156124e-06
5,506,2.3177764180156124e-06
5,507,2.3177764180156124e-06
5,508,4.635552836031225e-06
5,509,2.3177764180156124e-06
5,510,2.3177764180156124e-06
5,514,2.3177764180156124e-06
5,516,2.3177764180156124e-06
5,522,2.3177764180156124e-06
5,526,4.635552836031225e-06
5,527,2.3177764180156124e-06
5,528,2.3177764180156124e-06
5,535,2.3177764180156124e-06
5,538,2.3177764180156124e-06
5,541,2.3177764180156124e-06
5,542,2.3177764180156124e-06
5,543,2.3177764180156124e-06
5,546,2.3177764180156124e-06
5,547,2.3177764180156124e-06
5,549,2.3177764180156124e-06
5,556,6.953329254046838e-06
5,558,2.3177764180156124e-06
5,560,6.953329254046838e-06
5,562,2.3177764180156124e-06
5,566,4.635552836031225e-06
5,568,2.3177764180156124e-06
5,570,2.3177764180156124e-06
5,571,2.3177764180156124e-06
5,575,2.3177764180156124e-06
5,585,2.3177764180156124e-06
5,586,2.3177764180156124e-06
5,587,2.3177764180156124e-06
5,589,4.635552836031225e-06
5,593,4.635552836031225e-06
5,597,2.3177764180156124e-06
5,599,2.3177764180156124e-06
5,600,2.3177764180156124e-06
5,605,2.3177764180156124e-06
5,607,2.3177764180156124e-06
5,612,2.3177764180156124e-06
5,613,2.3177764180156124e-06
5,619,6.953329254046838e-06
5,620,2.3177764180156124e-06
5,623,4.635552836031225e-06
5,626,2.3177764180156124e-06
5,628,2.3177764180156124e-06
5,630,2.3177764180156124e-06
5,634,2.3177764180156124e-06
5,637,2.3177764180156124e-06
5,638,2.3177764180156124e-06
5,652,2.3177764180156124e-06
5,653,2.3177764180156124e-06
5,656,2.3177764180156124e-06
5,657,2.3177764180156124e-06
5,658,2.3177764180156124e-06
5,660,2.3177764180156124e-06
5,661,2.3177764180156124e-06
5,662,6.953329254046838e-06
5,663,2.3177764180156124e-06
5,664,2.3177764180156124e-06
5,666,2.3177764180156124e-06
5,667,2.3177764180156124e-06
5,669,2.3177764180156124e-06
5,672,2.3177764180156124e-06
5,679,2.3177764180156124e-06
5,680,4.635552836031225e-06
5,683,2.3177764180156124e-06
5,684,2.3177764180156124e-06
5,691,2.3177764180156124e-06
5,692,2.3177764180156124e-06
5,704,2.3177764180156124e-06
5,705,2.3177764180156124e-06
5,709,2.3177764180156124e-06
5,712,2.3177764180156124e-06
5,713,2.3177764180156124e-06
5,730,2.3177764180156124e-06
5,732,2.3177764180156124e-06
5,734,2.3177764180156124e-06
5,735,4.635552836031225e-06
5,736,4.635552836031225e-06
5,740,2.3177764180156124e-06
5,745,2.3177764180156124e-06
5,750,2.3177764180156124e-06
5,751,2.3177764180156124e-06
5,752,2.3177764180156124e-06
5,754,2.3177764180156124e-06
5,761,2.3177764180156124e-06
5,766,2.3177764180156124e-06
5,770,2.3177764180156124e-06
5,773,4.635552836031225e-06
5,774,6.953329254046838e-06
5,776,2.3177764180156124e-06
5,778,2.3177764180156124e-06
5,779,2.3177764180156124e-06
5,783,2.3177764180156124e-06
5,786,2.3177764180156124e-06
5,801,2.3177764180156124e-06
5,804,2.3177764180156124e-06
5,809,4.635552836031225e-06
5,814,2.3177764180156124e-06
5,825,4.635552836031225e-06
5,833,4.635552836031225e-06
5,836,2.3177764180156124e-06
5,844,2.3177764180156124e-06
5,847,2.3177764180156124e-06
5,848,4.635552836031225e-06
5,855,2.3177764180156124e-06
5,857,2.3177764180156124e-06
5,859,2.3177764180156124e-06
5,864,2.3177764180156124e-06
5,869,2.3177764180156124e-06
5,876,2.3177764180156124e-06
5,891,2.3177764180156124e-06
5,899,2.3177764180156124e-06
5,900,2.3177764180156124e-06
5,903,2.3177764180156124e-06
5,911,2.3177764180156124e-06
5,912,2.3177764180156124e-06
5,922,2.3177764180156124e-06
5,924,2.3177764180156124e-06
5,930,2.3177764180156124e-06
5,931,2.3177764180156124e-06
5,932,2.3177764180156124e-06
5,942,2.3177764180156124e-06
5,943,4.635552836031225e-06
5,945,2.3177764180156124e-06
5,958,2.3177764180156124e-06
5,959,2.3177764180156124e-06
5,963,2.3177764180156124e-06
5,984,2.3177764180156124e-06
5,988,2.3177764180156124e-06
5,992,2.3177764180156124e-06
5,1004,4.635552836031225e-06
5,1007,2.3177764180156124e-06
5,1008,2.3177764180156124e-06
5,1009,2.3177764180156124e-06
5,1021,2.3177764180156124e-06
5,1028,2.3177764180156124e-06
5,1033,2.3177764180156124e-06
5,1038,2.3177764180156124e-06
5,1047,2.3177764180156124e-06
5,1070,2.3177764180156124e-06
5,1085,2.3177764180156124e-06
5,1096,2.3177764180156124e-06
5,1113,2.3177764180156124e-06
5,1119,2.3177764180156124e-06
5,1137,2.3177764180156124e-06
5,1144,2.3177764180156124e-06
5,1150,2.3177764180156124e-06
5,1152,2.3177764180156124e-06
5,1169,2.3177764180156124e-06
5,1170,2.3177764180156124e-06
5,1181,2.3177764180156124e-06
5,1201,2.3177764180156124e-06
5,1228,2.3177764180156124e-06
5,1232,2.3177764180156124e-06
5,1255,2.3177764180156124e-06
5,1256,2.3177764180156124e-06
5,1257,2.3177764180156124e-06
5,1280,2.3177764180156124e-06
5,1292,2.3177764180156124e-06
5,1301,2.3177764180156124e-06
5,1308,2.3177764180156124e-06
5,1342,2.3177764180156124e-06
5,1344,2.3177764180156124e-06
5,1348,2.3177764180156124e-06
5,1362,2.3177764180156124e-06
5,1378,2.3177764180156124e-06
5,1384,2.3177764180156124e-06
5,1395,2.3177764180156124e-06
5,1398,4.635552836031225e-06
5,1404,4.635552836031225e-06
5,1440,2.3177764180156124e-06
5,1452,2.3177764180156124e-06
5,1453,2.3177764180156124e-06
5,1498,2.3177764180156124e-06
5,1508,2.3177764180156124e-06
5,1516,4.635552836031225e-06
5,1542,2.3177764180156124e-06
5,1612,2.3177764180156124e-06
5,1617,2.3177764180156124e-06
5,1693,2.3177764180156124e-06
5,1709,2.3177764180156124e-06
5,1721,2.3177764180156124e-06
5,1751,2.3177764180156124e-06
5,1764,2.3177764180156124e-06
5,1777,2.3177764180156124e-06
5,1817,2.3177764180156124e-06
5,1822,2.3177764180156124e-06
5,1853,2.3177764180156124e-06
5,1862,2.3177764180156124e-06
5,1875,2.3177764180156124e-06
5,1894,2.3177764180156124e-06
5,1945,2.3177764180156124e-06
5,1952,2.3177764180156124e-06
5,1977,2.3177764180156124e-06
5,1987,2.3177764180156124e-06
5,2067,2.3177764180156124e-06
5,2144,2.3177764180156124e-06
5,2167,2.3177764180156124e-06
5,2176,2.3177764180156124e-06
5,2219,2.3177764180156124e-06
5,2238,2.3177764180156124e-06
5,2256,2.3177764180156124e-06
5,2265,2.3177764180156124e-06
5,2372,2.3177764180156124e-06
5,2377,2.3177764180156124e-06
5,2390,2.3177764180156124e-06
5,2441,2.3177764180156124e-06
5,2460,2.3177764180156124e-06
5,2470,2.3177764180156124e-06
5,2596,2.3177764180156124e-06
5,2635,2.3177764180156124e-06
5,2673,2.3177764180156124e-06
5,2675,2.3177764180156124e-06
5,2680,2.3177764180156124e-06
5,3085,2.3177764180156124e-06
5,3088,2.3177764180156124e-06
5,3147,2.3177764180156124e-06
5,3172,2.3177764180156124e-06
5,3322,2.3177764180156124e-06
5,3332,2.3177764180156124e-06
5,3359,2.3177764180156124e-06
5,3377,2.3177764180156124e-06
5,3486,2.3177764180156124e-06
5,3519,2.3177764180156124e-06
5,3659,2.3177764180156124e-06
5,4215,2.3177764180156124e-06
5,4600,2.3177764180156124e-06
5,5680,2.3177764180156124e-06
5,6225,2.3177764180156124e-06
5,6984,2.3177764180156124e-06
5,8964,2.3177764180156124e-06
5,9694,2.3177764180156124e-06
5,10398,2.3177764180156124e-06
5,11112,2.3177764180156124e-06
5,12890,2.3177764180156124e-06
5,15026,2.3177764180156124e-06
5,17895,2.3177764180156124e-06
5,22916,2.3177764180156124e-06
5,45756,2.3177764180156124e-06
7,1,0.16480048644024256
7,2,0.17649720603242464
7,3,0.15938223974622148
7,4,0.12993893572342666
7,5,0.10067710407794356
7,6,0.07400302139724303
7,7,0.053701682979540755
7,8,0.0386418324467897
7,9,0.027131298800161203
7,10,0.019488247895980977
7,11,0.01336532274980144
7,12,0.00937764401718567
7,13,0.007067995578672989
7,14,0.004803126038458004
7,15,0.003546960102001617
7,16,0.0026749499772570334
7,17,0.0020763268105404814
7,18,0.0014494222343727538
7,19,0.0010723367750237445
7,20,0.0009969196831539427
7,21,0.0006763970427072851
7,22,0.0005491307001769945
7,23,0.0005137789383630249
7,24,0.00040301008467925344
7,25,0.0003063819357210699
7,26,0.0002663166056652377
7,27,0.00023096484385126806
7,28,0.00022153770736754285
7,29,0.00015554775198146624
7,30,0.00016026132022332887
7,31,0.00012255277428842794
7,32,0.00011783920604656534
7,33,0.00011548242192563403
7,34,0.00011783920604656534
7,35,0.00012255277428842794
7,36,0.0001013417172000462
7,37,0.00010605528544190881
7,38,6.127638714421397e-05
7,39,9.662814895818358e-05
7,40,6.598995538607659e-05
7,41,8.720101247445835e-05
7,42,7.07035236279392e-05
7,43,8.955779659538966e-05
7,44,7.306030774887052e-05
7,45,7.777387599073312e-05
7,46,5.184925066048875e-05
7,47,5.6562818902351364e-05
7,48,6.598995538607659e-05
7,49,5.6562818902351364e-05
7,50,6.598995538607659e-05
7,51,6.83467395070079e-05
7,52,5.4206034781420056e-05
7,53,5.184925066048875e-05
7,54,7.777387599073312e-05
7,55,5.891960302328267e-05
7,56,6.83467395070079e-05
7,57,5.6562818902351364e-05
7,58,4.713568241862613e-05
7,59,5.184925066048875e-05
7,60,4.006533005583222e-05
7,61,6.598995538607659e-05
7,62,5.6562818902351364e-05
7,63,5.184925066048875e-05
7,64,4.713568241862613e-05
7,65,5.6562818902351364e-05
7,66,6.363317126514529e-05
7,67,5.6562818902351364e-05
7,68,5.6562818902351364e-05
7,69,5.6562818902351364e-05
7,70,3.0638193572106986e-05
7,71,6.598995538607659e-05
7,72,4.006533005583222e-05
7,73,3.2994977693038294e-05
7,74,3.2994977693038294e-05
7,75,4.949246653955744e-05
7,76,3.2994977693038294e-05
7,77,4.949246653955744e-05
7,78,5.4206034781420056e-05
7,79,2.8281409451175682e-05
7,80,2.8281409451175682e-05
7,81,2.5924625330244374e-05
7,82,1.1783920604656533e-05
7,83,2.5924625330244374e-05
7,84,2.8281409451175682e-05
7,85,1.8854272967450455e-05
7,86,3.770854593490091e-05
7,87,4.2422114176763525e-05
7,88,3.2994977693038294e-05
7,89,2.3567841209313067e-05
7,90,3.770854593490091e-05
7,91,1.8854272967450455e-05
7,92,2.5924625330244374e-05
7,93,1.1783920604656533e-05
7,94,3.53517618139696e-05
7,95,2.8281409451175682e-05
7,96,1.8854272967450455e-05
7,97,2.5924625330244374e-05
7,98,1.8854272967450455e-05
7,99,1.8854272967450455e-05
7,100,2.1211057088381762e-05
7,101,2.1211057088381762e-05
7,102,1.6497488846519147e-05
7,103,1.6497488846519147e-05
7,104,1.1783920604656533e-05
7,105,1.6497488846519147e-05
7,106,1.8854272967450455e-05
7,107,1.1783920604656533e-05
7,108,9.427136483725227e-06
7,109,2.1211057088381762e-05
7,110,1.8854272967450455e-05
7,111,9.427136483725227e-06
7,112,1.8854272967450455e-05
7,113,2.3567841209313067e-05
7,114,1.6497488846519147e-05
7,115,2.5924625330244374e-05
7,116,9.427136483725227e-06
7,117,1.4140704725587841e-05
7,118,1.4140704725587841e-05
7,119,1.4140704725587841e-05
7,120,1.6497488846519147e-05
7,121,2.1211057088381762e-05
7,122,1.8854272967450455e-05
7,123,7.0703523627939205e-06
7,124,1.1783920604656533e-05
7,125,9.427136483725227e-06
7,126,1.4140704725587841e-05
7,127,2.1211057088381762e-05
7,128,1.4140704725587841e-05
7,129,1.4140704725587841e-05
7,130,1.6497488846519147e-05
7,131,4.713568241862614e-06
7,132,1.8854272967450455e-05
7,133,9.427136483725227e-06
7,134,9.427136483725227e-06
7,135,7.0703523627939205e-06
7,136,7.0703523627939205e-06
7,137,1.4140704725587841e-05
7,138,4.713568241862614e-06
7,139,4.713568241862614e-06
7,140,2.356784120931307e-06
7,141,7.0703523627939205e-06
7,142,4.713568241862614e-06
7,143,1.4140704725587841e-05
7,144,9.427136483725227e-06
7,145,4.713568241862614e-06
7,146,9.427136483725227e-06
7,147,1.1783920604656533e-05
7,148,4.713568241862614e-06
7,149,1.1783920604656533e-05
7,150,1.4140704725587841e-05
7,151,7.0703523627939205e-06
7,152,4.713568241862614e-06
7,153,1.4140704725587841e-05
7,154,9.427136483725227e-06
7,155,9.427136483725227e-06
7,156,1.1783920604656533e-05
7,157,7.0703523627939205e-06
7,158,7.0703523627939205e-06
7,159,2.356784120931307e-06
7,160,7.0703523627939205e-06
7,161,9.427136483725227e-06
7,162,2.356784120931307e-06
7,163,1.4140704725587841e-05
7,164,7.0703523627939205e-06
7,165,7.0703523627939205e-06
7,166,1.4140704725587841e-05
7,167,4.713568241862614e-06
7,168,4.713568241862614e-06
7,169,1.1783920604656533e-05
7,170,7.0703523627939205e-06
7,171,4.713568241862614e-06
7,172,1.8854272967450455e-05
7,173,4.713568241862614e-06
7,174,4.713568241862614e-06
7,175,9.427136483725227e-06
7,176,9.427136483725227e-06
7,178,7.0703523627939205e-06
7,180,4.713568241862614e-06
7,181,7.0703523627939205e-06
7,182,2.356784120931307e-06
7,183,7.0703523627939205e-06
7,184,4.713568241862614e-06
7,185,7.0703523627939205e-06
7,186,7.0703523627939205e-06
7,187,7.0703523627939205e-06
7,188,7.0703523627939205e-06
7,189,4.713568241862614e-06
7,190,4.713568241862614e-06
7,191,2.356784120931307e-06
7,192,4.713568241862614e-06
7,193,2.356784120931307e-06
7,195,9.427136483725227e-06
7,196,4.713568241862614e-06
7,197,4.713568241862614e-06
7,198,7.0703523627939205e-06
7,199,2.356784120931307e-06
7,200,4.713568241862614e-06
7,201,1.1783920604656533e-05
7,202,1.1783920604656533e-05
7,203,9.427136483725227e-06
7,204,2.356784120931307e-06
7,205,7.0703523627939205e-06
7,206,2.356784120931307e-06
7,208,4.713568241862614e-06
7,209,4.713568241862614e-06
7,210,2.356784120931307e-06
7,211,1.6497488846519147e-05
7,212,2.356784120931307e-06
7,213,2.356784120931307e-06
7,214,7.0703523627939205e-06
7,215,4.713568241862614e-06
7,216,9.427136483725227e-06
7,217,4.713568241862614e-06
7,218,1.1783920604656533e-05
7,219,4.713568241862614e-06
7,221,4.713568241862614e-06
7,223,4.713568241862614e-06
7,224,2.356784120931307e-06
7,225,7.0703523627939205e-06
7,227,4.713568241862614e-06
7,228,9.427136483725227e-06
7,229,4.713568241862614e-06
7,231,7.0703523627939205e-06
7,233,2.356784120931307e-06
7,235,7.0703523627939205e-06
7,237,4.713568241862614e-06
7,238,2.356784120931307e-06
7,239,4.713568241862614e-06
7,240,2.356784120931307e-06
7,241,4.713568241862614e-06
7,242,4.713568241862614e-06
7,243,4.713568241862614e-06
7,244,4.713568241862614e-06
7,246,7.0703523627939205e-06
7,247,4.713568241862614e-06
7,248,4.713568241862614e-06
7,249,2.356784120931307e-06
7,253,9.427136483725227e-06
7,254,9.427136483725227e-06
7,256,4.713568241862614e-06
7,257,2.356784120931307e-06
7,258,7.0703523627939205e-06
7,260,4.713568241862614e-06
7,261,4.713568241862614e-06
7,262,7.0703523627939205e-06
7,263,2.356784120931307e-06
7,264,2.356784120931307e-06
7,265,4.713568241862614e-06
7,266,2.356784120931307e-06
7,268,4.713568241862614e-06
7,271,4.713568241862614e-06
7,272,2.356784120931307e-06
7,273,4.713568241862614e-06
7,274,2.356784120931307e-06
7,275,4.713568241862614e-06
7,276,4.713568241862614e-06
7,278,2.356784120931307e-06
7,280,2.356784120931307e-06
7,282,2.356784120931307e-06
7,283,2.356784120931307e-06
7,284,2.356784120931307e-06
7,285,2.356784120931307e-06
7,288,2.356784120931307e-06
7,289,2.356784120931307e-06
7,290,4.713568241862614e-06
7,291,2.356784120931307e-06
7,293,2.356784120931307e-06
7,295,2.356784120931307e-06
7,297,2.356784120931307e-06
7,298,2.356784120931307e-06
7,299,2.356784120931307e-06
7,301,2.356784120931307e-06
7,302,2.356784120931307e-06
7,303,2.356784120931307e-06
7,304,2.356784120931307e-06
7,310,2.356784120931307e-06
7,311,2.356784120931307e-06
7,313,4.713568241862614e-06
7,314,4.713568241862614e-06
7,315,2.356784120931307e-06
7,316,2.356784120931307e-06
7,319,2.356784120931307e-06
7,320,7.0703523627939205e-06
7,322,2.356784120931307e-06
7,323,2.356784120931307e-06
7,325,2.356784120931307e-06
7,326,2.356784120931307e-06
7,328,4.713568241862614e-06
7,329,4.713568241862614e-06
7,331,7.0703523627939205e-06
7,333,4.713568241862614e-06
7,334,7.0703523627939205e-06
7,335,4.713568241862614e-06
7,337,2.356784120931307e-06
7,340,1.1783920604656533e-05
7,341,4.713568241862614e-06
7,342,4.713568241862614e-06
7,344,2.356784120931307e-06
7,347,2.356784120931307e-06
7,350,2.356784120931307e-06
7,351,2.356784120931307e-06
7,352,4.713568241862614e-06
7,353,4.713568241862614e-06
7,354,7.0703523627939205e-06
7,355,2.356784120931307e-06
7,360,2.356784120931307e-06
7,362,2.356784120931307e-06
7,363,2.356784120931307e-06
7,364,2.356784120931307e-06
7,365,2.356784120931307e-06
7,366,2.356784120931307e-06
7,369,2.356784120931307e-06
7,371,2.356784120931307e-06
7,375,2.356784120931307e-06
7,377,4.713568241862614e-06
7,378,7.0703523627939205e-06
7,380,4.713568241862614e-06
7,382,2.356784120931307e-06
7,383,2.356784120931307e-06
7,393,7.0703523627939205e-06
7,394,2.356784120931307e-06
7,396,2.356784120931307e-06
7,397,4.713568241862614e-06
7,402,2.356784120931307e-06
7,404,2.356784120931307e-06
7,407,2.356784120931307e-06
7,409,2.356784120931307e-06
7,412,2.356784120931307e-06
7,414,2.356784120931307e-06
7,426,2.356784120931307e-06
7,433,2.356784120931307e-06
7,435,2.356784120931307e-06
7,436,2.356784120931307e-06
7,437,2.356784120931307e-06
7,438,2.356784120931307e-06
7,440,2.356784120931307e-06
7,441,4.713568241862614e-06
7,443,2.356784120931307e-06
7,444,2.356784120931307e-06
7,445,2.356784120931307e-06
7,447,2.356784120931307e-06
7,448,9.427136483725227e-06
7,449,2.356784120931307e-06
7,452,4.713568241862614e-06
7,456,2.356784120931307e-06
7,458,2.356784120931307e-06
7,459,2.356784120931307e-06
7,460,2.356784120931307e-06
7,469,4.713568241862614e-06
7,471,2.356784120931307e-06
7,476,2.356784120931307e-06
7,478,2.356784120931307e-06
7,482,2.356784120931307e-06
7,484,4.713568241862614e-06
7,486,9.427136483725227e-06
7,487,4.713568241862614e-06
7,490,2.356784120931307e-06
7,493,2.356784120931307e-06
7,494,4.713568241862614e-06
7,495,2.356784120931307e-06
7,498,2.356784120931307e-06
7,500,4.713568241862614e-06
7,504,2.356784120931307e-06
7,505,2.356784120931307e-06
7,506,2.356784120931307e-06
7,513,2.356784120931307e-06
7,518,2.356784120931307e-06
7,521,4.713568241862614e-06
7,522,7.0703523627939205e-06
7,535,4.713568241862614e-06
7,536,2.356784120931307e-06
7,537,4.713568241862614e-06
7,538,2.356784120931307e-06
7,540,2.356784120931307e-06
7,542,2.356784120931307e-06
7,549,4.713568241862614e-06
7,551,2.356784120931307e-06
7,552,4.713568241862614e-06
7,555,2.356784120931307e-06
7,560,7.0703523627939205e-06
7,561,4.713568241862614e-06
7,563,2.356784120931307e-06
7,568,2.356784120931307e-06
7,570,2.356784120931307e-06
7,575,4.713568241862614e-06
7,580,2.356784120931307e-06
7,581,2.356784120931307e-06
7,583,2.356784120931307e-06
7,590,2.356784120931307e-06
7,593,2.356784120931307e-06
7,599,7.0703523627939205e-06
7,602,4.713568241862614e-06
7,603,2.356784120931307e-06
7,606,2.356784120931307e-06
7,613,2.356784120931307e-06
7,614,2.356784120931307e-06
7,616,2.356784120931307e-06
7,617,7.0703523627939205e-06
7,626,2.356784120931307e-06
7,627,2.356784120931307e-06
7,631,2.356784120931307e-06
7,646,2.356784120931307e-06
7,647,2.356784120931307e-06
7,648,2.356784120931307e-06
7,652,2.356784120931307e-06
7,655,2.356784120931307e-06
7,674,2.356784120931307e-06
7,680,4.713568241862614e-06
7,683,2.356784120931307e-06
7,686,4.713568241862614e-06
7,693,2.356784120931307e-06
7,697,2.356784120931307e-06
7,698,2.356784120931307e-06
7,700,2.356784120931307e-06
7,705,2.356784120931307e-06
7,709,2.356784120931307e-06
7,711,2.356784120931307e-06
7,721,2.356784120931307e-06
7,722,2.356784120931307e-06
7,733,2.356784120931307e-06
7,735,2.356784120931307e-06
7,751,2.356784120931307e-06
7,752,2.356784120931307e-06
7,759,2.356784120931307e-06
7,763,2.356784120931307e-06
7,770,2.356784120931307e-06
7,781,2.356784120931307e-06
7,794,2.356784120931307e-06
7,797,2.356784120931307e-06
7,816,2.356784120931307e-06
7,819,2.356784120931307e-06
7,824,2.356784120931307e-06
7,834,2.356784120931307e-06
7,839,2.356784120931307e-06
7,842,2.356784120931307e-06
7,864,2.356784120931307e-06
7,870,2.356784120931307e-06
7,871,2.356784120931307e-06
7,873,2.356784120931307e-06
7,874,2.356784120931307e-06
7,879,2.356784120931307e-06
7,912,2.356784120931307e-06
7,967,2.356784120931307e-06
7,978,2.356784120931307e-06
7,979,4.713568241862614e-06
7,1004,2.356784120931307e-06
7,1010,4.713568241862614e-06
7,1047,2.356784120931307e-06
7,1054,2.356784120931307e-06
7,1063,2.356784120931307e-06
7,1075,2.356784120931307e-06
7,1091,2.356784120931307e-06
7,1096,2.356784120931307e-06
7,1102,2.356784120931307e-06
7,1109,2.356784120931307e-06
7,1132,2.356784120931307e-06
7,1135,2.356784120931307e-06
7,1147,2.356784120931307e-06
7,1166,2.356784120931307e-06
7,1168,2.356784120931307e-06
7,1179,2.356784120931307e-06
7,1212,2.356784120931307e-06
7,1233,2.356784120931307e-06
7,1247,2.356784120931307e-06
7,1265,2.356784120931307e-06
7,1276,2.356784120931307e-06
7,1281,2.356784120931307e-06
7,1283,2.356784120931307e-06
7,1363,2.356784120931307e-06
7,1369,2.356784120931307e-06
7,1402,2.356784120931307e-06
7,1407,2.356784120931307e-06
7,1412,2.356784120931307e-06
7,1429,2.356784120931307e-06
7,1433,4.713568241862614e-06
7,1446,2.356784120931307e-06
7,1462,2.356784120931307e-06
7,1490,2.356784120931307e-06
7,1525,2.356784120931307e-06
7,1547,2.356784120931307e-06
7,1559,2.356784120931307e-06
7,1564,2.356784120931307e-06
7,1578,2.356784120931307e-06
7,1647,2.356784120931307e-06
7,1670,2.356784120931307e-06
7,1687,2.356784120931307e-06
7,1701,2.356784120931307e-06
7,1723,2.356784120931307e-06
7,1790,2.356784120931307e-06
7,1882,2.356784120931307e-06
7,1887,2.356784120931307e-06
7,1902,2.356784120931307e-06
7,1912,2.356784120931307e-06
7,1960,2.356784120931307e-06
7,2171,2.356784120931307e-06
7,2325,2.356784120931307e-06
7,2349,2.356784120931307e-06
7,2470,2.356784120931307e-06
7,2741,2.356784120931307e-06
7,2809,2.356784120931307e-06
7,2849,2.356784120931307e-06
7,2857,2.356784120931307e-06
7,3078,2.356784120931307e-06
7,3143,2.356784120931307e-06
7,3391,2.356784120931307e-06
7,3433,2.356784120931307e-06
7,3592,2.356784120931307e-06
7,4357,2.356784120931307e-06
7,4952,2.356784120931307e-06
7,5521,2.356784120931307e-06
7,5888,2.356784120931307e-06
7,8184,2.356784120931307e-06
7,9737,2.356784120931307e-06
7,10022,2.356784120931307e-06
7,11747,2.356784120931307e-06
7,12786,2.356784120931307e-06
7,13890,2.356784120931307e-06
7,31043,2.356784120931307e-06
10,1,0.21198309798114776
10,2,0.2069269384954314
10,3,0.17093430604211057
10,4,0.12656530270745303
10,5,0.08935437658757389
10,6,0.06113859896228346
10,7,0.04095970722428883
10,8,0.02763311543693645
10,9,0.01868130545222531
10,10,0.01222868287045397
10,11,0.007846677982833134
10,12,0.00559548316419276
10,13,0.0038667581590764084
10,14,0.0028483031769535433
10,15,0.0018996713496334285
10,16,0.0015963017804904475
10,17,0.0010377165420684508
10,18,0.0007969470427486246
10,19,0.0006284083932247463
10,20,0.0005369159834832123
10,21,0.00044542357374167843
10,22,0.0003707850289525323
10,23,0.0002552156692790157
10,24,0.00024076949931982615
10,25,0.00019020790446266266
10,26,0.0002504002792926192
10,27,0.0001637232595374818
10,28,0.00013001552963270614
10,29,0.00010593857970072351
10,30,0.00013483091961910266
10,31,0.00010834627469392178
10,32,0.00010353088470752525
10,33,0.00012038474965991308
10,34,0.00011797705466671483
10,35,9.149240974153394e-05
10,36,8.426932476193916e-05
10,37,7.223084979594785e-05
10,38,6.26000698231548e-05
10,39,9.630779972793047e-05
10,40,9.149240974153394e-05
10,41,8.18616297687409e-05
10,42,7.945393477554263e-05
10,43,6.26000698231548e-05
10,44,7.223084979594785e-05
10,45,5.778467983675828e-05
10,46,6.26000698231548e-05
10,47,6.741545980955133e-05
10,48,8.667701975513742e-05
10,49,9.149240974153394e-05
10,50,5.5376984843560015e-05
10,51,6.019237482995654e-05
10,52,5.778467983675828e-05
10,53,4.8153899863965235e-05
10,54,5.5376984843560015e-05
10,55,4.333850987756871e-05
10,56,4.574620487076697e-05
10,57,3.6115424897973924e-05
10,58,5.056159485716349e-05
10,59,3.6115424897973924e-05
10,60,5.296928985036176e-05
10,61,3.3707729904775666e-05
10,62,4.8153899863965235e-05
10,63,4.574620487076697e-05
10,64,2.648464492518088e-05
10,65,3.852311989117219e-05
10,66,5.056159485716349e-05
10,67,4.093081488437045e-05
10,68,2.648464492518088e-05
10,69,1.9261559945586095e-05
10,70,5.296928985036176e-05
10,71,2.889233991837914e-05
10,72,1.9261559945586095e-05
10,73,1.9261559945586095e-05
10,74,1.444616995918957e-05
10,75,4.093081488437045e-05
10,76,1.9261559945586095e-05
10,77,4.574620487076697e-05
10,78,2.889233991837914e-05
10,79,2.648464492518088e-05
10,80,2.889233991837914e-05
10,81,1.6853864952387833e-05
10,82,2.1669254938784356e-05
10,83,1.2038474965991309e-05
10,84,2.1669254938784356e-05
10,85,1.444616995918957e-05
10,86,2.648464492518088e-05
10,87,2.1669254938784356e-05
10,88,2.1669254938784356e-05
10,89,1.6853864952387833e-05
10,90,2.4076949931982617e-05
10,91,1.444616995918957e-05
10,92,2.4076949931982617e-05
10,93,1.444616995918957e-05
10,94,1.6853864952387833e-05
10,95,1.2038474965991309e-05
10,96,7.223084979594785e-06
10,97,2.1669254938784356e-05
10,98,1.444616995918957e-05
10,99,1.6853864952387833e-05
10,100,9.630779972793047e-06
10,101,9.630779972793047e-06
10,102,1.2038474965991309e-05
10,103,1.9261559945586095e-05
10,104,1.2038474965991309e-05
10,105,1.6853864952387833e-05
10,106,2.4076949931982617e-05
10,107,2.648464492518088e-05
10,108,1.2038474965991309e-05
10,109,1.2038474965991309e-05
10,110,1.2038474965991309e-05
10,111,1.6853864952387833e-05
10,112,1.6853864952387833e-05
10,113,1.2038474965991309e-05
10,114,4.815389986396524e-06
10,115,9.630779972793047e-06
10,116,1.2038474965991309e-05
10,117,1.2038474965991309e-05
10,118,1.444616995918957e-05
10,119,7.223084979594785e-06
10,120,1.444616995918957e-05
10,121,4.815389986396524e-06
10,122,9.630779972793047e-06
10,123,7.223084979594785e-06
10,124,9.630779972793047e-06
10,125,9.630779972793047e-06
10,126,1.444616995918957e-05
10,127,2.407694993198262e-06
10,128,9.630779972793047e-06
10,129,1.2038474965991309e-05
10,130,4.815389986396524e-06
10,131,4.815389986396524e-06
10,132,1.444616995918957e-05
10,133,9.630779972793047e-06
10,134,1.6853864952387833e-05
10,135,9.630779972793047e-06
10,136,2.407694993198262e-06
10,137,1.2038474965991309e-05
10,138,4.815389986396524e-06
10,139,9.630779972793047e-06
10,140,2.407694993198262e-06
10,141,7.223084979594785e-06
10,142,7.223084979594785e-06
10,143,7.223084979594785e-06
10,144,4.815389986396524e-06
10,145,2.407694993198262e-06
10,146,7.223084979594785e-06
10,147,1.2038474965991309e-05
10,148,4.815389986396524e-06
10,149,7.223084979594785e-06
10,150,9.630779972793047e-06
10,151,7.223084979594785e-06
10,152,9.630779972793047e-06
10,153,1.2038474965991309e-05
10,154,7.223084979594785e-06
10,155,7.223084979594785e-06
10,156,7.223084979594785e-06
10,157,4.815389986396524e-06
10,158,7.223084979594785e-06
10,159,7.223084979594785e-06
10,160,7.223084979594785e-06
10,161,9.630779972793047e-06
10,162,7.223084979594785e-06
10,163,4.815389986396524e-06
10,164,4.815389986396524e-06
10,165,4.815389986396524e-06
10,166,2.407694993198262e-06
10,167,1.2038474965991309e-05
10,168,4.815389986396524e-06
10,170,2.407694993198262e-06
10,171,2.407694993198262e-06
10,173,4.815389986396524e-06
10,174,2.407694993198262e-06
10,176,4.815389986396524e-06
10,177,2.407694993198262e-06
10,178,1.2038474965991309e-05
10,179,4.815389986396524e-06
10,180,7.223084979594785e-06
10,182,4.815389986396524e-06
10,183,7.223084979594785e-06
10,184,7.223084979594785e-06
10,185,2.407694993198262e-06
10,186,4.815389986396524e-06
10,187,9.630779972793047e-06
10,188,2.407694993198262e-06
10,189,9.630779972793047e-06
10,190,4.815389986396524e-06
10,191,2.407694993198262e-06
10,192,9.630779972793047e-06
10,193,2.407694993198262e-06
10,194,4.815389986396524e-06
10,195,2.407694993198262e-06
10,197,7.223084979594785e-06
10,198,7.223084979594785e-06
10,199,4.815389986396524e-06
10,202,2.407694993198262e-06
10,206,2.407694993198262e-06
10,207,2.407694993198262e-06
10,209,7.223084979594785e-06
10,210,2.407694993198262e-06
10,211,7.223084979594785e-06
10,213,4.815389986396524e-06
10,215,2.407694993198262e-06
10,216,2.407694993198262e-06
10,217,2.407694993198262e-06
10,218,4.815389986396524e-06
10,219,2.407694993198262e-06
10,221,4.815389986396524e-06
10,222,4.815389986396524e-06
10,224,2.407694993198262e-06
10,226,4.815389986396524e-06
10,227,9.630779972793047e-06
10,229,7.223084979594785e-06
10,230,2.407694993198262e-06
10,231,7.223084979594785e-06
10,232,2.407694993198262e-06
10,233,2.407694993198262e-06
10,236,2.407694993198262e-06
10,237,4.815389986396524e-06
10,241,4.815389986396524e-06
10,242,4.815389986396524e-06
10,245,7.223084979594785e-06
10,247,4.815389986396524e-06
10,248,2.407694993198262e-06
10,251,2.407694993198262e-06
10,252,2.407694993198262e-06
10,253,2.407694993198262e-06
10,254,2.407694993198262e-06
10,255,2.407694993198262e-06
10,256,2.407694993198262e-06
10,261,7.223084979594785e-06
10,262,2.407694993198262e-06
10,263,2.407694993198262e-06
10,265,2.407694993198262e-06
10,266,2.407694993198262e-06
10,268,7.223084979594785e-06
10,269,7.223084979594785e-06
10,271,2.407694993198262e-06
10,274,2.407694993198262e-06
10,275,7.223084979594785e-06
10,276,4.815389986396524e-06
10,277,2.407694993198262e-06
10,279,2.407694993198262e-06
10,280,2.407694993198262e-06
10,281,9.630779972793047e-06
10,283,2.407694993198262e-06
10,284,2.407694993198262e-06
10,285,2.407694993198262e-06
10,286,2.407694993198262e-06
10,287,4.815389986396524e-06
10,288,4.815389986396524e-06
10,290,2.407694993198262e-06
10,292,2.407694993198262e-06
10,293,2.407694993198262e-06
10,295,2.407694993198262e-06
10,300,2.407694993198262e-06
10,301,9.630779972793047e-06
10,307,2.407694993198262e-06
10,308,4.815389986396524e-06
10,309,2.407694993198262e-06
10,313,4.815389986396524e-06
10,314,4.815389986396524e-06
10,316,2.407694993198262e-06
10,318,2.407694993198262e-06
10,321,4.815389986396524e-06
10,322,2.407694993198262e-06
10,323,2.407694993198262e-06
10,324,2.407694993198262e-06
10,328,2.407694993198262e-06
10,329,4.815389986396524e-06
10,330,2.407694993198262e-06
10,331,2.407694993198262e-06
10,334,2.407694993198262e-06
10,335,2.407694993198262e-06
10,337,2.407694993198262e-06
10,339,2.407694993198262e-06
10,340,2.407694993198262e-06
10,342,2.407694993198262e-06
10,344,2.407694993198262e-06
10,348,2.407694993198262e-06
10,349,2.407694993198262e-06
10,350,2.407694993198262e-06
10,355,4.815389986396524e-06
10,356,4.815389986396524e-06
10,360,2.407694993198262e-06
10,363,2.407694993198262e-06
10,367,2.407694993198262e-06
10,372,4.815389986396524e-06
10,374,2.407694993198262e-06
10,375,4.815389986396524e-06
10,376,2.407694993198262e-06
10,379,2.407694993198262e-06
10,382,2.407694993198262e-06
10,389,7.223084979594785e-06
10,390,2.407694993198262e-06
10,391,2.407694993198262e-06
10,392,4.815389986396524e-06
10,397,2.407694993198262e-06
10,398,2.407694993198262e-06
10,399,2.407694993198262e-06
10,400,2.407694993198262e-06
10,401,2.407694993198262e-06
10,402,2.407694993198262e-06
10,403,2.407694993198262e-06
10,406,2.407694993198262e-06
10,407,2.407694993198262e-06
10,409,4.815389986396524e-06
10,410,2.407694993198262e-06
10,413,2.407694993198262e-06
10,415,2.407694993198262e-06
10,421,2.407694993198262e-06
10,424,2.407694993198262e-06
10,428,2.407694993198262e-06
10,429,2.407694993198262e-06
10,433,2.407694993198262e-06
10,435,2.407694993198262e-06
10,441,2.407694993198262e-06
10,443,4.815389986396524e-06
10,456,2.407694993198262e-06
10,458,4.815389986396524e-06
10,459,2.407694993198262e-06
10,464,2.407694993198262e-06
10,470,2.407694993198262e-06
10,473,2.407694993198262e-06
10,474,2.407694993198262e-06
10,479,2.407694993198262e-06
10,480,2.407694993198262e-06
10,481,4.815389986396524e-06
10,482,2.407694993198262e-06
10,483,2.407694993198262e-06
10,485,2.407694993198262e-06
10,500,2.407694993198262e-06
10,503,2.407694993198262e-06
10,504,2.407694993198262e-06
10,509,2.407694993198262e-06
10,512,2.407694993198262e-06
10,513,4.815389986396524e-06
10,519,2.407694993198262e-06
10,521,2.407694993198262e-06
10,525,2.407694993198262e-06
10,535,2.407694993198262e-06
10,538,2.407694993198262e-06
10,562,2.407694993198262e-06
10,563,2.407694993198262e-06
10,570,2.407694993198262e-06
10,572,2.407694993198262e-06
10,574,2.407694993198262e-06
10,583,2.407694993198262e-06
10,589,2.407694993198262e-06
10,593,2.407694993198262e-06
10,598,2.407694993198262e-06
10,602,2.407694993198262e-06
10,617,4.815389986396524e-06
10,621,7.223084979594785e-06
10,659,2.407694993198262e-06
10,667,2.407694993198262e-06
10,678,2.407694993198262e-06
10,679,2.407694993198262e-06
10,680,2.407694993198262e-06
10,688,2.407694993198262e-06
10,689,2.407694993198262e-06
10,693,2.407694993198262e-06
10,697,2.407694993198262e-06
10,707,2.407694993198262e-06
10,720,2.407694993198262e-06
10,722,2.407694993198262e-06
10,723,2.407694993198262e-06
10,725,2.407694993198262e-06
10,768,2.407694993198262e-06
10,773,2.407694993198262e-06
10,787,2.407694993198262e-06
10,790,2.407694993198262e-06
10,803,2.407694993198262e-06
10,811,2.407694993198262e-06
10,814,2.407694993198262e-06
10,815,4.815389986396524e-06
10,821,2.407694993198262e-06
10,848,2.407694993198262e-06
10,866,2.407694993198262e-06
10,871,2.407694993198262e-06
10,877,2.407694993198262e-06
10,880,2.407694993198262e-06
10,888,2.407694993198262e-06
10,924,2.407694993198262e-06
10,936,2.407694993198262e-06
10,949,2.407694993198262e-06
10,954,2.407694993198262e-06
10,959,4.815389986396524e-06
10,997,2.407694993198262e-06
10,1015,2.407694993198262e-06
10,1019,2.407694993198262e-06
10,1036,2.407694993198262e-06
10,1052,2.407694993198262e-06
10,1057,2.407694993198262e-06
10,1089,2.407694993198262e-06
10,1108,2.407694993198262e-06
10,1137,2.407694993198262e-06
10,1138,4.815389986396524e-06
10,1141,2.407694993198262e-06
10,1251,2.407694993198262e-06
10,1327,4.815389986396524e-06
10,1393,2.407694993198262e-06
10,1396,2.407694993198262e-06
10,1582,2.407694993198262e-06
10,1586,2.407694993198262e-06
10,1601,2.407694993198262e-06
10,1682,2.407694993198262e-06
10,1712,2.407694993198262e-06
10,1903,2.407694993198262e-06
10,1918,2.407694993198262e-06
10,1950,2.407694993198262e-06
10,2202,2.407694993198262e-06
10,2282,2.407694993198262e-06
10,2345,2.407694993198262e-06
10,2427,2.407694993198262e-06
10,2539,2.407694993198262e-06
10,2936,2.407694993198262e-06
10,3006,2.407694993198262e-06
10,3103,2.407694993198262e-06
10,3159,2.407694993198262e-06
10,3279,2.407694993198262e-06
10,3304,2.407694993198262e-06
10,6616,2.407694993198262e-06
10,6739,2.407694993198262e-06
10,7724,2.407694993198262e-06
10,8027,2.407694993198262e-06
10,8736,2.407694993198262e-06
10,10252,2.407694993198262e-06
10,20485,2.407694993198262e-06
