threshold_m,metric,x,density
1,clust,0.0,3.3267766087881095e-119
1,clust,0.0014028056112224449,1.1105903405831194e-112
1,clust,0.0028056112224448897,2.4205672150698914e-106
1,clust,0.004208416833667334,3.444486309142309e-100
1,clust,0.0056112224448897794,3.200282141729177e-94
1,clust,0.0070140280561122245,1.9414334807069429e-88
1,clust,0.008416833667334669,7.690292362266131e-83
1,clust,0.009819639278557115,1.98914664433049e-77
1,clust,0.011222444889779559,3.359804210149564e-72
1,clust,0.012625250501002003,3.7060071022290306e-67
1,clust,0.014028056112224449,2.6697342686227025e-62
1,clust,0.015430861723446893,1.2561065620131267e-57
1,clust,0.016833667334669337,3.8602170574820604e-53
1,clust,0.01823647294589178,7.74920447608363e-49
1,clust,0.01963927855711423,1.0162475201227777e-44
1,clust,0.021042084168336674,8.707217331394529e-41
1,clust,0.022444889779559118,4.874624937715494e-37
1,clust,0.023847695390781562,1.7833372050022035e-33
1,clust,0.025250501002004006,4.263918477453523e-30
1,clust,0.026653306613226454,6.663838513514313e-27
1,clust,0.028056112224448898,6.808343131267253e-24
1,clust,0.029458917835671342,4.548049711744504e-21
1,clust,0.030861723446893786,1.9867584593556405e-18
1,clust,0.032264529058116234,5.676411490603895e-16
1,clust,0.033667334669338675,1.0609316824254448e-13
1,clust,0.03507014028056112,1.297369843783993e-11
1,clust,0.03647294589178356,1.0382034171475832e-09
1,clust,0.03787575150300601,5.437798299488144e-08
1,clust,0.03927855711422846,1.8645087589652662e-06
1,clust,0.0406813627254509,4.185841061588412e-05
1,clust,0.04208416833667335,0.0006153898535674168
1,clust,0.04348697394789579,0.005925623276071492
1,clust,0.044889779559118236,0.03737610985647549
1,clust,0.04629258517034068,0.1544496381029677
1,clust,0.047695390781563124,0.4182125440951507
1,clust,0.04909819639278557,0.7426793120321977
1,clust,0.05050100200400801,0.8705092451968053
1,clust,0.05190380761523046,0.7074549626405491
1,clust,0.05330661322645291,0.5376585499561323
1,clust,0.05470941883767535,0.7056356998034811
1,clust,0.056112224448897796,1.238568826116677
1,clust,0.05751503006012024,1.8463817260196356
1,clust,0.058917835671342685,2.21440591267583
1,clust,0.06032064128256513,2.271433217475769
1,clust,0.06172344689378757,2.1654836603828067
1,clust,0.06312625250501001,2.0648193393386274
1,clust,0.06452905811623247,2.091545597485908
1,clust,0.06593186372745491,2.286744922028924
1,clust,0.06733466933867735,2.6166366186505283
1,clust,0.0687374749498998,3.242752104222551
1,clust,0.07014028056112225,4.530952055443155
1,clust,0.07154308617234469,6.477395005226574
1,clust,0.07294589178356713,8.408668646486145
1,clust,0.07434869739478958,9.701339750101814
1,clust,0.07575150300601202,10.575818129536755
1,clust,0.07715430861723446,11.757246545401186
1,clust,0.07855711422845692,13.92055437683469
1,clust,0.07995991983967936,17.274181096954816
1,clust,0.0813627254509018,21.136411919609685
1,clust,0.08276553106212425,24.760239696974725
1,clust,0.0841683366733467,27.802154430796797
1,clust,0.08557114228456913,29.713179313083426
1,clust,0.08697394789579158,30.423568799538504
1,clust,0.08837675350701403,31.104751943185654
1,clust,0.08977955911823647,33.04112544231234
1,clust,0.09118236472945891,35.73778361717173
1,clust,0.09258517034068137,36.92822136728109
1,clust,0.09398797595190381,35.265203990239804
1,clust,0.09539078156312625,31.7904346156887
1,clust,0.09679358717434869,28.397806440422343
1,clust,0.09819639278557114,26.16991013369255
1,clust,0.09959919839679358,24.90418047483136
1,clust,0.10100200400801602,23.62063587120388
1,clust,0.10240480961923848,21.835557062735685
1,clust,0.10380761523046092,19.86244602166579
1,clust,0.10521042084168336,17.812645584995522
1,clust,0.10661322645290582,15.478213771619505
1,clust,0.10801603206412826,12.911677800984856
1,clust,0.1094188376753507,10.65490761880924
1,clust,0.11082164328657314,9.361203284719648
1,clust,0.11222444889779559,8.732137192177523
1,clust,0.11362725450901803,7.680559875262
1,clust,0.11503006012024047,5.845991466069955
1,clust,0.11643286573146293,3.899713186575951
1,clust,0.11783567134268537,2.5220488337334404
1,clust,0.11923847695390781,1.7829528039987874
1,clust,0.12064128256513026,1.4365803135402653
1,clust,0.1220440881763527,1.3549430901665451
1,clust,0.12344689378757515,1.476909214462925
1,clust,0.12484969939879759,1.612152509964589
1,clust,0.12625250501002003,1.6329152163033762
1,clust,0.1276553106212425,1.727241739579885
1,clust,0.12905811623246494,2.009017893044283
1,clust,0.13046092184368738,2.106876365838664
1,clust,0.13186372745490982,1.675450440799963
1,clust,0.13326653306613226,0.9464631948652271
1,clust,0.1346693386773547,0.37470764945429097
1,clust,0.13607214428857714,0.12653250700373508
1,clust,0.1374749498997996,0.13879069135498515
1,clust,0.13887775551102205,0.3558246238557737
1,clust,0.1402805611222445,0.681027988731213
1,clust,0.14168336673346693,0.861878318146369
1,clust,0.14308617234468937,0.717437467526815
1,clust,0.1444889779559118,0.39352094404998356
1,clust,0.14589178356713425,0.14874214712717493
1,clust,0.14729458917835672,0.07239726173043173
1,clust,0.14869739478957916,0.13744366359100207
1,clust,0.1501002004008016,0.2932688386615923
1,clust,0.15150300601202404,0.42300788975146325
1,clust,0.15290581162324648,0.39917973095532455
1,clust,0.15430861723446893,0.2484263178658399
1,clust,0.15571142284569137,0.11731359490676718
1,clust,0.15711422845691383,0.10616436139078866
1,clust,0.15851703406813628,0.2370735510682777
1,clust,0.15991983967935872,0.46662861384791005
1,clust,0.16132264529058116,0.6719585183793848
1,clust,0.1627254509018036,0.723869843819594
1,clust,0.16412825651302604,0.5888978513342492
1,clust,0.1655310621242485,0.35240968935530503
1,clust,0.16693386773547095,0.14878271628087655
1,clust,0.1683366733466934,0.042808362103196426
1,clust,0.16973947895791583,0.008217082868703441
1,clust,0.17114228456913827,0.0010404275059060057
1,clust,0.1725450901803607,8.641636433608552e-05
1,clust,0.17394789579158315,4.695947991363203e-06
1,clust,0.17535070140280562,1.6674701801457917e-07
1,clust,0.17675350701402806,3.866804189635976e-09
1,clust,0.1781563126252505,5.854515843802228e-11
1,clust,0.17955911823647294,5.786575989873778e-13
1,clust,0.18096192384769538,3.733531933671416e-15
1,clust,0.18236472945891782,1.5724411801019253e-17
1,clust,0.18376753507014026,4.322949055293218e-20
1,clust,0.18517034068136273,7.757729302351621e-23
1,clust,0.18657314629258517,9.087341036271082e-26
1,clust,0.18797595190380761,6.948422709348624e-29
1,clust,0.18937875751503006,3.468028054494831e-32
1,clust,0.1907815631262525,1.1298631206880008e-35
1,clust,0.19218436873747494,2.4027903311385762e-39
1,clust,0.19358717434869738,3.335436727590737e-43
1,clust,0.19498997995991985,3.0222912631199196e-47
1,clust,0.1963927855711423,1.7875849850435504e-51
1,clust,0.19779559118236473,6.901505710869106e-56
1,clust,0.19919839679358717,1.7392730811399016e-60
1,clust,0.2006012024048096,2.861135782047859e-65
1,clust,0.20200400801603205,3.072245604923301e-70
1,clust,0.20340681362725452,2.1533774645963932e-75
1,clust,0.20480961923847696,9.85215340004131e-81
1,clust,0.2062124248496994,2.9423134432876078e-86
1,clust,0.20761523046092184,5.7357930855634e-92
1,clust,0.20901803607214428,7.298687770280159e-98
1,clust,0.21042084168336672,6.062375935419877e-104
1,clust,0.21182364729458916,3.286909236973742e-110
1,clust,0.21322645290581163,1.1632667882656003e-116
1,clust,0.21462925851703407,2.6873096730022138e-123
1,clust,0.2160320641282565,4.0523119570518735e-130
1,clust,0.21743486973947895,3.988731436210584e-137
1,clust,0.2188376753507014,2.5627927703333875e-144
1,clust,0.22024048096192383,1.0748279556066056e-151
1,clust,0.22164328657314628,2.942464191476696e-159
1,clust,0.22304609218436874,5.258116308333731e-167
1,clust,0.22444889779559118,6.133324737672654e-175
1,clust,0.22585170340681363,4.669909885935857e-183
1,clust,0.22725450901803607,2.3209608240740347e-191
1,clust,0.2286573146292585,7.529634390091999e-200
1,clust,0.23006012024048095,1.5945081279765442e-208
1,clust,0.2314629258517034,2.2040749312269282e-217
1,clust,0.23286573146292586,1.988715881194159e-226
1,clust,0.2342685370741483,1.1712939444909321e-235
1,clust,0.23567134268537074,4.503040193485075e-245
1,clust,0.23707414829659318,1.1300366216586717e-254
1,clust,0.23847695390781562,1.8510833823355835e-264
1,clust,0.23987975951903806,1.9792753468136504e-274
1,clust,0.24128256513026053,1.3814437877215564e-284
1,clust,0.24268537074148297,6.293713793604017e-295
1,clust,0.2440881763527054,1.8716624631941263e-305
1,clust,0.24549098196392785,3.6332463e-316
1,clust,0.2468937875751503,0.0
1,clust,0.24829659318637273,0.0
1,clust,0.24969939879759517,0.0
1,clust,0.25110220440881764,0.0
1,clust,0.25250501002004005,0.0
1,clust,0.2539078156312625,0.0
1,clust,0.255310621242485,0.0
1,clust,0.2567134268537074,0.0
1,clust,0.2581162324649299,0.0
1,clust,0.2595190380761523,0.0
1,clust,0.26092184368737475,0.0
1,clust,0.26232464929859717,0.0
1,clust,0.26372745490981964,0.0
1,clust,0.2651302605210421,0.0
1,clust,0.2665330661322645,0.0
1,clust,0.267935871743487,0.0
1,clust,0.2693386773547094,0.0
1,clust,0.27074148296593187,0.0
1,clust,0.2721442885771543,0.0
1,clust,0.27354709418837675,0.0
1,clust,0.2749498997995992,0.0
1,clust,0.27635270541082163,0.0
1,clust,0.2777555110220441,0.0
1,clust,0.2791583166332665,0.0
1,clust,0.280561122244489,0.0
1,clust,0.2819639278557114,0.0
1,clust,0.28336673346693386,0.0
1,clust,0.28476953907815633,0.0
1,clust,0.28617234468937874,0.0
1,clust,0.2875751503006012,0.0
1,clust,0.2889779559118236,0.0
1,clust,0.2903807615230461,0.0
1,clust,0.2917835671342685,0.0
1,clust,0.293186372745491,0.0
1,clust,0.29458917835671344,0.0
1,clust,0.29599198396793586,0.0
1,clust,0.2973947895791583,0.0
1,clust,0.29879759519038074,0.0
1,clust,0.3002004008016032,0.0
1,clust,0.3016032064128256,0.0
1,clust,0.3030060120240481,0.0
1,clust,0.30440881763527056,0.0
1,clust,0.30581162324649297,0.0
1,clust,0.30721442885771544,0.0
1,clust,0.30861723446893785,0.0
1,clust,0.3100200400801603,0.0
1,clust,0.31142284569138273,0.0
1,clust,0.3128256513026052,0.0
1,clust,0.31422845691382767,0.0
1,clust,0.3156312625250501,0.0
1,clust,0.31703406813627255,0.0
1,clust,0.31843687374749496,0.0
1,clust,0.31983967935871743,0.0
1,clust,0.32124248496993985,0.0
1,clust,0.3226452905811623,0.0
1,clust,0.3240480961923848,0.0
1,clust,0.3254509018036072,0.0
1,clust,0.32685370741482966,0.0
1,clust,0.3282565130260521,0.0
1,clust,0.32965931863727455,0.0
1,clust,0.331062124248497,0.0
1,clust,0.3324649298597194,0.0
1,clust,0.3338677354709419,0.0
1,clust,0.3352705410821643,0.0
1,clust,0.3366733466933868,0.0
1,clust,0.3380761523046092,0.0
1,clust,0.33947895791583166,0.0
1,clust,0.3408817635270541,0.0
1,clust,0.34228456913827654,0.0
1,clust,0.343687374749499,0.0
1,clust,0.3450901803607214,0.0
1,clust,0.3464929859719439,0.0
1,clust,0.3478957915831663,0.0
1,clust,0.34929859719438877,0.0
1,clust,0.35070140280561124,0.0
1,clust,0.35210420841683365,0.0
1,clust,0.3535070140280561,0.0
1,clust,0.35490981963927853,0.0
1,clust,0.356312625250501,0.0
1,clust,0.3577154308617234,0.0
1,clust,0.3591182364729459,0.0
1,clust,0.36052104208416835,0.0
1,clust,0.36192384769539077,0.0
1,clust,0.36332665330661323,0.0
1,clust,0.36472945891783565,0.0
1,clust,0.3661322645290581,0.0
1,clust,0.36753507014028053,0.0
1,clust,0.368937875751503,0.0
1,clust,0.37034068136272547,0.0
1,clust,0.3717434869739479,0.0
1,clust,0.37314629258517035,0.0
1,clust,0.37454909819639276,0.0
1,clust,0.37595190380761523,0.0
1,clust,0.37735470941883764,0.0
1,clust,0.3787575150300601,0.0
1,clust,0.3801603206412826,0.0
1,clust,0.381563126252505,0.0
1,clust,0.38296593186372746,0.0
1,clust,0.3843687374749499,0.0
1,clust,0.38577154308617234,0.0
1,clust,0.38717434869739475,0.0
1,clust,0.3885771543086172,0.0
1,clust,0.3899799599198397,0.0
1,clust,0.3913827655310621,0.0
1,clust,0.3927855711422846,0.0
1,clust,0.394188376753507,0.0
1,clust,0.39559118236472945,0.0
1,clust,0.3969939879759519,0.0
1,clust,0.39839679358717434,0.0
1,clust,0.3997995991983968,0.0
1,clust,0.4012024048096192,0.0
1,clust,0.4026052104208417,0.0
1,clust,0.4040080160320641,0.0
1,clust,0.40541082164328657,0.0
1,clust,0.40681362725450904,0.0
1,clust,0.40821643286573145,0.0
1,clust,0.4096192384769539,0.0
1,clust,0.41102204408817633,0.0
1,clust,0.4124248496993988,0.0
1,clust,0.4138276553106212,0.0
1,clust,0.4152304609218437,0.0
1,clust,0.41663326653306615,0.0
1,clust,0.41803607214428856,0.0
1,clust,0.41943887775551103,0.0
1,clust,0.42084168336673344,0.0
1,clust,0.4222444889779559,0.0
1,clust,0.4236472945891783,0.0
1,clust,0.4250501002004008,0.0
1,clust,0.42645290581162326,0.0
1,clust,0.4278557114228457,0.0
1,clust,0.42925851703406814,0.0
1,clust,0.43066132264529056,0.0
1,clust,0.432064128256513,0.0
1,clust,0.43346693386773544,0.0
1,clust,0.4348697394789579,0.0
1,clust,0.4362725450901804,0.0
1,clust,0.4376753507014028,0.0
1,clust,0.43907815631262526,0.0
1,clust,0.44048096192384767,0.0
1,clust,0.44188376753507014,0.0
1,clust,0.44328657314629255,0.0
1,clust,0.444689378757515,0.0
1,clust,0.4460921843687375,0.0
1,clust,0.4474949899799599,0.0
1,clust,0.44889779559118237,0.0
1,clust,0.4503006012024048,0.0
1,clust,0.45170340681362725,0.0
1,clust,0.45310621242484966,0.0
1,clust,0.45450901803607213,0.0
1,clust,0.4559118236472946,0.0
1,clust,0.457314629258517,0.0
1,clust,0.4587174348697395,0.0
1,clust,0.4601202404809619,0.0
1,clust,0.46152304609218436,0.0
1,clust,0.4629258517034068,0.0
1,clust,0.46432865731462925,0.0
1,clust,0.4657314629258517,0.0
1,clust,0.4671342685370741,0.0
1,clust,0.4685370741482966,0.0
1,clust,0.469939879759519,0.0
1,clust,0.4713426853707415,0.0
1,clust,0.47274549098196395,0.0
1,clust,0.47414829659318636,0.0
1,clust,0.4755511022044088,0.0
1,clust,0.47695390781563124,0.0
1,clust,0.4783567134268537,0.0
1,clust,0.4797595190380761,0.0
1,clust,0.4811623246492986,0.0
1,clust,0.48256513026052106,0.0
1,clust,0.48396793587174347,0.0
1,clust,0.48537074148296594,0.0
1,clust,0.48677354709418835,0.0
1,clust,0.4881763527054108,0.0
1,clust,0.48957915831663323,0.0
1,clust,0.4909819639278557,0.0
1,clust,0.49238476953907817,0.0
1,clust,0.4937875751503006,0.0
1,clust,0.49519038076152305,0.0
1,clust,0.49659318637274547,0.0
1,clust,0.49799599198396793,0.0
1,clust,0.49939879759519035,0.0
1,clust,0.5008016032064128,0.0
1,clust,0.5022044088176353,0.0
1,clust,0.5036072144288577,0.0
1,clust,0.5050100200400801,0.0
1,clust,0.5064128256513026,0.0
1,clust,0.507815631262525,0.0
1,clust,0.5092184368737475,0.0
1,clust,0.51062124248497,0.0
1,clust,0.5120240480961924,0.0
1,clust,0.5134268537074148,0.0
1,clust,0.5148296593186372,0.0
1,clust,0.5162324649298597,0.0
1,clust,0.5176352705410822,0.0
1,clust,0.5190380761523046,0.0
1,clust,0.5204408817635271,0.0
1,clust,0.5218436873747495,0.0
1,clust,0.5232464929859719,0.0
1,clust,0.5246492985971943,0.0
1,clust,0.5260521042084169,0.0
1,clust,0.5274549098196393,0.0
1,clust,0.5288577154308617,0.0
1,clust,0.5302605210420842,0.0
1,clust,0.5316633266533066,0.0
1,clust,0.533066132264529,0.0
1,clust,0.5344689378757514,0.0
1,clust,0.535871743486974,0.0
1,clust,0.5372745490981964,0.0
1,clust,0.5386773547094188,0.0
1,clust,0.5400801603206413,0.0
1,clust,0.5414829659318637,0.0
1,clust,0.5428857715430861,0.0
1,clust,0.5442885771543086,0.0
1,clust,0.5456913827655311,0.0
1,clust,0.5470941883767535,0.0
1,clust,0.5484969939879759,0.0
1,clust,0.5498997995991984,0.0
1,clust,0.5513026052104208,0.0
1,clust,0.5527054108216433,0.0
1,clust,0.5541082164328657,0.0
1,clust,0.5555110220440882,0.0
1,clust,0.5569138276553106,0.0
1,clust,0.558316633266533,0.0
1,clust,0.5597194388777555,0.0
1,clust,0.561122244488978,0.0
1,clust,0.5625250501002004,0.0
1,clust,0.5639278557114228,0.0
1,clust,0.5653306613226453,0.0
1,clust,0.5667334669338677,0.0
1,clust,0.5681362725450901,0.0
1,clust,0.5695390781563127,0.0
1,clust,0.5709418837675351,0.0
1,clust,0.5723446893787575,0.0
1,clust,0.5737474949899799,0.0
1,clust,0.5751503006012024,0.0
1,clust,0.5765531062124248,0.0
1,clust,0.5779559118236473,0.0
1,clust,0.5793587174348698,0.0
1,clust,0.5807615230460922,0.0
1,clust,0.5821643286573146,0.0
1,clust,0.583567134268537,0.0
1,clust,0.5849699398797595,0.0
1,clust,0.586372745490982,0.0
1,clust,0.5877755511022044,0.0
1,clust,0.5891783567134269,0.0
1,clust,0.5905811623246493,0.0
1,clust,0.5919839679358717,0.0
1,clust,0.5933867735470941,0.0
1,clust,0.5947895791583167,0.0
1,clust,0.5961923847695391,0.0
1,clust,0.5975951903807615,0.0
1,clust,0.598997995991984,0.0
1,clust,0.6004008016032064,0.0
1,clust,0.6018036072144288,0.0
1,clust,0.6032064128256512,0.0
1,clust,0.6046092184368738,0.0
1,clust,0.6060120240480962,0.0
1,clust,0.6074148296593186,0.0
1,clust,0.6088176352705411,0.0
1,clust,0.6102204408817635,0.0
1,clust,0.6116232464929859,0.0
1,clust,0.6130260521042084,0.0
1,clust,0.6144288577154309,0.0
1,clust,0.6158316633266533,0.0
1,clust,0.6172344689378757,0.0
1,clust,0.6186372745490982,0.0
1,clust,0.6200400801603206,0.0
1,clust,0.621442885771543,0.0
1,clust,0.6228456913827655,0.0
1,clust,0.624248496993988,0.0
1,clust,0.6256513026052104,0.0
1,clust,0.6270541082164328,0.0
1,clust,0.6284569138276553,0.0
1,clust,0.6298597194388778,0.0
1,clust,0.6312625250501002,0.0
1,clust,0.6326653306613226,0.0
1,clust,0.6340681362725451,0.0
1,clust,0.6354709418837675,0.0
1,clust,0.6368737474949899,0.0
1,clust,0.6382765531062125,0.0
1,clust,0.6396793587174349,0.0
1,clust,0.6410821643286573,0.0
1,clust,0.6424849699398797,0.0
1,clust,0.6438877755511022,0.0
1,clust,0.6452905811623246,0.0
1,clust,0.646693386773547,0.0
1,clust,0.6480961923847696,0.0
1,clust,0.649498997995992,0.0
1,clust,0.6509018036072144,0.0
1,clust,0.6523046092184369,0.0
1,clust,0.6537074148296593,0.0
1,clust,0.6551102204408817,0.0
1,clust,0.6565130260521042,0.0
1,clust,0.6579158316633267,0.0
1,clust,0.6593186372745491,0.0
1,clust,0.6607214428857715,0.0
1,clust,0.662124248496994,0.0
1,clust,0.6635270541082164,0.0
1,clust,0.6649298597194389,0.0
1,clust,0.6663326653306613,0.0
1,clust,0.6677354709418838,0.0
1,clust,0.6691382765531062,0.0
1,clust,0.6705410821643286,0.0
1,clust,0.6719438877755511,0.0
1,clust,0.6733466933867736,0.0
1,clust,0.674749498997996,0.0
1,clust,0.6761523046092184,0.0
1,clust,0.6775551102204409,0.0
1,clust,0.6789579158316633,0.0
1,clust,0.6803607214428857,0.0
1,clust,0.6817635270541083,0.0
1,clust,0.6831663326653307,0.0
1,clust,0.6845691382765531,0.0
1,clust,0.6859719438877755,0.0
1,clust,0.687374749498998,0.0
1,clust,0.6887775551102204,0.0
1,clust,0.6901803607214428,0.0
1,clust,0.6915831663326654,0.0
1,clust,0.6929859719438878,0.0
1,clust,0.6943887775551102,0.0
1,clust,0.6957915831663326,0.0
1,clust,0.6971943887775551,0.0
1,clust,0.6985971943887775,0.0
1,clust,0.7,0.0
1,sr,0.0,0.11260818074566799
1,sr,0.002004008016032064,0.11180137336270646
1,sr,0.004008016032064128,0.10941546919572817
1,sr,0.0060120240480961915,0.10555157256323297
1,sr,0.008016032064128256,0.1003702674635894
1,sr,0.01002004008016032,0.09408054991414405
1,sr,0.012024048096192383,0.0869258618807974
1,sr,0.014028056112224447,0.07916852544836116
1,sr,0.01603206412825651,0.07107395763668434
1,sr,0.018036072144288574,0.06289597220097581
1,sr,0.02004008016032064,0.0548642646124574
1,sr,0.022044088176352703,0.04717486681792332
1,sr,0.024048096192384766,0.039983996038476036
1,sr,0.026052104208416832,0.033405355797791664
1,sr,0.028056112224448895,0.0275106214950987
1,sr,0.03006012024048096,0.022332590263500547
1,sr,0.03206412825651302,0.017870314546932685
1,sr,0.03406813627254509,0.014095474957353308
1,sr,0.03607214428857715,0.010959271635907548
1,sr,0.038076152304609215,0.008399206019853292
1,sr,0.04008016032064128,0.0063452627959728735
1,sr,0.04208416833667334,0.0047251601080624
1,sr,0.044088176352705406,0.0034684926248082734
1,sr,0.04609218436873747,0.0025097298133997313
1,sr,0.04809619238476953,0.001790139925453294
1,sr,0.0501002004008016,0.0012587842556956977
1,sr,0.052104208416833664,0.0008727669659539524
1,sr,0.05410821643286573,0.0005969378062938514
1,sr,0.05611222444889779,0.0004032352413622351
1,sr,0.058116232464929855,0.0002698333192974788
1,sr,0.06012024048096192,0.00018022411509023494
1,sr,0.06212424849699398,0.00012233446758721828
1,sr,0.06412825651302605,8.774507565832316e-05
1,sr,0.06613226452905811,7.105418658393964e-05
1,sr,0.06813627254509018,6.940794831858213e-05
1,sr,0.07014028056112225,8.220466884176083e-05
1,sr,0.0721442885771543,0.00011096957750577779
1,sr,0.07414829659318636,0.00015938861344254372
1,sr,0.07615230460921843,0.00023348255416766775
1,sr,0.0781563126252505,0.0003418948916392267
1,sr,0.08016032064128256,0.0004962571295024012
1,sr,0.08216432865731463,0.0007115831150062351
1,sr,0.08416833667334668,0.0010066299465353692
1,sr,0.08617234468937875,0.001404148162769834
1,sr,0.08817635270541081,0.0019309305381138523
1,sr,0.09018036072144288,0.0026175599582418893
1,sr,0.09218436873747494,0.0034977561851924524
1,sr,0.09418837675350701,0.0046072325945538325
1,sr,0.09619238476953906,0.005982000351368348
1,sr,0.09819639278557113,0.007656100779957101
1,sr,0.1002004008016032,0.00965880647351064
1,sr,0.10220440881763526,0.01201140471648944
1,sr,0.10420841683366733,0.01472375659728565
1,sr,0.1062124248496994,0.01779090229775182
1,sr,0.10821643286573146,0.021190045782966082
1,sr,0.11022044088176351,0.024878288045086697
1,sr,0.11222444889779558,0.028791475950596456
1,sr,0.11422845691382764,0.032844485782912144
1,sr,0.11623246492985971,0.03693316441782487
1,sr,0.11823647294589178,0.04093801132233215
1,sr,0.12024048096192384,0.044729513263168624
1,sr,0.1222444889779559,0.04817485942692208
1,sr,0.12424849699398796,0.05114559079689067
1,sr,0.12625250501002003,0.05352559862045589
1,sr,0.1282565130260521,0.055218804605923974
1,sr,0.13026052104208416,0.05615584570616293
1,sr,0.13226452905811623,0.0562991551298083
1,sr,0.1342685370741483,0.055645973608517765
1,sr,0.13627254509018036,0.054229025014947356
1,sr,0.13827655310621242,0.052114823321807655
1,sr,0.1402805611222445,0.04939981349027311
1,sr,0.14228456913827653,0.04620475640516385
1,sr,0.1442885771543086,0.04266792082684787
1,sr,0.14629258517034066,0.03893772518433805
1,sr,0.14829659318637273,0.03516547157312095
1,sr,0.1503006012024048,0.03149873809487039
1,sr,0.15230460921843686,0.028075859014908746
1,sr,0.15430861723446893,0.025021748446610703
1,sr,0.156312625250501,0.022445139789792352
1,sr,0.15831663326653306,0.02043714700630641
1,sr,0.16032064128256512,0.019070927597049925
1,sr,0.1623246492985972,0.01840215572593991
1,sr,0.16432865731462926,0.018470002561258858
1,sr,0.16633266533066132,0.019298364790227125
1,sr,0.16833667334669336,0.020897167713887714
1,sr,0.17034068136272543,0.023263676148107426
1,sr,0.1723446893787575,0.02638385118424164
1,sr,0.17434869739478956,0.03023387100099644
1,sr,0.17635270541082163,0.034781971111153054
1,sr,0.1783567134268537,0.03999074307881377
1,sr,0.18036072144288576,0.04581996008374813
1,sr,0.18236472945891782,0.05222988249393167
1,sr,0.1843687374749499,0.05918485611870103
1,sr,0.18637274549098196,0.06665687616044674
1,sr,0.18837675350701402,0.07462867985730834
1,sr,0.1903807615230461,0.08309587689415218
1,sr,0.19238476953907813,0.0920676479639263
1,sr,0.1943887775551102,0.10156564593951797
1,sr,0.19639278557114226,0.11162091453078568
1,sr,0.19839679358717432,0.12226887557852784
1,sr,0.2004008016032064,0.13354269632538246
1,sr,0.20240480961923846,0.1454655935520155
1,sr,0.20440881763527052,0.15804282363041305
1,sr,0.2064128256513026,0.1712542141566152
1,sr,0.20841683366733466,0.18504809411979753
1,sr,0.21042084168336672,0.19933737189520817
1,sr,0.2124248496993988,0.21399830699652786
1,sr,0.21442885771543085,0.22887225042456924
1,sr,0.21643286573146292,0.243770327275236
1,sr,0.21843687374749496,0.25848074485931183
1,sr,0.22044088176352702,0.27277816705470953
1,sr,0.2224448897795591,0.2864344284924307
1,sr,0.22444889779559116,0.29922978469627154
1,sr,0.22645290581162322,0.31096390636362964
1,sr,0.2284569138276553,0.3214659148816567
1,sr,0.23046092184368736,0.33060290039481466
1,sr,0.23246492985971942,0.3382865378447981
1,sr,0.2344689378757515,0.3444775959121369
1,sr,0.23647294589178355,0.34918829895660364
1,sr,0.23847695390781562,0.3524826399145264
1,sr,0.24048096192384769,0.3544748466047723
1,sr,0.24248496993987975,0.35532627440490105
1,sr,0.2444889779559118,0.3552410372598695
1,sr,0.24649298597194386,0.3544606996658371
1,sr,0.24849699398797592,0.35325833691164993
1,sr,0.250501002004008,0.35193223046010874
1,sr,0.25250501002004005,0.3507994005680279
1,sr,0.2545090180360721,0.3501890912733344
1,sr,0.2565130260521042,0.35043621956777016
1,sr,0.25851703406813625,0.3518746919490126
1,sr,0.2605210420841683,0.3548303940062515
1,sr,0.2625250501002004,0.3596135924924462
1,sr,0.26452905811623245,0.3665104753901505
1,sr,0.2665330661322645,0.3757736110253433
1,sr,0.2685370741482966,0.38761124129679203
1,sr,0.27054108216432865,0.4021755334803114
1,sr,0.2725450901803607,0.4195501826759276
1,sr,0.2745490981963928,0.43973805197248955
1,sr,0.27655310621242485,0.46264981837851643
1,sr,0.2785571142284569,0.4880948128150473
1,sr,0.280561122244489,0.5157753568896829
1,sr,0.282565130260521,0.5452858715665337
1,sr,0.28456913827655306,0.5761178424382353
1,sr,0.2865731462925851,0.607671372445659
1,sr,0.2885771543086172,0.6392735571240975
1,sr,0.29058116232464926,0.6702033225383128
1,sr,0.2925851703406813,0.699721731959778
1,sr,0.2945891783567134,0.7271061645775119
1,sr,0.29659318637274545,0.7516862707884298
1,sr,0.2985971943887775,0.7728792794103709
1,sr,0.3006012024048096,0.7902221219530576
1,sr,0.30260521042084165,0.8033979738423118
1,sr,0.3046092184368737,0.8122551899146736
1,sr,0.3066132264529058,0.8168171996411456
1,sr,0.30861723446893785,0.8172826673733027
1,sr,0.3106212424849699,0.8140160347491764
1,sr,0.312625250501002,0.8075293556235403
1,sr,0.31462925851703405,0.7984570187667291
1,sr,0.3166332665330661,0.7875254536164207
1,sr,0.3186372745490982,0.7755201772801368
1,sr,0.32064128256513025,0.7632525464268699
1,sr,0.3226452905811623,0.7515283403118175
1,sr,0.3246492985971944,0.7411198681487472
1,sr,0.32665330661322645,0.7327427374228627
1,sr,0.3286573146292585,0.7270378245567706
1,sr,0.3306613226452906,0.7245584396601091
1,sr,0.33266533066132264,0.7257622424365326
1,sr,0.33466933867735466,0.7310071910894193
1,sr,0.3366733466933867,0.7405507038985126
1,sr,0.3386773547094188,0.7545512672577427
1,sr,0.34068136272545085,0.773071893256138
1,sr,0.3426853707414829,0.7960850592211725
1,sr,0.344689378757515,0.8234789940486269
1,sr,0.34669338677354705,0.855065364028471
1,sr,0.3486973947895791,0.890588523912371
1,sr,0.3507014028056112,0.9297365270269599
1,sr,0.35270541082164325,0.9721540391688046
1,sr,0.3547094188376753,1.0174571943555712
1,sr,0.3567134268537074,1.0652502892301745
1,sr,0.35871743486973945,1.1151440558339523
1,sr,0.3607214428857715,1.1667750895621303
1,sr,0.3627254509018036,1.2198258411905756
1,sr,0.36472945891783565,1.2740444045677561
1,sr,0.3667334669338677,1.3292631424924415
1,sr,0.3687374749498998,1.3854149997880685
1,sr,0.37074148296593185,1.4425461774958457
1,sr,0.3727454909819639,1.5008237251465923
1,sr,0.374749498997996,1.5605366013523083
1,sr,0.37675350701402804,1.622088910964678
1,sr,0.3787575150300601,1.6859843927235276
1,sr,0.3807615230460922,1.752801821323702
1,sr,0.38276553106212424,1.8231617805898914
1,sr,0.38476953907815625,1.8976861944385854
1,sr,0.3867735470941883,1.9769529629561307
1,sr,0.3887775551102204,2.061448906877101
1,sr,0.39078156312625245,2.1515248311783757
1,sr,0.3927855711422845,2.2473567502787555
1,sr,0.3947895791583166,2.3489170884616652
1,sr,0.39679358717434865,2.45595895735467
1,sr,0.3987975951903807,2.5680154691385457
1,sr,0.4008016032064128,2.6844145933756787
1,sr,0.40280561122244485,2.804308487838819
1,sr,0.4048096192384769,2.9267147407589036
1,sr,0.406813627254509,3.0505657610153967
1,sr,0.40881763527054105,3.174761812360403
1,sr,0.4108216432865731,3.2982230072185126
1,sr,0.4128256513026052,3.4199359670832092
1,sr,0.41482965931863724,3.5389917421617616
1,sr,0.4168336673346693,3.6546128086147087
1,sr,0.4188376753507014,3.7661683252185245
1,sr,0.42084168336673344,3.873178119051123
1,sr,0.4228456913827655,3.9753068957933344
1,sr,0.4248496993987976,4.072350808532316
1,sr,0.42685370741482964,4.164218724065345
1,sr,0.4288577154308617,4.250910336613202
1,sr,0.4308617234468938,4.332492806262197
1,sr,0.43286573146292584,4.409076999318089
1,sr,0.4348697394789579,4.480793846876519
1,sr,0.4368737474949899,4.547770958875928
1,sr,0.438877755511022,4.610109523493212
1,sr,0.44088176352705405,4.667861706411443
1,sr,0.4428857715430861,4.7210091905558915
1,sr,0.4448897795591182,4.769444055174133
1,sr,0.44689378757515025,4.812953739622938
1,sr,0.4488977955911823,4.85121222253447
1,sr,0.4509018036072144,4.883779645548454
1,sr,0.45290581162324645,4.910112344038395
1,sr,0.4549098196392785,4.929584597672821
1,sr,0.4569138276553106,4.941522427212271
1,sr,0.45891783567134264,4.945248542264811
1,sr,0.4609218436873747,4.940136229171385
1,sr,0.4629258517034068,4.925668719456366
1,sr,0.46492985971943884,4.901499556039445
1,sr,0.4669338677354709,4.867508814098533
1,sr,0.468937875751503,4.823849837113396
1,sr,0.47094188376753504,4.7709814705659435
1,sr,0.4729458917835671,4.7096816184387365
1,sr,0.4749498997995992,4.641039260714959
1,sr,0.47695390781563124,4.566423753697665
1,sr,0.4789579158316633,4.487432146709558
1,sr,0.48096192384769537,4.40581721425343
1,sr,0.48296593186372744,4.3234007300938835
1,sr,0.4849699398797595,4.2419780073336515
1,sr,0.48697394789579157,4.163220725443423
1,sr,0.4889779559118236,4.088585432240483
1,sr,0.49098196392785565,4.019234777990166
1,sr,0.4929859719438877,3.9559775174615126
1,sr,0.4949899799599198,3.899231692586686
1,sr,0.49699398797595185,3.8490133487474605
1,sr,0.4989979959919839,3.804950867509615
1,sr,0.501002004008016,3.7663227773127197
1,sr,0.503006012024048,3.7321149898488106
1,sr,0.5050100200400801,3.701092024412311
1,sr,0.5070140280561122,3.671876074619007
1,sr,0.5090180360721442,3.643027795048931
1,sr,0.5110220440881763,3.6131233873932525
1,sr,0.5130260521042084,3.5808237959326923
1,sr,0.5150300601202404,3.5449333554527933
1,sr,0.5170340681362725,3.5044468085402585
1,sr,0.5190380761523046,3.458584968309036
1,sr,0.5210420841683366,3.4068202427020418
1,sr,0.5230460921843687,3.3488936395772786
1,sr,0.5250501002004008,3.284824725969948
1,sr,0.5270541082164328,3.214915415265526
1,sr,0.5290581162324649,3.139747585539853
1,sr,0.531062124248497,3.0601736268316926
1,sr,0.533066132264529,2.977298318209609
1,sr,0.5350701402805611,2.8924501520751535
1,sr,0.5370741482965932,2.807140480031692
1,sr,0.5390781563126252,2.7230096755660944
1,sr,0.5410821643286573,2.6417608081570476
1,sr,0.5430861723446894,2.565082919909728
1,sr,0.5450901803607214,2.494567642973119
1,sr,0.5470941883767535,2.4316243242087983
1,sr,0.5490981963927856,2.377399785749972
1,sr,0.5511022044088176,2.3327091629562453
1,sr,0.5531062124248497,2.29798383539466
1,sr,0.5551102204408818,2.2732413200916035
1,sr,0.5571142284569138,2.2580802512839755
1,sr,0.5591182364729459,2.2517014322932156
1,sr,0.561122244488978,2.252953668402766
1,sr,0.56312625250501,2.2604009416384816
1,sr,0.565130260521042,2.272405709108199
1,sr,0.567134268537074,2.287221877523309
1,sr,0.5691382765531061,2.3030904305034094
1,sr,0.5711422845691382,2.318330779862954
1,sr,0.5731462925851702,2.3314216165130435
1,sr,0.5751503006012023,2.341066229174078
1,sr,0.5771543086172344,2.346238781027616
1,sr,0.5791583166332664,2.34620971530036
1,sr,0.5811623246492985,2.340550140777012
1,sr,0.5831663326653306,2.3291165942138456
1,sr,0.5851703406813626,2.3120188901180962
1,sr,0.5871743486973947,2.2895747861609115
1,sr,0.5891783567134268,2.262255881515532
1,sr,0.5911823647294588,2.2306295147477626
1,sr,0.5931863727454909,2.1953014410575853
1,sr,0.595190380761523,2.1568637585055552
1,sr,0.597194388777555,2.115851940232796
1,sr,0.5991983967935871,2.072713946025464
1,sr,0.6012024048096192,2.027793278684159
1,sr,0.6032064128256512,1.9813265855536968
1,sr,0.6052104208416833,1.9334550728083695
1,sr,0.6072144288577154,1.8842477094730496
1,sr,0.6092184368737474,1.8337330717782456
1,sr,0.6112224448897795,1.7819358374187528
1,sr,0.6132264529058116,1.728913487052002
1,sr,0.6152304609218436,1.6747887754581292
1,sr,0.6172344689378757,1.6197740165409173
1,sr,0.6192384769539078,1.56418414691893
1,sr,0.6212424849699398,1.508436797630049
1,sr,0.6232464929859719,1.4530390707344598
1,sr,0.625250501002004,1.3985622162773452
1,sr,0.627254509018036,1.3456067578293023
1,sr,0.6292585170340681,1.2947616626744334
1,sr,0.6312625250501002,1.24656177694226
1,sr,0.6332665330661322,1.2014478836980307
1,sr,0.6352705410821643,1.1597333929800815
1,sr,0.6372745490981964,1.1215808967351897
1,sr,0.6392785571142284,1.0869907270926953
1,sr,0.6412825651302605,1.0558023835602135
1,sr,0.6432865731462926,1.0277083951569566
1,sr,0.6452905811623246,1.0022790007807276
1,sr,0.6472945891783567,0.9789950843327498
1,sr,0.6492985971943888,0.957286173594148
1,sr,0.6513026052104208,0.9365700453677008
1,sr,0.6533066132264529,0.9162905739853182
1,sr,0.655310621242485,0.8959508782470463
1,sr,0.657314629258517,0.8751394950640494
1,sr,0.6593186372745491,0.8535481471813962
1,sr,0.6613226452905812,0.8309805770943645
1,sr,0.6633266533066132,0.8073527890790331
1,sr,0.6653306613226453,0.7826857855982116
1,sr,0.6673346693386772,0.7570924320772902
1,sr,0.6693386773547093,0.7307603909846353
1,sr,0.6713426853707414,0.7039331198173173
1,sr,0.6733466933867734,0.6768907482144187
1,sr,0.6753507014028055,0.6499322865635229
1,sr,0.6773547094188376,0.6233601433029861
1,sr,0.6793587174348696,0.5974674221747616
1,sr,0.6813627254509017,0.5725280127199743
1,sr,0.6833667334669338,0.5487891406624924
1,sr,0.6853707414829658,0.5264658475220673
1,sr,0.6873747494989979,0.5057368285169472
1,sr,0.68937875751503,0.48674115273713375
1,sr,0.691382765531062,0.4695755749516761
1,sr,0.6933867735470941,0.4542923674542402
1,sr,0.6953907815631262,0.440897796916232
1,sr,0.6973947895791582,0.42935150159672636
1,sr,0.6993987975951903,0.41956706536556015
1,sr,0.7014028056112224,0.41141403729888654
1,sr,0.7034068136272544,0.4047215303846204
1,sr,0.7054108216432865,0.399283384755927
1,sr,0.7074148296593186,0.39486473771754677
1,sr,0.7094188376753506,0.39120973562961786
1,sr,0.7114228456913827,0.3880500680108702
1,sr,0.7134268537074148,0.3851140009164421
1,sr,0.7154308617234468,0.3821356178025246
1,sr,0.7174348697394789,0.37886401513498524
1,sr,0.719438877755511,0.3750722195283477
1,sr,0.721442885771543,0.3705655740352318
1,sr,0.7234468937875751,0.3651892792493463
1,sr,0.7254509018036072,0.3588346839305453
1,sr,0.7274549098196392,0.3514438294845582
1,sr,0.7294589178356713,0.3430117015424593
1,sr,0.7314629258517034,0.3335856682248824
1,sr,0.7334669338677354,0.323261715524443
1,sr,0.7354709418837675,0.3121773328683697
1,sr,0.7374749498997996,0.3005012389730592
1,sr,0.7394789579158316,0.28842052805082874
1,sr,0.7414829659318637,0.2761261995537684
1,sr,0.7434869739478958,0.263798343461414
1,sr,0.7454909819639278,0.2515924253016579
1,sr,0.7474949899799599,0.23962810617217445
1,sr,0.749498997995992,0.22798182630797026
1,sr,0.751503006012024,0.21668399223522788
1,sr,0.7535070140280561,0.20572108482570492
1,sr,0.7555110220440882,0.19504242055123738
1,sr,0.7575150300601202,0.18457073535102503
1,sr,0.7595190380761523,0.17421530233280125
1,sr,0.7615230460921844,0.16388600770332037
1,sr,0.7635270541082164,0.15350673352109798
1,sr,0.7655310621242485,0.14302653757164208
1,sr,0.7675350701402806,0.1324274530068284
1,sr,0.7695390781563125,0.12172819872933414
1,sr,0.7715430861723446,0.11098362355922316
1,sr,0.7735470941883766,0.10028022563034895
1,sr,0.7755511022044087,0.08972852338523862
1,sr,0.7775551102204408,0.07945335403472428
1,sr,0.7795591182364728,0.06958331192022757
1,sr,0.7815631262525049,0.06024051165030729
1,sr,0.783567134268537,0.05153169159713511
1,sr,0.785571142284569,0.0435414021662422
1,sr,0.7875751503006011,0.036327699171244905
1,sr,0.7895791583166332,0.02992043513905088
1,sr,0.7915831663326652,0.02432195295655638
1,sr,0.7935871743486973,0.019509767278398905
1,sr,0.7955911823647294,0.015440685257042433
1,sr,0.7975951903807614,0.012055770806334703
1,sr,0.7995991983967935,0.009285585280506655
1,sr,0.8016032064128256,0.007055223630895922
1,sr,0.8036072144288576,0.005288786552173645
1,sr,0.8056112224448897,0.00391306383005862
1,sr,0.8076152304609218,0.0028603332872932717
1,sr,0.8096192384769538,0.002070289703693448
1,sr,0.8116232464929859,0.0014912008477415792
1,sr,0.813627254509018,0.0010804405534324925
1,sr,0.81563126252505,0.0008045730179735491
1,sr,0.8176352705410821,0.0006391623272096804
1,sr,0.8196392785571142,0.0005684620946413686
1,sr,0.8216432865731462,0.0005851076362828481
1,sr,0.8236472945891783,0.0006898922898844807
1,sr,0.8256513026052104,0.0008916643621520513
1,sr,0.8276553106212424,0.001207334883768472
1,sr,0.8296593186372745,0.001661941416399941
1,sr,0.8316633266533066,0.0022886720048762195
1,sr,0.8336673346693386,0.0031287187235134956
1,sr,0.8356713426853707,0.004230805435985616
1,sr,0.8376753507014028,0.005650223282403808
1,sr,0.8396793587174348,0.007447214224972629
1,sr,0.8416833667334669,0.009684571575254276
1,sr,0.843687374749499,0.012424379390763532
1,sr,0.845691382765531,0.015723890284453146
1,sr,0.8476953907815631,0.019630640613683383
1,sr,0.8496993987975952,0.024177016377493178
1,sr,0.8517034068136272,0.02937460158680341
1,sr,0.8537074148296593,0.03520874905153588
1,sr,0.8557114228456913,0.041633895016056015
1,sr,0.8577154308617234,0.04857017741064048
1,sr,0.8597194388777555,0.055901898770947506
1,sr,0.8617234468937875,0.06347829047608444
1,sr,0.8637274549098196,0.07111688386467306
1,sr,0.8657314629258517,0.07860958414887315
1,sr,0.8677354709418837,0.08573129239518244
1,sr,0.8697394789579158,0.0922506548429605
1,sr,0.8717434869739479,0.09794226850493834
1,sr,0.8737474949899798,0.10259946971511232
1,sr,0.8757515030060119,0.10604670713875636
1,sr,0.877755511022044,0.10815047394295851
1,sr,0.879759519038076,0.10882785497138134
1,sr,0.8817635270541081,0.10805192978848302
1,sr,0.8837675350701402,0.1058535434562569
1,sr,0.8857715430861722,0.10231928421287968
1,sr,0.8877755511022043,0.0975858533339966
1,sr,0.8897795591182364,0.09183133724334742
1,sr,0.8917835671342684,0.0852641582824556
1,sr,0.8937875751503005,0.07811065948757509
1,sr,0.8957915831663326,0.0706023532628732
1,sr,0.8977955911823646,0.06296383085017268
1,sr,0.8997995991983967,0.055402199443096434
1,sr,0.9018036072144288,0.0480987084612766
1,sr,0.9038076152304608,0.041202975180371054
1,sr,0.9058116232464929,0.03482995477521324
1,sr,0.907815631262525,0.029059551275426202
1,sr,0.909819639278557,0.02393855865584037
1,sr,0.9118236472945891,0.019484471633250254
1,sr,0.9138276553106212,0.015690620600647614
1,sr,0.9158316633266532,0.012532062364964394
1,sr,0.9178356713426853,0.009971688537799759
1,sr,0.9198396793587174,0.007966082419970634
1,sr,0.9218436873747494,0.006470747073655218
1,sr,0.9238476953907815,0.005444426974901429
1,sr,0.9258517034068136,0.004852341254308333
1,sr,0.9278557114228456,0.004668230527417962
1,sr,0.9298597194388777,0.0048751888992041685
1,sr,0.9318637274549098,0.005465309310687113
1,sr,0.9338677354709418,0.006438218322065097
1,sr,0.9358717434869739,0.007798621241393997
1,sr,0.937875751503006,0.009553025096899877
1,sr,0.939879759519038,0.011705857872295986
1,sr,0.9418837675350701,0.014255256734978234
1,sr,0.9438877755511021,0.017188850802392013
1,sr,0.9458917835671342,0.020479906910761365
1,sr,0.9478957915831663,0.02408422924061604
1,sr,0.9498997995991983,0.027938194646473437
1,sr,0.9519038076152304,0.03195825642477796
1,sr,0.9539078156312625,0.036042155860954515
1,sr,0.9559118236472945,0.04007194545707042
1,sr,0.9579158316633266,0.04391875981793628
1,sr,0.9599198396793587,0.04744908629973771
1,sr,0.9619238476953907,0.05053210947055175
1,sr,0.9639278557114228,0.05304755524178423
1,sr,0.9659318637274549,0.054893364778799136
1,sr,0.9679358717434869,0.055992502198143085
1,sr,0.969939879759519,0.05629825214658487
1,sr,0.9719438877755511,0.055797491459825876
1,sr,0.9739478957915831,0.05451161002770555
1,sr,0.9759519038076151,0.052494987133176595
1,sr,0.9779559118236472,0.049831172103614894
1,sr,0.9799599198396792,0.04662714154461781
1,sr,0.9819639278557113,0.043006182062943536
1,sr,0.9839679358717434,0.03910005666676337
1,sr,0.9859719438877754,0.035041144404629083
1,sr,0.9879759519038075,0.0309551968824776
1,sr,0.9899799599198396,0.026955243137349663
1,sr,0.9919839679358716,0.023137015077304514
1,sr,0.9939879759519037,0.01957608303259517
1,sr,0.9959919839679358,0.01632670928978656
1,sr,0.9979959919839678,0.013422268239648075
1,sr,1.0,0.010876960720960888
1,ec,0.0,3.3511367281542765e-31
1,ec,0.004008016032064128,1.5738222052223516e-30
1,ec,0.008016032064128256,7.260997297005869e-30
1,ec,0.012024048096192383,3.290894852726401e-29
1,ec,0.01603206412825651,1.465240456078352e-28
1,ec,0.02004008016032064,6.408863153425616e-28
1,ec,0.024048096192384766,2.7537869400397952e-27
1,ec,0.028056112224448895,1.1624036159541574e-26
1,ec,0.03206412825651302,4.82015368294586e-26
1,ec,0.03607214428857715,1.9635509399648327e-25
1,ec,0.04008016032064128,7.857797845135215e-25
1,ec,0.044088176352705406,3.0891355106926e-24
1,ec,0.04809619238476953,1.1930277187143933e-23
1,ec,0.052104208416833664,4.526282033242632e-23
1,ec,0.05611222444889779,1.6869811437888007e-22
1,ec,0.06012024048096192,6.176698762390201e-22
1,ec,0.06412825651302605,2.2216734591038588e-21
1,ec,0.06813627254509018,7.850217346523248e-21
1,ec,0.0721442885771543,2.7249643211889484e-20
1,ec,0.07615230460921843,9.292181425830198e-20
1,ec,0.08016032064128256,3.1128077444322916e-19
1,ec,0.08416833667334668,1.0243885360759887e-18
1,ec,0.08817635270541081,3.3117302211536783e-18
1,ec,0.09218436873747494,1.0517755237332332e-17
1,ec,0.09619238476953906,3.2814747982063925e-17
1,ec,0.1002004008016032,1.0057569191868154e-16
1,ec,0.10420841683366733,3.028272594643036e-16
1,ec,0.10821643286573146,8.957254730139386e-16
1,ec,0.11222444889779558,2.6027529465094067e-15
1,ec,0.11623246492985971,7.429662311803975e-15
1,ec,0.12024048096192384,2.083451308283769e-14
1,ec,0.12424849699398796,5.73952346902215e-14
1,ec,0.1282565130260521,1.5532686253685178e-13
1,ec,0.13226452905811623,4.129482345148808e-13
1,ec,0.13627254509018036,1.0785071526215597e-12
1,ec,0.1402805611222445,2.767125695404399e-12
1,ec,0.1442885771543086,6.974502980023894e-12
1,ec,0.14829659318637273,1.7269360233280398e-11
1,ec,0.15230460921843686,4.20066397572247e-11
1,ec,0.156312625250501,1.0037798227283726e-10
1,ec,0.16032064128256512,2.356339928898458e-10
1,ec,0.16432865731462926,5.433961349716795e-10
1,ec,0.16833667334669336,1.2310464996549138e-09
1,ec,0.1723446893787575,2.739756108957884e-09
1,ec,0.17635270541082163,5.9900321181671565e-09
1,ec,0.18036072144288576,1.2865495536482345e-08
1,ec,0.1843687374749499,2.714590908054183e-08
1,ec,0.18837675350701402,5.626822675039455e-08
1,ec,0.19238476953907813,1.1457862166130129e-07
1,ec,0.19639278557114226,2.2920609415539875e-07
1,ec,0.2004008016032064,4.50434606943062e-07
1,ec,0.20440881763527052,8.696036580931164e-07
1,ec,0.20841683366733466,1.6492868463647046e-06
1,ec,0.2124248496993988,3.072965864343739e-06
1,ec,0.21643286573146292,5.624808947106663e-06
1,ec,0.22044088176352702,1.0114595159186955e-05
1,ec,0.22444889779559116,1.7868273673662775e-05
1,ec,0.2284569138276553,3.101082450910902e-05
1,ec,0.23246492985971942,5.287430214180207e-05
1,ec,0.23647294589178355,8.856894713694225e-05
1,ec,0.24048096192384769,0.00014575712346872843
1,ec,0.2444889779559118,0.00023566597644973723
1,ec,0.24849699398797592,0.0003743619896612155
1,ec,0.25250501002004005,0.0005842858517305249
1,ec,0.2565130260521042,0.0008960067087325983
1,ec,0.2605210420841683,0.001350100216958318
1,ec,0.26452905811623245,0.0019989871077336478
1,ec,0.2685370741482966,0.002908494801329397
1,ec,0.2725450901803607,0.004158835635513492
1,ec,0.27655310621242485,0.005844648196098413
1,ec,0.280561122244489,0.008073743291087078
1,ec,0.28456913827655306,0.010964253938631997
1,ec,0.2885771543086172,0.014640025611692213
1,ec,0.2925851703406813,0.0192243049567185
1,ec,0.29659318637274545,0.024832082360100722
1,ec,0.3006012024048096,0.03156178609814881
1,ec,0.3046092184368737,0.03948736273157896
1,ec,0.30861723446893785,0.048652042914108996
1,ec,0.312625250501002,0.05906521041480012
1,ec,0.3166332665330661,0.07070369955829868
1,ec,0.32064128256513025,0.0835185022038276
1,ec,0.3246492985971944,0.09744727024176275
1,ec,0.3286573146292585,0.11243220436987171
1,ec,0.33266533066132264,0.12844202637243068
1,ec,0.3366733466933867,0.14549588117125753
1,ec,0.34068136272545085,0.1636863637251459
1,ec,0.344689378757515,0.18319855739251178
1,ec,0.3486973947895791,0.2043221016244619
1,ec,0.35270541082164325,0.22745390327631562
1,ec,0.3567134268537074,0.2530901088658409
1,ec,0.3607214428857715,0.2818072269644945
1,ec,0.36472945891783565,0.31423363561713313
1,ec,0.3687374749498998,0.3510139123277682
1,ec,0.3727454909819639,0.3927692856442094
1,ec,0.37675350701402804,0.4400578859449398
1,ec,0.3807615230460922,0.4933383094542604
1,ec,0.38476953907815625,0.5529393372858709
1,ec,0.3887775551102204,0.6190375898418934
1,ec,0.3927855711422845,0.6916436304203639
1,ec,0.39679358717434865,0.7705957792356365
1,ec,0.4008016032064128,0.8555598796689773
1,ec,0.4048096192384769,0.9460326593456949
1,ec,0.40881763527054105,1.0413462746741626
1,ec,0.4128256513026052,1.140672158686437
1,ec,0.4168336673346693,1.2430233477821229
1,ec,0.42084168336673344,1.347255878083338
1,ec,0.4248496993987976,1.4520713580327598
1,ec,0.4288577154308617,1.556024119186342
1,ec,0.43286573146292584,1.6575370880114393
1,ec,0.4368737474949899,1.754930427752761
1,ec,0.44088176352705405,1.8464659155717233
1,ec,0.4448897795591182,1.9304079746884801
1,ec,0.4488977955911823,2.0050995161129026
1,ec,0.45290581162324645,2.069047700016056
1,ec,0.4569138276553106,2.1210119761468107
1,ec,0.4609218436873747,2.1600849041334733
1,ec,0.46492985971943884,2.1857557809099397
1,ec,0.468937875751503,2.197948278988967
1,ec,0.4729458917835671,2.1970260803144233
1,ec,0.47695390781563124,2.1837645010919613
1,ec,0.48096192384769537,2.159290694840501
1,ec,0.4849699398797595,2.1249993933143188
1,ec,0.4889779559118236,2.0824545065620454
1,ec,0.4929859719438877,2.033288636457998
1,ec,0.49699398797595185,1.9791123472903027
1,ec,0.501002004008016,1.9214429333071792
1,ec,0.5050100200400801,1.8616588285575075
1,ec,0.5090180360721442,1.8009813843221139
1,ec,0.5130260521042084,1.7404812848824407
1,ec,0.5170340681362725,1.6811031449788698
1,ec,0.5210420841683366,1.6236994265495575
1,ec,0.5250501002004008,1.5690640611733098
1,ec,0.5290581162324649,1.517957102379372
1,ec,0.533066132264529,1.4711141136994816
1,ec,0.5370741482965932,1.429237363576516
1,ec,0.5410821643286573,1.3929696606686914
1,ec,0.5450901803607214,1.362855207124223
1,ec,0.5490981963927856,1.3392946170355056
1,ec,0.5531062124248497,1.3225028178187284
1,ec,0.5571142284569138,1.3124786808436786
1,ec,0.561122244488978,1.3089938810669954
1,ec,0.565130260521042,1.3116058444242116
1,ec,0.5691382765531061,1.3196960803479723
1,ec,0.5731462925851702,1.3325312361098431
1,ec,0.5771543086172344,1.3493404478408582
1,ec,0.5811623246492985,1.3693995878157057
1,ec,0.5851703406813626,1.392111303664598
1,ec,0.5891783567134268,1.4170696127523343
1,ec,0.5931863727454909,1.4440993155827822
1,ec,0.597194388777555,1.4732634351097202
1,ec,0.6012024048096192,1.5048358627811584
1,ec,0.6052104208416833,1.53924083536693
1,ec,0.6092184368737474,1.5769651625642305
1,ec,0.6132264529058116,1.6184527022909387
1,ec,0.6172344689378757,1.6639929955400594
1,ec,0.6212424849699398,1.7136169650121171
1,ec,0.625250501002004,1.7670120895883454
1,ec,0.6292585170340681,1.8234676096167328
1,ec,0.6332665330661322,1.8818573558754186
1,ec,0.6372745490981964,1.9406640768235253
1,ec,0.6412825651302605,1.99804505276217
1,ec,0.6452905811623246,2.051934720368247
1,ec,0.6492985971943888,2.100176348440053
1,ec,0.6533066132264529,2.140671823385306
1,ec,0.657314629258517,2.1715365826119677
1,ec,0.6613226452905812,2.1912458687460257
1,ec,0.6653306613226453,2.1987588774635745
1,ec,0.6693386773547093,2.193609047047239
1,ec,0.6733466933867734,2.175951585389674
1,ec,0.6773547094188376,2.1465631274857597
1,ec,0.6813627254509017,2.106792828809601
1,ec,0.6853707414829658,2.0584688040776893
1,ec,0.68937875751503,2.0037681440933754
1,ec,0.6933867735470941,1.9450623147797956
1,ec,0.6973947895791582,1.884752149635253
1,ec,0.7014028056112224,1.8251075896294269
1,ec,0.7054108216432865,1.7681266591416744
1,ec,0.7094188376753506,1.715425932154894
1,ec,0.7134268537074148,1.6681711674531063
1,ec,0.7174348697394789,1.6270522738057853
1,ec,0.721442885771543,1.592301835069672
1,ec,0.7254509018036072,1.5637516795394695
1,ec,0.7294589178356713,1.5409180114465244
1,ec,0.7334669338677354,1.5231029431916432
1,ec,0.7374749498997996,1.5094992208235305
1,ec,0.7414829659318637,1.499285647463803
1,ec,0.7454909819639278,1.4917030532199083
1,ec,0.749498997995992,1.4861042646936597
1,ec,0.7535070140280561,1.4819758261002094
1,ec,0.7575150300601202,1.478933541745923
1,ec,0.7615230460921844,1.4766975728564753
1,ec,0.7655310621242485,1.475055276182065
1,ec,0.7695390781563125,1.4738208814009657
1,ec,0.7735470941883766,1.472800411764153
1,ec,0.7775551102204408,1.471768186275835
1,ec,0.7815631262525049,1.4704582673973805
1,ec,0.785571142284569,1.4685709419957016
1,ec,0.7895791583166332,1.4657913695156146
1,ec,0.7935871743486973,1.461815420536356
1,ec,0.7975951903807614,1.4563767814699418
1,ec,0.8016032064128256,1.4492696882552825
1,ec,0.8056112224448897,1.440363000387032
1,ec,0.8096192384769538,1.429603374593195
1,ec,0.813627254509018,1.417007584075972
1,ec,0.8176352705410821,1.402646096406154
1,ec,0.8216432865731462,1.3866215061770104
1,ec,0.8256513026052104,1.3690461067855864
1,ec,0.8296593186372745,1.3500227442871915
1,ec,0.8336673346693386,1.329632248515103
1,ec,0.8376753507014028,1.3079294170455513
1,ec,0.8416833667334669,1.2849480192817464
1,ec,0.845691382765531,1.2607138608211126
1,ec,0.8496993987975952,1.2352638106045504
1,ec,0.8537074148296593,1.20866796486343
1,ec,0.8577154308617234,1.1810518302419166
1,ec,0.8617234468937875,1.152615505377596
1,ec,0.8657314629258517,1.1236472299635598
1,ec,0.8697394789579158,1.0945292422149104
1,ec,0.8737474949899798,1.0657345425699012
1,ec,0.877755511022044,1.0378138386332059
1,ec,0.8817635270541081,1.0113726179874487
1,ec,0.8857715430861722,0.9870389687870491
1,ec,0.8897795591182364,0.9654234675338704
1,ec,0.8937875751503005,0.9470731994844099
1,ec,0.8977955911823646,0.9324227640337908
1,ec,0.9018036072144288,0.9217458965347956
1,ec,0.9058116232464929,0.9151120111403925
1,ec,0.909819639278557,0.9123523957203935
1,ec,0.9138276553106212,0.9130408084620284
1,ec,0.9178356713426853,0.9164926891932298
1,ec,0.9218436873747494,0.9217860148550605
1,ec,0.9258517034068136,0.9278050004186269
1,ec,0.9298597194388777,0.9333054973507009
1,ec,0.9338677354709418,0.9369983202967416
1,ec,0.937875751503006,0.9376441897464071
1,ec,0.9418837675350701,0.9341519158910834
1,ec,0.9458917835671342,0.9256702484458817
1,ec,0.9498997995991983,0.9116637629806821
1,ec,0.9539078156312625,0.8919643657032968
1,ec,0.9579158316633266,0.8667923907278531
1,ec,0.9619238476953907,0.8367445467457704
1,ec,0.9659318637274549,0.8027496905831282
1,ec,0.969939879759519,0.76599702446393
1,ec,0.9739478957915831,0.7278443046607478
1,ec,0.9779559118236472,0.6897155925681611
1,ec,0.9819639278557113,0.6529987386259799
1,ec,0.9859719438877754,0.6189521471547181
1,ec,0.9899799599198396,0.5886286177671585
1,ec,0.9939879759519037,0.5628215473635674
1,ec,0.9979959919839678,0.542035937358446
1,ec,1.002004008016032,0.5264839092810273
1,ec,1.006012024048096,0.5161021324757961
1,ec,1.0100200400801602,0.5105869247983629
1,ec,1.0140280561122244,0.5094418715779762
1,ec,1.0180360721442885,0.5120325647423156
1,ec,1.0220440881763526,0.5176433534294009
1,ec,1.0260521042084167,0.5255316456777535
1,ec,1.0300601202404809,0.5349761442720455
1,ec,1.034068136272545,0.5453163148612367
1,ec,1.0380761523046091,0.5559812974826944
1,ec,1.0420841683366733,0.566507352803232
1,ec,1.0460921843687374,0.5765437754163363
1,ec,1.0501002004008015,0.5858480057801964
1,ec,1.0541082164328657,0.5942714148386178
1,ec,1.0581162324649298,0.6017378867603543
1,ec,1.062124248496994,0.608217834933831
1,ec,1.066132264529058,0.6137005977056343
1,ec,1.0701402805611222,0.6181682243122207
1,ec,1.0741482965931863,0.6215734494562793
1,ec,1.0781563126252505,0.6238241680098752
1,ec,1.0821643286573146,0.6247759938658909
1,ec,1.0861723446893787,0.6242335857264903
1,ec,1.0901803607214429,0.621960440791043
1,ec,1.094188376753507,0.6176959050000108
1,ec,1.0981963927855711,0.6111773401535643
1,ec,1.1022044088176353,0.6021648277357465
1,ec,1.1062124248496994,0.5904655540912156
1,ec,1.1102204408817635,0.5759551481843953
1,ec,1.1142284569138277,0.5585937168047135
1,ec,1.1182364729458918,0.5384350743124146
1,ec,1.122244488977956,0.5156285800351529
1,ec,1.12625250501002,0.49041393263895267
1,ec,1.130260521042084,0.4631100801691412
1,ec,1.134268537074148,0.43409996454514405
1,ec,1.1382765531062122,0.4038130565574578
1,ec,1.1422845691382764,0.37270754161757436
1,ec,1.1462925851703405,0.3412536412346183
1,ec,1.1503006012024046,0.3099190040213974
1,ec,1.1543086172344688,0.27915650179271795
1,ec,1.158316633266533,0.24939424570420657
1,ec,1.162324649298597,0.22102728845336672
1,ec,1.1663326653306612,0.19441034755307585
1,ec,1.1703406813627253,0.169850965634911
1,ec,1.1743486973947894,0.1476027668229909
1,ec,1.1783567134268536,0.12785879711508727
1,ec,1.1823647294589177,0.1107452693162583
1,ec,1.1863727454909818,0.0963162997419332
1,ec,1.190380761523046,0.08455037892367298
1,ec,1.19438877755511,0.07534934329809166
1,ec,1.1983967935871742,0.06854051391387088
1,ec,1.2024048096192383,0.06388246147699668
1,ec,1.2064128256513025,0.06107457177909335
1,ec,1.2104208416833666,0.05977025079190829
1,ec,1.2144288577154307,0.05959325370866607
1,ec,1.2184368737474949,0.06015627757851829
1,ec,1.222444889779559,0.06108065677060059
1,ec,1.2264529058116231,0.06201578154347188
1,ec,1.2304609218436873,0.06265675979478585
1,ec,1.2344689378757514,0.06275889128087808
1,ec,1.2384769539078155,0.06214773764602961
1,ec,1.2424849699398797,0.06072394301186674
1,ec,1.2464929859719438,0.058462454476814585
1,ec,1.250501002004008,0.055406350883407694
1,ec,1.254509018036072,0.051656036593957504
1,ec,1.2585170340681362,0.04735501659871153
1,ec,1.2625250501002003,0.042673773625038686
1,ec,1.2665330661322645,0.03779337533148215
1,ec,1.2705410821643286,0.032890341186015686
1,ec,1.2745490981963927,0.028124019044464724
1,ec,1.2785571142284569,0.023627313400028375
1,ec,1.282565130260521,0.01950113997710939
1,ec,1.2865731462925851,0.015812526823960255
1,ec,1.2905811623246493,0.012595902141717043
1,ec,1.2945891783567134,0.009856845787557182
1,ec,1.2985971943887775,0.007577452358516487
1,ec,1.3026052104208417,0.0057224530244946855
1,ec,1.3066132264529058,0.004245346289465843
1,ec,1.31062124248497,0.003093959116223831
1,ec,1.314629258517034,0.002215061047903948
1,ec,1.3186372745490982,0.001557850959844238
1,ec,1.3226452905811623,0.0010763035626324335
1,ec,1.3266533066132264,0.000730486230983464
1,ec,1.3306613226452906,0.00048703198551181074
1,ec,1.3346693386773545,0.00031898554028377956
1,ec,1.3386773547094186,0.00020523549964647118
1,ec,1.3426853707414828,0.00012971848917358567
1,ec,1.3466933867735469,8.054139578891201e-05
1,ec,1.350701402805611,4.9125192386826015e-05
1,ec,1.3547094188376752,2.9434536394977263e-05
1,ec,1.3587174348697393,1.7325187584813027e-05
1,ec,1.3627254509018034,1.0017664715362896e-05
1,ec,1.3667334669338675,5.6901384450998605e-06
1,ec,1.3707414829659317,3.1750236515571076e-06
1,ec,1.3747494989979958,1.7403591621057014e-06
1,ec,1.37875751503006,9.37127297500036e-07
1,ec,1.382765531062124,4.957081707537618e-07
1,ec,1.3867735470941882,2.5758546290989144e-07
1,ec,1.3907815631262523,1.3148748066886342e-07
1,ec,1.3947895791583165,6.59348831982416e-08
1,ec,1.3987975951903806,3.2479838415204194e-08
1,ec,1.4028056112224447,1.5717383880679307e-08
1,ec,1.4068136272545089,7.471614263818357e-09
1,ec,1.410821643286573,3.489124015326868e-09
1,ec,1.4148296593186371,1.6006123035941955e-09
1,ec,1.4188376753507013,7.213128633400415e-10
1,ec,1.4228456913827654,3.193221058492981e-10
1,ec,1.4268537074148295,1.388679657014142e-10
1,ec,1.4308617234468937,5.932570988040251e-11
1,ec,1.4348697394789578,2.4897262313132503e-11
1,ec,1.438877755511022,1.0264269055791223e-11
1,ec,1.442885771543086,4.156925502960341e-12
1,ec,1.4468937875751502,1.6538047564131135e-12
1,ec,1.4509018036072143,6.463444337126297e-13
1,ec,1.4549098196392785,2.481484522012437e-13
1,ec,1.4589178356713426,9.358945312776471e-14
1,ec,1.4629258517034067,3.46744858169682e-14
1,ec,1.4669338677354709,1.2620045801587028e-14
1,ec,1.470941883767535,4.512109324820126e-15
1,ec,1.4749498997995991,1.5847694024900819e-15
1,ec,1.4789579158316633,5.467896970254117e-16
1,ec,1.4829659318637274,1.8532855905353044e-16
1,ec,1.4869739478957915,6.170667658394684e-17
1,ec,1.4909819639278556,2.01831870706746e-17
1,ec,1.4949899799599198,6.4850766810269325e-18
1,ec,1.498997995991984,2.0469548666335013e-18
1,ec,1.503006012024048,6.3470102488311905e-19
1,ec,1.5070140280561122,1.933294045960492e-19
1,ec,1.5110220440881763,5.784880719617136e-20
1,ec,1.5150300601202404,1.700429711843524e-20
1,ec,1.5190380761523046,4.910104582198181e-21
1,ec,1.5230460921843687,1.3928058468941087e-21
1,ec,1.5270541082164328,3.881130102467815e-22
1,ec,1.531062124248497,1.062413553886532e-22
1,ec,1.535070140280561,2.8569114865796946e-23
1,ec,1.539078156312625,7.546885291333826e-24
1,ec,1.5430861723446891,1.958422969036641e-24
1,ec,1.5470941883767533,4.992441910476934e-25
1,ec,1.5511022044088174,1.2502225499084157e-25
1,ec,1.5551102204408815,3.0755969154312496e-26
1,ec,1.5591182364729457,7.432574768315686e-27
1,ec,1.5631262525050098,1.7644808040101504e-27
1,ec,1.567134268537074,4.114929230405065e-28
1,ec,1.571142284569138,9.427045088661194e-29
1,ec,1.5751503006012022,2.1215661586155765e-29
1,ec,1.5791583166332663,4.6903511232985005e-30
1,ec,1.5831663326653305,1.0186427840909348e-30
1,ec,1.5871743486973946,2.173232803565338e-31
1,ec,1.5911823647294587,4.5546852629644734e-32
1,ec,1.5951903807615229,9.377309992912367e-33
1,ec,1.599198396793587,1.8965572437524862e-33
1,ec,1.6032064128256511,3.7680913188090574e-34
1,ec,1.6072144288577153,7.35435626171248e-35
1,ec,1.6112224448897794,1.4100538233332312e-35
1,ec,1.6152304609218435,2.6557946882307377e-36
1,ec,1.6192384769539077,4.91384085305451e-37
1,ec,1.6232464929859718,8.931316023913796e-38
1,ec,1.627254509018036,1.5946949092703838e-38
1,ec,1.6312625250501,2.7970970826954944e-39
1,ec,1.6352705410821642,4.819536281463853e-40
1,ec,1.6392785571142283,8.157756706007524e-41
1,ec,1.6432865731462925,1.356450734689569e-41
1,ec,1.6472945891783566,2.215670026196376e-42
1,ec,1.6513026052104207,3.555280912654955e-43
1,ec,1.6553106212424848,5.604160195782041e-44
1,ec,1.659318637274549,8.677906016853445e-45
1,ec,1.6633266533066131,1.3200401012481942e-45
1,ec,1.6673346693386772,1.9725457666461295e-46
1,ec,1.6713426853707414,2.8955750999786654e-47
1,ec,1.6753507014028055,4.175517993111279e-48
1,ec,1.6793587174348696,5.9149852623083284e-49
1,ec,1.6833667334669338,8.231230349836531e-50
1,ec,1.687374749498998,1.1252360186457925e-50
1,ec,1.691382765531062,1.511089808696423e-51
1,ec,1.6953907815631262,1.9934470707998054e-52
1,ec,1.6993987975951903,2.583371847853642e-53
1,ec,1.7034068136272544,3.288795862783437e-54
1,ec,1.7074148296593186,4.112961967009673e-55
1,ec,1.7114228456913827,5.052894735958306e-56
1,ec,1.7154308617234468,6.098086627674856e-57
1,ec,1.719438877755511,7.229607326576344e-58
1,ec,1.723446893787575,8.419835573848575e-59
1,ec,1.7274549098196392,9.632971887094493e-60
1,ec,1.7314629258517034,1.0826417141605248e-60
1,ec,1.7354709418837675,1.1953002250480951e-61
1,ec,1.7394789579158316,1.296394044784293e-62
1,ec,1.7434869739478958,1.3812262857079946e-63
1,ec,1.7474949899799597,1.4456408883369682e-64
1,ec,1.7515030060120238,1.4863592598522257e-65
1,ec,1.755511022044088,1.501256649902424e-66
1,ec,1.759519038076152,1.4895458520570595e-67
1,ec,1.7635270541082162,1.451846125801689e-68
1,ec,1.7675350701402803,1.390128940489765e-69
1,ec,1.7715430861723445,1.3075471573382681e-70
1,ec,1.7755511022044086,1.2081682489985953e-71
1,ec,1.7795591182364727,1.0966429643586739e-72
1,ec,1.7835671342685369,9.778469297269144e-74
1,ec,1.787575150300601,8.565333503717575e-75
1,ec,1.7915831663326651,7.37030499099067e-76
1,ec,1.7955911823647293,6.2300914744901834e-77
1,ec,1.7995991983967934,5.173341741829026e-78
1,ec,1.8036072144288575,4.2200315133705366e-79
1,ec,1.8076152304609217,3.381644900970854e-80
1,ec,1.8116232464929858,2.6620002373428873e-81
1,ec,1.81563126252505,2.0585241179179702e-82
1,ec,1.819639278557114,1.563765439392861e-83
1,ec,1.8236472945891782,1.1669575088613677e-84
1,ec,1.8276553106212423,8.554728999724867e-86
1,ec,1.8316633266533064,6.160631768789235e-87
1,ec,1.8356713426853706,4.358248878187966e-88
1,ec,1.8396793587174347,3.028772017698254e-89
1,ec,1.8436873747494988,2.0677066416096264e-90
1,ec,1.847695390781563,1.3866889104453463e-91
1,ec,1.851703406813627,9.135597214252463e-93
1,ec,1.8557114228456912,5.912383898883275e-94
1,ec,1.8597194388777554,3.7588594676722835e-95
1,ec,1.8637274549098195,2.347563420516562e-96
1,ec,1.8677354709418836,1.4402781085799599e-97
1,ec,1.8717434869739478,8.680468529096655e-99
1,ec,1.875751503006012,5.139344796848461e-100
1,ec,1.879759519038076,2.9890978006629014e-101
1,ec,1.8837675350701402,1.7078128459155925e-102
1,ec,1.8877755511022043,9.585355136949279e-104
1,ec,1.8917835671342684,5.284986977483967e-105
1,ec,1.8957915831663326,2.862512660515338e-106
1,ec,1.8997995991983967,1.5230658905116456e-107
1,ec,1.9038076152304608,7.960818990480799e-109
1,ec,1.907815631262525,4.087564207623119e-110
1,ec,1.911823647294589,2.061765210798129e-111
1,ec,1.9158316633266532,1.0216017028814822e-112
1,ec,1.9198396793587174,4.97269463000848e-114
1,ec,1.9238476953907815,2.377769509260535e-115
1,ec,1.9278557114228456,1.1169031050763662e-116
1,ec,1.9318637274549098,5.153817361674752e-118
1,ec,1.9358717434869739,2.3362016767561973e-119
1,ec,1.939879759519038,1.0403019670290736e-120
1,ec,1.9438877755511021,4.5506799152875775e-122
1,ec,1.9478957915831663,1.9555140477599664e-123
1,ec,1.9519038076152302,8.254929569157099e-125
1,ec,1.9559118236472943,3.423210342221118e-126
1,ec,1.9599198396793585,1.394509830563498e-127
1,ec,1.9639278557114226,5.580554527794097e-129
1,ec,1.9679358717434867,2.193819604274674e-130
1,ec,1.9719438877755509,8.472122982175873e-132
1,ec,1.975951903807615,3.2140406923428552e-133
1,ec,1.9799599198396791,1.1977833499887418e-134
1,ec,1.9839679358717432,4.385033886733972e-136
1,ec,1.9879759519038074,1.5770135219922068e-137
1,ec,1.9919839679358715,5.5714169578300825e-139
1,ec,1.9959919839679356,1.933586866398361e-140
1,ec,2.0,6.592186637482901e-142
2,clust,0.0,4.796954777842289e-47
2,clust,0.0014028056112224449,1.3067391535618429e-43
2,clust,0.0028056112224448897,2.6168277553358385e-40
2,clust,0.004208416833667334,3.852337468971971e-37
2,clust,0.0056112224448897794,4.1690438773677696e-34
2,clust,0.0070140280561122245,3.316741011357025e-31
2,clust,0.008416833667334669,1.9397671915524542e-28
2,clust,0.009819639278557115,8.339703530723035e-26
2,clust,0.011222444889779559,2.6358128351974665e-23
2,clust,0.012625250501002003,6.12408878921837e-21
2,clust,0.014028056112224449,1.0459991764447482e-18
2,clust,0.015430861723446893,1.3133611346240354e-16
2,clust,0.016833667334669337,1.2122716025897152e-14
2,clust,0.01823647294589178,8.225809685581319e-13
2,clust,0.01963927855711423,4.103177801896334e-11
2,clust,0.021042084168336674,1.5046135532847904e-09
2,clust,0.022444889779559118,4.055949661906787e-08
2,clust,0.023847695390781562,8.037539069607964e-07
2,clust,0.025250501002004006,1.1708913334633267e-05
2,clust,0.026653306613226454,0.00012539292708707271
2,clust,0.028056112224448898,0.000987171132113147
2,clust,0.029458917835671342,0.0057131395624113665
2,clust,0.030861723446893786,0.02430638418147995
2,clust,0.032264529058116234,0.07602039657025296
2,clust,0.033667334669338675,0.17478813231350523
2,clust,0.03507014028056112,0.29547480808165233
2,clust,0.03647294589178356,0.3675691388198874
2,clust,0.03787575150300601,0.3385646082010386
2,clust,0.03927855711422846,0.24066052523463355
2,clust,0.0406813627254509,0.16496515821892838
2,clust,0.04208416833667335,0.177487091018122
2,clust,0.04348697394789579,0.26787142314780915
2,clust,0.044889779559118236,0.35806584687783305
2,clust,0.04629258517034068,0.37085266014306434
2,clust,0.047695390781563124,0.31440689989646586
2,clust,0.04909819639278557,0.2805124526704014
2,clust,0.05050100200400801,0.34468796988903666
2,clust,0.05190380761523046,0.486775433691175
2,clust,0.05330661322645291,0.614308590965144
2,clust,0.05470941883767535,0.649783388184071
2,clust,0.056112224448897796,0.60076340273877
2,clust,0.05751503006012024,0.5672283055365651
2,clust,0.058917835671342685,0.6706708551337701
2,clust,0.06032064128256513,0.95562197167847
2,clust,0.06172344689378757,1.3984307339284878
2,clust,0.06312625250501001,2.029954082332393
2,clust,0.06452905811623247,2.937860228506958
2,clust,0.06593186372745491,4.059110510238543
2,clust,0.06733466933867735,5.0847890544169
2,clust,0.0687374749498998,5.674760626144431
2,clust,0.07014028056112225,5.690651062721764
2,clust,0.07154308617234469,5.258991631065745
2,clust,0.07294589178356713,4.76339437920976
2,clust,0.07434869739478958,4.681534565211136
2,clust,0.07575150300601202,5.2737918308501115
2,clust,0.07715430861723446,6.494990289814105
2,clust,0.07855711422845692,8.185401820339036
2,clust,0.07995991983967936,10.141011458292878
2,clust,0.0813627254509018,12.063139329115826
2,clust,0.08276553106212425,13.738890879654962
2,clust,0.0841683366733467,15.249257580886976
2,clust,0.08557114228456913,16.81893295776006
2,clust,0.08697394789579158,18.57543680294189
2,clust,0.08837675350701403,20.5457461710378
2,clust,0.08977955911823647,22.75975878037907
2,clust,0.09118236472945891,25.304588458049327
2,clust,0.09258517034068137,28.179353515644642
2,clust,0.09398797595190381,30.951936912557294
2,clust,0.09539078156312625,32.71759162977056
2,clust,0.09679358717434869,32.67789014133627
2,clust,0.09819639278557114,30.86378346607438
2,clust,0.09959919839679358,28.225322806523604
2,clust,0.10100200400801602,25.904378492234503
2,clust,0.10240480961923848,24.373268662874498
2,clust,0.10380761523046092,23.240689559811866
2,clust,0.10521042084168336,21.860772531704264
2,clust,0.10661322645290582,20.01054398264667
2,clust,0.10801603206412826,17.870455050685464
2,clust,0.1094188376753507,15.701173436937628
2,clust,0.11082164328657314,13.874793708493494
2,clust,0.11222444889779559,12.847578410335737
2,clust,0.11362725450901803,12.719377726033061
2,clust,0.11503006012024047,13.0169596404058
2,clust,0.11643286573146293,13.089653084409116
2,clust,0.11783567134268537,12.58780016434645
2,clust,0.11923847695390781,11.522485618613516
2,clust,0.12064128256513026,10.079674194075466
2,clust,0.1220440881763527,8.519501977386007
2,clust,0.12344689378757515,7.0766798062400404
2,clust,0.12484969939879759,5.7898190150733955
2,clust,0.12625250501002003,4.545839265837306
2,clust,0.1276553106212425,3.343794298876779
2,clust,0.12905811623246494,2.3540582307384668
2,clust,0.13046092184368738,1.700246148140237
2,clust,0.13186372745490982,1.3460360387558492
2,clust,0.13326653306613226,1.2195007158844888
2,clust,0.1346693386773547,1.2986704257907478
2,clust,0.13607214428857714,1.5174916073234754
2,clust,0.1374749498997996,1.6943568666307283
2,clust,0.13887775551102205,1.6526579495734568
2,clust,0.1402805611222445,1.3941483162311936
2,clust,0.14168336673346693,1.0777130606300656
2,clust,0.14308617234468937,0.8362453651777337
2,clust,0.1444889779559118,0.6813193390147224
2,clust,0.14589178356713425,0.5695474372384747
2,clust,0.14729458917835672,0.4923100396592527
2,clust,0.14869739478957916,0.4704097193234239
2,clust,0.1501002004008016,0.49752432687713544
2,clust,0.15150300601202404,0.5542321138985342
2,clust,0.15290581162324648,0.6491549299062032
2,clust,0.15430861723446893,0.7605602380177549
2,clust,0.15571142284569137,0.7837419390342524
2,clust,0.15711422845691383,0.6407481868086414
2,clust,0.15851703406813628,0.39599838054089825
2,clust,0.15991983967935872,0.1818483557322981
2,clust,0.16132264529058116,0.06272961353980899
2,clust,0.1627254509018036,0.022613381234968914
2,clust,0.16412825651302604,0.03545474917522078
2,clust,0.1655310621242485,0.10925659406238913
2,clust,0.16693386773547095,0.2701707194766203
2,clust,0.1683366733466934,0.49899285276544664
2,clust,0.16973947895791583,0.6867464323306914
2,clust,0.17114228456913827,0.7044777840667731
2,clust,0.1725450901803607,0.538665628899438
2,clust,0.17394789579158315,0.3069042311528441
2,clust,0.17535070140280562,0.13020295631974385
2,clust,0.17675350701402806,0.041092036878512636
2,clust,0.1781563126252505,0.009636455222409373
2,clust,0.17955911823647294,0.0016771126159999428
2,clust,0.18096192384769538,0.0002163457382791701
2,clust,0.18236472945891782,2.0661058033755157e-05
2,clust,0.18376753507014026,1.4591222162685669e-06
2,clust,0.18517034068136273,7.612604880795036e-08
2,clust,0.18657314629258517,2.931569216285406e-09
2,clust,0.18797595190380761,8.326638241820748e-11
2,clust,0.18937875751503006,1.7432936852803538e-12
2,clust,0.1907815631262525,2.688916888159781e-14
2,clust,0.19218436873747494,3.0542525200557756e-16
2,clust,0.19358717434869738,2.5538904083812877e-18
2,clust,0.19498997995991985,1.571618211219643e-20
2,clust,0.1963927855711423,7.116079956475343e-23
2,clust,0.19779559118236473,2.3703065849578386e-25
2,clust,0.19919839679358717,5.807309368475463e-28
2,clust,0.2006012024048096,1.0464096301013516e-30
2,clust,0.20200400801603205,1.3865792434787686e-33
2,clust,0.20340681362725452,1.351051729591728e-36
2,clust,0.20480961923847696,9.679619179627626e-40
2,clust,0.2062124248496994,5.0989823946192696e-43
2,clust,0.20761523046092184,1.9748395080863243e-46
2,clust,0.20901803607214428,5.623291175180704e-50
2,clust,0.21042084168336672,1.1771989075667623e-53
2,clust,0.21182364729458916,1.811764587312065e-57
2,clust,0.21322645290581163,2.0499350131574883e-61
2,clust,0.21462925851703407,1.70513946908106e-65
2,clust,0.2160320641282565,1.0426950630424321e-69
2,clust,0.21743486973947895,4.687370134080297e-74
2,clust,0.2188376753507014,1.5490779475561487e-78
2,clust,0.22024048096192383,3.763461401542807e-83
2,clust,0.22164328657314628,6.721563662568331e-88
2,clust,0.22304609218436874,8.825120088667998e-93
2,clust,0.22444889779559118,8.517996203487652e-98
2,clust,0.22585170340681363,6.043938324347182e-103
2,clust,0.22725450901803607,3.152592068167096e-108
2,clust,0.2286573146292585,1.2088717805299935e-113
2,clust,0.23006012024048095,3.407666139886392e-119
2,clust,0.2314629258517034,7.06151498977915e-125
2,clust,0.23286573146292586,1.0757281885521598e-130
2,clust,0.2342685370741483,1.204677637764993e-136
2,clust,0.23567134268537074,9.917509855739142e-143
2,clust,0.23707414829659318,6.002025165813405e-149
2,clust,0.23847695390781562,2.6702767424866993e-155
2,clust,0.23987975951903806,8.73329144345059e-162
2,clust,0.24128256513026053,2.0997268279712534e-168
2,clust,0.24268537074148297,3.711169243327787e-175
2,clust,0.2440881763527054,4.821940064318563e-182
2,clust,0.24549098196392785,4.605702826510697e-189
2,clust,0.2468937875751503,3.2339481504247206e-196
2,clust,0.24829659318637273,1.669295454873078e-203
2,clust,0.24969939879759517,6.3342671192938075e-211
2,clust,0.25110220440881764,1.7669429633691768e-218
2,clust,0.25250501002004005,3.623361565324966e-226
2,clust,0.2539078156312625,5.462152165276403e-234
2,clust,0.255310621242485,6.053114506868943e-242
2,clust,0.2567134268537074,4.931249243570705e-250
2,clust,0.2581162324649299,2.9532348483235474e-258
2,clust,0.2595190380761523,1.3001755014253484e-266
2,clust,0.26092184368737475,4.2079341429495016e-275
2,clust,0.26232464929859717,1.0011493038176797e-283
2,clust,0.26372745490981964,1.751022488572758e-292
2,clust,0.2651302605210421,2.2513735292771648e-301
2,clust,0.2665330661322645,2.1279741307675e-310
2,clust,0.267935871743487,1.4786e-319
2,clust,0.2693386773547094,0.0
2,clust,0.27074148296593187,0.0
2,clust,0.2721442885771543,0.0
2,clust,0.27354709418837675,0.0
2,clust,0.2749498997995992,0.0
2,clust,0.27635270541082163,0.0
2,clust,0.2777555110220441,0.0
2,clust,0.2791583166332665,0.0
2,clust,0.280561122244489,0.0
2,clust,0.2819639278557114,0.0
2,clust,0.28336673346693386,0.0
2,clust,0.28476953907815633,0.0
2,clust,0.28617234468937874,0.0
2,clust,0.2875751503006012,0.0
2,clust,0.2889779559118236,0.0
2,clust,0.2903807615230461,0.0
2,clust,0.2917835671342685,0.0
2,clust,0.293186372745491,0.0
2,clust,0.29458917835671344,0.0
2,clust,0.29599198396793586,0.0
2,clust,0.2973947895791583,0.0
2,clust,0.29879759519038074,0.0
2,clust,0.3002004008016032,0.0
2,clust,0.3016032064128256,0.0
2,clust,0.3030060120240481,0.0
2,clust,0.30440881763527056,0.0
2,clust,0.30581162324649297,0.0
2,clust,0.30721442885771544,0.0
2,clust,0.30861723446893785,0.0
2,clust,0.3100200400801603,0.0
2,clust,0.31142284569138273,0.0
2,clust,0.3128256513026052,0.0
2,clust,0.31422845691382767,0.0
2,clust,0.3156312625250501,0.0
2,clust,0.31703406813627255,0.0
2,clust,0.31843687374749496,0.0
2,clust,0.31983967935871743,0.0
2,clust,0.32124248496993985,0.0
2,clust,0.3226452905811623,0.0
2,clust,0.3240480961923848,0.0
2,clust,0.3254509018036072,0.0
2,clust,0.32685370741482966,0.0
2,clust,0.3282565130260521,0.0
2,clust,0.32965931863727455,0.0
2,clust,0.331062124248497,0.0
2,clust,0.3324649298597194,0.0
2,clust,0.3338677354709419,0.0
2,clust,0.3352705410821643,0.0
2,clust,0.3366733466933868,0.0
2,clust,0.3380761523046092,0.0
2,clust,0.33947895791583166,0.0
2,clust,0.3408817635270541,0.0
2,clust,0.34228456913827654,0.0
2,clust,0.343687374749499,0.0
2,clust,0.3450901803607214,0.0
2,clust,0.3464929859719439,0.0
2,clust,0.3478957915831663,0.0
2,clust,0.34929859719438877,0.0
2,clust,0.35070140280561124,0.0
2,clust,0.35210420841683365,0.0
2,clust,0.3535070140280561,0.0
2,clust,0.35490981963927853,0.0
2,clust,0.356312625250501,0.0
2,clust,0.3577154308617234,0.0
2,clust,0.3591182364729459,0.0
2,clust,0.36052104208416835,0.0
2,clust,0.36192384769539077,0.0
2,clust,0.36332665330661323,0.0
2,clust,0.36472945891783565,0.0
2,clust,0.3661322645290581,0.0
2,clust,0.36753507014028053,0.0
2,clust,0.368937875751503,0.0
2,clust,0.37034068136272547,0.0
2,clust,0.3717434869739479,0.0
2,clust,0.37314629258517035,0.0
2,clust,0.37454909819639276,0.0
2,clust,0.37595190380761523,0.0
2,clust,0.37735470941883764,0.0
2,clust,0.3787575150300601,0.0
2,clust,0.3801603206412826,0.0
2,clust,0.381563126252505,0.0
2,clust,0.38296593186372746,0.0
2,clust,0.3843687374749499,0.0
2,clust,0.38577154308617234,0.0
2,clust,0.38717434869739475,0.0
2,clust,0.3885771543086172,0.0
2,clust,0.3899799599198397,0.0
2,clust,0.3913827655310621,0.0
2,clust,0.3927855711422846,0.0
2,clust,0.394188376753507,0.0
2,clust,0.39559118236472945,0.0
2,clust,0.3969939879759519,0.0
2,clust,0.39839679358717434,0.0
2,clust,0.3997995991983968,0.0
2,clust,0.4012024048096192,0.0
2,clust,0.4026052104208417,0.0
2,clust,0.4040080160320641,0.0
2,clust,0.40541082164328657,0.0
2,clust,0.40681362725450904,0.0
2,clust,0.40821643286573145,0.0
2,clust,0.4096192384769539,0.0
2,clust,0.41102204408817633,0.0
2,clust,0.4124248496993988,0.0
2,clust,0.4138276553106212,0.0
2,clust,0.4152304609218437,0.0
2,clust,0.41663326653306615,0.0
2,clust,0.41803607214428856,0.0
2,clust,0.41943887775551103,0.0
2,clust,0.42084168336673344,0.0
2,clust,0.4222444889779559,0.0
2,clust,0.4236472945891783,0.0
2,clust,0.4250501002004008,0.0
2,clust,0.42645290581162326,0.0
2,clust,0.4278557114228457,0.0
2,clust,0.42925851703406814,0.0
2,clust,0.43066132264529056,0.0
2,clust,0.432064128256513,0.0
2,clust,0.43346693386773544,0.0
2,clust,0.4348697394789579,0.0
2,clust,0.4362725450901804,0.0
2,clust,0.4376753507014028,0.0
2,clust,0.43907815631262526,0.0
2,clust,0.44048096192384767,0.0
2,clust,0.44188376753507014,0.0
2,clust,0.44328657314629255,0.0
2,clust,0.444689378757515,0.0
2,clust,0.4460921843687375,0.0
2,clust,0.4474949899799599,0.0
2,clust,0.44889779559118237,0.0
2,clust,0.4503006012024048,0.0
2,clust,0.45170340681362725,0.0
2,clust,0.45310621242484966,0.0
2,clust,0.45450901803607213,0.0
2,clust,0.4559118236472946,0.0
2,clust,0.457314629258517,0.0
2,clust,0.4587174348697395,0.0
2,clust,0.4601202404809619,0.0
2,clust,0.46152304609218436,0.0
2,clust,0.4629258517034068,0.0
2,clust,0.46432865731462925,0.0
2,clust,0.4657314629258517,0.0
2,clust,0.4671342685370741,0.0
2,clust,0.4685370741482966,0.0
2,clust,0.469939879759519,0.0
2,clust,0.4713426853707415,0.0
2,clust,0.47274549098196395,0.0
2,clust,0.47414829659318636,0.0
2,clust,0.4755511022044088,0.0
2,clust,0.47695390781563124,0.0
2,clust,0.4783567134268537,0.0
2,clust,0.4797595190380761,0.0
2,clust,0.4811623246492986,0.0
2,clust,0.48256513026052106,0.0
2,clust,0.48396793587174347,0.0
2,clust,0.48537074148296594,0.0
2,clust,0.48677354709418835,0.0
2,clust,0.4881763527054108,0.0
2,clust,0.48957915831663323,0.0
2,clust,0.4909819639278557,0.0
2,clust,0.49238476953907817,0.0
2,clust,0.4937875751503006,0.0
2,clust,0.49519038076152305,0.0
2,clust,0.49659318637274547,0.0
2,clust,0.49799599198396793,0.0
2,clust,0.49939879759519035,0.0
2,clust,0.5008016032064128,0.0
2,clust,0.5022044088176353,0.0
2,clust,0.5036072144288577,0.0
2,clust,0.5050100200400801,0.0
2,clust,0.5064128256513026,0.0
2,clust,0.507815631262525,0.0
2,clust,0.5092184368737475,0.0
2,clust,0.51062124248497,0.0
2,clust,0.5120240480961924,0.0
2,clust,0.5134268537074148,0.0
2,clust,0.5148296593186372,0.0
2,clust,0.5162324649298597,0.0
2,clust,0.5176352705410822,0.0
2,clust,0.5190380761523046,0.0
2,clust,0.5204408817635271,0.0
2,clust,0.5218436873747495,0.0
2,clust,0.5232464929859719,0.0
2,clust,0.5246492985971943,0.0
2,clust,0.5260521042084169,0.0
2,clust,0.5274549098196393,0.0
2,clust,0.5288577154308617,0.0
2,clust,0.5302605210420842,0.0
2,clust,0.5316633266533066,0.0
2,clust,0.533066132264529,0.0
2,clust,0.5344689378757514,0.0
2,clust,0.535871743486974,0.0
2,clust,0.5372745490981964,0.0
2,clust,0.5386773547094188,0.0
2,clust,0.5400801603206413,0.0
2,clust,0.5414829659318637,0.0
2,clust,0.5428857715430861,0.0
2,clust,0.5442885771543086,0.0
2,clust,0.5456913827655311,0.0
2,clust,0.5470941883767535,0.0
2,clust,0.5484969939879759,0.0
2,clust,0.5498997995991984,0.0
2,clust,0.5513026052104208,0.0
2,clust,0.5527054108216433,0.0
2,clust,0.5541082164328657,0.0
2,clust,0.5555110220440882,0.0
2,clust,0.5569138276553106,0.0
2,clust,0.558316633266533,0.0
2,clust,0.5597194388777555,0.0
2,clust,0.561122244488978,0.0
2,clust,0.5625250501002004,0.0
2,clust,0.5639278557114228,0.0
2,clust,0.5653306613226453,0.0
2,clust,0.5667334669338677,0.0
2,clust,0.5681362725450901,0.0
2,clust,0.5695390781563127,0.0
2,clust,0.5709418837675351,0.0
2,clust,0.5723446893787575,0.0
2,clust,0.5737474949899799,0.0
2,clust,0.5751503006012024,0.0
2,clust,0.5765531062124248,0.0
2,clust,0.5779559118236473,0.0
2,clust,0.5793587174348698,0.0
2,clust,0.5807615230460922,0.0
2,clust,0.5821643286573146,0.0
2,clust,0.583567134268537,0.0
2,clust,0.5849699398797595,0.0
2,clust,0.586372745490982,0.0
2,clust,0.5877755511022044,0.0
2,clust,0.5891783567134269,0.0
2,clust,0.5905811623246493,0.0
2,clust,0.5919839679358717,0.0
2,clust,0.5933867735470941,0.0
2,clust,0.5947895791583167,0.0
2,clust,0.5961923847695391,0.0
2,clust,0.5975951903807615,0.0
2,clust,0.598997995991984,0.0
2,clust,0.6004008016032064,0.0
2,clust,0.6018036072144288,0.0
2,clust,0.6032064128256512,0.0
2,clust,0.6046092184368738,0.0
2,clust,0.6060120240480962,0.0
2,clust,0.6074148296593186,0.0
2,clust,0.6088176352705411,0.0
2,clust,0.6102204408817635,0.0
2,clust,0.6116232464929859,0.0
2,clust,0.6130260521042084,0.0
2,clust,0.6144288577154309,0.0
2,clust,0.6158316633266533,0.0
2,clust,0.6172344689378757,0.0
2,clust,0.6186372745490982,0.0
2,clust,0.6200400801603206,0.0
2,clust,0.621442885771543,0.0
2,clust,0.6228456913827655,0.0
2,clust,0.624248496993988,0.0
2,clust,0.6256513026052104,0.0
2,clust,0.6270541082164328,0.0
2,clust,0.6284569138276553,0.0
2,clust,0.6298597194388778,0.0
2,clust,0.6312625250501002,0.0
2,clust,0.6326653306613226,0.0
2,clust,0.6340681362725451,0.0
2,clust,0.6354709418837675,0.0
2,clust,0.6368737474949899,0.0
2,clust,0.6382765531062125,0.0
2,clust,0.6396793587174349,0.0
2,clust,0.6410821643286573,0.0
2,clust,0.6424849699398797,0.0
2,clust,0.6438877755511022,0.0
2,clust,0.6452905811623246,0.0
2,clust,0.646693386773547,0.0
2,clust,0.6480961923847696,0.0
2,clust,0.649498997995992,0.0
2,clust,0.6509018036072144,0.0
2,clust,0.6523046092184369,0.0
2,clust,0.6537074148296593,0.0
2,clust,0.6551102204408817,0.0
2,clust,0.6565130260521042,0.0
2,clust,0.6579158316633267,0.0
2,clust,0.6593186372745491,0.0
2,clust,0.6607214428857715,0.0
2,clust,0.662124248496994,0.0
2,clust,0.6635270541082164,0.0
2,clust,0.6649298597194389,0.0
2,clust,0.6663326653306613,0.0
2,clust,0.6677354709418838,0.0
2,clust,0.6691382765531062,0.0
2,clust,0.6705410821643286,0.0
2,clust,0.6719438877755511,0.0
2,clust,0.6733466933867736,0.0
2,clust,0.674749498997996,0.0
2,clust,0.6761523046092184,0.0
2,clust,0.6775551102204409,0.0
2,clust,0.6789579158316633,0.0
2,clust,0.6803607214428857,0.0
2,clust,0.6817635270541083,0.0
2,clust,0.6831663326653307,0.0
2,clust,0.6845691382765531,0.0
2,clust,0.6859719438877755,0.0
2,clust,0.687374749498998,0.0
2,clust,0.6887775551102204,0.0
2,clust,0.6901803607214428,0.0
2,clust,0.6915831663326654,0.0
2,clust,0.6929859719438878,0.0
2,clust,0.6943887775551102,0.0
2,clust,0.6957915831663326,0.0
2,clust,0.6971943887775551,0.0
2,clust,0.6985971943887775,0.0
2,clust,0.7,0.0
2,sr,0.0,0.11423770501600011
2,sr,0.002004008016032064,0.11339545120388189
2,sr,0.004008016032064128,0.11090576567523805
2,sr,0.0060120240480961915,0.10687716933117097
2,sr,0.008016032064128256,0.10148178291661583
2,sr,0.01002004008016032,0.0949431336640489
2,sr,0.012024048096192383,0.08752081684027918
2,sr,0.014028056112224447,0.07949347645120447
2,sr,0.01603206412825651,0.07114165193455446
2,sr,0.018036072144288574,0.06273194139298505
2,sr,0.02004008016032064,0.05450368149296826
2,sr,0.022044088176352703,0.04665898373871742
2,sr,0.024048096192384766,0.03935655171687004
2,sr,0.026052104208416832,0.032709291119738186
2,sr,0.028056112224448895,0.026785363936934273
2,sr,0.03006012024048096,0.021612066659221395
2,sr,0.03206412825651302,0.01718174908839775
2,sr,0.03406813627254509,0.013458937432193747
2,sr,0.03607214428857715,0.010387869936207928
2,sr,0.038076152304609215,0.007899772057810353
2,sr,0.04008016032064128,0.005919362621655516
2,sr,0.04208416833667334,0.004370263896871056
2,sr,0.044088176352705406,0.0031791624320460614
2,sr,0.04609218436873747,0.0022787156426050392
2,sr,0.04809619238476953,0.0016093109831425553
2,sr,0.0501002004008016,0.0011198566562900388
2,sr,0.052104208416833664,0.0007678176431321468
2,sr,0.05410821643286573,0.0005187147824693448
2,sr,0.05611222444889779,0.0003452860799094043
2,sr,0.058116232464929855,0.0002264771027473698
2,sr,0.06012024048096192,0.00014638897858332495
2,sr,0.06212424849699398,9.327424830186509e-05
2,sr,0.06412825651302605,5.863676315483348e-05
2,sr,0.06613226452905811,3.646424751115763e-05
2,sr,0.06813627254509018,2.2601838763033952e-05
2,sr,0.07014028056112225,1.4261538977811971e-05
2,sr,0.0721442885771543,9.655084204482063e-06
2,sr,0.07414829659318636,7.734974666003592e-06
2,sr,0.07615230460921843,8.028995003323866e-06
2,sr,0.0781563126252505,1.0556291651334358e-05
2,sr,0.08016032064128256,1.5816951609140543e-05
2,sr,0.08216432865731463,2.485120873258759e-05
2,sr,0.08416833667334668,3.936818673331844e-05
2,sr,0.08617234468937875,6.194683904831633e-05
2,sr,0.08817635270541081,9.631285175318607e-05
2,sr,0.09018036072144288,0.00014769412641488745
2,sr,0.09218436873747494,0.00022325347776781354
2,sr,0.09418837675350701,0.00033258990924300483
2,sr,0.09619238476953906,0.0004882890747717119
2,sr,0.09819639278557113,0.0007064895552305975
2,sr,0.1002004008016032,0.0010074152774614488
2,sr,0.10220440881763526,0.0014158074969508893
2,sr,0.10420841683366733,0.001961174837846081
2,sr,0.1062124248496994,0.0026777702919596976
2,sr,0.10821643286573146,0.0036042036250604876
2,sr,0.11022044088176351,0.004782610005020375
2,sr,0.11222444889779558,0.006257323619882149
2,sr,0.11422845691382764,0.00807304952934373
2,sr,0.11623246492985971,0.010272586209406317
2,sr,0.11823647294589178,0.012894220086434927
2,sr,0.12024048096192384,0.01596898323417489
2,sr,0.1222444889779559,0.01951802488223645
2,sr,0.12424849699398796,0.02355038356864473
2,sr,0.12625250501002003,0.028061447511349154
2,sr,0.1282565130260521,0.03303234734355039
2,sr,0.13026052104208416,0.038430435157227966
2,sr,0.13226452905811623,0.04421087248728818
2,sr,0.1342685370741483,0.050319192250009755
2,sr,0.13627254509018036,0.056694538803487335
2,sr,0.13827655310621242,0.06327315471419306
2,sr,0.1402805611222445,0.06999160172048287
2,sr,0.14228456913827653,0.07678920092781062
2,sr,0.1442885771543086,0.08360926662559172
2,sr,0.14629258517034066,0.09039888682913128
2,sr,0.14829659318637273,0.0971072514979275
2,sr,0.1503006012024048,0.10368280965037117
2,sr,0.15230460921843686,0.1100698010615955
2,sr,0.15430861723446893,0.11620490530554344
2,sr,0.156312625250501,0.12201483558428607
2,sr,0.15831663326653306,0.12741564849759987
2,sr,0.16032064128256512,0.13231433902393186
2,sr,0.1623246492985972,0.13661296520308117
2,sr,0.16432865731462926,0.14021514734782026
2,sr,0.16633266533066132,0.143034378004723
2,sr,0.16833667334669336,0.14500323351132355
2,sr,0.17034068136272543,0.14608236048518278
2,sr,0.1723446893787575,0.14626806491096592
2,sr,0.17434869739478956,0.1455974714178326
2,sr,0.17635270541082163,0.1441505255427724
2,sr,0.1783567134268537,0.14204853082976135
2,sr,0.18036072144288576,0.13944937240095262
2,sr,0.18236472945891782,0.1365399984382242
2,sr,0.1843687374749499,0.1335270384531869
2,sr,0.18637274549098196,0.13062658272306443
2,sr,0.18837675350701402,0.12805411396088615
2,sr,0.1903807615230461,0.1260153892070297
2,sr,0.19238476953907813,0.12469876772199004
2,sr,0.1943887775551102,0.12426914062209053
2,sr,0.19639278557114226,0.12486331669148021
2,sr,0.19839679358717432,0.12658652147736402
2,sr,0.2004008016032064,0.1295096131391131
2,sr,0.20240480961923846,0.13366671393667207
2,sr,0.20440881763527052,0.13905317034421583
2,sr,0.2064128256513026,0.145624027959049
2,sr,0.20841683366733466,0.1532934639270118
2,sr,0.21042084168336672,0.16193578475079135
2,sr,0.2124248496993988,0.1713886146110514
2,sr,0.21442885771543085,0.1814587443616274
2,sr,0.21643286573146292,0.19193079903473173
2,sr,0.21843687374749496,0.2025784646414353
2,sr,0.22044088176352702,0.21317757359744655
2,sr,0.2224448897795591,0.22351997348754543
2,sr,0.22444889779559116,0.2334268782935999
2,sr,0.22645290581162322,0.24276037899242878
2,sr,0.2284569138276553,0.2514319847998991
2,sr,0.23046092184368736,0.25940744492838624
2,sr,0.23246492985971942,0.2667075913450304
2,sr,0.2344689378757515,0.27340544876028383
2,sr,0.23647294589178355,0.27962027864931543
2,sr,0.23847695390781562,0.2855094786743271
2,sr,0.24048096192384769,0.29125930507942055
2,sr,0.24248496993987975,0.2970752301846084
2,sr,0.2444889779559118,0.3031724450801857
2,sr,0.24649298597194386,0.3097666601535753
2,sr,0.24849699398797592,0.31706504898158233
2,sr,0.250501002004008,0.3252570191324917
2,sr,0.25250501002004005,0.33450453607474934
2,sr,0.2545090180360721,0.3449319812939258
2,sr,0.2565130260521042,0.3566159435582433
2,sr,0.25851703406813625,0.3695758251315825
2,sr,0.2605210420841683,0.38376656636126383
2,sr,0.2625250501002004,0.399075025811072
2,sr,0.26452905811623245,0.41532150137970764
2,sr,0.2665330661322645,0.43226749649896146
2,sr,0.2685370741482966,0.4496301475304868
2,sr,0.27054108216432865,0.4671028236814043
2,sr,0.2725450901803607,0.4843804312404297
2,sr,0.2745490981963928,0.5011870682432517
2,sr,0.27655310621242485,0.5173030469404802
2,sr,0.2785571142284569,0.5325880560966563
2,sr,0.280561122244489,0.5469974385707514
2,sr,0.282565130260521,0.5605892034891894
2,sr,0.28456913827655306,0.5735203958908095
2,sr,0.2865731462925851,0.5860326714457248
2,sr,0.2885771543086172,0.5984281979025124
2,sr,0.29058116232464926,0.6110381526205775
2,sr,0.2925851703406813,0.6241869558789869
2,sr,0.2945891783567134,0.638155868694224
2,sr,0.29659318637274545,0.6531496475148424
2,sr,0.2985971943887775,0.6692696036458313
2,sr,0.3006012024048096,0.6864957324061076
2,sr,0.30260521042084165,0.7046796617460174
2,sr,0.3046092184368737,0.7235491440731754
2,sr,0.3066132264529058,0.7427237959683215
2,sr,0.30861723446893785,0.7617408758139032
2,sr,0.3106212424849699,0.7800891467643553
2,sr,0.312625250501002,0.7972483371611053
2,sr,0.31462925851703405,0.812731388954186
2,sr,0.3166332665330661,0.8261265629921765
2,sr,0.3186372745490982,0.8371365238495911
2,sr,0.32064128256513025,0.8456117307040621
2,sr,0.3226452905811623,0.8515757943255022
2,sr,0.3246492985971944,0.855240910402593
2,sr,0.32665330661322645,0.8570120381652279
2,sr,0.3286573146292585,0.857479152085408
2,sr,0.3306613226452906,0.8573976374272096
2,sr,0.33266533066132264,0.8576576978161652
2,sr,0.33466933867735466,0.8592444475343569
2,sr,0.3366733466933867,0.8631911086082817
2,sr,0.3386773547094188,0.8705283468841631
2,sr,0.34068136272545085,0.8822331840399432
2,sr,0.3426853707414829,0.8991810462497547
2,sr,0.344689378757515,0.9221043112425923
2,sr,0.34669338677354705,0.9515601853587945
2,sr,0.3486973947895791,0.9879099149001395
2,sr,0.3507014028056112,1.0313102887947978
2,sr,0.35270541082164325,1.081717236351533
2,sr,0.3547094188376753,1.1389002021681418
2,sr,0.3567134268537074,1.20246503261701
2,sr,0.35871743486973945,1.2718824612979
2,sr,0.3607214428857715,1.3465190247944574
2,sr,0.3627254509018036,1.4256674132218203
2,sr,0.36472945891783565,1.5085738395687482
2,sr,0.3667334669338677,1.59446091373869
2,sr,0.3687374749498998,1.6825455955658621
2,sr,0.37074148296593185,1.7720529055893053
2,sr,0.3727454909819639,1.862227011864954
2,sr,0.374749498997996,1.952341920219539
2,sr,0.37675350701402804,2.0417141505224303
2,sr,0.3787575150300601,2.129719422767595
2,sr,0.3807615230460922,2.2158145218986403
2,sr,0.38276553106212424,2.2995642593933954
2,sr,0.38476953907815625,2.3806719774102265
2,sr,0.3867735470941883,2.4590105779574616
2,sr,0.3887775551102204,2.5346498606722085
2,sr,0.39078156312625245,2.6078752617670697
2,sr,0.3927855711422845,2.6791930941571396
2,sr,0.3947895791583166,2.749318195251786
2,sr,0.39679358717434865,2.81914147736804
2,sr,0.3987975951903807,2.8896771002473782
2,sr,0.4008016032064128,2.961991579929489
2,sr,0.40280561122244485,3.037119758360479
2,sr,0.4048096192384769,3.115974789398375
2,sr,0.406813627254509,3.1992607778868325
2,sr,0.40881763527054105,3.2873971547616514
2,sr,0.4108216432865731,3.3804631400210488
2,sr,0.4128256513026052,3.478168769927877
2,sr,0.41482965931863724,3.579856159269546
2,sr,0.4168336673346693,3.6845313028032165
2,sr,0.4188376753507014,3.7909232604736216
2,sr,0.42084168336673344,3.8975645111672432
2,sr,0.4228456913827655,4.002884034777846
2,sr,0.4248496993987976,4.105303596829123
2,sr,0.42685370741482964,4.203327887415188
2,sr,0.4288577154308617,4.2956205309805116
2,sr,0.4308617234468938,4.3810602775401195
2,sr,0.43286573146292584,4.458774518515261
2,sr,0.4348697394789579,4.528150189045956
2,sr,0.4368737474949899,4.588824688945003
2,sr,0.438877755511022,4.640661332185339
2,sr,0.44088176352705405,4.683714818295314
2,sr,0.4428857715430861,4.718192272567664
2,sr,0.4448897795591182,4.74441464793509
2,sr,0.44689378757515025,4.762781964602393
2,sr,0.4488977955911823,4.7737442968007056
2,sr,0.4509018036072144,4.777778917806209
2,sr,0.45290581162324645,4.775372851028678
2,sr,0.4549098196392785,4.767009417426643
2,sr,0.4569138276553106,4.7531572705871765
2,sr,0.45891783567134264,4.73426080569993
2,sr,0.4609218436873747,4.7107315562290815
2,sr,0.4629258517034068,4.682941031922488
2,sr,0.46492985971943884,4.651216169514747
2,sr,0.4669338677354709,4.615838960413163
2,sr,0.468937875751503,4.5770517554072745
2,sr,0.47094188376753504,4.535069188368267
2,sr,0.4729458917835671,4.490096676670542
2,sr,0.4749498997995992,4.4423542079372105
2,sr,0.47695390781563124,4.392102840848905
2,sr,0.4789579158316633,4.339670290410495
2,sr,0.48096192384769537,4.285471374730725
2,sr,0.48296593186372744,4.23001914554082
2,sr,0.4849699398797595,4.173923280475904
2,sr,0.48697394789579157,4.1178737301041215
2,sr,0.4889779559118236,4.0626095119663574
2,sr,0.49098196392785565,4.0088746524939864
2,sr,0.4929859719438877,3.9573652641326706
2,sr,0.4949899799599198,3.908673278537192
2,sr,0.49699398797595185,3.8632331677015785
2,sr,0.4989979959919839,3.821277916920557
2,sr,0.501002004008016,3.7828095560306827
2,sr,0.503006012024048,3.7475878497115223
2,sr,0.5050100200400801,3.7151385634233764
2,sr,0.5070140280561122,3.6847804080718416
2,sr,0.5090180360721442,3.655667687519213
2,sr,0.5110220440881763,3.626844138845169
2,sr,0.5130260521042084,3.597302665408515
2,sr,0.5150300601202404,3.5660456722230354
2,sr,0.5170340681362725,3.5321414282706836
2,sr,0.5190380761523046,3.494773085536091
2,sr,0.5210420841683366,3.453278393268106
2,sr,0.5230460921843687,3.407179464685029
2,sr,0.5250501002004008,3.3562029436897585
2,sr,0.5270541082164328,3.3002914451499596
2,sr,0.5290581162324649,3.2396071923415923
2,sr,0.531062124248497,3.17452845512538
2,sr,0.533066132264529,3.1056388924779696
2,sr,0.5350701402805611,3.033709446814366
2,sr,0.5370741482965932,2.9596722263525166
2,sr,0.5390781563126252,2.8845859761692796
2,sr,0.5410821643286573,2.8095933086996943
2,sr,0.5430861723446894,2.735870764362729
2,sr,0.5450901803607214,2.66457383966871
2,sr,0.5470941883767535,2.5967801408769438
2,sr,0.5490981963927856,2.533434580716538
2,sr,0.5511022044088176,2.4753008614279373
2,sr,0.5531062124248497,2.4229232840868136
2,sr,0.5551102204408818,2.376602190029356
2,sr,0.5571142284569138,2.3363851636304114
2,sr,0.5591182364729459,2.3020746648195223
2,sr,0.561122244488978,2.2732512106658493
2,sr,0.56312625250501,2.2493097870148784
2,sr,0.565130260521042,2.22950601394033
2,sr,0.567134268537074,2.213007832771323
2,sr,0.5691382765531061,2.1989481874370447
2,sr,0.5711422845691382,2.1864743395979076
2,sr,0.5731462925851702,2.1747900368922637
2,sr,0.5751503006012023,2.163187662504013
2,sr,0.5771543086172344,2.1510686266802925
2,sr,0.5791583166332664,2.137951501745128
2,sr,0.5811623246492985,2.1234686353832606
2,sr,0.5831663326653306,2.1073530910642013
2,sr,0.5851703406813626,2.089418657699503
2,sr,0.5871743486973947,2.0695362567473765
2,sr,0.5891783567134268,2.047610290850643
2,sr,0.5911823647294588,2.0235582925627464
2,sr,0.5931863727454909,1.997296654088963
2,sr,0.595190380761523,1.9687343043856769
2,sr,0.597194388777555,1.9377750490024372
2,sr,0.5991983967935871,1.9043280388096446
2,sr,0.6012024048096192,1.8683246461975238
2,sr,0.6032064128256512,1.829739061735903
2,sr,0.6052104208416833,1.7886093171520905
2,sr,0.6072144288577154,1.7450552823598142
2,sr,0.6092184368737474,1.6992905038372808
2,sr,0.6112224448897795,1.6516255094370293
2,sr,0.6132264529058116,1.6024612979400246
2,sr,0.6152304609218436,1.5522730095496986
2,sr,0.6172344689378757,1.5015850602644845
2,sr,0.6192384769539078,1.4509401444535657
2,sr,0.6212424849699398,1.400865318816773
2,sr,0.6232464929859719,1.3518387772200555
2,sr,0.625250501002004,1.3042608685909245
2,sr,0.627254509018036,1.2584324192322274
2,sr,0.6292585170340681,1.2145425710616407
2,sr,0.6312625250501002,1.1726672535750928
2,sr,0.6332665330661322,1.1327782078501238
2,sr,0.6352705410821643,1.094761318004068
2,sr,0.6372745490981964,1.0584420089696087
2,sr,0.6392785571142284,1.023614743243408
2,sr,0.6412825651302605,0.9900732630038409
2,sr,0.6432865731462926,0.9576382088378004
2,sr,0.6452905811623246,0.9261790949229425
2,sr,0.6472945891783567,0.8956282901244332
2,sr,0.6492985971943888,0.8659855723123275
2,sr,0.6513026052104208,0.8373128935709586
2,sr,0.6533066132264529,0.8097201065445827
2,sr,0.655310621242485,0.7833434413995423
2,sr,0.657314629258517,0.7583193781100152
2,sr,0.6593186372745491,0.7347571346027718
2,sr,0.6613226452905812,0.7127132176395461
2,sr,0.6633266533066132,0.6921713240424631
2,sr,0.6653306613226453,0.6730303389448997
2,sr,0.6673346693386772,0.6551023017302321
2,sr,0.6693386773547093,0.6381210862690123
2,sr,0.6713426853707414,0.6217612904796537
2,sr,0.6733466933867734,0.6056655931698255
2,sr,0.6753507014028055,0.5894777614399089
2,sr,0.6773547094188376,0.5728777154268692
2,sr,0.6793587174348696,0.5556146846493033
2,sr,0.6813627254509017,0.5375345821878422
2,sr,0.6833667334669338,0.518598284204124
2,sr,0.6853707414829658,0.4988884784212352
2,sr,0.6873747494989979,0.4786040268036384
2,sr,0.68937875751503,0.4580422226693891
2,sr,0.691382765531062,0.43757073464146035
2,sr,0.6933867735470941,0.41759224175073084
2,sr,0.6953907815631262,0.3985056207973485
2,sr,0.6973947895791582,0.3806679379396967
2,sr,0.6993987975951903,0.36436137037882166
2,sr,0.7014028056112224,0.34976855735559664
2,sr,0.7034068136272544,0.3369588346078684
2,sr,0.7054108216432865,0.3258864797957802
2,sr,0.7074148296593186,0.3164006610352037
2,sr,0.7094188376753506,0.30826542164873133
2,sr,0.7114228456913827,0.301186923511057
2,sr,0.7134268537074148,0.2948444445517316
2,sr,0.7154308617234468,0.28892136456093465
2,sr,0.7174348697394789,0.28313259485198267
2,sr,0.719438877755511,0.27724556420738966
2,sr,0.721442885771543,0.27109286204363076
2,sr,0.7234468937875751,0.26457581554072823
2,sr,0.7254509018036072,0.2576594768940352
2,sr,0.7274549098196392,0.25036055994168666
2,sr,0.7294589178356713,0.24273065791835285
2,sr,0.7314629258517034,0.2348375048242606
2,sr,0.7334669338677354,0.2267470746517379
2,sr,0.7354709418837675,0.21850896500220776
2,sr,0.7374749498997996,0.21014685540612535
2,sr,0.7394789579158316,0.20165497587621445
2,sr,0.7414829659318637,0.1930005993089762
2,sr,0.7434869739478958,0.1841317153183693
2,sr,0.7454909819639278,0.1749883682982469
2,sr,0.7474949899799599,0.1655157309162006
2,sr,0.749498997995992,0.1556768743873769
2,sr,0.751503006012024,0.14546338098127734
2,sr,0.7535070140280561,0.1349023724687796
2,sr,0.7555110220440882,0.12405911928772033
2,sr,0.7575150300601202,0.1130350509340731
2,sr,0.7595190380761523,0.10196160974939035
2,sr,0.7615230460921844,0.0909908936466672
2,sr,0.7635270541082164,0.08028436011793905
2,sr,0.7655310621242485,0.07000098799735521
2,sr,0.7675350701402806,0.06028622142201252
2,sr,0.7695390781563125,0.05126278649133449
2,sr,0.7715430861723446,0.04302412850832949
2,sr,0.7735470941883766,0.03563082790314881
2,sr,0.7755511022044087,0.029109975204811084
2,sr,0.7775551102204408,0.02345716800381232
2,sr,0.7795591182364728,0.0186405675099654
2,sr,0.7815631262525049,0.01460633236839175
2,sr,0.783567134268537,0.011284729034096445
2,sr,0.785571142284569,0.0085962840897451
2,sr,0.7875751503006011,0.006457469156746301
2,sr,0.7895791583166332,0.004785565494127253
2,sr,0.7915831663326652,0.0035025169166616158
2,sr,0.7935871743486973,0.002537725414935578
2,sr,0.7955911823647294,0.0018298598493377075
2,sr,0.7975951903807614,0.001327827448163803
2,sr,0.7995991983967935,0.000991099870937397
2,sr,0.8016032064128256,0.0007895941753517102
2,sr,0.8036072144288576,0.000703290790284414
2,sr,0.8056112224448897,0.0007217333310361456
2,sr,0.8076152304609218,0.0008435065150113347
2,sr,0.8096192384769538,0.0010757354972422805
2,sr,0.8116232464929859,0.001433598579985271
2,sr,0.813627254509018,0.0019398004434203631
2,sr,0.81563126252505,0.0026239190233030055
2,sr,0.8176352705410821,0.0035215195366858445
2,sr,0.8196392785571142,0.00467292686710054
2,sr,0.8216432865731462,0.006121564523983667
2,sr,0.8236472945891783,0.007911805134342411
2,sr,0.8256513026052104,0.01008633221372647
2,sr,0.8276553106212424,0.012683081432746499
2,sr,0.8296593186372745,0.015731904502617078
2,sr,0.8316633266533066,0.019251170358219213
2,sr,0.8336673346693386,0.023244575162233196
2,sr,0.8356713426853707,0.02769846347781741
2,sr,0.8376753507014028,0.032579958549864126
2,sr,0.8396793587174348,0.03783615502323696
2,sr,0.8416833667334669,0.04339454362074616
2,sr,0.843687374749499,0.049164722163051684
2,sr,0.845691382765531,0.05504131514836031
2,sr,0.8476953907815631,0.06090789387274597
2,sr,0.8496993987975952,0.06664158128761229
2,sr,0.8517034068136272,0.0721179587353574
2,sr,0.8537074148296593,0.0772158775820744
2,sr,0.8557114228456913,0.08182182075800276
2,sr,0.8577154308617234,0.08583355017582184
2,sr,0.8597194388777555,0.08916289926320473
2,sr,0.8617234468937875,0.09173770218708747
2,sr,0.8637274549098196,0.09350296752524098
2,sr,0.8657314629258517,0.0944214821668246
2,sr,0.8677354709418837,0.09447405712618039
2,sr,0.8697394789579158,0.09365959793891944
2,sr,0.8717434869739479,0.09199510751383964
2,sr,0.8737474949899798,0.08951562790915094
2,sr,0.8757515030060119,0.08627402452003173
2,sr,0.877755511022044,0.08234043699066557
2,sr,0.879759519038076,0.07780118594071664
2,sr,0.8817635270541081,0.07275694383487423
2,sr,0.8837675350701402,0.06732005069848156
2,sr,0.8857715430861722,0.061610968164396915
2,sr,0.8877755511022043,0.0557539972978767
2,sr,0.8897795591182364,0.049872511689062995
2,sr,0.8917835671342684,0.044084053714706826
2,sr,0.8937875751503005,0.03849569102836391
2,sr,0.8957915831663326,0.033200023872084095
2,sr,0.8977955911823646,0.028272173664769355
2,sr,0.8997995991983967,0.023767980702500538
2,sr,0.9018036072144288,0.019723511317469782
2,sr,0.9038076152304608,0.01615584273097215
2,sr,0.9058116232464929,0.013064976088111795
2,sr,0.907815631262525,0.010436639297711601
2,sr,0.909819639278557,0.0082456894001924
2,sr,0.9118236472945891,0.006459810361849758
2,sr,0.9138276553106212,0.005043221408369058
2,sr,0.9158316633266532,0.003960153884944634
2,sr,0.9178356713426853,0.0031779097664197467
2,sr,0.9198396793587174,0.0026693712605560067
2,sr,0.9218436873747494,0.002414879645875643
2,sr,0.9238476953907815,0.0024034373259702764
2,sr,0.9258517034068136,0.002633208920794143
2,sr,0.9278557114228456,0.0031113077714385127
2,sr,0.9298597194388777,0.0038528592221287418
2,sr,0.9318637274549098,0.004879338835214912
2,sr,0.9338677354709418,0.00621619972457857
2,sr,0.9358717434869739,0.00788983430157408
2,sr,0.937875751503006,0.00992396468561843
2,sr,0.939879759519038,0.012335621451332632
2,sr,0.9418837675350701,0.015130946235671097
2,sr,0.9438877755511021,0.01830112962309749
2,sr,0.9458917835671342,0.0218188580550849
2,sr,0.9478957915831663,0.025635677391649205
2,sr,0.9498997995991983,0.029680672598108804
2,sr,0.9519038076152304,0.03386080335073047
2,sr,0.9539078156312625,0.0380631213228795
2,sr,0.9559118236472945,0.04215893212932765
2,sr,0.9579158316633266,0.04600976788342347
2,sr,0.9599198396793587,0.04947482737956214
2,sr,0.9619238476953907,0.05241934746080001
2,sr,0.9639278557114228,0.054723219650406406
2,sr,0.9659318637274549,0.05628908548543885
2,sr,0.9679358717434869,0.05704914893396606
2,sr,0.969939879759519,0.05697003998124675
2,sr,0.9719438877755511,0.056055241918905485
2,sr,0.9739478957915831,0.05434483548493569
2,sr,0.9759519038076151,0.05191258550430799
2,sr,0.9779559118236472,0.04886066474042784
2,sr,0.9799599198396792,0.04531254048694881
2,sr,0.9819639278557113,0.04140471322122629
2,sr,0.9839679358717434,0.03727807500071578
2,sr,0.9859719438877754,0.03306964266478931
2,sr,0.9879759519038075,0.02890532481677473
2,sr,0.9899799599198396,0.02489422057597952
2,sr,0.9919839679358716,0.021124748150647285
2,sr,0.9939879759519037,0.017662691114643685
2,sr,0.9959919839679358,0.014551056783457663
2,sr,0.9979959919839678,0.011811485585765528
2,sr,1.0,0.009446846104629423
2,ec,0.0,2.126539299249084e-24
2,ec,0.004008016032064128,8.376065994251463e-24
2,ec,0.008016032064128256,3.2391197008763236e-23
2,ec,0.012024048096192383,1.2298013045688717e-22
2,ec,0.01603206412825651,4.584213293444845e-22
2,ec,0.02004008016032064,1.67771244821219e-21
2,ec,0.024048096192384766,6.028289118781462e-21
2,ec,0.028056112224448895,2.126647514718454e-20
2,ec,0.03206412825651302,7.365851782952636e-20
2,ec,0.03607214428857715,2.504826597116021e-19
2,ec,0.04008016032064128,8.362976366995171e-19
2,ec,0.044088176352705406,2.7414097721808914e-18
2,ec,0.04809619238476953,8.823042860286736e-18
2,ec,0.052104208416833664,2.7880189737103567e-17
2,ec,0.05611222444889779,8.649831069525285e-17
2,ec,0.06012024048096192,2.634849789329517e-16
2,ec,0.06412825651302605,7.880292136574453e-16
2,ec,0.06813627254509018,2.314030099373174e-15
2,ec,0.0721442885771543,6.671723784216775e-15
2,ec,0.07615230460921843,1.8886511922241838e-14
2,ec,0.08016032064128256,5.249434543320685e-14
2,ec,0.08416833667334668,1.4325933747033755e-13
2,ec,0.08817635270541081,3.8387138467667116e-13
2,ec,0.09218436873747494,1.009959228028823e-12
2,ec,0.09619238476953906,2.609037627470461e-12
2,ec,0.1002004008016032,6.617874564987508e-12
2,ec,0.10420841683366733,1.6482455078540737e-11
2,ec,0.10821643286573146,4.030826990034916e-11
2,ec,0.11222444889779558,9.679194900640768e-11
2,ec,0.11623246492985971,2.282239939175576e-10
2,ec,0.12024048096192384,5.284023926424219e-10
2,ec,0.12424849699398796,1.2013079130732442e-09
2,ec,0.1282565130260521,2.681852838478278e-09
2,ec,0.13226452905811623,5.879113357831516e-09
2,ec,0.13627254509018036,1.2655827750872488e-08
2,ec,0.1402805611222445,2.6753275844925397e-08
2,ec,0.1442885771543086,5.553634090765046e-08
2,ec,0.14829659318637273,1.1321343783049385e-07
2,ec,0.15230460921843686,2.2664493501546757e-07
2,ec,0.156312625250501,4.4558305322315915e-07
2,ec,0.16032064128256512,8.603072920693601e-07
2,ec,0.16432865731462926,1.6312816174308883e-06
2,ec,0.16833667334669336,3.0378283691409893e-06
2,ec,0.1723446893787575,5.55604182357067e-06
2,ec,0.17635270541082163,9.980339068355195e-06
2,ec,0.18036072144288576,1.7608107646831056e-05
2,ec,0.1843687374749499,3.051253893886624e-05
2,ec,0.18837675350701402,5.19342194318034e-05
2,ec,0.19238476953907813,8.682614532535025e-05
2,ec,0.19639278557114226,0.00014258766242211337
2,ec,0.2004008016032064,0.0002300179303774772
2,ec,0.20440881763527052,0.00036450595240615757
2,ec,0.20841683366733466,0.0005674490793227284
2,ec,0.2124248496993988,0.0008678529895976973
2,ec,0.21643286573146292,0.0013040129813748575
2,ec,0.22044088176352702,0.0019251113872153116
2,ec,0.22444889779559116,0.002792495422902983
2,ec,0.2284569138276553,0.003980334875700386
2,ec,0.23246492985971942,0.005575315346871049
2,ec,0.23647294589178355,0.007675019111987547
2,ec,0.24048096192384769,0.01038470125474931
2,ec,0.2444889779559118,0.013812298918207086
2,ec,0.24849699398797592,0.018061722649501736
2,ec,0.25250501002004005,0.023224763126163606
2,ec,0.2565130260521042,0.029372278456754625
2,ec,0.2605210420841683,0.03654566251889146
2,ec,0.26452905811623245,0.04474987389030674
2,ec,0.2685370741482966,0.05394946100127689
2,ec,0.2725450901803607,0.06406899020946144
2,ec,0.27655310621242485,0.07499902691984771
2,ec,0.280561122244489,0.08660832609914414
2,ec,0.28456913827655306,0.0987621906009859
2,ec,0.2885771543086172,0.11134613103156658
2,ec,0.2925851703406813,0.12429312322461951
2,ec,0.29659318637274545,0.1376120411931427
2,ec,0.3006012024048096,0.15141437101934715
2,ec,0.3046092184368737,0.16593617809173078
2,ec,0.30861723446893785,0.18155254505263607
2,ec,0.312625250501002,0.19878229320395
2,ec,0.3166332665330661,0.21828165570990918
2,ec,0.32064128256513025,0.24082655278879278
2,ec,0.3246492985971944,0.2672840798589399
2,ec,0.3286573146292585,0.298574632610712
2,ec,0.33266533066132264,0.33562668042951926
2,ec,0.3366733466933867,0.37932654652404596
2,ec,0.34068136272545085,0.43046570224554326
2,ec,0.344689378757515,0.4896881118516673
2,ec,0.3486973947895791,0.5574401508378626
2,ec,0.35270541082164325,0.6339256124455257
2,ec,0.3567134268537074,0.7190683072690949
2,ec,0.3607214428857715,0.8124846924629655
2,ec,0.36472945891783565,0.9134687531582519
2,ec,0.3687374749498998,1.0209909210151702
2,ec,0.3727454909819639,1.133712122529449
2,ec,0.37675350701402804,1.2500131445895135
2,ec,0.3807615230460922,1.3680385008805511
2,ec,0.38476953907815625,1.4857530374712224
2,ec,0.3887775551102204,1.6010087808020492
2,ec,0.3927855711422845,1.7116190990713909
2,ec,0.39679358717434865,1.815437116605478
2,ec,0.4008016032064128,1.9104353901153568
2,ec,0.4048096192384769,1.9947839627053727
2,ec,0.40881763527054105,2.066923894410275
2,ec,0.4128256513026052,2.1256331392009407
2,ec,0.4168336673346693,2.1700812381327346
2,ec,0.42084168336673344,2.199868907286572
2,ec,0.4248496993987976,2.2150484984853103
2,ec,0.4288577154308617,2.2161217969407185
2,ec,0.43286573146292584,2.2040128984450047
2,ec,0.4368737474949899,2.1800159998848754
2,ec,0.44088176352705405,2.145720627504149
2,ec,0.4448897795591182,2.1029196884099166
2,ec,0.4488977955911823,2.053508203061712
2,ec,0.45290581162324645,1.9993821042070372
2,ec,0.4569138276553106,1.942346664789665
2,ec,0.4609218436873747,1.8840428040375339
2,ec,0.46492985971943884,1.825896897054497
2,ec,0.468937875751503,1.7690962502367196
2,ec,0.4729458917835671,1.714588762165953
2,ec,0.47695390781563124,1.6631021620411355
2,ec,0.48096192384769537,1.615176173519786
2,ec,0.4849699398797595,1.5712003044801786
2,ec,0.4889779559118236,1.5314507084157343
2,ec,0.4929859719438877,1.496121395818603
2,ec,0.49699398797595185,1.4653474768906467
2,ec,0.501002004008016,1.4392204958203336
2,ec,0.5050100200400801,1.4177977438771323
2,ec,0.5090180360721442,1.4011083691868749
2,ec,0.5130260521042084,1.3891590369234446
2,ec,0.5170340681362725,1.381940981302162
2,ec,0.5210420841683366,1.3794388630005128
2,ec,0.5250501002004008,1.3816403263167787
2,ec,0.5290581162324649,1.3885439494943406
2,ec,0.533066132264529,1.400162706235467
2,ec,0.5370741482965932,1.416520254920701
2,ec,0.5410821643286573,1.4376383184297004
2,ec,0.5450901803607214,1.4635149314965639
2,ec,0.5490981963927856,1.4940951251948722
2,ec,0.5531062124248497,1.5292373492254765
2,ec,0.5571142284569138,1.5686802693536785
2,ec,0.561122244488978,1.6120152462076918
2,ec,0.565130260521042,1.6586696302761246
2,ec,0.5691382765531061,1.7079049538643154
2,ec,0.5731462925851702,1.7588322656915045
2,ec,0.5771543086172344,1.8104444797387962
2,ec,0.5811623246492985,1.861663053724857
2,ec,0.5851703406813626,1.9113939972098768
2,ec,0.5891783567134268,1.9585865552770452
2,ec,0.5931863727454909,2.002287259510299
2,ec,0.597194388777555,2.0416825652356367
2,ec,0.6012024048096192,2.0761249753542588
2,ec,0.6052104208416833,2.105140136744777
2,ec,0.6092184368737474,2.1284154469056076
2,ec,0.6132264529058116,2.1457736785397685
2,ec,0.6172344689378757,2.157137470105977
2,ec,0.6212424849699398,2.162491807708638
2,ec,0.625250501002004,2.161851613053231
2,ec,0.6292585170340681,2.1552402849329133
2,ec,0.6332665330661322,2.142682795713157
2,ec,0.6372745490981964,2.1242141780341695
2,ec,0.6412825651302605,2.099901484428723
2,ec,0.6452905811623246,2.069875055687463
2,ec,0.6492985971943888,2.034363542035666
2,ec,0.6533066132264529,1.9937267319323526
2,ec,0.657314629258517,1.9484807950964833
2,ec,0.6613226452905812,1.8993118116011718
2,ec,0.6653306613226453,1.8470751200429198
2,ec,0.6693386773547093,1.7927797534472372
2,ec,0.6733466933867734,1.7375587881377885
2,ec,0.6773547094188376,1.6826276628894306
2,ec,0.6813627254509017,1.6292333986961376
2,ec,0.6853707414829658,1.5785982097817666
2,ec,0.68937875751503,1.53186132341504
2,ec,0.6933867735470941,1.4900229836319383
2,ec,0.6973947895791582,1.4538946178499919
2,ec,0.7014028056112224,1.4240589551753868
2,ec,0.7054108216432865,1.4008434224963686
2,ec,0.7094188376753506,1.3843093298261158
2,ec,0.7134268537074148,1.374258153337455
2,ec,0.7174348697394789,1.3702546762908818
2,ec,0.721442885771543,1.3716649950865412
2,ec,0.7254509018036072,1.3777056695196586
2,ec,0.7294589178356713,1.38749887693726
2,ec,0.7334669338677354,1.4001276027685992
2,ec,0.7374749498997996,1.4146848837600552
2,ec,0.7414829659318637,1.4303120111838614
2,ec,0.7454909819639278,1.4462223336969766
2,ec,0.749498997995992,1.4617096385415456
2,ec,0.7535070140280561,1.476142660010754
2,ec,0.7575150300601202,1.4889496122978614
2,ec,0.7615230460921844,1.4995983250318898
2,ec,0.7655310621242485,1.5075782299305678
2,ec,0.7695390781563125,1.5123899417590423
2,ec,0.7735470941883766,1.5135465575157987
2,ec,0.7775551102204408,1.5105883513173046
2,ec,0.7815631262525049,1.503109731522996
2,ec,0.785571142284569,1.4907946987736156
2,ec,0.7895791583166332,1.4734551173815662
2,ec,0.7935871743486973,1.4510652662081487
2,ec,0.7975951903807614,1.4237865240938798
2,ec,0.8016032064128256,1.39197756760869
2,ec,0.8056112224448897,1.3561877814027135
2,ec,0.8096192384769538,1.317134214698597
2,ec,0.813627254509018,1.275664829503949
2,ec,0.8176352705410821,1.2327125218892623
2,ec,0.8216432865731462,1.1892451772517867
2,ec,0.8256513026052104,1.146216792103461
2,ec,0.8296593186372745,1.1045236311578601
2,ec,0.8336673346693386,1.064967828886514
2,ec,0.8376753507014028,1.0282292018868795
2,ec,0.8416833667334669,0.9948446935159594
2,ec,0.845691382765531,0.9651940870908313
2,ec,0.8496993987975952,0.9394904907771477
2,ec,0.8537074148296593,0.9177745357343604
2,ec,0.8577154308617234,0.8999120263342789
2,ec,0.8617234468937875,0.8855956599397827
2,ec,0.8657314629258517,0.8743521265537106
2,ec,0.8697394789579158,0.865556209640606
2,ec,0.8737474949899798,0.8584533480665475
2,ec,0.877755511022044,0.8521915037801356
2,ec,0.8817635270541081,0.8458622162101656
2,ec,0.8857715430861722,0.8385495701860071
2,ec,0.8897795591182364,0.8293846336907089
2,ec,0.8937875751503005,0.8176018984083161
2,ec,0.8977955911823646,0.8025935174788401
2,ec,0.9018036072144288,0.7839567873640397
2,ec,0.9058116232464929,0.7615304370582252
2,ec,0.909819639278557,0.7354159031939842
2,ec,0.9138276553106212,0.7059808724239571
2,ec,0.9178356713426853,0.6738438932076387
2,ec,0.9218436873747494,0.6398406620079815
2,ec,0.9258517034068136,0.6049744745727667
2,ec,0.9298597194388777,0.5703550570324978
2,ec,0.9338677354709418,0.5371312991068494
2,ec,0.937875751503006,0.5064240826790003
2,ec,0.9418837675350701,0.47926529394265244
2,ec,0.9458917835671342,0.4565482022971512
2,ec,0.9498997995991983,0.43899278970839595
2,ec,0.9539078156312625,0.42712754396644953
2,ec,0.9579158316633266,0.4212869946691871
2,ec,0.9619238476953907,0.4216222100595093
2,ec,0.9659318637274549,0.42811989972258513
2,ec,0.969939879759519,0.4406249217508316
2,ec,0.9739478957915831,0.45886100259753054
2,ec,0.9779559118236472,0.4824453462907751
2,ec,0.9819639278557113,0.5108944149992485
2,ec,0.9859719438877754,0.5436202750024691
2,ec,0.9899799599198396,0.5799192101839161
2,ec,0.9939879759519037,0.6189564533370056
2,ec,0.9979959919839678,0.6597525146530381
2,ec,1.002004008016032,0.70117738160726
2,ec,1.006012024048096,0.7419586045234695
2,ec,1.0100200400801602,0.7807078895270345
2,ec,1.0140280561122244,0.8159683964875339
2,ec,1.0180360721442885,0.8462817765775289
2,ec,1.0220440881763526,0.8702705448935323
2,ec,1.0260521042084167,0.8867282401613564
2,ec,1.0300601202404809,0.8947075619487446
2,ec,1.034068136272545,0.8935957819510778
2,ec,1.0380761523046091,0.8831674763697165
2,ec,1.0420841683366733,0.8636070114821721
2,ec,1.0460921843687374,0.8354969164309032
2,ec,1.0501002004008015,0.7997727144475503
2,ec,1.0541082164328657,0.7576492160791857
2,ec,1.0581162324649298,0.7105269518747154
2,ec,1.062124248496994,0.6598897223827107
2,ec,1.066132264529058,0.6072048173586339
2,ec,1.0701402805611222,0.5538362792613738
2,ec,1.0741482965931863,0.5009789562217465
2,ec,1.0781563126252505,0.44961755195378905
2,ec,1.0821643286573146,0.4005111037051709
2,ec,1.0861723446893787,0.3541999558376925
2,ec,1.0901803607214429,0.31102985364867575
2,ec,1.094188376753507,0.2711865392960274
2,ec,1.0981963927855711,0.23473421354147056
2,ec,1.1022044088176353,0.20165223147828779
2,ec,1.1062124248496994,0.1718660710528553
2,ec,1.1102204408817635,0.14527053259024975
2,ec,1.1142284569138277,0.12174490864906824
2,ec,1.1182364729458918,0.10116121979492894
2,ec,1.122244488977956,0.08338739461200279
2,ec,1.12625250501002,0.068287473306931
2,ec,1.130260521042084,0.055720639825431094
2,ec,1.134268537074148,0.0455403142700544
2,ec,1.1382765531062122,0.03759386391734604
2,ec,1.1422845691382764,0.03172289397433217
2,ec,1.1462925851703405,0.027763683176468396
2,ec,1.1503006012024046,0.0255471928792706
2,ec,1.1543086172344688,0.024898194095418588
2,ec,1.158316633266533,0.025633363890597307
2,ec,1.162324649298597,0.02755860499560346
2,ec,1.1663326653306612,0.030466232079844367
2,ec,1.1703406813627253,0.034132945002556224
2,ec,1.1743486973947894,0.038319599839076526
2,ec,1.1783567134268536,0.042773657486663993
2,ec,1.1823647294589177,0.04723484651343518
2,ec,1.1863727454909818,0.051444073855519884
2,ec,1.190380761523046,0.055155040276643724
2,ec,1.19438877755511,0.058147472306890186
2,ec,1.1983967935871742,0.060240473256073734
2,ec,1.2024048096192383,0.061304306655952066
2,ec,1.2064128256513025,0.06126900202342657
2,ec,1.2104208416833666,0.06012851289373675
2,ec,1.2144288577154307,0.05793970943485762
2,ec,1.2184368737474949,0.05481616172463324
2,ec,1.222444889779559,0.05091735197879561
2,ec,1.2264529058116231,0.04643453179778128
2,ec,1.2304609218436873,0.041574822932559985
2,ec,1.2344689378757514,0.03654529482302369
2,ec,1.2384769539078155,0.03153863343939749
2,ec,1.2424849699398797,0.02672168241624547
2,ec,1.2464929859719438,0.022227661239074374
2,ec,1.250501002004008,0.018152335161421746
2,ec,1.254509018036072,0.014553914800708272
2,ec,1.2585170340681362,0.01145606977816953
2,ec,1.2625250501002003,0.008853192541790714
2,ec,1.2665330661322645,0.006716957053707657
2,ec,1.2705410821643286,0.005003266267419728
2,ec,1.2745490981963927,0.003658836737459012
2,ec,1.2785571142284569,0.0026268834803630297
2,ec,1.282565130260521,0.0018515990394171462
2,ec,1.2865731462925851,0.0012813313169593606
2,ec,1.2905811623246493,0.000870531097987702
2,ec,1.2945891783567134,0.0005806514213866099
2,ec,1.2985971943887775,0.0003802375917758227
2,ec,1.3026052104208417,0.0002444572722135844
2,ec,1.3066132264529058,0.00015429761930432732
2,ec,1.31062124248497,9.56145185041116e-05
2,ec,1.314629258517034,5.8169698461626845e-05
2,ec,1.3186372745490982,3.4743865549552864e-05
2,ec,1.3226452905811623,2.03736017216559e-05
2,ec,1.3266533066132264,1.1729131119217537e-05
2,ec,1.3306613226452906,6.629369464195575e-06
2,ec,1.3346693386773545,3.678637204367026e-06
2,ec,1.3386773547094186,2.004056895736548e-06
2,ec,1.3426853707414828,1.071868451396103e-06
2,ec,1.3466933867735469,5.628352415695237e-07
2,ec,1.350701402805611,2.9015457987535236e-07
2,ec,1.3547094188376752,1.4685405070483655e-07
2,ec,1.3587174348697393,7.29710815985238e-08
2,ec,1.3627254509018034,3.559786812279734e-08
2,ec,1.3667334669338675,1.7049260601626508e-08
2,ec,1.3707414829659317,8.016696854437639e-09
2,ec,1.3747494989979958,3.7007839050348243e-09
2,ec,1.37875751503006,1.677259826453127e-09
2,ec,1.382765531062124,7.463032213218753e-10
2,ec,1.3867735470941882,3.260157942087037e-10
2,ec,1.3907815631262523,1.3982032836981942e-10
2,ec,1.3947895791583165,5.887221121153126e-11
2,ec,1.3987975951903806,2.4336534281920924e-11
2,ec,1.4028056112224447,9.876781986238932e-12
2,ec,1.4068136272545089,3.935324567598467e-12
2,ec,1.410821643286573,1.5394089211949526e-12
2,ec,1.4148296593186371,5.912018635098137e-13
2,ec,1.4188376753507013,2.2290814746638913e-13
2,ec,1.4228456913827654,8.251339260015226e-14
2,ec,1.4268537074148295,2.998688112936924e-14
2,ec,1.4308617234468937,1.0699081735763777e-14
2,ec,1.4348697394789578,3.747745277453416e-15
2,ec,1.438877755511022,1.2888488216768539e-15
2,ec,1.442885771543086,4.351532636414984e-16
2,ec,1.4468937875751502,1.442417106526623e-16
2,ec,1.4509018036072143,4.694051353854684e-17
2,ec,1.4549098196392785,1.4997302858741176e-17
2,ec,1.4589178356713426,4.704211508364283e-18
2,ec,1.4629258517034067,1.4486680143014703e-18
2,ec,1.4669338677354709,4.379850185106528e-19
2,ec,1.470941883767535,1.3000438248290273e-19
2,ec,1.4749498997995991,3.7884807335285415e-20
2,ec,1.4789579158316633,1.0838783117347047e-20
2,ec,1.4829659318637274,3.0444182902121884e-21
2,ec,1.4869739478957915,8.395304865564609e-22
2,ec,1.4909819639278556,2.2728824427475e-22
2,ec,1.4949899799599198,6.041236380938254e-23
2,ec,1.498997995991984,1.5764602961254865e-23
2,ec,1.503006012024048,4.03876513515282e-24
2,ec,1.5070140280561122,1.0158334577239275e-24
2,ec,1.5110220440881763,2.5084461367539957e-25
2,ec,1.5150300601202404,6.081285602625259e-26
2,ec,1.5190380761523046,1.4474193471412705e-26
2,ec,1.5230460921843687,3.382218802882098e-27
2,ec,1.5270541082164328,7.759207726831509e-28
2,ec,1.531062124248497,1.747597484897564e-28
2,ec,1.535070140280561,3.864326349067084e-29
2,ec,1.539078156312625,8.389083833929348e-30
2,ec,1.5430861723446891,1.787983989619647e-30
2,ec,1.5470941883767533,3.7412873870351387e-31
2,ec,1.5511022044088174,7.685760853057769e-32
2,ec,1.5551102204408815,1.5501046433747256e-32
2,ec,1.5591182364729457,3.069329548723477e-33
2,ec,1.5631262525050098,5.966702392080899e-34
2,ec,1.567134268537074,1.1387636238229089e-34
2,ec,1.571142284569138,2.133738276513307e-35
2,ec,1.5751503006012022,3.925157276921389e-36
2,ec,1.5791583166332663,7.088940502569177e-37
2,ec,1.5831663326653305,1.2569382790287766e-37
2,ec,1.5871743486973946,2.1880383350938196e-38
2,ec,1.5911823647294587,3.73942006355105e-39
2,ec,1.5951903807615229,6.2742516572149325e-40
2,ec,1.599198396793587,1.033541613282491e-40
2,ec,1.6032064128256511,1.6714844990426174e-41
2,ec,1.6072144288577153,2.653903288383679e-42
2,ec,1.6112224448897794,4.136911066675967e-43
2,ec,1.6152304609218435,6.331048345382559e-44
2,ec,1.6192384769539077,9.512253772327653e-45
2,ec,1.6232464929859718,1.403135392134e-45
2,ec,1.627254509018036,2.03200177697935e-46
2,ec,1.6312625250501,2.889062522526506e-47
2,ec,1.6352705410821642,4.032720757897296e-48
2,ec,1.6392785571142283,5.526468689874828e-49
2,ec,1.6432865731462925,7.435422135894544e-50
2,ec,1.6472945891783566,9.821366080417726e-51
2,ec,1.6513026052104207,1.2736395051256446e-51
2,ec,1.6553106212424848,1.6215468335226817e-52
2,ec,1.659318637274549,2.0268463380423921e-53
2,ec,1.6633266533066131,2.487256106481521e-54
2,ec,1.6673346693386772,2.996598376725912e-55
2,ec,1.6713426853707414,3.544417948174503e-56
2,ec,1.6753507014028055,4.115945989510757e-57
2,ec,1.6793587174348696,4.6924835663503015e-58
2,ec,1.6833667334669338,5.252235689976021e-59
2,ec,1.687374749498998,5.771570508786591e-60
2,ec,1.691382765531062,6.226617067589445e-61
2,ec,1.6953907815631262,6.595058661998677e-62
2,ec,1.6993987975951903,6.857937471056083e-63
2,ec,1.7034068136272544,7.00126848208212e-64
2,ec,1.7074148296593186,7.0172717657391765e-65
2,ec,1.7114228456913827,6.90507203194378e-66
2,ec,1.7154308617234468,6.670777934095973e-67
2,ec,1.719438877755511,6.326931123202598e-68
2,ec,1.723446893787575,5.891394198565091e-69
2,ec,1.7274549098196392,5.3858147560385415e-70
2,ec,1.7314629258517034,4.833849158141341e-71
2,ec,1.7354709418837675,4.259348044743541e-72
2,ec,1.7394789579158316,3.684694763914092e-73
2,ec,1.7434869739478958,3.129451738050723e-74
2,ec,1.7474949899799597,2.609416188831079e-75
2,ec,1.7515030060120238,2.1361256725818705e-76
2,ec,1.755511022044088,1.7167956318969703e-77
2,ec,1.759519038076152,1.3546239593282657e-78
2,ec,1.7635270541082162,1.0493666526563482e-79
2,ec,1.7675350701402803,7.980757559135794e-81
2,ec,1.7715430861723445,5.958944355781049e-82
2,ec,1.7755511022044086,4.3682038281994844e-83
2,ec,1.7795591182364727,3.1437269143996417e-84
2,ec,1.7835671342685369,2.2212379474263686e-85
2,ec,1.787575150300601,1.5408263911353678e-86
2,ec,1.7915831663326651,1.0493507698877625e-87
2,ec,1.7955911823647293,7.01610396129247e-89
2,ec,1.7995991983967934,4.605530880772375e-90
2,ec,1.8036072144288575,2.9680535668637246e-91
2,ec,1.8076152304609217,1.8778985379594895e-92
2,ec,1.8116232464929858,1.1664895859437747e-93
2,ec,1.81563126252505,7.113739555481601e-95
2,ec,1.819639278557114,4.259154644614947e-96
2,ec,1.8236472945891782,2.5035554229837055e-97
2,ec,1.8276553106212423,1.444772159249872e-98
2,ec,1.8316633266533064,8.185587801660774e-100
2,ec,1.8356713426853706,4.553116171319623e-101
2,ec,1.8396793587174347,2.486428324077017e-102
2,ec,1.8436873747494988,1.333065566072267e-103
2,ec,1.847695390781563,7.016740729569474e-105
2,ec,1.851703406813627,3.6259991803641193e-106
2,ec,1.8557114228456912,1.839620864771093e-107
2,ec,1.8597194388777554,9.162991943313548e-109
2,ec,1.8637274549098195,4.4807904677466166e-110
2,ec,1.8677354709418836,2.1511976749090307e-111
2,ec,1.8717434869739478,1.0139449040780999e-112
2,ec,1.875751503006012,4.691986424838033e-114
2,ec,1.879759519038076,2.1316087287206293e-115
2,ec,1.8837675350701402,9.507505515138976e-117
2,ec,1.8877755511022043,4.163264804352841e-118
2,ec,1.8917835671342684,1.789821979767429e-119
2,ec,1.8957915831663326,7.554295901747652e-121
2,ec,1.8997995991983967,3.130303884682151e-122
2,ec,1.9038076152304608,1.273466020223193e-123
2,ec,1.907815631262525,5.086236793969486e-125
2,ec,1.911823647294589,1.9944086187455906e-126
2,ec,1.9158316633266532,7.677857763521905e-128
2,ec,1.9198396793587174,2.9018458295839514e-129
2,ec,1.9238476953907815,1.0767551593013607e-130
2,ec,1.9278557114228456,3.922545052597192e-132
2,ec,1.9318637274549098,1.4029017999289326e-133
2,ec,1.9358717434869739,4.926006237759823e-135
2,ec,1.939879759519038,1.6981302383613577e-136
2,ec,1.9438877755511021,5.747187770161625e-138
2,ec,1.9478957915831663,1.909625170911102e-139
2,ec,1.9519038076152302,6.229443160250669e-141
2,ec,1.9559118236472943,1.9950724777928872e-142
2,ec,1.9599198396793585,6.273017231969868e-144
2,ec,1.9639278557114226,1.9364337197924504e-145
2,ec,1.9679358717434867,5.868635623944245e-147
2,ec,1.9719438877755509,1.7461438053033403e-148
2,ec,1.975951903807615,5.100716930392999e-150
2,ec,1.9799599198396791,1.462819666879117e-151
2,ec,1.9839679358717432,4.118686266130968e-153
2,ec,1.9879759519038074,1.1385051135651302e-154
2,ec,1.9919839679358715,3.0897234752057204e-156
2,ec,1.9959919839679356,8.232137060396891e-158
2,ec,2.0,2.1533465336223146e-159
3,clust,0.0,8.756746169907523e-25
3,clust,0.0014028056112224449,8.886352031851316e-23
3,clust,0.0028056112224448897,7.340751289285184e-21
3,clust,0.004208416833667334,4.936211396931948e-19
3,clust,0.0056112224448897794,2.7019868798942374e-17
3,clust,0.0070140280561122245,1.2039514358677388e-15
3,clust,0.008416833667334669,4.366876963363727e-14
3,clust,0.009819639278557115,1.2893452086742408e-12
3,clust,0.011222444889779559,3.098872924863511e-11
3,clust,0.012625250501002003,6.062820449547341e-10
3,clust,0.014028056112224449,9.655665659636496e-09
3,clust,0.015430861723446893,1.2517763948500828e-07
3,clust,0.016833667334669337,1.3210200064381516e-06
3,clust,0.01823647294589178,1.1348348799503495e-05
3,clust,0.01963927855711423,7.936017806217575e-05
3,clust,0.021042084168336674,0.00045178683789606327
3,clust,0.022444889779559118,0.002093916742749164
3,clust,0.023847695390781562,0.007902426961222455
3,clust,0.025250501002004006,0.024295564617797357
3,clust,0.026653306613226454,0.06091270553897749
3,clust,0.028056112224448898,0.12484081895270735
3,clust,0.029458917835671342,0.21033410525749965
3,clust,0.030861723446893786,0.29499699000641244
3,clust,0.032264529058116234,0.35349203647530425
3,clust,0.033667334669338675,0.37881979669781485
3,clust,0.03507014028056112,0.38421668121521196
3,clust,0.03647294589178356,0.3803784904470487
3,clust,0.03787575150300601,0.3596376221829668
3,clust,0.03927855711422846,0.31203261000414445
3,clust,0.0406813627254509,0.25404503333229095
3,clust,0.04208416833667335,0.23548362825320776
3,clust,0.04348697394789579,0.3181479477093014
3,clust,0.044889779559118236,0.5413023224012415
3,clust,0.04629258517034068,0.8881934427285527
3,clust,0.047695390781563124,1.2751119511977078
3,clust,0.04909819639278557,1.5884009244354298
3,clust,0.05050100200400801,1.7546541399448168
3,clust,0.05190380761523046,1.781808785950495
3,clust,0.05330661322645291,1.736507522935575
3,clust,0.05470941883767535,1.6981271701168044
3,clust,0.056112224448897796,1.737432302871669
3,clust,0.05751503006012024,1.9065474748426385
3,clust,0.058917835671342685,2.2133063891806968
3,clust,0.06032064128256513,2.6083411732115396
3,clust,0.06172344689378757,3.026427185005808
3,clust,0.06312625250501001,3.4512308852887017
3,clust,0.06452905811623247,3.9220346833762267
3,clust,0.06593186372745491,4.46315480341576
3,clust,0.06733466933867735,5.020902937775604
3,clust,0.0687374749498998,5.500136687559387
3,clust,0.07014028056112225,5.876184207377854
3,clust,0.07154308617234469,6.245959894075747
3,clust,0.07294589178356713,6.7344085454469
3,clust,0.07434869739478958,7.3647618066826155
3,clust,0.07575150300601202,8.075365746980951
3,clust,0.07715430861723446,8.878455571373047
3,clust,0.07855711422845692,9.9466413100179
3,clust,0.07995991983967936,11.471537509429243
3,clust,0.0813627254509018,13.40308262048966
3,clust,0.08276553106212425,15.35475439626494
3,clust,0.0841683366733467,16.843009529352717
3,clust,0.08557114228456913,17.67845393729344
3,clust,0.08697394789579158,18.111472077767257
3,clust,0.08837675350701403,18.578215782359283
3,clust,0.08977955911823647,19.334814448058797
3,clust,0.09118236472945891,20.333215150969856
3,clust,0.09258517034068137,21.34817748922722
3,clust,0.09398797595190381,22.13794625879017
3,clust,0.09539078156312625,22.538532959350288
3,clust,0.09679358717434869,22.52836602810809
3,clust,0.09819639278557114,22.244812598850732
3,clust,0.09959919839679358,21.899820637797497
3,clust,0.10100200400801602,21.649130155414106
3,clust,0.10240480961923848,21.50959651748655
3,clust,0.10380761523046092,21.3356662626783
3,clust,0.10521042084168336,20.86176141366787
3,clust,0.10661322645290582,19.86024904627291
3,clust,0.10801603206412826,18.345748725199122
3,clust,0.1094188376753507,16.618470275339266
3,clust,0.11082164328657314,15.069941194016682
3,clust,0.11222444889779559,13.93019269971419
3,clust,0.11362725450901803,13.169782000475056
3,clust,0.11503006012024047,12.590264033373037
3,clust,0.11643286573146293,11.98976829843249
3,clust,0.11783567134268537,11.274508756139198
3,clust,0.11923847695390781,10.457771390128618
3,clust,0.12064128256513026,9.587791747830641
3,clust,0.1220440881763527,8.69565503130943
3,clust,0.12344689378757515,7.807494267898325
3,clust,0.12484969939879759,6.979428037340779
3,clust,0.12625250501002003,6.28394895708507
3,clust,0.1276553106212425,5.742336790567083
3,clust,0.12905811623246494,5.288438092732486
3,clust,0.13046092184368738,4.8313957217785415
3,clust,0.13186372745490982,4.357334268940902
3,clust,0.13326653306613226,3.9469421210968894
3,clust,0.1346693386773547,3.681782317415979
3,clust,0.13607214428857714,3.5391396643367283
3,clust,0.1374749498997996,3.3826520209220736
3,clust,0.13887775551102205,3.059403725959535
3,clust,0.1402805611222445,2.5215228761793416
3,clust,0.14168336673346693,1.8701376446624887
3,clust,0.14308617234468937,1.283000765954647
3,clust,0.1444889779559118,0.8892196384019424
3,clust,0.14589178356713425,0.698870820828974
3,clust,0.14729458917835672,0.6326250298316212
3,clust,0.14869739478957916,0.601658456571021
3,clust,0.1501002004008016,0.5622945538084919
3,clust,0.15150300601202404,0.5155545063943234
3,clust,0.15290581162324648,0.475326919414852
3,clust,0.15430861723446893,0.44794589842054905
3,clust,0.15571142284569137,0.44165849147649333
3,clust,0.15711422845691383,0.4798682652514541
3,clust,0.15851703406813628,0.5835453079817229
3,clust,0.15991983967935872,0.7358536994631645
3,clust,0.16132264529058116,0.879535659935726
3,clust,0.1627254509018036,0.9616833545851255
3,clust,0.16412825651302604,0.9752013068957427
3,clust,0.1655310621242485,0.9465112573631194
3,clust,0.16693386773547095,0.8902632315283088
3,clust,0.1683366733466934,0.79539835391609
3,clust,0.16973947895791583,0.6594918569143022
3,clust,0.17114228456913827,0.5170162764774255
3,clust,0.1725450901803607,0.41557644328493926
3,clust,0.17394789579158315,0.36834392949885714
3,clust,0.17535070140280562,0.34302194477893067
3,clust,0.17675350701402806,0.298498389733791
3,clust,0.1781563126252505,0.2236982768975354
3,clust,0.17955911823647294,0.13925157309957334
3,clust,0.18096192384769538,0.07105208533983262
3,clust,0.18236472945891782,0.02958014854502652
3,clust,0.18376753507014026,0.01003225313444853
3,clust,0.18517034068136273,0.0027704224304481375
3,clust,0.18657314629258517,0.0006228272007565141
3,clust,0.18797595190380761,0.00011398246229865455
3,clust,0.18937875751503006,1.698044113354484e-05
3,clust,0.1907815631262525,2.0591954006014433e-06
3,clust,0.19218436873747494,2.032744836653655e-07
3,clust,0.19358717434869738,1.6334452228117217e-08
3,clust,0.19498997995991985,1.068470607753579e-09
3,clust,0.1963927855711423,5.689273937190236e-11
3,clust,0.19779559118236473,2.4659675667362747e-12
3,clust,0.19919839679358717,8.700698516829468e-14
3,clust,0.2006012024048096,2.4989474554654814e-15
3,clust,0.20200400801603205,5.842468398345054e-17
3,clust,0.20340681362725452,1.111915701160087e-18
3,clust,0.20480961923847696,1.722596645028218e-20
3,clust,0.2062124248496994,2.1723588846608143e-22
3,clust,0.20761523046092184,2.2300561347636136e-24
3,clust,0.20901803607214428,1.86352944461541e-26
3,clust,0.21042084168336672,1.2676313359721366e-28
3,clust,0.21182364729458916,7.019172522845045e-31
3,clust,0.21322645290581163,3.16384435863495e-33
3,clust,0.21462925851703407,1.1608618736712153e-35
3,clust,0.2160320641282565,3.4672266187732435e-38
3,clust,0.21743486973947895,8.429855917930822e-41
3,clust,0.2188376753507014,1.6683774784941683e-43
3,clust,0.22024048096192383,2.687848144971651e-46
3,clust,0.22164328657314628,3.524937185079881e-49
3,clust,0.22304609218436874,3.7630005247369736e-52
3,clust,0.22444889779559118,3.2700426634239185e-55
3,clust,0.22585170340681363,2.313176662294815e-58
3,clust,0.22725450901803607,1.3319883566193194e-61
3,clust,0.2286573146292585,6.243502619773022e-65
3,clust,0.23006012024048095,2.382277841994121e-68
3,clust,0.2314629258517034,7.399336319319441e-72
3,clust,0.23286573146292586,1.8708086408830037e-75
3,clust,0.2342685370741483,3.8503677400475485e-79
3,clust,0.23567134268537074,6.450766116383692e-83
3,clust,0.23707414829659318,8.797446318047992e-87
3,clust,0.23847695390781562,9.766482991902413e-91
3,clust,0.23987975951903806,8.825839267526835e-95
3,clust,0.24128256513026053,6.492471818203509e-99
3,clust,0.24268537074148297,3.8877683117188177e-103
3,clust,0.2440881763527054,1.8950772643583895e-107
3,clust,0.24549098196392785,7.519512927456899e-112
3,clust,0.2468937875751503,2.4287831572773834e-116
3,clust,0.24829659318637273,6.385928006160284e-121
3,clust,0.24969939879759517,1.3667703121902454e-125
3,clust,0.25110220440881764,2.381240711182248e-130
3,clust,0.25250501002004005,3.377126309856651e-135
3,clust,0.2539078156312625,3.8987694362949945e-140
3,clust,0.255310621242485,3.663903651933296e-145
3,clust,0.2567134268537074,2.8028301453557097e-150
3,clust,0.2581162324649299,1.7453629723467982e-155
3,clust,0.2595190380761523,8.847304604704117e-161
3,clust,0.26092184368737475,3.6506688894338964e-166
3,clust,0.26232464929859717,1.2262249629011072e-171
3,clust,0.26372745490981964,3.352772645380617e-177
3,clust,0.2651302605210421,7.462327400463332e-183
3,clust,0.2665330661322645,1.3520125946092793e-188
3,clust,0.267935871743487,1.9939920320913702e-194
3,clust,0.2693386773547094,2.3938798166122107e-200
3,clust,0.27074148296593187,2.339470164315935e-206
3,clust,0.2721442885771543,1.861096626985823e-212
3,clust,0.27354709418837675,1.2051929329395434e-218
3,clust,0.2749498997995992,6.353023678414364e-225
3,clust,0.27635270541082163,2.726092669166778e-231
3,clust,0.2777555110220441,9.522193424524624e-238
3,clust,0.2791583166332665,2.707507239204151e-244
3,clust,0.280561122244489,6.266694121119963e-251
3,clust,0.2819639278557114,1.1807110050015302e-257
3,clust,0.28336673346693386,1.8108603864495736e-264
3,clust,0.28476953907815633,2.2608022093569725e-271
3,clust,0.28617234468937874,2.2976105286595534e-278
3,clust,0.2875751503006012,1.900756567517483e-285
3,clust,0.2889779559118236,1.2800084305356965e-292
3,clust,0.2903807615230461,7.016740311300166e-300
3,clust,0.2917835671342685,3.131080406517583e-307
3,clust,0.293186372745491,1.137337295e-314
3,clust,0.29458917835671344,3.36e-322
3,clust,0.29599198396793586,0.0
3,clust,0.2973947895791583,0.0
3,clust,0.29879759519038074,0.0
3,clust,0.3002004008016032,0.0
3,clust,0.3016032064128256,0.0
3,clust,0.3030060120240481,0.0
3,clust,0.30440881763527056,0.0
3,clust,0.30581162324649297,0.0
3,clust,0.30721442885771544,0.0
3,clust,0.30861723446893785,0.0
3,clust,0.3100200400801603,0.0
3,clust,0.31142284569138273,0.0
3,clust,0.3128256513026052,0.0
3,clust,0.31422845691382767,0.0
3,clust,0.3156312625250501,0.0
3,clust,0.31703406813627255,0.0
3,clust,0.31843687374749496,0.0
3,clust,0.31983967935871743,0.0
3,clust,0.32124248496993985,0.0
3,clust,0.3226452905811623,0.0
3,clust,0.3240480961923848,0.0
3,clust,0.3254509018036072,0.0
3,clust,0.32685370741482966,0.0
3,clust,0.3282565130260521,0.0
3,clust,0.32965931863727455,0.0
3,clust,0.331062124248497,0.0
3,clust,0.3324649298597194,0.0
3,clust,0.3338677354709419,0.0
3,clust,0.3352705410821643,0.0
3,clust,0.3366733466933868,0.0
3,clust,0.3380761523046092,0.0
3,clust,0.33947895791583166,0.0
3,clust,0.3408817635270541,0.0
3,clust,0.34228456913827654,0.0
3,clust,0.343687374749499,0.0
3,clust,0.3450901803607214,0.0
3,clust,0.3464929859719439,0.0
3,clust,0.3478957915831663,0.0
3,clust,0.34929859719438877,0.0
3,clust,0.35070140280561124,0.0
3,clust,0.35210420841683365,0.0
3,clust,0.3535070140280561,0.0
3,clust,0.35490981963927853,0.0
3,clust,0.356312625250501,0.0
3,clust,0.3577154308617234,0.0
3,clust,0.3591182364729459,0.0
3,clust,0.36052104208416835,0.0
3,clust,0.36192384769539077,0.0
3,clust,0.36332665330661323,0.0
3,clust,0.36472945891783565,0.0
3,clust,0.3661322645290581,0.0
3,clust,0.36753507014028053,0.0
3,clust,0.368937875751503,0.0
3,clust,0.37034068136272547,0.0
3,clust,0.3717434869739479,0.0
3,clust,0.37314629258517035,0.0
3,clust,0.37454909819639276,0.0
3,clust,0.37595190380761523,0.0
3,clust,0.37735470941883764,0.0
3,clust,0.3787575150300601,0.0
3,clust,0.3801603206412826,0.0
3,clust,0.381563126252505,0.0
3,clust,0.38296593186372746,0.0
3,clust,0.3843687374749499,0.0
3,clust,0.38577154308617234,0.0
3,clust,0.38717434869739475,0.0
3,clust,0.3885771543086172,0.0
3,clust,0.3899799599198397,0.0
3,clust,0.3913827655310621,0.0
3,clust,0.3927855711422846,0.0
3,clust,0.394188376753507,0.0
3,clust,0.39559118236472945,0.0
3,clust,0.3969939879759519,0.0
3,clust,0.39839679358717434,0.0
3,clust,0.3997995991983968,0.0
3,clust,0.4012024048096192,0.0
3,clust,0.4026052104208417,0.0
3,clust,0.4040080160320641,0.0
3,clust,0.40541082164328657,0.0
3,clust,0.40681362725450904,0.0
3,clust,0.40821643286573145,0.0
3,clust,0.4096192384769539,0.0
3,clust,0.41102204408817633,0.0
3,clust,0.4124248496993988,0.0
3,clust,0.4138276553106212,0.0
3,clust,0.4152304609218437,0.0
3,clust,0.41663326653306615,0.0
3,clust,0.41803607214428856,0.0
3,clust,0.41943887775551103,0.0
3,clust,0.42084168336673344,0.0
3,clust,0.4222444889779559,0.0
3,clust,0.4236472945891783,0.0
3,clust,0.4250501002004008,0.0
3,clust,0.42645290581162326,0.0
3,clust,0.4278557114228457,0.0
3,clust,0.42925851703406814,0.0
3,clust,0.43066132264529056,0.0
3,clust,0.432064128256513,0.0
3,clust,0.43346693386773544,0.0
3,clust,0.4348697394789579,0.0
3,clust,0.4362725450901804,0.0
3,clust,0.4376753507014028,0.0
3,clust,0.43907815631262526,0.0
3,clust,0.44048096192384767,0.0
3,clust,0.44188376753507014,0.0
3,clust,0.44328657314629255,0.0
3,clust,0.444689378757515,0.0
3,clust,0.4460921843687375,0.0
3,clust,0.4474949899799599,0.0
3,clust,0.44889779559118237,0.0
3,clust,0.4503006012024048,0.0
3,clust,0.45170340681362725,0.0
3,clust,0.45310621242484966,0.0
3,clust,0.45450901803607213,0.0
3,clust,0.4559118236472946,0.0
3,clust,0.457314629258517,0.0
3,clust,0.4587174348697395,0.0
3,clust,0.4601202404809619,0.0
3,clust,0.46152304609218436,0.0
3,clust,0.4629258517034068,0.0
3,clust,0.46432865731462925,0.0
3,clust,0.4657314629258517,0.0
3,clust,0.4671342685370741,0.0
3,clust,0.4685370741482966,0.0
3,clust,0.469939879759519,0.0
3,clust,0.4713426853707415,0.0
3,clust,0.47274549098196395,0.0
3,clust,0.47414829659318636,0.0
3,clust,0.4755511022044088,0.0
3,clust,0.47695390781563124,0.0
3,clust,0.4783567134268537,0.0
3,clust,0.4797595190380761,0.0
3,clust,0.4811623246492986,0.0
3,clust,0.48256513026052106,0.0
3,clust,0.48396793587174347,0.0
3,clust,0.48537074148296594,0.0
3,clust,0.48677354709418835,0.0
3,clust,0.4881763527054108,0.0
3,clust,0.48957915831663323,0.0
3,clust,0.4909819639278557,0.0
3,clust,0.49238476953907817,0.0
3,clust,0.4937875751503006,0.0
3,clust,0.49519038076152305,0.0
3,clust,0.49659318637274547,0.0
3,clust,0.49799599198396793,0.0
3,clust,0.49939879759519035,0.0
3,clust,0.5008016032064128,0.0
3,clust,0.5022044088176353,0.0
3,clust,0.5036072144288577,0.0
3,clust,0.5050100200400801,0.0
3,clust,0.5064128256513026,0.0
3,clust,0.507815631262525,0.0
3,clust,0.5092184368737475,0.0
3,clust,0.51062124248497,0.0
3,clust,0.5120240480961924,0.0
3,clust,0.5134268537074148,0.0
3,clust,0.5148296593186372,0.0
3,clust,0.5162324649298597,0.0
3,clust,0.5176352705410822,0.0
3,clust,0.5190380761523046,0.0
3,clust,0.5204408817635271,0.0
3,clust,0.5218436873747495,0.0
3,clust,0.5232464929859719,0.0
3,clust,0.5246492985971943,0.0
3,clust,0.5260521042084169,0.0
3,clust,0.5274549098196393,0.0
3,clust,0.5288577154308617,0.0
3,clust,0.5302605210420842,0.0
3,clust,0.5316633266533066,0.0
3,clust,0.533066132264529,0.0
3,clust,0.5344689378757514,0.0
3,clust,0.535871743486974,0.0
3,clust,0.5372745490981964,0.0
3,clust,0.5386773547094188,0.0
3,clust,0.5400801603206413,0.0
3,clust,0.5414829659318637,0.0
3,clust,0.5428857715430861,0.0
3,clust,0.5442885771543086,0.0
3,clust,0.5456913827655311,0.0
3,clust,0.5470941883767535,0.0
3,clust,0.5484969939879759,0.0
3,clust,0.5498997995991984,0.0
3,clust,0.5513026052104208,0.0
3,clust,0.5527054108216433,0.0
3,clust,0.5541082164328657,0.0
3,clust,0.5555110220440882,0.0
3,clust,0.5569138276553106,0.0
3,clust,0.558316633266533,0.0
3,clust,0.5597194388777555,0.0
3,clust,0.561122244488978,0.0
3,clust,0.5625250501002004,0.0
3,clust,0.5639278557114228,0.0
3,clust,0.5653306613226453,0.0
3,clust,0.5667334669338677,0.0
3,clust,0.5681362725450901,0.0
3,clust,0.5695390781563127,0.0
3,clust,0.5709418837675351,0.0
3,clust,0.5723446893787575,0.0
3,clust,0.5737474949899799,0.0
3,clust,0.5751503006012024,0.0
3,clust,0.5765531062124248,0.0
3,clust,0.5779559118236473,0.0
3,clust,0.5793587174348698,0.0
3,clust,0.5807615230460922,0.0
3,clust,0.5821643286573146,0.0
3,clust,0.583567134268537,0.0
3,clust,0.5849699398797595,0.0
3,clust,0.586372745490982,0.0
3,clust,0.5877755511022044,0.0
3,clust,0.5891783567134269,0.0
3,clust,0.5905811623246493,0.0
3,clust,0.5919839679358717,0.0
3,clust,0.5933867735470941,0.0
3,clust,0.5947895791583167,0.0
3,clust,0.5961923847695391,0.0
3,clust,0.5975951903807615,0.0
3,clust,0.598997995991984,0.0
3,clust,0.6004008016032064,0.0
3,clust,0.6018036072144288,0.0
3,clust,0.6032064128256512,0.0
3,clust,0.6046092184368738,0.0
3,clust,0.6060120240480962,0.0
3,clust,0.6074148296593186,0.0
3,clust,0.6088176352705411,0.0
3,clust,0.6102204408817635,0.0
3,clust,0.6116232464929859,0.0
3,clust,0.6130260521042084,0.0
3,clust,0.6144288577154309,0.0
3,clust,0.6158316633266533,0.0
3,clust,0.6172344689378757,0.0
3,clust,0.6186372745490982,0.0
3,clust,0.6200400801603206,0.0
3,clust,0.621442885771543,0.0
3,clust,0.6228456913827655,0.0
3,clust,0.624248496993988,0.0
3,clust,0.6256513026052104,0.0
3,clust,0.6270541082164328,0.0
3,clust,0.6284569138276553,0.0
3,clust,0.6298597194388778,0.0
3,clust,0.6312625250501002,0.0
3,clust,0.6326653306613226,0.0
3,clust,0.6340681362725451,0.0
3,clust,0.6354709418837675,0.0
3,clust,0.6368737474949899,0.0
3,clust,0.6382765531062125,0.0
3,clust,0.6396793587174349,0.0
3,clust,0.6410821643286573,0.0
3,clust,0.6424849699398797,0.0
3,clust,0.6438877755511022,0.0
3,clust,0.6452905811623246,0.0
3,clust,0.646693386773547,0.0
3,clust,0.6480961923847696,0.0
3,clust,0.649498997995992,0.0
3,clust,0.6509018036072144,0.0
3,clust,0.6523046092184369,0.0
3,clust,0.6537074148296593,0.0
3,clust,0.6551102204408817,0.0
3,clust,0.6565130260521042,0.0
3,clust,0.6579158316633267,0.0
3,clust,0.6593186372745491,0.0
3,clust,0.6607214428857715,0.0
3,clust,0.662124248496994,0.0
3,clust,0.6635270541082164,0.0
3,clust,0.6649298597194389,0.0
3,clust,0.6663326653306613,0.0
3,clust,0.6677354709418838,0.0
3,clust,0.6691382765531062,0.0
3,clust,0.6705410821643286,0.0
3,clust,0.6719438877755511,0.0
3,clust,0.6733466933867736,0.0
3,clust,0.674749498997996,0.0
3,clust,0.6761523046092184,0.0
3,clust,0.6775551102204409,0.0
3,clust,0.6789579158316633,0.0
3,clust,0.6803607214428857,0.0
3,clust,0.6817635270541083,0.0
3,clust,0.6831663326653307,0.0
3,clust,0.6845691382765531,0.0
3,clust,0.6859719438877755,0.0
3,clust,0.687374749498998,0.0
3,clust,0.6887775551102204,0.0
3,clust,0.6901803607214428,0.0
3,clust,0.6915831663326654,0.0
3,clust,0.6929859719438878,0.0
3,clust,0.6943887775551102,0.0
3,clust,0.6957915831663326,0.0
3,clust,0.6971943887775551,0.0
3,clust,0.6985971943887775,0.0
3,clust,0.7,0.0
3,sr,0.0,0.11431591358475124
3,sr,0.002004008016032064,0.11401876433721238
3,sr,0.004008016032064128,0.11228670729621254
3,sr,0.0060120240480961915,0.10925627456471955
3,sr,0.008016032064128256,0.10512646146138585
3,sr,0.01002004008016032,0.10014575644300586
3,sr,0.012024048096192383,0.09459563617370248
3,sr,0.014028056112224447,0.08877189420435756
3,sr,0.01603206412825651,0.08296532765766881
3,sr,0.018036072144288574,0.07744330951179701
3,sr,0.02004008016032064,0.07243363564412617
3,sr,0.022044088176352703,0.06811178186572711
3,sr,0.024048096192384766,0.06459237227515706
3,sr,0.026052104208416832,0.06192528520766004
3,sr,0.028056112224448895,0.06009644360905689
3,sr,0.03006012024048096,0.059032983776490834
3,sr,0.03206412825651302,0.05861219345009515
3,sr,0.03406813627254509,0.058673372973475524
3,sr,0.03607214428857715,0.059031610962622445
3,sr,0.038076152304609215,0.05949238299009427
3,sr,0.04008016032064128,0.05986587884520533
3,sr,0.04208416833667334,0.0599800383939395
3,sr,0.044088176352705406,0.05969142187058377
3,sr,0.04609218436873747,0.05889324731480642
3,sr,0.04809619238476953,0.057520180698113564
3,sr,0.0501002004008016,0.05554974307396675
3,sr,0.052104208416833664,0.05300048000135446
3,sr,0.05410821643286573,0.049927295983428654
3,sr,0.05611222444889779,0.04641456646038231
3,sr,0.058116232464929855,0.0425677823158937
3,sr,0.06012024048096192,0.03850454474252087
3,sr,0.06212424849699398,0.03434570895084692
3,sr,0.06412825651302605,0.03020738077960738
3,sr,0.06613226452905811,0.026194316685910574
3,sr,0.06813627254509018,0.022395086968460817
3,sr,0.07014028056112225,0.01887915923806652
3,sr,0.0721442885771543,0.01569586796867206
3,sr,0.07414829659318636,0.012875076066347605
3,sr,0.07615230460921843,0.010429218852027867
3,sr,0.0781563126252505,0.008356355130478922
3,sr,0.08016032064128256,0.006643832240115265
3,sr,0.08216432865731463,0.005272194317681484
3,sr,0.08416833667334668,0.00421901380883595
3,sr,0.08617234468937875,0.003462392435996408
3,sr,0.08817635270541081,0.002983947186179058
3,sr,0.09018036072144288,0.002771159847177718
3,sr,0.09218436873747494,0.0028190193958614806
3,sr,0.09418837675350701,0.0031309234018811307
3,sr,0.09619238476953906,0.003718829510213076
3,sr,0.09819639278557113,0.004602665665747014
3,sr,0.1002004008016032,0.005809024038107348
3,sr,0.10220440881763526,0.0073691844017562055
3,sr,0.10420841683366733,0.00931654219181287
3,sr,0.1062124248496994,0.011683555963424946
3,sr,0.10821643286573146,0.014498376452267887
3,sr,0.11022044088176351,0.017781369310318124
3,sr,0.11222444889779558,0.021541787523084416
3,sr,0.11422845691382764,0.02577487769636697
3,sr,0.11623246492985971,0.03045970740932427
3,sr,0.11823647294589178,0.03555797166852543
3,sr,0.12024048096192384,0.04101397245972096
3,sr,0.1222444889779559,0.046755869348897
3,sr,0.12424849699398796,0.05269817981567774
3,sr,0.12625250501002003,0.058745379408368756
3,sr,0.1282565130260521,0.06479633098040985
3,sr,0.13026052104208416,0.07074917671531517
3,sr,0.13226452905811623,0.07650627119404901
3,sr,0.1342685370741483,0.0819787277134205
3,sr,0.13627254509018036,0.08709019530791473
3,sr,0.13827655310621242,0.09177957437557709
3,sr,0.1402805611222445,0.09600250141204972
3,sr,0.14228456913827653,0.09973157046168055
3,sr,0.1442885771543086,0.10295539145079205
3,sr,0.14629258517034066,0.10567669647481504
3,sr,0.14829659318637273,0.1079097819600666
3,sr,0.1503006012024048,0.10967761127071438
3,sr,0.15230460921843686,0.11100889905919757
3,sr,0.15430861723446893,0.11193546102148008
3,sr,0.156312625250501,0.11249004958200538
3,sr,0.15831663326653306,0.11270481740245776
3,sr,0.16032064128256512,0.11261046588531382
3,sr,0.1623246492985972,0.11223605291081494
3,sr,0.16432865731462926,0.11160935925261033
3,sr,0.16633266533066132,0.11075765188637052
3,sr,0.16833667334669336,0.10970863996410503
3,sr,0.17034068136272543,0.10849140089978662
3,sr,0.1723446893787575,0.10713706470159856
3,sr,0.17434869739478956,0.10567908748817695
3,sr,0.17635270541082163,0.10415301942164873
3,sr,0.1783567134268537,0.10259577196576775
3,sr,0.18036072144288576,0.10104450194169609
3,sr,0.18236472945891782,0.09953533708358225
3,sr,0.1843687374749499,0.09810224817519414
3,sr,0.18637274549098196,0.09677640555602794
3,sr,0.18837675350701402,0.09558632747327102
3,sr,0.1903807615230461,0.0945590290167977
3,sr,0.19238476953907813,0.09372222069966232
3,sr,0.1943887775551102,0.09310740602588126
3,sr,0.19639278557114226,0.09275351949596551
3,sr,0.19839679358717432,0.09271056819514883
3,sr,0.2004008016032064,0.09304262811052685
3,sr,0.20240480961923846,0.09382952895947075
3,sr,0.20440881763527052,0.09516665228392933
3,sr,0.2064128256513026,0.09716246224018601
3,sr,0.20841683366733466,0.09993366365732885
3,sr,0.21042084168336672,0.10359819909918222
3,sr,0.2124248496993988,0.10826660864377713
3,sr,0.21442885771543085,0.11403253526248745
3,sr,0.21643286573146292,0.12096332550403982
3,sr,0.21843687374749496,0.12909172524015006
3,sr,0.22044088176352702,0.1384095982647222
3,sr,0.2224448897795591,0.14886441580570303
3,sr,0.22444889779559116,0.1603590077538534
3,sr,0.22645290581162322,0.17275477133605965
3,sr,0.2284569138276553,0.18587824103907835
3,sr,0.23046092184368736,0.1995306690401328
3,sr,0.23246492985971942,0.21350006954792142
3,sr,0.2344689378757515,0.22757504885688773
3,sr,0.23647294589178355,0.24155966637665377
3,sr,0.23847695390781562,0.25528853114809225
3,sr,0.24048096192384769,0.2686413112672391
3,sr,0.24248496993987975,0.2815558032325094
3,sr,0.2444889779559118,0.29403866949821544
3,sr,0.24649298597194386,0.306172916201912
3,sr,0.24849699398797592,0.31812117521553523
3,sr,0.250501002004008,0.33012391188475165
3,sr,0.25250501002004005,0.34249184048303605
3,sr,0.2545090180360721,0.3555921232467789
3,sr,0.2565130260521042,0.36982836662598434
3,sr,0.25851703406813625,0.3856149942085293
3,sr,0.2605210420841683,0.40334722413006485
3,sr,0.2625250501002004,0.423368537212784
3,sr,0.26452905811623245,0.44593809969488485
3,sr,0.2665330661322645,0.47120100502807144
3,sr,0.2685370741482966,0.4991643370208125
3,sr,0.27054108216432865,0.5296818716900757
3,sr,0.2725450901803607,0.5624497061641194
3,sr,0.2745490981963928,0.5970142542614154
3,sr,0.27655310621242485,0.6327929506174429
3,sr,0.2785571142284569,0.6691067686034236
3,sr,0.280561122244489,0.705222418325369
3,sr,0.282565130260521,0.7404009950953099
3,sr,0.28456913827655306,0.7739490308707323
3,sr,0.2865731462925851,0.8052674676887197
3,sr,0.2885771543086172,0.8338940868502599
3,sr,0.29058116232464926,0.8595354034455962
3,sr,0.2925851703406813,0.8820849334690378
3,sr,0.2945891783567134,0.901625974127908
3,sr,0.29659318637274545,0.9184184848499574
3,sr,0.2985971943887775,0.932871173074624
3,sr,0.3006012024048096,0.9455013252520901
3,sr,0.30260521042084165,0.956886138534249
3,sr,0.3046092184368737,0.9676101830407586
3,sr,0.3066132264529058,0.9782140703649643
3,sr,0.30861723446893785,0.9891493712213456
3,sr,0.3106212424849699,1.0007443055879965
3,sr,0.312625250501002,1.0131837568584883
3,sr,0.31462925851703405,1.0265058132222256
3,sr,0.3166332665330661,1.0406154279631263
3,sr,0.3186372745490982,1.055314059338877
3,sr,0.32064128256513025,1.0703424642571073
3,sr,0.3226452905811623,1.0854323489921622
3,sr,0.3246492985971944,1.1003614860309758
3,sr,0.32665330661322645,1.1150063227286926
3,sr,0.3286573146292585,1.129386123990277
3,sr,0.3306613226452906,1.1436933378915357
3,sr,0.33266533066132264,1.1583061126294798
3,sr,0.33466933867735466,1.1737806195083207
3,sr,0.3366733466933867,1.1908228830910204
3,sr,0.3386773547094188,1.2102419748983393
3,sr,0.34068136272545085,1.23288845840155
3,sr,0.3426853707414829,1.25958365355246
3,sr,0.344689378757515,1.2910464251424845
3,sr,0.34669338677354705,1.327824655041944
3,sr,0.3486973947895791,1.3702382733583836
3,sr,0.3507014028056112,1.418339720994492
3,sr,0.35270541082164325,1.4718961007739115
3,sr,0.3547094188376753,1.5303952201692392
3,sr,0.3567134268537074,1.5930754577100836
3,sr,0.35871743486973945,1.6589771405157365
3,sr,0.3607214428857715,1.7270111371745405
3,sr,0.3627254509018036,1.7960388477577518
3,sr,0.36472945891783565,1.864956852243846
3,sr,0.3667334669338677,1.9327792283528584
3,sr,0.3687374749498998,1.998710960337302
3,sr,0.37074148296593185,2.0622068496629984
3,sr,0.3727454909819639,2.1230117664097174
3,sr,0.374749498997996,2.1811797690255275
3,sr,0.37675350701402804,2.23707137969502
3,sr,0.3787575150300601,2.2913299553680817
3,sr,0.3807615230460922,2.3448394966694646
3,sr,0.38276553106212424,2.3986672936477538
3,sr,0.38476953907815625,2.453995479456269
3,sr,0.3867735470941883,2.512045864806553
3,sr,0.3887775551102204,2.574002414574488
3,sr,0.39078156312625245,2.6409354869387913
3,sr,0.3927855711422845,2.7137315756180995
3,sr,0.3947895791583166,2.793031856069059
3,sr,0.39679358717434865,2.879182389137105
3,sr,0.3987975951903807,2.972198397895624
3,sr,0.4008016032064128,3.071744587518541
3,sr,0.40280561122244485,3.1771329793432685
3,sr,0.4048096192384769,3.2873391220859327
3,sr,0.406813627254509,3.4010367755716184
3,sr,0.40881763527054105,3.5166502114676894
3,sr,0.4108216432865731,3.63242215911884
3,sr,0.4128256513026052,3.746494210477511
3,sr,0.41482965931863724,3.8569953027704593
3,sr,0.4168336673346693,3.9621328739396975
3,sr,0.4188376753507014,4.0602806016325035
3,sr,0.42084168336673344,4.150056445022325
3,sr,0.4228456913827655,4.230385118442454
3,sr,0.4248496993987976,4.300540172958874
3,sr,0.42685370741482964,4.360162493017347
3,sr,0.4288577154308617,4.40925408333952
3,sr,0.4308617234468938,4.448148299494622
3,sr,0.43286573146292584,4.477459886599702
3,sr,0.4348697394789579,4.498020047846657
3,sr,0.4368737474949899,4.510803019117347
3,sr,0.438877755511022,4.51685110998558
3,sr,0.44088176352705405,4.517204829442148
3,sr,0.4428857715430861,4.5128436159194685
3,sr,0.4448897795591182,4.504641019372776
3,sr,0.44689378757515025,4.493336205012621
3,sr,0.4488977955911823,4.479521666097265
3,sr,0.4509018036072144,4.463645330825328
3,sr,0.45290581162324645,4.446024041265159
3,sr,0.4549098196392785,4.426864781876901
3,sr,0.4569138276553106,4.406290035025797
3,sr,0.45891783567134264,4.3843641267672595
3,sr,0.4609218436873747,4.3611182081734645
3,sr,0.4629258517034068,4.336572376124932
3,sr,0.46492985971943884,4.3107541739838195
3,sr,0.4669338677354709,4.283713191548337
3,sr,0.468937875751503,4.255531659505516
3,sr,0.47094188376753504,4.22633085440919
3,sr,0.4729458917835671,4.196272919607472
3,sr,0.4749498997995992,4.165557528425823
3,sr,0.47695390781563124,4.1344128252747545
3,sr,0.4789579158316633,4.1030803856492195
3,sr,0.48096192384769537,4.071794563228331
3,sr,0.48296593186372744,4.040757473269466
3,sr,0.4849699398797595,4.010111843290525
3,sr,0.48697394789579157,3.9799148368315613
3,sr,0.4889779559118236,3.9501165050708607
3,sr,0.49098196392785565,3.9205465630475773
3,sr,0.4929859719438877,3.8909126216319483
3,sr,0.4949899799599198,3.8608118414620387
3,sr,0.49699398797595185,3.8297563353385375
3,sr,0.4989979959919839,3.7972107563456814
3,sr,0.501002004008016,3.7626386606906315
3,sr,0.503006012024048,3.72555273304124
3,sr,0.5050100200400801,3.68556307556455
3,sr,0.5070140280561122,3.6424176699009183
3,sr,0.5090180360721442,3.5960298814171074
3,sr,0.5110220440881763,3.546489407899326
3,sr,0.5130260521042084,3.494055173273814
3,sr,0.5150300601202404,3.4391310273945956
3,sr,0.5170340681362725,3.382227383627856
3,sr,0.5190380761523046,3.3239137640737857
3,sr,0.5210420841683366,3.2647683502662033
3,sr,0.5230460921843687,3.205330888561668
3,sr,0.5250501002004008,3.1460646458317516
3,sr,0.5270541082164328,3.087331666122248
3,sr,0.5290581162324649,3.0293835779127423
3,sr,0.531062124248497,2.9723679606555784
3,sr,0.533066132264529,2.916348141543323
3,sr,0.5350701402805611,2.8613325718318503
3,sr,0.5370741482965932,2.807308858869904
3,sr,0.5390781563126252,2.7542772226664822
3,sr,0.5410821643286573,2.702278594131383
3,sr,0.5430861723446894,2.6514136485984925
3,sr,0.5450901803607214,2.6018505587222633
3,sr,0.5470941883767535,2.5538208981722947
3,sr,0.5490981963927856,2.50760467935043
3,sr,0.5511022044088176,2.4635067592846736
3,sr,0.5531062124248497,2.421827668651291
3,sr,0.5551102204408818,2.3828322675824594
3,sr,0.5571142284569138,2.3467195468761486
3,sr,0.5591182364729459,2.3135964713552637
3,sr,0.561122244488978,2.2834581288704427
3,sr,0.56312625250501,2.2561757270856133
3,sr,0.565130260521042,2.2314932675814823
3,sr,0.567134268537074,2.2090330804014386
3,sr,0.5691382765531061,2.1883098398872494
3,sr,0.5711422845691382,2.1687521939651693
3,sr,0.5731462925851702,2.149730702537235
3,sr,0.5751503006012023,2.1305903823354333
3,sr,0.5771543086172344,2.1106858022916835
3,sr,0.5791583166332664,2.089416397078211
3,sr,0.5811623246492985,2.066259518239036
3,sr,0.5831663326653306,2.0407987786592248
3,sr,0.5851703406813626,2.012745510077202
3,sr,0.5871743486973947,1.9819516573793454
3,sr,0.5891783567134268,1.9484131483345655
3,sr,0.5911823647294588,1.9122636312092676
3,sr,0.5931863727454909,1.873759360045872
3,sr,0.595190380761523,1.833256808096664
3,sr,0.597194388777555,1.7911851919620077
3,sr,0.5991983967935871,1.7480164108932121
3,sr,0.6012024048096192,1.704234912918786
3,sr,0.6032064128256512,1.660309710999818
3,sr,0.6052104208416833,1.616670256551384
3,sr,0.6072144288577154,1.573687237321324
3,sr,0.6092184368737474,1.5316587182839712
3,sr,0.6112224448897795,1.4908014947509214
3,sr,0.6132264529058116,1.4512471532687692
3,sr,0.6152304609218436,1.4130421716949197
3,sr,0.6172344689378757,1.3761514213560977
3,sr,0.6192384769539078,1.3404646058913658
3,sr,0.6212424849699398,1.3058053998604582
3,sr,0.6232464929859719,1.2719432432247926
3,sr,0.625250501002004,1.2386078247529826
3,sr,0.627254509018036,1.2055061971241914
3,sr,0.6292585170340681,1.1723421993181917
3,sr,0.6312625250501002,1.1388374533688816
3,sr,0.6332665330661322,1.104752728388335
3,sr,0.6352705410821643,1.0699080273221473
3,sr,0.6372745490981964,1.0341994609174456
3,sr,0.6392785571142284,0.9976109240407434
3,sr,0.6412825651302605,0.9602188418567474
3,sr,0.6432865731462926,0.9221888173354091
3,sr,0.6452905811623246,0.8837638401623233
3,sr,0.6472945891783567,0.8452447103852725
3,sr,0.6492985971943888,0.8069643488638716
3,sr,0.6513026052104208,0.7692585544514003
3,sr,0.6533066132264529,0.7324363776456072
3,sr,0.655310621242485,0.6967535001308885
3,sr,0.657314629258517,0.6623917829628887
3,sr,0.6593186372745491,0.629447484257357
3,sr,0.6613226452905812,0.5979296287485328
3,sr,0.6633266533066132,0.5677687711064044
3,sr,0.6653306613226453,0.5388351021532405
3,sr,0.6673346693386772,0.5109636802509679
3,sr,0.6693386773547093,0.4839836881749665
3,sr,0.6713426853707414,0.4577481348965322
3,sr,0.6733466933867734,0.43216039902430264
3,sr,0.6753507014028055,0.4071944381844323
3,sr,0.6773547094188376,0.3829062972746652
3,sr,0.6793587174348696,0.3594356212174512
3,sr,0.6813627254509017,0.33699706864191903
3,sr,0.6833667334669338,0.3158626789458521
3,sr,0.6853707414829658,0.2963372275352646
3,sr,0.6873747494989979,0.278729304980516
3,sr,0.68937875751503,0.2633212101232579
3,sr,0.691382765531062,0.25034073668856394
3,sr,0.6933867735470941,0.23993758479597982
3,sr,0.6953907815631262,0.2321665078700992
3,sr,0.6973947895791582,0.22697850335185607
3,sr,0.6993987975951903,0.22422047703755635
3,sr,0.7014028056112224,0.22364296008851983
3,sr,0.7034068136272544,0.22491472619146496
3,sr,0.7054108216432865,0.22764261284407677
3,sr,0.7074148296593186,0.23139453530211798
3,sr,0.7094188376753506,0.23572360334718828
3,sr,0.7114228456913827,0.24019138958421005
3,sr,0.7134268537074148,0.24438870972736232
3,sr,0.7154308617234468,0.2479527012299059
3,sr,0.7174348697394789,0.25057946199006803
3,sr,0.719438877755511,0.2520319750746868
3,sr,0.721442885771543,0.25214344986472637
3,sr,0.7234468937875751,0.25081652345794575
3,sr,0.7254509018036072,0.24801897627848968
3,sr,0.7274549098196392,0.24377672750887627
3,sr,0.7294589178356713,0.23816490648710303
3,sr,0.7314629258517034,0.23129776902112595
3,sr,0.7334669338677354,0.22331816577053032
3,sr,0.7354709418837675,0.21438719115678753
3,sr,0.7374749498997996,0.20467455536820287
3,sr,0.7394789579158316,0.19435013066539966
3,sr,0.7414829659318637,0.18357702270977752
3,sr,0.7434869739478958,0.17250640297408076
3,sr,0.7454909819639278,0.1612742071660487
3,sr,0.7474949899799599,0.149999660552409
3,sr,0.749498997995992,0.13878544454232183
3,sr,0.751503006012024,0.1277191859107149
3,sr,0.7535070140280561,0.11687584899606354
3,sr,0.7555110220440882,0.10632055849517656
3,sr,0.7575150300601202,0.09611138628446102
3,sr,0.7595190380761523,0.0863017009919885
3,sr,0.7615230460921844,0.07694179460330709
3,sr,0.7635270541082164,0.06807964809287644
3,sr,0.7655310621242485,0.05976085419446243
3,sr,0.7675350701402806,0.05202785504051681
3,sr,0.7695390781563125,0.044918754020673524
3,sr,0.7715430861723446,0.038466010536532876
3,sr,0.7735470941883766,0.03269531846811165
3,sr,0.7755511022044087,0.02762490893769766
3,sr,0.7775551102204408,0.023265418440309094
3,sr,0.7795591182364728,0.019620343187263835
3,sr,0.7815631262525049,0.01668698026875278
3,sr,0.783567134268537,0.014457655442888592
3,sr,0.785571142284569,0.012920971507718036
3,sr,0.7875751503006011,0.012062790065844759
3,sr,0.7895791583166332,0.011866686272870334
3,sr,0.7915831663326652,0.01231368766940628
3,sr,0.7935871743486973,0.013381215575618235
3,sr,0.7955911823647294,0.015041277461491594
3,sr,0.7975951903807614,0.017258094860553904
3,sr,0.7995991983967935,0.019985476005700595
3,sr,0.8016032064128256,0.023164337951565347
3,sr,0.8036072144288576,0.026720834130415202
3,sr,0.8056112224448897,0.030565538664628078
3,sr,0.8076152304609218,0.03459407267212144
3,sr,0.8096192384769538,0.03868943176512691
3,sr,0.8116232464929859,0.042726097400688556
3,sr,0.813627254509018,0.04657580486259514
3,sr,0.81563126252505,0.05011462097183695
3,sr,0.8176352705410821,0.05323078250633671
3,sr,0.8196392785571142,0.05583258951447948
3,sr,0.8216432865731462,0.05785556044989364
3,sr,0.8236472945891783,0.05926805526137235
3,sr,0.8256513026052104,0.06007466493055194
3,sr,0.8276553106212424,0.060316846352077326
3,sr,0.8296593186372745,0.06007053313829121
3,sr,0.8316633266533066,0.05944074938081993
3,sr,0.8336673346693386,0.058553561663344966
3,sr,0.8356713426853707,0.05754598955653116
3,sr,0.8376753507014028,0.05655472359373396
3,sr,0.8396793587174348,0.05570464581608956
3,sr,0.8416833667334669,0.055098194280653344
3,sr,0.843687374749499,0.05480655350274087
3,sr,0.845691382765531,0.05486349324445502
3,sr,0.8476953907815631,0.055262434575097635
3,sr,0.8496993987975952,0.05595701958768504
3,sr,0.8517034068136272,0.05686513039166667
3,sr,0.8537074148296593,0.05787597765119491
3,sr,0.8557114228456913,0.058859592086165397
3,sr,0.8577154308617234,0.05967783321877266
3,sr,0.8597194388777555,0.06019590054828481
3,sr,0.8617234468937875,0.06029330619886555
3,sr,0.8637274549098196,0.05987334680763981
3,sr,0.8657314629258517,0.05887028636400468
3,sr,0.8677354709418837,0.0572537105350394
3,sr,0.8697394789579158,0.0550298078981766
3,sr,0.8717434869739479,0.0522396406063316
3,sr,0.8737474949899798,0.04895475172614213
3,sr,0.8757515030060119,0.04527068793014944
3,sr,0.877755511022044,0.041299171222798504
3,sr,0.879759519038076,0.03715971935910285
3,sr,0.8817635270541081,0.032971490837508645
3,sr,0.8837675350701402,0.028846027376022484
3,sr,0.8857715430861722,0.024881404262775957
3,sr,0.8877755511022043,0.021158102212057633
3,sr,0.8897795591182364,0.017736710289138275
3,sr,0.8917835671342684,0.014657382757112754
3,sr,0.8937875751503005,0.011940822591833825
3,sr,0.8957915831663326,0.009590462769141966
3,sr,0.8977955911823646,0.007595467132020072
3,sr,0.8997995991983967,0.005934172268198034
3,sr,0.9018036072144288,0.004577631291850571
3,sr,0.9038076152304608,0.003492987196533432
3,sr,0.9058116232464929,0.0026464838557258025
3,sr,0.907815631262525,0.0020060039995254226
3,sr,0.909819639278557,0.0015430951732578891
3,sr,0.9118236472945891,0.0012344995969959748
3,sr,0.9138276553106212,0.0010632382806503005
3,sr,0.9158316633266532,0.0010193132376003628
3,sr,0.9178356713426853,0.001100086419676626
3,sr,0.9198396793587174,0.001310374346538533
3,sr,0.9218436873747494,0.0016622689661031811
3,sr,0.9238476953907815,0.0021746644476273915
3,sr,0.9258517034068136,0.0028724429484677334
3,sr,0.9278557114228456,0.0037852561276529354
3,sr,0.9298597194388777,0.004945838595793732
3,sr,0.9318637274549098,0.006387808323600882
3,sr,0.9338677354709418,0.00814294877889123
3,sr,0.9358717434869739,0.010238026857743427
3,sr,0.937875751503006,0.012691274840803833
3,sr,0.939879759519038,0.015508745563340367
3,sr,0.9418837675350701,0.018680826699625043
3,sr,0.9438877755511021,0.0221792595941534
3,sr,0.9458917835671342,0.02595503727080923
3,sr,0.9478957915831663,0.02993754387762085
3,sr,0.9498997995991983,0.03403523683741989
3,sr,0.9519038076152304,0.03813806254228606
3,sr,0.9539078156312625,0.0421216432188576
3,sr,0.9559118236472945,0.045853090932047647
3,sr,0.9579158316633266,0.04919811538862073
3,sr,0.9599198396793587,0.05202891999335511
3,sr,0.9619238476953907,0.05423225061200718
3,sr,0.9639278557114228,0.055716895130106685
3,sr,0.9659318637274549,0.05641994307763233
3,sr,0.9679358717434869,0.05631120688604781
3,sr,0.969939879759519,0.055395371749671865
3,sr,0.9719438877755511,0.05371166069892147
3,sr,0.9739478957915831,0.051331048208888806
3,sr,0.9759519038076151,0.04835129812634897
3,sr,0.9779559118236472,0.04489030922210271
3,sr,0.9799599198396792,0.04107839896487638
3,sr,0.9819639278557113,0.03705022699831297
3,sr,0.9839679358717434,0.03293704936424783
3,sr,0.9859719438877754,0.028859909257323794
3,sr,0.9879759519038075,0.024924226240123283
3,sr,0.9899799599198396,0.02121606617008199
3,sr,0.9919839679358716,0.01780018396232904
3,sr,0.9939879759519037,0.014719754715840827
3,sr,0.9959919839679358,0.011997564918783904
3,sr,0.9979959919839678,0.009638336774623307
3,sr,1.0,0.007631809800391711
3,ec,0.0,3.149895202809018e-10
3,ec,0.004008016032064128,7.385729973247343e-10
3,ec,0.008016032064128256,1.6984459840920277e-09
3,ec,0.012024048096192383,3.830637421019139e-09
3,ec,0.01603206412825651,8.473275900213493e-09
3,ec,0.02004008016032064,1.8381994936435237e-08
3,ec,0.024048096192384766,3.911064064930768e-08
3,ec,0.028056112224448895,8.161278744523254e-08
3,ec,0.03206412825651302,1.6702538673407213e-07
3,ec,0.03607214428857715,3.352492031751417e-07
3,ec,0.04008016032064128,6.59954532836031e-07
3,ec,0.044088176352705406,1.27415209179016e-06
3,ec,0.04809619238476953,2.4126233163118706e-06
3,ec,0.052104208416833664,4.480420375276954e-06
3,ec,0.05611222444889779,8.160354026903288e-06
3,ec,0.06012024048096192,1.4576734100348205e-05
3,ec,0.06412825651302605,2.5537151782177213e-05
3,ec,0.06813627254509018,4.3877884370783236e-05
3,ec,0.0721442885771543,7.394007685203221e-05
3,ec,0.07615230460921843,0.00012220109978668687
3,ec,0.08016032064128256,0.000198075760826643
3,ec,0.08416833667334668,0.00031488252326803085
3,ec,0.08817635270541081,0.0004909381638174296
3,ec,0.09218436873747494,0.0007506993757702355
3,ec,0.09619238476953906,0.0011258132516767288
3,ec,0.1002004008016032,0.0016558756711840357
3,ec,0.10420841683366733,0.0023886372651485627
3,ec,0.10821643286573146,0.0033793553041952455
3,ec,0.11222444889779558,0.004688984359408067
3,ec,0.11623246492985971,0.0063809471560193325
3,ec,0.12024048096192384,0.008516344031296032
3,ec,0.12424849699398796,0.011147649941462319
3,ec,0.1282565130260521,0.01431120283214897
3,ec,0.13226452905811623,0.01801907949122539
3,ec,0.13627254509018036,0.022251240190245977
3,ec,0.1402805611222445,0.0269490439625556
3,ec,0.1442885771543086,0.03201133130966046
3,ec,0.14829659318637273,0.03729418938925411
3,ec,0.15230460921843686,0.042615229539699456
3,ec,0.156312625250501,0.047762727785104736
3,ec,0.16032064128256512,0.05250935697944843
3,ec,0.16432865731462926,0.05662956383175583
3,ec,0.16833667334669336,0.05991902891798171
3,ec,0.1723446893787575,0.0622142091218775
3,ec,0.17635270541082163,0.06340979295420279
3,ec,0.18036072144288576,0.06347204724163541
3,ec,0.1843687374749499,0.062446486369332414
3,ec,0.18837675350701402,0.06045897994986818
3,ec,0.19238476953907813,0.05771021258326671
3,ec,0.19639278557114226,0.05446418094182006
3,ec,0.2004008016032064,0.051032030390423345
3,ec,0.20440881763527052,0.047752907294627896
3,ec,0.20841683366733466,0.04497360448225678
3,ec,0.2124248496993988,0.0430286390891384
3,ec,0.21643286573146292,0.04222210766053014
3,ec,0.22044088176352702,0.042812321518184177
3,ec,0.22444889779559116,0.044999938656743566
3,ec,0.2284569138276553,0.04892014455125742
3,ec,0.23246492985971942,0.05463940730282917
3,ec,0.23647294589178355,0.06215739912896017
3,ec,0.24048096192384769,0.07141474774347026
3,ec,0.2444889779559118,0.08230724900225177
3,ec,0.24849699398797592,0.09470693892221557
3,ec,0.25250501002004005,0.10848993218271487
3,ec,0.2565130260521042,0.12357018964412095
3,ec,0.2605210420841683,0.13993744964585741
3,ec,0.26452905811623245,0.15769657306523066
3,ec,0.2685370741482966,0.1771046688563116
3,ec,0.2725450901803607,0.19860174544546402
3,ec,0.27655310621242485,0.22283040633375292
3,ec,0.280561122244489,0.2506403575841452
3,ec,0.28456913827655306,0.2830742417325257
3,ec,0.2885771543086172,0.32133251934617474
3,ec,0.2925851703406813,0.3667167007791669
3,ec,0.29659318637274545,0.4205520694869046
3,ec,0.3006012024048096,0.48409299938628203
3,ec,0.3046092184368737,0.5584159076076377
3,ec,0.30861723446893785,0.6443066493654017
3,ec,0.312625250501002,0.7421505954705998
3,ec,0.3166332665330661,0.8518345719247222
3,ec,0.32064128256513025,0.9726701251573601
3,ec,0.3246492985971944,1.103347067281101
3,ec,0.3286573146292585,1.2419248622790084
3,ec,0.33266533066132264,1.3858671220014989
3,ec,0.3366733466933867,1.5321213768228412
3,ec,0.34068136272545085,1.6772425689411035
3,ec,0.344689378757515,1.817554692124756
3,ec,0.3486973947895791,1.9493410571840393
3,ec,0.35270541082164325,2.0690502258437453
3,ec,0.3567134268537074,2.1735021478867074
3,ec,0.3607214428857715,2.2600778210301096
3,ec,0.36472945891783565,2.326876131176444
3,ec,0.3687374749498998,2.372823543955171
3,ec,0.3727454909819639,2.3977259603747525
3,ec,0.37675350701402804,2.402257087037816
3,ec,0.3807615230460922,2.3878836797872784
3,ec,0.38476953907815625,2.3567343954392905
3,ec,0.3887775551102204,2.31142498895138
3,ec,0.3927855711422845,2.2548574218089255
3,ec,0.39679358717434865,2.1900133514432696
3,ec,0.4008016032064128,2.119762887869925
3,ec,0.4048096192384769,2.046707191750551
3,ec,0.40881763527054105,1.9730686306884992
3,ec,0.4128256513026052,1.9006354452648373
3,ec,0.4168336673346693,1.830760230571411
3,ec,0.42084168336673344,1.7644042665402413
3,ec,0.4248496993987976,1.702214072757032
3,ec,0.4288577154308617,1.6446134869921176
3,ec,0.43286573146292584,1.5918945397413895
3,ec,0.4368737474949899,1.5442932695572038
3,ec,0.44088176352705405,1.5020416487767252
3,ec,0.4448897795591182,1.4653927890613685
3,ec,0.4488977955911823,1.4346222384541385
3,ec,0.45290581162324645,1.4100122936865582
3,ec,0.4569138276553106,1.3918280930332783
3,ec,0.4609218436873747,1.3802936779064896
3,ec,0.46492985971943884,1.3755736650819312
3,ec,0.468937875751503,1.3777625574110626
3,ec,0.4729458917835671,1.3868801387636593
3,ec,0.47695390781563124,1.4028688556939026
3,ec,0.48096192384769537,1.4255882473654151
3,ec,0.4849699398797595,1.4548025179321744
3,ec,0.4889779559118236,1.4901599154205836
3,ec,0.4929859719438877,1.5311659552837051
3,ec,0.49699398797595185,1.5771557763576602
3,ec,0.501002004008016,1.6272731509505365
3,ec,0.5050100200400801,1.6804642452278695
3,ec,0.5090180360721442,1.7354928831288805
3,ec,0.5130260521042084,1.7909809807581247
3,ec,0.5170340681362725,1.8454735459989877
3,ec,0.5210420841683366,1.897522997637163
3,ec,0.5250501002004008,1.9457834601478259
3,ec,0.5290581162324649,1.9891029612808337
3,ec,0.533066132264529,2.0266006880248613
3,ec,0.5370741482965932,2.0577178841151174
3,ec,0.5410821643286573,2.0822344473174867
3,ec,0.5450901803607214,2.1002482828558207
3,ec,0.5490981963927856,2.112120177428734
3,ec,0.5531062124248497,2.1183924095513444
3,ec,0.5571142284569138,2.1196935518786044
3,ec,0.561122244488978,2.116644177370836
3,ec,0.565130260521042,2.1097780085725737
3,ec,0.5691382765531061,2.0994904223951987
3,ec,0.5731462925851702,2.0860215546196788
3,ec,0.5771543086172344,2.069475327494414
3,ec,0.5811623246492985,2.049869577287842
3,ec,0.5851703406813626,2.0272071637259796
3,ec,0.5891783567134268,2.001554424734419
3,ec,0.5931863727454909,1.9731121946815047
3,ec,0.597194388777555,1.9422659906960964
3,ec,0.6012024048096192,1.9096055881017642
3,ec,0.6052104208416833,1.8759093635830517
3,ec,0.6092184368737474,1.8420945552281394
3,ec,0.6132264529058116,1.8091399935871095
3,ec,0.6172344689378757,1.7779920536776916
3,ec,0.6212424849699398,1.7494669959331126
3,ec,0.625250501002004,1.7241632792267536
3,ec,0.6292585170340681,1.702395948885116
3,ec,0.6332665330661322,1.6841621924420533
3,ec,0.6372745490981964,1.6691431296425008
3,ec,0.6412825651302605,1.6567424138417255
3,ec,0.6452905811623246,1.6461577807879735
3,ec,0.6492985971943888,1.6364777187922321
3,ec,0.6533066132264529,1.6267923011350918
3,ec,0.657314629258517,1.616305203682123
3,ec,0.6613226452905812,1.6044332640511807
3,ec,0.6653306613226453,1.5908807966362433
3,ec,0.6693386773547093,1.5756783280251445
3,ec,0.6733466933867734,1.5591793592566978
3,ec,0.6773547094188376,1.5420138692285588
3,ec,0.6813627254509017,1.525002976131881
3,ec,0.6853707414829658,1.5090446944581015
3,ec,0.68937875751503,1.4949851901042996
3,ec,0.6933867735470941,1.4834925355235273
3,ec,0.6973947895791582,1.4749501335992816
3,ec,0.7014028056112224,1.4693845385806952
3,ec,0.7054108216432865,1.4664376501691987
3,ec,0.7094188376753506,1.4653869327650473
3,ec,0.7134268537074148,1.4652104720811905
3,ec,0.7174348697394789,1.4646874902995677
3,ec,0.721442885771543,1.4625204325449284
3,ec,0.7254509018036072,1.4574626019885222
3,ec,0.7294589178356713,1.4484357700715234
3,ec,0.7334669338677354,1.4346249304913736
3,ec,0.7374749498997996,1.4155416955398483
3,ec,0.7414829659318637,1.3910528122128296
3,ec,0.7454909819639278,1.3613749534727888
3,ec,0.749498997995992,1.327040565988384
3,ec,0.7535070140280561,1.2888417218775923
3,ec,0.7575150300601202,1.24775961160091
3,ec,0.7615230460921844,1.2048868462880924
3,ec,0.7655310621242485,1.1613486257056467
3,ec,0.7695390781563125,1.1182276084385405
3,ec,0.7735470941883766,1.0764963858100796
3,ec,0.7775551102204408,1.0369609546805405
3,ec,0.7815631262525049,1.0002183853201005
3,ec,0.785571142284569,0.9666316741492491
3,ec,0.7895791583166332,0.9363241841494012
3,ec,0.7935871743486973,0.9091948318024577
3,ec,0.7975951903807614,0.8849532234268637
3,ec,0.8016032064128256,0.8631714953184204
3,ec,0.8056112224448897,0.8433471290646307
3,ec,0.8096192384769538,0.8249690750398574
3,ec,0.813627254509018,0.8075786608076148
3,ec,0.8176352705410821,0.790817321823454
3,ec,0.8216432865731462,0.7744551919550294
3,ec,0.8256513026052104,0.758397715123429
3,ec,0.8296593186372745,0.7426710986532554
3,ec,0.8336673346693386,0.727390902066145
3,ec,0.8376753507014028,0.712720659607399
3,ec,0.8416833667334669,0.6988286865384389
3,ec,0.845691382765531,0.6858509363646134
3,ec,0.8496993987975952,0.673866104711796
3,ec,0.8537074148296593,0.6628865347278213
3,ec,0.8577154308617234,0.6528654464285636
3,ec,0.8617234468937875,0.6437181836505594
3,ec,0.8657314629258517,0.6353530298005501
3,ec,0.8697394789579158,0.6277059681159908
3,ec,0.8737474949899798,0.6207736012987797
3,ec,0.877755511022044,0.6146391411289348
3,ec,0.8817635270541081,0.6094876396739546
3,ec,0.8857715430861722,0.6056081295318374
3,ec,0.8897795591182364,0.6033817915243034
3,ec,0.8937875751503005,0.6032565083855976
3,ec,0.8977955911823646,0.6057091612271308
3,ec,0.9018036072144288,0.611197862332246
3,ec,0.9058116232464929,0.6201071253099184
3,ec,0.909819639278557,0.6326898580554814
3,ec,0.9138276553106212,0.6490110341253799
3,ec,0.9178356713426853,0.6688988237381286
3,ec,0.9218436873747494,0.6919095826394172
3,ec,0.9258517034068136,0.7173130650079982
3,ec,0.9298597194388777,0.7441032273444194
3,ec,0.9338677354709418,0.7710378443427846
3,ec,0.937875751503006,0.7967069241319559
3,ec,0.9418837675350701,0.8196259369508521
3,ec,0.9458917835671342,0.838345772182324
3,ec,0.9498997995991983,0.8515678917346122
3,ec,0.9539078156312625,0.8582511314434234
3,ec,0.9579158316633266,0.8576966064087244
3,ec,0.9619238476953907,0.8495994366837654
3,ec,0.9659318637274549,0.8340603121456489
3,ec,0.969939879759519,0.8115556012055352
3,ec,0.9739478957915831,0.7828707889432276
3,ec,0.9779559118236472,0.749007388782657
3,ec,0.9819639278557113,0.7110771021831997
3,ec,0.9859719438877754,0.6701982315894529
3,ec,0.9899799599198396,0.6274079951395458
3,ec,0.9939879759519037,0.5836007814659177
3,ec,0.9979959919839678,0.5394972943393767
3,ec,1.002004008016032,0.49564400651377394
3,ec,1.006012024048096,0.45243743609976905
3,ec,1.0100200400801602,0.41016434523646894
3,ec,1.0140280561122244,0.369047539954529
3,ec,1.0180360721442885,0.3292875784368866
3,ec,1.0220440881763526,0.29109301406643373
3,ec,1.0260521042084167,0.2546951545065519
3,ec,1.0300601202404809,0.2203469275985904
3,ec,1.034068136272545,0.1883085813027702
3,ec,1.0380761523046091,0.1588250784551477
3,ec,1.0420841683366733,0.1321009275860458
3,ec,1.0460921843687374,0.10827785647748514
3,ec,1.0501002004008015,0.08741945625833085
3,ec,1.0541082164328657,0.06950510739660751
3,ec,1.0581162324649298,0.05443357893376008
3,ec,1.062124248496994,0.042035035991655194
3,ec,1.066132264529058,0.03208903795208139
3,ec,1.0701402805611222,0.02434555325837371
3,ec,1.0741482965931863,0.018546017752842613
3,ec,1.0781563126252505,0.01444189262661154
3,ec,1.0821643286573146,0.011808866058347845
3,ec,1.0861723446893787,0.010455625736385959
3,ec,1.0901803607214429,0.010226881180419676
3,ec,1.094188376753507,0.011000959107976688
3,ec,1.0981963927855711,0.012682803005813944
3,ec,1.1022044088176353,0.015193582418861226
3,ec,1.1062124248496994,0.01845837345125507
3,ec,1.1102204408817635,0.022393520049740226
3,ec,1.1142284569138277,0.026895321988932512
3,ec,1.1182364729458918,0.03183160217966954
3,ec,1.122244488977956,0.037037460053733866
3,ec,1.12625250501002,0.042316105979719465
3,ec,1.130260521042084,0.04744510507464671
3,ec,1.134268537074148,0.05218768298797968
3,ec,1.1382765531062122,0.05630804210695989
3,ec,1.1422845691382764,0.059589010225135484
3,ec,1.1462925851703405,0.06184990674407393
3,ec,1.1503006012024046,0.06296235661800274
3,ec,1.1543086172344688,0.06286195958879753
3,ec,1.158316633266533,0.061554223419463594
3,ec,1.162324649298597,0.05911392470370323
3,ec,1.1663326653306612,0.0556779486188031
3,ec,1.1703406813627253,0.05143253157142927
3,ec,1.1743486973947894,0.0465965427554556
3,ec,1.1783567134268536,0.04140287935837853
3,ec,1.1823647294589177,0.03608015708218144
3,ec,1.1863727454909818,0.030836657934480993
3,ec,1.190380761523046,0.02584801446828211
3,ec,1.19438877755511,0.021249468427925616
3,ec,1.1983967935871742,0.017132863227809672
3,ec,1.2024048096192383,0.013547926128580584
3,ec,1.2064128256513025,0.010506950492499806
3,ec,1.2104208416833666,0.00799174366743674
3,ec,1.2144288577154307,0.005961662672947378
3,ec,1.2184368737474949,0.004361684476466577
3,ec,1.222444889779559,0.003129695502811158
3,ec,1.2264529058116231,0.0022024746553484945
3,ec,1.2304609218436873,0.001520130058578508
3,ec,1.2344689378757514,0.001028990978839113
3,ec,1.2384769539078155,0.0006831300367763854
3,ec,1.2424849699398797,0.000444791202654994
3,ec,1.2464929859719438,0.00028403377761531247
3,ec,1.250501002004008,0.00017788723485615487
3,ec,1.254509018036072,0.00010926487474256834
3,ec,1.2585170340681362,6.582295171331098e-05
3,ec,1.2625250501002003,3.8889747942477036e-05
3,ec,1.2665330661322645,2.25348097860595e-05
3,ec,1.2705410821643286,1.2806594493186804e-05
3,ec,1.2745490981963927,7.13796498853513e-06
3,ec,1.2785571142284569,3.901900243969345e-06
3,ec,1.282565130260521,2.091890290101719e-06
3,ec,1.2865731462925851,1.0999239018583773e-06
3,ec,1.2905811623246493,5.672145576098973e-07
3,ec,1.2945891783567134,2.8687525632521765e-07
3,ec,1.2985971943887775,1.4229833114955008e-07
3,ec,1.3026052104208417,6.922572552435104e-08
3,ec,1.3066132264529058,3.302906037352884e-08
3,ec,1.31062124248497,1.5455601624278725e-08
3,ec,1.314629258517034,7.093108526533332e-09
3,ec,1.3186372745490982,3.1926277769967483e-09
3,ec,1.3226452905811623,1.4093568297244785e-09
3,ec,1.3266533066132264,6.101753155675311e-10
3,ec,1.3306613226452906,2.590891927683327e-10
3,ec,1.3346693386773545,1.0789590318951758e-10
3,ec,1.3386773547094186,4.406782389223681e-11
3,ec,1.3426853707414828,1.7652216650540265e-11
3,ec,1.3466933867735469,6.934863006516359e-12
3,ec,1.350701402805611,2.6720065415404603e-12
3,ec,1.3547094188376752,1.0097134496522486e-12
3,ec,1.3587174348697393,3.7421376534196345e-13
3,ec,1.3627254509018034,1.360198745416662e-13
3,ec,1.3667334669338675,4.848930668409686e-14
3,ec,1.3707414829659317,1.695315655149488e-14
3,ec,1.3747494989979958,5.813212033856217e-15
3,ec,1.37875751503006,1.9549819356660117e-15
3,ec,1.382765531062124,6.448078665469379e-16
3,ec,1.3867735470941882,2.085829949209369e-16
3,ec,1.3907815631262523,6.617416411785664e-17
3,ec,1.3947895791583165,2.059012688343698e-17
3,ec,1.3987975951903806,6.28334020891627e-18
3,ec,1.4028056112224447,1.8805423605396558e-18
3,ec,1.4068136272545089,5.519969266470595e-19
3,ec,1.410821643286573,1.589099870356437e-19
3,ec,1.4148296593186371,4.4866967609493826e-20
3,ec,1.4188376753507013,1.2424051346755544e-20
3,ec,1.4228456913827654,3.3741217583809512e-21
3,ec,1.4268537074148295,8.987093432746822e-22
3,ec,1.4308617234468937,2.3476792234821536e-22
3,ec,1.4348697394789578,6.014773114082977e-23
3,ec,1.438877755511022,1.5113349876180027e-23
3,ec,1.442885771543086,3.7244591610534986e-24
3,ec,1.4468937875751502,9.001744668214258e-25
3,ec,1.4509018036072143,2.1337874534488457e-25
3,ec,1.4549098196392785,4.960627512940145e-26
3,ec,1.4589178356713426,1.1310533010183799e-26
3,ec,1.4629258517034067,2.529242780251348e-27
3,ec,1.4669338677354709,5.547010140395908e-28
3,ec,1.470941883767535,1.193131726319202e-28
3,ec,1.4749498997995991,2.5169745358881683e-29
3,ec,1.4789579158316633,5.207511563926864e-30
3,ec,1.4829659318637274,1.0566779808961273e-30
3,ec,1.4869739478957915,2.102887627282063e-31
3,ec,1.4909819639278556,4.1044074507238544e-32
3,ec,1.4949899799599198,7.856802971938759e-33
3,ec,1.498997995991984,1.4750347462175817e-33
3,ec,1.503006012024048,2.715936631135031e-34
3,ec,1.5070140280561122,4.904536918766161e-35
3,ec,1.5110220440881763,8.686351047611861e-36
3,ec,1.5150300601202404,1.508821066274314e-36
3,ec,1.5190380761523046,2.570390425292812e-37
3,ec,1.5230460921843687,4.2945873839953835e-38
3,ec,1.5270541082164328,7.03727927816647e-39
3,ec,1.531062124248497,1.1309648896656439e-39
3,ec,1.535070140280561,1.7826022574203327e-40
3,ec,1.539078156312625,2.755629181156885e-41
3,ec,1.5430861723446891,4.177804290362422e-42
3,ec,1.5470941883767533,6.212070866056015e-43
3,ec,1.5511022044088174,9.059113580639902e-44
3,ec,1.5551102204408815,1.29567476843077e-44
3,ec,1.5591182364729457,1.8174701709042062e-45
3,ec,1.5631262525050098,2.500342917425987e-46
3,ec,1.567134268537074,3.3735942872008945e-47
3,ec,1.571142284569138,4.464235772099902e-48
3,ec,1.5751503006012022,5.7937851621160414e-49
3,ec,1.5791583166332663,7.374602982403598e-50
3,ec,1.5831663326653305,9.206104400362241e-51
3,ec,1.5871743486973946,1.1271303394391124e-51
3,ec,1.5911823647294587,1.3534224555202148e-52
3,ec,1.5951903807615229,1.5938726160019403e-53
3,ec,1.599198396793587,1.840919652143228e-54
3,ec,1.6032064128256511,2.0853408565222016e-55
3,ec,1.6072144288577153,2.3167558257181426e-56
3,ec,1.6112224448897794,2.5243203527463906e-57
3,ec,1.6152304609218435,2.6975510199598576e-58
3,ec,1.6192384769539077,2.8271956206825233e-59
3,ec,1.6232464929859718,2.906049749937275e-60
3,ec,1.627254509018036,2.9296195412631787e-61
3,ec,1.6312625250501,2.8965457750114887e-62
3,ec,1.6352705410821642,2.8087336800443013e-63
3,ec,1.6392785571142283,2.671171185628274e-64
3,ec,1.6432865731462925,2.491459741563368e-65
3,ec,1.6472945891783566,2.2791190970725964e-66
3,ec,1.6513026052104207,2.0447544394580776e-67
3,ec,1.6553106212424848,1.79918695196711e-68
3,ec,1.659318637274549,1.552645894860135e-69
3,ec,1.6633266533066131,1.3141034012359496e-70
3,ec,1.6673346693386772,1.0908063382554925e-71
3,ec,1.6713426853707414,8.88028204773388e-73
3,ec,1.6753507014028055,7.090336715125868e-74
3,ec,1.6793587174348696,5.552236461546527e-75
3,ec,1.6833667334669338,4.2641261171492316e-76
3,ec,1.687374749498998,3.2118342260262332e-77
3,ec,1.691382765531062,2.372669217609479e-78
3,ec,1.6953907815631262,1.7190252799874228e-79
3,ec,1.6993987975951903,1.2214855241744593e-80
3,ec,1.7034068136272544,8.512465778986501e-82
3,ec,1.7074148296593186,5.818130081612814e-83
3,ec,1.7114228456913827,3.9000705961267823e-84
3,ec,1.7154308617234468,2.5640264633108314e-85
3,ec,1.719438877755511,1.653230966946178e-86
3,ec,1.723446893787575,1.0454555037598048e-87
3,ec,1.7274549098196392,6.483933745953421e-89
3,ec,1.7314629258517034,3.943960685833932e-90
3,ec,1.7354709418837675,2.3528139110137152e-91
3,ec,1.7394789579158316,1.3765867176584699e-92
3,ec,1.7434869739478958,7.899153691669849e-94
3,ec,1.7474949899799597,4.4454788290978096e-95
3,ec,1.7515030060120238,2.4536777359376176e-96
3,ec,1.755511022044088,1.3282428648737797e-97
3,ec,1.759519038076152,7.051775122951303e-99
3,ec,1.7635270541082162,3.671811779206703e-100
3,ec,1.7675350701402803,1.8750953656701885e-101
3,ec,1.7715430861723445,9.391334373215508e-103
3,ec,1.7755511022044086,4.613093320683506e-104
3,ec,1.7795591182364727,2.222379234027279e-105
3,ec,1.7835671342685369,1.0500381880570305e-106
3,ec,1.787575150300601,4.8657860714687775e-108
3,ec,1.7915831663326651,2.211372585502498e-109
3,ec,1.7955911823647293,9.856706507103296e-111
3,ec,1.7995991983967934,4.308863363241264e-112
3,ec,1.8036072144288575,1.847373090965151e-113
3,ec,1.8076152304609217,7.767969247856583e-115
3,ec,1.8116232464929858,3.203475267061534e-116
3,ec,1.81563126252505,1.2956754991267946e-117
3,ec,1.819639278557114,5.13963302524864e-119
3,ec,1.8236472945891782,1.9995348096515613e-120
3,ec,1.8276553106212423,7.629337383343974e-122
3,ec,1.8316633266533064,2.8549970614733248e-123
3,ec,1.8356713426853706,1.0478171537855183e-124
3,ec,1.8396793587174347,3.7716061554546315e-126
3,ec,1.8436873747494988,1.331460114559413e-127
3,ec,1.847695390781563,4.60989443107839e-129
3,ec,1.851703406813627,1.5653620190236914e-130
3,ec,1.8557114228456912,5.2131425168695165e-132
3,ec,1.8597194388777554,1.7027284674994274e-133
3,ec,1.8637274549098195,5.4544653792152356e-135
3,ec,1.8677354709418836,1.713641517528224e-136
3,ec,1.8717434869739478,5.2801803314176373e-138
3,ec,1.875751503006012,1.5956532751608301e-139
3,ec,1.879759519038076,4.729217569342799e-141
3,ec,1.8837675350701402,1.3746782272629216e-142
3,ec,1.8877755511022043,3.918986861240842e-144
3,ec,1.8917835671342684,1.0957400967441617e-145
3,ec,1.8957915831663326,3.0047081460099124e-147
3,ec,1.8997995991983967,8.080868285873543e-149
3,ec,1.9038076152304608,2.1314480653393419e-150
3,ec,1.907815631262525,5.513818620298603e-152
3,ec,1.911823647294589,1.3989145577874147e-153
3,ec,1.9158316633266532,3.4808947915249196e-155
3,ec,1.9198396793587174,8.49476947967082e-157
3,ec,1.9238476953907815,2.0331681247774896e-158
3,ec,1.9278557114228456,4.7726103660347054e-160
3,ec,1.9318637274549098,1.09875195658749e-161
3,ec,1.9358717434869739,2.480871877902736e-163
3,ec,1.939879759519038,5.493764065352491e-165
3,ec,1.9438877755511021,1.1931544516470821e-166
3,ec,1.9478957915831663,2.5414660992218645e-168
3,ec,1.9519038076152302,5.309247479109471e-170
3,ec,1.9559118236472943,1.0877838620084088e-171
3,ec,1.9599198396793585,2.18581421963847e-173
3,ec,1.9639278557114226,4.307694302130702e-175
3,ec,1.9679358717434867,8.326020926470355e-177
3,ec,1.9719438877755509,1.5783056597205204e-178
3,ec,1.975951903807615,2.93430817182822e-180
3,ec,1.9799599198396791,5.3503393177173e-182
3,ec,1.9839679358717432,9.567928515263827e-184
3,ec,1.9879759519038074,1.6780910128482043e-185
3,ec,1.9919839679358715,2.8865168334406556e-187
3,ec,1.9959919839679356,4.8696042863965985e-189
3,ec,2.0,8.05701627603297e-191
5,clust,0.0,0.0008977897758103237
5,clust,0.0014028056112224449,0.002635646543826345
5,clust,0.0028056112224448897,0.006891042555988554
5,clust,0.004208416833667334,0.016051784310962526
5,clust,0.0056112224448897794,0.03333355500217156
5,clust,0.0070140280561122245,0.06178165883907295
5,clust,0.008416833667334669,0.102410186296381
5,clust,0.009819639278557115,0.15236278978400497
5,clust,0.011222444889779559,0.20468744625988478
5,clust,0.012625250501002003,0.25073685401419965
5,clust,0.014028056112224449,0.28414550355706975
5,clust,0.015430861723446893,0.3034575672563413
5,clust,0.016833667334669337,0.31108261390763325
5,clust,0.01823647294589178,0.3094657119071588
5,clust,0.01963927855711423,0.2981863320074442
5,clust,0.021042084168336674,0.27498241269594254
5,clust,0.022444889779559118,0.23988725554929172
5,clust,0.023847695390781562,0.19861412693191258
5,clust,0.025250501002004006,0.1619726228923657
5,clust,0.026653306613226454,0.14142433984827393
5,clust,0.028056112224448898,0.14360018198828328
5,clust,0.029458917835671342,0.16692437627521955
5,clust,0.030861723446893786,0.20213617724938998
5,clust,0.032264529058116234,0.23667355686457475
5,clust,0.033667334669338675,0.26096166218904787
5,clust,0.03507014028056112,0.27317440975311086
5,clust,0.03647294589178356,0.2794533155131809
5,clust,0.03787575150300601,0.28956169073097693
5,clust,0.03927855711422846,0.3115169118017418
5,clust,0.0406813627254509,0.34940796354177645
5,clust,0.04208416833667335,0.4052700973894552
5,clust,0.04348697394789579,0.4816896484674134
5,clust,0.044889779559118236,0.5811796024516928
5,clust,0.04629258517034068,0.7021534320364647
5,clust,0.047695390781563124,0.8356100509408212
5,clust,0.04909819639278557,0.9668472455036267
5,clust,0.05050100200400801,1.0822678872415028
5,clust,0.05190380761523046,1.1766754142846083
5,clust,0.05330661322645291,1.255619766918325
5,clust,0.05470941883767535,1.3310436167263344
5,clust,0.056112224448897796,1.413706702094468
5,clust,0.05751503006012024,1.5084412281316355
5,clust,0.058917835671342685,1.615814880001415
5,clust,0.06032064128256513,1.7379129998930871
5,clust,0.06172344689378757,1.8819317460942826
5,clust,0.06312625250501001,2.057349814153825
5,clust,0.06452905811623247,2.268940033500706
5,clust,0.06593186372745491,2.5122000291598074
5,clust,0.06733466933867735,2.775502693447897
5,clust,0.0687374749498998,3.04718567558733
5,clust,0.07014028056112225,3.3224984043820642
5,clust,0.07154308617234469,3.607282133361142
5,clust,0.07294589178356713,3.9182638591092296
5,clust,0.07434869739478958,4.279284399041427
5,clust,0.07575150300601202,4.710975524337352
5,clust,0.07715430861723446,5.215280026044008
5,clust,0.07855711422845692,5.766036170172429
5,clust,0.07995991983967936,6.320953580268369
5,clust,0.0813627254509018,6.857078983609278
5,clust,0.08276553106212425,7.407558087684014
5,clust,0.0841683366733467,8.065776369327237
5,clust,0.08557114228456913,8.941055905445651
5,clust,0.08697394789579158,10.087209444280564
5,clust,0.08837675350701403,11.449698465237846
5,clust,0.08977955911823647,12.866991576049953
5,clust,0.09118236472945891,14.126314720151676
5,clust,0.09258517034068137,15.042958630602518
5,clust,0.09398797595190381,15.525687384196372
5,clust,0.09539078156312625,15.604255557571808
5,clust,0.09679358717434869,15.413234676725576
5,clust,0.09819639278557114,15.141597830953467
5,clust,0.09959919839679358,14.969620302859928
5,clust,0.10100200400801602,15.019572150290411
5,clust,0.10240480961923848,15.337452882095883
5,clust,0.10380761523046092,15.90287389388091
5,clust,0.10521042084168336,16.648960230856012
5,clust,0.10661322645290582,17.47637322734977
5,clust,0.10801603206412826,18.260592098203936
5,clust,0.1094188376753507,18.863474946948216
5,clust,0.11082164328657314,19.158578772484816
5,clust,0.11222444889779559,19.06782869900446
5,clust,0.11362725450901803,18.594630031960723
5,clust,0.11503006012024047,17.833103889637574
5,clust,0.11643286573146293,16.939025903258003
5,clust,0.11783567134268537,16.066595010096925
5,clust,0.11923847695390781,15.299852481293858
5,clust,0.12064128256513026,14.620663437892999
5,clust,0.1220440881763527,13.939127490350819
5,clust,0.12344689378757515,13.170769271913004
5,clust,0.12484969939879759,12.308184316466358
5,clust,0.12625250501002003,11.436079091749185
5,clust,0.1276553106212425,10.680671838707
5,clust,0.12905811623246494,10.133043202517666
5,clust,0.13046092184368738,9.800565493478157
5,clust,0.13186372745490982,9.612077781611507
5,clust,0.13326653306613226,9.460321759425764
5,clust,0.1346693386773547,9.246021254591561
5,clust,0.13607214428857714,8.901648281599739
5,clust,0.1374749498997996,8.39811050230547
5,clust,0.13887775551102205,7.747616257507993
5,clust,0.1402805611222445,7.005340734187894
5,clust,0.14168336673346693,6.25905521852578
5,clust,0.14308617234468937,5.598796197142445
5,clust,0.1444889779559118,5.0770480125765065
5,clust,0.14589178356713425,4.684345438852526
5,clust,0.14729458917835672,4.358980741672549
5,clust,0.14869739478957916,4.026056476458771
5,clust,0.1501002004008016,3.6403612010612796
5,clust,0.15150300601202404,3.206616810530893
5,clust,0.15290581162324648,2.768676279455139
5,clust,0.15430861723446893,2.379963282360119
5,clust,0.15571142284569137,2.0754874218019346
5,clust,0.15711422845691383,1.8592776315483317
5,clust,0.15851703406813628,1.7091286331390936
5,clust,0.15991983967935872,1.5919734269279118
5,clust,0.16132264529058116,1.4804186861148982
5,clust,0.1627254509018036,1.3625761469644981
5,clust,0.16412825651302604,1.2418083438699175
5,clust,0.1655310621242485,1.1287304847084483
5,clust,0.16693386773547095,1.0317721801455195
5,clust,0.1683366733466934,0.9521905377106274
5,clust,0.16973947895791583,0.8852692243944013
5,clust,0.17114228456913827,0.8250893069696719
5,clust,0.1725450901803607,0.7687811226593293
5,clust,0.17394789579158315,0.7177425485055104
5,clust,0.17535070140280562,0.675999113053023
5,clust,0.17675350701402806,0.647682815804648
5,clust,0.1781563126252505,0.6355964494786244
5,clust,0.17955911823647294,0.6413290154238159
5,clust,0.18096192384769538,0.6656931989380648
5,clust,0.18236472945891782,0.7078365360676016
5,clust,0.18376753507014026,0.7627138882743489
5,clust,0.18517034068136273,0.8186635757821523
5,clust,0.18657314629258517,0.8577945101565458
5,clust,0.18797595190380761,0.8606559740443182
5,clust,0.18937875751503006,0.8138060956202628
5,clust,0.1907815631262525,0.7164068935624469
5,clust,0.19218436873747494,0.5818437223045633
5,clust,0.19358717434869738,0.4330250086189371
5,clust,0.19498997995991985,0.29377919976509104
5,clust,0.1963927855711423,0.18094742561455657
5,clust,0.19779559118236473,0.10084997578693457
5,clust,0.19919839679358717,0.05072497434948032
5,clust,0.2006012024048096,0.022973473561780994
5,clust,0.20200400801603205,0.009351729149677706
5,clust,0.20340681362725452,0.003416287526681073
5,clust,0.20480961923847696,0.0011185673342100216
5,clust,0.2062124248496994,0.000327910059230563
5,clust,0.20761523046092184,8.598993704367832e-05
5,clust,0.20901803607214428,2.0156671351648005e-05
5,clust,0.21042084168336672,4.220832768988343e-06
5,clust,0.21182364729458916,7.891480420451555e-07
5,clust,0.21322645290581163,1.3167654889181282e-07
5,clust,0.21462925851703407,1.960136847470665e-08
5,clust,0.2160320641282565,2.602289556214837e-09
5,clust,0.21743486973947895,3.0803509655760174e-10
5,clust,0.2188376753507014,3.250286955962325e-11
5,clust,0.22024048096192383,3.0565844116880306e-12
5,clust,0.22164328657314628,2.5613735894221243e-13
5,clust,0.22304609218436874,1.9123634522220767e-14
5,clust,0.22444889779559118,1.271970133783545e-15
5,clust,0.22585170340681363,7.536121302274216e-17
5,clust,0.22725450901803607,3.9769052202242804e-18
5,clust,0.2286573146292585,1.869116373962877e-19
5,clust,0.23006012024048095,7.82335734858017e-21
5,clust,0.2314629258517034,2.916027811390971e-22
5,clust,0.23286573146292586,9.678568998925265e-24
5,clust,0.2342685370741483,2.8604466912595692e-25
5,clust,0.23567134268537074,7.527391275946705e-27
5,clust,0.23707414829659318,1.7637209906770746e-28
5,clust,0.23847695390781562,3.679414340064759e-30
5,clust,0.23987975951903806,6.834097356090689e-32
5,clust,0.24128256513026053,1.1301311819495629e-33
5,clust,0.24268537074148297,1.6638513647263854e-35
5,clust,0.2440881763527054,2.180880700195983e-37
5,clust,0.24549098196392785,2.5449286075276113e-39
5,clust,0.2468937875751503,2.643875202775082e-41
5,clust,0.24829659318637273,2.445253743442992e-43
5,clust,0.24969939879759517,2.0133583319266068e-45
5,clust,0.25110220440881764,1.4758063946957755e-47
5,clust,0.25250501002004005,9.63044335577459e-50
5,clust,0.2539078156312625,5.59460621803283e-52
5,clust,0.255310621242485,2.8933247867310084e-54
5,clust,0.2567134268537074,1.3320717194880846e-56
5,clust,0.2581162324649299,5.459581425879455e-59
5,clust,0.2595190380761523,1.9920083949412754e-61
5,clust,0.26092184368737475,6.470380344243863e-64
5,clust,0.26232464929859717,6.322408873124711e-66
5,clust,0.26372745490981964,1.5132522754643603e-63
5,clust,0.2651302605210421,4.579362190939146e-61
5,clust,0.2665330661322645,1.233650771147716e-58
5,clust,0.267935871743487,2.95850068970947e-56
5,clust,0.2693386773547094,6.316017359893341e-54
5,clust,0.27074148296593187,1.2003479498089417e-51
5,clust,0.2721442885771543,2.0307814835158434e-49
5,clust,0.27354709418837675,3.058520773722774e-47
5,clust,0.2749498997995992,4.1006421757933976e-45
5,clust,0.27635270541082163,4.8942315643476965e-43
5,clust,0.2777555110220441,5.200071951664453e-41
5,clust,0.2791583166332665,4.9184288355236285e-39
5,clust,0.280561122244489,4.1412898786817705e-37
5,clust,0.2819639278557114,3.1041097633155394e-35
5,clust,0.28336673346693386,2.0712413536018825e-33
5,clust,0.28476953907815633,1.2303156460217974e-31
5,clust,0.28617234468937874,6.50570828051748e-30
5,clust,0.2875751503006012,3.062420502268379e-28
5,clust,0.2889779559118236,1.2832972443700799e-26
5,clust,0.2903807615230461,4.787203613268827e-25
5,clust,0.2917835671342685,1.5897496477802247e-23
5,clust,0.293186372745491,4.699674450076581e-22
5,clust,0.29458917835671344,1.2367986786002479e-20
5,clust,0.29599198396793586,2.8974933635220473e-19
5,clust,0.2973947895791583,6.04279814360151e-18
5,clust,0.29879759519038074,1.1218787557686395e-16
5,clust,0.3002004008016032,1.8541546774572985e-15
5,clust,0.3016032064128256,2.7279612552945566e-14
5,clust,0.3030060120240481,3.5729145888012927e-13
5,clust,0.30440881763527056,4.165808203694293e-12
5,clust,0.30581162324649297,4.32382498956909e-11
5,clust,0.30721442885771544,3.9951136965292835e-10
5,clust,0.30861723446893785,3.2861121365464187e-09
5,clust,0.3100200400801603,2.406178352288048e-08
5,clust,0.31142284569138273,1.5684311207524536e-07
5,clust,0.3128256513026052,9.101129343894852e-07
5,clust,0.31422845691382767,4.701293035445974e-06
5,clust,0.3156312625250501,2.161879867791813e-05
5,clust,0.31703406813627255,8.849892439424624e-05
5,clust,0.31843687374749496,0.0003225051300854633
5,clust,0.31983967935871743,0.0010462307062764904
5,clust,0.32124248496993985,0.003021415806302294
5,clust,0.3226452905811623,0.0077675799382764645
5,clust,0.3240480961923848,0.017776782784427913
5,clust,0.3254509018036072,0.03621702726208922
5,clust,0.32685370741482966,0.06568476252438192
5,clust,0.3282565130260521,0.10604951045068474
5,clust,0.32965931863727455,0.15242103342519608
5,clust,0.331062124248497,0.19501738806888816
5,clust,0.3324649298597194,0.22212322430405654
5,clust,0.3338677354709419,0.22521992128232765
5,clust,0.3352705410821643,0.2032880432336189
5,clust,0.3366733466933868,0.16334621236352528
5,clust,0.3380761523046092,0.11684187066451657
5,clust,0.33947895791583166,0.07440123324009254
5,clust,0.3408817635270541,0.04217489080967035
5,clust,0.34228456913827654,0.021282370494393375
5,clust,0.343687374749499,0.009560447735445288
5,clust,0.3450901803607214,0.0038232144929041287
5,clust,0.3464929859719439,0.0013610412750166773
5,clust,0.3478957915831663,0.0004313264864929491
5,clust,0.34929859719438877,0.00012168391090482999
5,clust,0.35070140280561124,3.055993252570824e-05
5,clust,0.35210420841683365,6.832251150388306e-06
5,clust,0.3535070140280561,1.3597762570375e-06
5,clust,0.35490981963927853,2.4091469140216825e-07
5,clust,0.356312625250501,3.7997175593248336e-08
5,clust,0.3577154308617234,5.334964657051033e-09
5,clust,0.3591182364729459,6.668128759871568e-10
5,clust,0.36052104208416835,7.419396962244597e-11
5,clust,0.36192384769539077,7.348952465466139e-12
5,clust,0.36332665330661323,6.479991982415668e-13
5,clust,0.36472945891783565,5.0864607621233864e-14
5,clust,0.3661322645290581,3.554259464573018e-15
5,clust,0.36753507014028053,2.2109288073029194e-16
5,clust,0.368937875751503,1.2243133582334741e-17
5,clust,0.37034068136272547,6.03535218037099e-19
5,clust,0.3717434869739479,2.6485296969401826e-20
5,clust,0.37314629258517035,1.0346638511776643e-21
5,clust,0.37454909819639276,3.598205020144689e-23
5,clust,0.37595190380761523,1.113947527947654e-24
5,clust,0.37735470941883764,3.069981531311258e-26
5,clust,0.3787575150300601,7.531803680469216e-28
5,clust,0.3801603206412826,1.6449565081254722e-29
5,clust,0.381563126252505,3.1981737048264155e-31
5,clust,0.38296593186372746,5.535309085165709e-33
5,clust,0.3843687374749499,8.528524559137575e-35
5,clust,0.38577154308617234,1.169763678544156e-36
5,clust,0.38717434869739475,1.4282839633848407e-38
5,clust,0.3885771543086172,1.5524698962841883e-40
5,clust,0.3899799599198397,1.502187054532787e-42
5,clust,0.3913827655310621,1.293948651451415e-44
5,clust,0.3927855711422846,9.922069606783497e-47
5,clust,0.394188376753507,6.77297849114057e-49
5,clust,0.39559118236472945,4.115753188069797e-51
5,clust,0.3969939879759519,2.226440789836318e-53
5,clust,0.39839679358717434,1.0721737655481362e-55
5,clust,0.3997995991983968,4.596332126970912e-58
5,clust,0.4012024048096192,1.7540817463279544e-60
5,clust,0.4026052104208417,5.959097006439007e-63
5,clust,0.4040080160320641,1.8022012276342593e-65
5,clust,0.40541082164328657,4.851972235040764e-68
5,clust,0.40681362725450904,1.1628549145037032e-70
5,clust,0.40821643286573145,2.480989682183213e-73
5,clust,0.4096192384769539,4.712122622927037e-76
5,clust,0.41102204408817633,7.967102576084474e-79
5,clust,0.4124248496993988,1.199158068088688e-81
5,clust,0.4138276553106212,1.6067364966685507e-84
5,clust,0.4152304609218437,1.9164834952679175e-87
5,clust,0.41663326653306615,2.0349685799931065e-90
5,clust,0.41803607214428856,1.923545805117209e-93
5,clust,0.41943887775551103,1.6186000776091902e-96
5,clust,0.42084168336673344,1.2124638003550417e-99
5,clust,0.4222444889779559,8.085189532806593e-103
5,clust,0.4236472945891783,4.799586564726494e-106
5,clust,0.4250501002004008,2.536352741951739e-109
5,clust,0.42645290581162326,1.1931847011848074e-112
5,clust,0.4278557114228457,4.9968682609016077e-116
5,clust,0.42925851703406814,1.8628604526126057e-119
5,clust,0.43066132264529056,6.182369333038797e-123
5,clust,0.432064128256513,1.8265088007157797e-126
5,clust,0.43346693386773544,4.8037543635401235e-130
5,clust,0.4348697394789579,1.1246878789497648e-133
5,clust,0.4362725450901804,2.344096234377126e-137
5,clust,0.4376753507014028,4.3492168267238353e-141
5,clust,0.43907815631262526,7.183546078367048e-145
5,clust,0.44048096192384767,1.0562309859818314e-148
5,clust,0.44188376753507014,1.3825190553186036e-152
5,clust,0.44328657314629255,1.6109258395124143e-156
5,clust,0.444689378757515,1.6709835303043347e-160
5,clust,0.4460921843687375,1.5429824659907399e-164
5,clust,0.4474949899799599,1.268358466554511e-168
5,clust,0.44889779559118237,9.28143726355941e-173
5,clust,0.4503006012024048,6.046174183202819e-177
5,clust,0.45170340681362725,3.5062128369970433e-181
5,clust,0.45310621242484966,1.8100396823999092e-185
5,clust,0.45450901803607213,8.318214531005981e-190
5,clust,0.4559118236472946,3.4030187134902515e-194
5,clust,0.457314629258517,1.2393408297640796e-198
5,clust,0.4587174348697395,4.017994869129986e-203
5,clust,0.4601202404809619,1.1596320178193839e-207
5,clust,0.46152304609218436,2.97936161203735e-212
5,clust,0.4629258517034068,6.814255878178707e-217
5,clust,0.46432865731462925,1.387413311676174e-221
5,clust,0.4657314629258517,2.5146959161720597e-226
5,clust,0.4671342685370741,4.057488483191458e-231
5,clust,0.4685370741482966,5.828023777191486e-236
5,clust,0.469939879759519,7.4520804361845e-241
5,clust,0.4713426853707415,8.482540713139654e-246
5,clust,0.47274549098196395,8.595409488728469e-251
5,clust,0.47414829659318636,7.753528543674076e-256
5,clust,0.4755511022044088,6.226219229579413e-261
5,clust,0.47695390781563124,4.4508363542080735e-266
5,clust,0.4783567134268537,2.8323769067617395e-271
5,clust,0.4797595190380761,1.6045478123913498e-276
5,clust,0.4811623246492986,8.091824976651922e-282
5,clust,0.48256513026052106,3.632724795359902e-287
5,clust,0.48396793587174347,1.4518131164770715e-292
5,clust,0.48537074148296594,5.165128530634906e-298
5,clust,0.48677354709418835,1.63585102450768e-303
5,clust,0.4881763527054108,4.612098430996967e-309
5,clust,0.48957915831663323,1.157565526e-314
5,clust,0.4909819639278557,2.5864e-320
5,clust,0.49238476953907817,0.0
5,clust,0.4937875751503006,0.0
5,clust,0.49519038076152305,0.0
5,clust,0.49659318637274547,0.0
5,clust,0.49799599198396793,0.0
5,clust,0.49939879759519035,0.0
5,clust,0.5008016032064128,0.0
5,clust,0.5022044088176353,0.0
5,clust,0.5036072144288577,0.0
5,clust,0.5050100200400801,0.0
5,clust,0.5064128256513026,0.0
5,clust,0.507815631262525,0.0
5,clust,0.5092184368737475,0.0
5,clust,0.51062124248497,0.0
5,clust,0.5120240480961924,0.0
5,clust,0.5134268537074148,0.0
5,clust,0.5148296593186372,0.0
5,clust,0.5162324649298597,0.0
5,clust,0.5176352705410822,0.0
5,clust,0.5190380761523046,0.0
5,clust,0.5204408817635271,0.0
5,clust,0.5218436873747495,0.0
5,clust,0.5232464929859719,0.0
5,clust,0.5246492985971943,0.0
5,clust,0.5260521042084169,0.0
5,clust,0.5274549098196393,0.0
5,clust,0.5288577154308617,0.0
5,clust,0.5302605210420842,0.0
5,clust,0.5316633266533066,0.0
5,clust,0.533066132264529,0.0
5,clust,0.5344689378757514,0.0
5,clust,0.535871743486974,0.0
5,clust,0.5372745490981964,0.0
5,clust,0.5386773547094188,0.0
5,clust,0.5400801603206413,0.0
5,clust,0.5414829659318637,0.0
5,clust,0.5428857715430861,0.0
5,clust,0.5442885771543086,0.0
5,clust,0.5456913827655311,0.0
5,clust,0.5470941883767535,0.0
5,clust,0.5484969939879759,0.0
5,clust,0.5498997995991984,0.0
5,clust,0.5513026052104208,0.0
5,clust,0.5527054108216433,0.0
5,clust,0.5541082164328657,0.0
5,clust,0.5555110220440882,0.0
5,clust,0.5569138276553106,0.0
5,clust,0.558316633266533,0.0
5,clust,0.5597194388777555,0.0
5,clust,0.561122244488978,0.0
5,clust,0.5625250501002004,0.0
5,clust,0.5639278557114228,0.0
5,clust,0.5653306613226453,0.0
5,clust,0.5667334669338677,0.0
5,clust,0.5681362725450901,0.0
5,clust,0.5695390781563127,0.0
5,clust,0.5709418837675351,0.0
5,clust,0.5723446893787575,0.0
5,clust,0.5737474949899799,0.0
5,clust,0.5751503006012024,0.0
5,clust,0.5765531062124248,0.0
5,clust,0.5779559118236473,0.0
5,clust,0.5793587174348698,0.0
5,clust,0.5807615230460922,0.0
5,clust,0.5821643286573146,0.0
5,clust,0.583567134268537,0.0
5,clust,0.5849699398797595,0.0
5,clust,0.586372745490982,0.0
5,clust,0.5877755511022044,0.0
5,clust,0.5891783567134269,0.0
5,clust,0.5905811623246493,0.0
5,clust,0.5919839679358717,0.0
5,clust,0.5933867735470941,0.0
5,clust,0.5947895791583167,0.0
5,clust,0.5961923847695391,0.0
5,clust,0.5975951903807615,0.0
5,clust,0.598997995991984,0.0
5,clust,0.6004008016032064,0.0
5,clust,0.6018036072144288,0.0
5,clust,0.6032064128256512,0.0
5,clust,0.6046092184368738,0.0
5,clust,0.6060120240480962,0.0
5,clust,0.6074148296593186,0.0
5,clust,0.6088176352705411,0.0
5,clust,0.6102204408817635,0.0
5,clust,0.6116232464929859,0.0
5,clust,0.6130260521042084,0.0
5,clust,0.6144288577154309,0.0
5,clust,0.6158316633266533,0.0
5,clust,0.6172344689378757,0.0
5,clust,0.6186372745490982,0.0
5,clust,0.6200400801603206,0.0
5,clust,0.621442885771543,0.0
5,clust,0.6228456913827655,0.0
5,clust,0.624248496993988,0.0
5,clust,0.6256513026052104,0.0
5,clust,0.6270541082164328,0.0
5,clust,0.6284569138276553,0.0
5,clust,0.6298597194388778,0.0
5,clust,0.6312625250501002,0.0
5,clust,0.6326653306613226,0.0
5,clust,0.6340681362725451,0.0
5,clust,0.6354709418837675,0.0
5,clust,0.6368737474949899,0.0
5,clust,0.6382765531062125,0.0
5,clust,0.6396793587174349,0.0
5,clust,0.6410821643286573,0.0
5,clust,0.6424849699398797,0.0
5,clust,0.6438877755511022,0.0
5,clust,0.6452905811623246,0.0
5,clust,0.646693386773547,0.0
5,clust,0.6480961923847696,0.0
5,clust,0.649498997995992,0.0
5,clust,0.6509018036072144,0.0
5,clust,0.6523046092184369,0.0
5,clust,0.6537074148296593,0.0
5,clust,0.6551102204408817,0.0
5,clust,0.6565130260521042,0.0
5,clust,0.6579158316633267,0.0
5,clust,0.6593186372745491,0.0
5,clust,0.6607214428857715,0.0
5,clust,0.662124248496994,0.0
5,clust,0.6635270541082164,0.0
5,clust,0.6649298597194389,0.0
5,clust,0.6663326653306613,0.0
5,clust,0.6677354709418838,0.0
5,clust,0.6691382765531062,0.0
5,clust,0.6705410821643286,0.0
5,clust,0.6719438877755511,0.0
5,clust,0.6733466933867736,0.0
5,clust,0.674749498997996,0.0
5,clust,0.6761523046092184,0.0
5,clust,0.6775551102204409,0.0
5,clust,0.6789579158316633,0.0
5,clust,0.6803607214428857,0.0
5,clust,0.6817635270541083,0.0
5,clust,0.6831663326653307,0.0
5,clust,0.6845691382765531,0.0
5,clust,0.6859719438877755,0.0
5,clust,0.687374749498998,0.0
5,clust,0.6887775551102204,0.0
5,clust,0.6901803607214428,0.0
5,clust,0.6915831663326654,0.0
5,clust,0.6929859719438878,0.0
5,clust,0.6943887775551102,0.0
5,clust,0.6957915831663326,0.0
5,clust,0.6971943887775551,0.0
5,clust,0.6985971943887775,0.0
5,clust,0.7,0.0
5,sr,0.0,0.22051926231242464
5,sr,0.002004008016032064,0.2190042924219538
5,sr,0.004008016032064128,0.21452154436477577
5,sr,0.0060120240480961915,0.20725327153020884
5,sr,0.008016032064128256,0.19748952568588235
5,sr,0.01002004008016032,0.18560895751923912
5,sr,0.012024048096192383,0.1720544818184268
5,sr,0.014028056112224447,0.15730598421477054
5,sr,0.01603206412825651,0.14185240366679938
5,sr,0.018036072144288574,0.12616542786307003
5,sr,0.02004008016032064,0.11067671562240379
5,sr,0.022044088176352703,0.09576006663301438
5,sr,0.024048096192384766,0.0817193672404135
5,sr,0.026052104208416832,0.06878252967899251
5,sr,0.028056112224448895,0.05710108331277017
5,sr,0.03006012024048096,0.04675462689848818
5,sr,0.03206412825651302,0.0377590461380037
5,sr,0.03406813627254509,0.030077253195551046
5,sr,0.03607214428857715,0.023631205394859488
5,sr,0.038076152304609215,0.018314083264686486
5,sr,0.04008016032064128,0.014001717400254542
5,sr,0.04208416833667334,0.010562609538729237
5,sr,0.044088176352705406,0.007866158401343417
5,sr,0.04609218436873747,0.005788944542874503
5,sr,0.04809619238476953,0.004219129206865643
5,sr,0.0501002004008016,0.0030591684110874325
5,sr,0.052104208416833664,0.002227132547486497
5,sr,0.05410821643286573,0.00165695809183368
5,sr,0.05611222444889779,0.001297950679127054
5,sr,0.058116232464929855,0.001113819256975345
5,sr,0.06012024048096192,0.0010814611317849154
5,sr,0.06212424849699398,0.0011896483689922033
5,sr,0.06412825651302605,0.0014376963941425392
5,sr,0.06613226452905811,0.001834133026553682
5,sr,0.06813627254509018,0.002395335997450963
5,sr,0.07014028056112225,0.0031440731292112505
5,sr,0.0721442885771543,0.0041078643142642085
5,sr,0.07414829659318636,0.005317089507534514
5,sr,0.07615230460921843,0.006802792040876938
5,sr,0.0781563126252505,0.008594169943021182
5,sr,0.08016032064128256,0.010715805892516092
5,sr,0.08216432865731463,0.01318475303089887
5,sr,0.08416833667334668,0.016007661043028688
5,sr,0.08617234468937875,0.01917818488094145
5,sr,0.08817635270541081,0.022674956693463658
5,sr,0.09018036072144288,0.02646040995807578
5,sr,0.09218436873747494,0.030480715830794033
5,sr,0.09418837675350701,0.03466702172942113
5,sr,0.09619238476953906,0.03893807307088367
5,sr,0.09819639278557113,0.043204159181802794
5,sr,0.1002004008016032,0.04737216822901986
5,sr,0.10220440881763526,0.05135138312645659
5,sr,0.10420841683366733,0.05505952300287079
5,sr,0.1062124248496994,0.05842845468665232
5,sr,0.10821643286573146,0.06140898338334588
5,sr,0.11022044088176351,0.06397419134675654
5,sr,0.11222444889779558,0.06612092778530637
5,sr,0.11422845691382764,0.06786925105810201
5,sr,0.11623246492985971,0.06925986316590471
5,sr,0.11823647294589178,0.07034982602681834
5,sr,0.12024048096192384,0.07120707410749368
5,sr,0.1222444889779559,0.07190440448908383
5,sr,0.12424849699398796,0.07251370537125051
5,sr,0.12625250501002003,0.0731011602973031
5,sr,0.1282565130260521,0.0737240352843198
5,sr,0.13026052104208416,0.07442943247746642
5,sr,0.13226452905811623,0.07525510443909904
5,sr,0.1342685370741483,0.07623210651788302
5,sr,0.13627254509018036,0.0773887657661175
5,sr,0.13827655310621242,0.07875520815464931
5,sr,0.1402805611222445,0.08036754914215763
5,sr,0.14228456913827653,0.08227084120820063
5,sr,0.1442885771543086,0.08451999432647507
5,sr,0.14629258517034066,0.08717813162917595
5,sr,0.14829659318637273,0.09031218505825178
5,sr,0.1503006012024048,0.09398593249683918
5,sr,0.15230460921843686,0.09825107745145076
5,sr,0.15430861723446893,0.1031373210726789
5,sr,0.156312625250501,0.10864262509818756
5,sr,0.15831663326653306,0.11472497543187624
5,sr,0.16032064128256512,0.12129690833889387
5,sr,0.1623246492985972,0.12822385309612103
5,sr,0.16432865731462926,0.1353269950684316
5,sr,0.16633266533066132,0.1423909084002666
5,sr,0.16833667334669336,0.14917569832982308
5,sr,0.17034068136272543,0.15543288752114448
5,sr,0.1723446893787575,0.16092383702466012
5,sr,0.17434869739478956,0.165439161907536
5,sr,0.17635270541082163,0.16881742258931878
5,sr,0.1783567134268537,0.17096136640436613
5,sr,0.18036072144288576,0.1718501613518683
5,sr,0.18236472945891782,0.17154638784553397
5,sr,0.1843687374749499,0.1701970007745322
5,sr,0.18637274549098196,0.16802799791300493
5,sr,0.18837675350701402,0.16533308017104956
5,sr,0.1903807615230461,0.16245711254891418
5,sr,0.19238476953907813,0.15977564494698596
5,sr,0.1943887775551102,0.15767209099709276
5,sr,0.19639278557114226,0.1565143639142444
5,sr,0.19839679358717432,0.15663281649352614
5,sr,0.2004008016032064,0.1583012255539416
5,sr,0.20240480961923846,0.16172230857085798
5,sr,0.20440881763527052,0.16701888141724894
5,sr,0.2064128256513026,0.17423128952199596
5,sr,0.20841683366733466,0.18332120652190825
5,sr,0.21042084168336672,0.19418133702307963
5,sr,0.2124248496993988,0.20665003003294832
5,sr,0.21442885771543085,0.22052935506900415
5,sr,0.21643286573146292,0.23560485965006892
5,sr,0.21843687374749496,0.2516650535525939
5,sr,0.22044088176352702,0.26851867838784277
5,sr,0.2224448897795591,0.28600803018948306
5,sr,0.22444889779559116,0.30401699663821524
5,sr,0.22645290581162322,0.3224730162288983
5,sr,0.2284569138276553,0.34134281087358376
5,sr,0.23046092184368736,0.3606224177411577
5,sr,0.23246492985971942,0.38032267494361793
5,sr,0.2344689378757515,0.40045182597739
5,sr,0.23647294589178355,0.4209972394140382
5,sr,0.23847695390781562,0.44190835462940237
5,sr,0.24048096192384769,0.463082850166798
5,sr,0.24248496993987975,0.48435770636972264
5,sr,0.2444889779559118,0.5055063417447162
5,sr,0.24649298597194386,0.5262424053036352
5,sr,0.24849699398797592,0.5462301757071658
5,sr,0.250501002004008,0.5651009210011266
5,sr,0.25250501002004005,0.5824740668643915
5,sr,0.2545090180360721,0.5979816448176184
5,sr,0.2565130260521042,0.6112942619098256
5,sr,0.25851703406813625,0.622146747657122
5,sr,0.2605210420841683,0.6303616756903928
5,sr,0.2625250501002004,0.6358691024843495
5,sr,0.26452905811623245,0.6387210891196361
5,sr,0.2665330661322645,0.6390998546947858
5,sr,0.2685370741482966,0.6373187396549936
5,sr,0.27054108216432865,0.6338155285276253
5,sr,0.2725450901803607,0.6291380920531213
5,sr,0.2745490981963928,0.6239227541447115
5,sr,0.27655310621242485,0.6188662580170844
5,sr,0.2785571142284569,0.6146926760387945
5,sr,0.280561122244489,0.6121170458157784
5,sr,0.282565130260521,0.6118078782187928
5,sr,0.28456913827655306,0.6143509255617533
5,sr,0.2865731462925851,0.6202166778438395
5,sr,0.2885771543086172,0.629733941537395
5,sr,0.29058116232464926,0.6430715369606416
5,sr,0.2925851703406813,0.6602296377100145
5,sr,0.2945891783567134,0.6810416035656172
5,sr,0.29659318637274545,0.7051863824690104
5,sr,0.2985971943887775,0.7322107486415171
5,sr,0.3006012024048096,0.7615598808237457
5,sr,0.30260521042084165,0.7926141429307557
5,sr,0.3046092184368737,0.8247294736830718
5,sr,0.3066132264529058,0.8572785672359959
5,sr,0.30861723446893785,0.88969005378658
5,sr,0.3106212424849699,0.9214831602120035
5,sr,0.312625250501002,0.9522958114429598
5,sr,0.31462925851703405,0.9819047655551648
5,sr,0.3166332665330661,1.010237084831091
5,sr,0.3186372745490982,1.0373729490138397
5,sr,0.32064128256513025,1.0635404361636016
5,sr,0.3226452905811623,1.089103364909453
5,sr,0.3246492985971944,1.1145435663149406
5,sr,0.32665330661322645,1.1404390204739097
5,sr,0.3286573146292585,1.1674391710104437
5,sr,0.3306613226452906,1.196238468613636
5,sr,0.33266533066132264,1.2275488641352157
5,sr,0.33466933867735466,1.2620716553744673
5,sr,0.3366733466933867,1.3004688691260418
5,sr,0.3386773547094188,1.3433342931624055
5,sr,0.34068136272545085,1.3911643929205941
5,sr,0.3426853707414829,1.444329647792744
5,sr,0.344689378757515,1.5030472753896875
5,sr,0.34669338677354705,1.5673567983741001
5,sr,0.3486973947895791,1.6371003454429882
5,sr,0.3507014028056112,1.7119098595831328
5,sr,0.35270541082164325,1.7912034215210084
5,sr,0.3547094188376753,1.8741926254703252
5,sr,0.3567134268537074,1.959902354150236
5,sr,0.35871743486973945,2.0472034275093187
5,sr,0.3607214428857715,2.13485752900099
5,sr,0.3627254509018036,2.2215726650096976
5,sr,0.36472945891783565,2.3060663256975946
5,sr,0.3667334669338677,2.3871326246600497
5,sr,0.3687374749498998,2.4637091120026766
5,sr,0.37074148296593185,2.534938751875186
5,sr,0.3727454909819639,2.6002227520895915
5,sr,0.374749498997996,2.6592605002759866
5,sr,0.37675350701402804,2.712073725139063
5,sr,0.3787575150300601,2.7590130615572313
5,sr,0.3807615230460922,2.800746343419439
5,sr,0.38276553106212424,2.8382290753618187
5,sr,0.38476953907815625,2.8726585634098156
5,sr,0.3867735470941883,2.9054140640739106
5,sr,0.3887775551102204,2.937986020008485
5,sr,0.39078156312625245,2.9718979880577936
5,sr,0.3927855711422845,3.0086252426318327
5,sr,0.3947895791583166,3.049514261893635
5,sr,0.39679358717434865,3.0957073727308377
5,sr,0.3987975951903807,3.148076724688972
5,sr,0.4008016032064128,3.2071714537769918
5,sr,0.40280561122244485,3.2731813542312063
5,sr,0.4048096192384769,3.3459195824944974
5,sr,0.406813627254509,3.424825881211033
5,sr,0.40881763527054105,3.5089905750684465
5,sr,0.4108216432865731,3.597198234447444
5,sr,0.4128256513026052,3.687988536660842
5,sr,0.41482965931863724,3.779730603994237
5,sr,0.4168336673346693,3.870706087061484
5,sr,0.4188376753507014,3.9591955954781426
5,sr,0.42084168336673344,4.0435628251802935
5,sr,0.4228456913827655,4.1223309195266316
5,sr,0.4248496993987976,4.194246212425557
5,sr,0.42685370741482964,4.258325480843456
5,sr,0.4288577154308617,4.313884097809366
5,sr,0.4308617234468938,4.360543925211155
5,sr,0.43286573146292584,4.398221310941686
5,sr,0.4348697394789579,4.427097049551008
5,sr,0.4368737474949899,4.447571524944542
5,sr,0.438877755511022,4.460209378381463
5,sr,0.44088176352705405,4.465678842954832
5,sr,0.4428857715430861,4.4646912766934035
5,sr,0.4448897795591182,4.457946350090253
5,sr,0.44689378757515025,4.446087770498398
5,sr,0.4488977955911823,4.42967336776951
5,sr,0.4509018036072144,4.409161886236079
5,sr,0.45290581162324645,4.3849170456732605
5,sr,0.4549098196392785,4.357227515884103
5,sr,0.4569138276553106,4.3263395991631715
5,sr,0.45891783567134264,4.292497848297353
5,sr,0.4609218436873747,4.2559877664449886
5,sr,0.4629258517034068,4.21717429714021
5,sr,0.46492985971943884,4.176530107058208
5,sr,0.4669338677354709,4.134648694505866
5,sr,0.468937875751503,4.092239034525226
5,sr,0.47094188376753504,4.0501006233547265
5,sr,0.4729458917835671,4.009080170221812
5,sr,0.4749498997995992,3.9700135236418355
5,sr,0.47695390781563124,3.933658428428016
5,sr,0.4789579158316633,3.9006251353108303
5,sr,0.48096192384769537,3.871312537948596
5,sr,0.48296593186372744,3.8458572918340277
5,sr,0.4849699398797595,3.8241022796407766
5,sr,0.48697394789579157,3.8055889370345257
5,sr,0.4889779559118236,3.7895755450120623
5,sr,0.49098196392785565,3.7750809025941554
5,sr,0.4929859719438877,3.7609501270054064
5,sr,0.4949899799599198,3.745936995255384
5,sr,0.49699398797595185,3.7287955087262565
5,sr,0.4989979959919839,3.708372424550018
5,sr,0.501002004008016,3.6836924503937203
5,sr,0.503006012024048,3.6540286310216072
5,sr,0.5050100200400801,3.618952049835336
5,sr,0.5070140280561122,3.5783571239330247
5,sr,0.5090180360721442,3.5324612258853145
5,sr,0.5110220440881763,3.4817798342849504
5,sr,0.5130260521042084,3.42708062542352
5,sr,0.5150300601202404,3.369321642704125
5,sr,0.5170340681362725,3.3095797617708396
5,sr,0.5190380761523046,3.248976036509603
5,sr,0.5210420841683366,3.1886041813405765
5,sr,0.5230460921843687,3.1294675161040564
5,sr,0.5250501002004008,3.0724283310922353
5,sr,0.5270541082164328,3.018172018704434
5,sr,0.5290581162324649,2.967186671984171
5,sr,0.531062124248497,2.919757359116519
5,sr,0.533066132264529,2.87597309746897
5,sr,0.5350701402805611,2.8357437665591445
5,sr,0.5370741482965932,2.7988238501941596
5,sr,0.5390781563126252,2.764839958059685
5,sr,0.5410821643286573,2.7333194709146627
5,sr,0.5430861723446894,2.7037182726458924
5,sr,0.5450901803607214,2.675446254033362
5,sr,0.5470941883767535,2.6478899794625304
5,sr,0.5490981963927856,2.6204325024098676
5,sr,0.5511022044088176,2.592470733792407
5,sr,0.5531062124248497,2.563430981332243
5,sr,0.5551102204408818,2.5327832950240183
5,sr,0.5571142284569138,2.50005510877492
5,sr,0.5591182364729459,2.464844414408814
5,sr,0.561122244488978,2.426832401299317
5,sr,0.56312625250501,2.385795199296322
5,sr,0.565130260521042,2.3416141197755684
5,sr,0.567134268537074,2.2942836300434397
5,sr,0.5691382765531061,2.243916234891001
5,sr,0.5711422845691382,2.1907434773239145
5,sr,0.5731462925851702,2.135112400190963
5,sr,0.5751503006012023,2.077477017634749
5,sr,0.5771543086172344,2.0183846134633683
5,sr,0.5791583166332664,1.9584569953523643
5,sr,0.5811623246492985,1.8983671713468273
5,sr,0.5831663326653306,1.8388122591775082
5,sr,0.5851703406813626,1.7804837675954879
5,sr,0.5871743486973947,1.7240366771632516
5,sr,0.5891783567134268,1.670058967848947
5,sr,0.5911823647294588,1.6190433638096882
5,sr,0.5931863727454909,1.5713630662922204
5,sr,0.595190380761523,1.5272531055000473
5,sr,0.597194388777555,1.4867986556467454
5,sr,0.5991983967935871,1.449931234239537
5,sr,0.6012024048096192,1.416433174620402
5,sr,0.6032064128256512,1.3859501643935412
5,sr,0.6052104208416833,1.3580110388652444
5,sr,0.6072144288577154,1.3320534714719732
5,sr,0.6092184368737474,1.307453773531835
5,sr,0.6112224448897795,1.2835587533732125
5,sr,0.6132264529058116,1.2597175205204305
5,sr,0.6152304609218436,1.2353112599145366
5,sr,0.6172344689378757,1.2097793232671175
5,sr,0.6192384769539078,1.1826404444930247
5,sr,0.6212424849699398,1.1535084207816888
5,sr,0.6232464929859719,1.1221021388531285
5,sr,0.625250501002004,1.0882502984351252
5,sr,0.627254509018036,1.0518915362554362
5,sr,0.6292585170340681,1.013070849673215
5,sr,0.6312625250501002,0.971933251571912
5,sr,0.6332665330661322,0.9287154759529839
5,sr,0.6352705410821643,0.8837363378031015
5,sr,0.6372745490981964,0.8373860867180212
5,sr,0.6392785571142284,0.7901148412757677
5,sr,0.6412825651302605,0.7424200039307881
5,sr,0.6432865731462926,0.6948324726805166
5,sr,0.6452905811623246,0.6479015029802961
5,sr,0.6472945891783567,0.6021782247491677
5,sr,0.6492985971943888,0.5581980564323973
5,sr,0.6513026052104208,0.5164625363039058
5,sr,0.6533066132264529,0.47742135763953647
5,sr,0.655310621242485,0.4414555972007832
5,sr,0.657314629258517,0.4088632235169023
5,sr,0.6593186372745491,0.3798479372678009
5,sr,0.6613226452905812,0.35451222582808195
5,sr,0.6633266533066132,0.3328552241371827
5,sr,0.6653306613226453,0.31477559932213395
5,sr,0.6673346693386772,0.3000792644918232
5,sr,0.6693386773547093,0.28849133069358424
5,sr,0.6713426853707414,0.2796713752018353
5,sr,0.6733466933867734,0.27323087887598746
5,sr,0.6753507014028055,0.2687515892028512
5,sr,0.6773547094188376,0.26580360390004226
5,sr,0.6793587174348696,0.26396212884050935
5,sr,0.6813627254509017,0.26282211387962673
5,sr,0.6833667334669338,0.262010270555405
5,sr,0.6853707414829658,0.2611942821775672
5,sr,0.6873747494989979,0.26008928800039627
5,sr,0.68937875751503,0.25846192645410093
5,sr,0.691382765531062,0.2561323385792803
5,sr,0.6933867735470941,0.2529745579534583
5,sr,0.6953907815631262,0.24891565833867152
5,sr,0.6973947895791582,0.24393391774060402
5,sr,0.6993987975951903,0.23805611769532606
5,sr,0.7014028056112224,0.23135396164142302
5,sr,0.7034068136272544,0.223939495325196
5,sr,0.7054108216432865,0.21595936697806467
5,sr,0.7074148296593186,0.20758778675740527
5,sr,0.7094188376753506,0.19901813332955093
5,sr,0.7114228456913827,0.19045329911726397
5,sr,0.7134268537074148,0.18209504420641714
5,sr,0.7154308617234468,0.1741328158135945
5,sr,0.7174348697394789,0.16673265688047428
5,sr,0.719438877755511,0.16002694664065892
5,sr,0.721442885771543,0.154105765827308
5,sr,0.7234468937875751,0.149010645448614
5,sr,0.7254509018036072,0.14473133659421664
5,sr,0.7274549098196392,0.14120603620312086
5,sr,0.7294589178356713,0.13832523721261314
5,sr,0.7314629258517034,0.13593906690581978
5,sr,0.7334669338677354,0.13386766647458884
5,sr,0.7354709418837675,0.13191388201564938
5,sr,0.7374749498997996,0.1298773147017631
5,sr,0.7394789579158316,0.12756864199177104
5,sr,0.7414829659318637,0.1248230891405821
5,sr,0.7434869739478958,0.1215120056201573
5,sr,0.7454909819639278,0.1175516762169656
5,sr,0.7474949899799599,0.11290875149550819
5,sr,0.749498997995992,0.10760198772057866
5,sr,0.751503006012024,0.10170030763018593
5,sr,0.7535070140280561,0.09531749548069265
5,sr,0.7555110220440882,0.08860409152536315
5,sr,0.7575150300601202,0.08173722967024712
5,sr,0.7595190380761523,0.07490925542831321
5,sr,0.7615230460921844,0.06831596915741213
5,sr,0.7635270541082164,0.062145272440337095
5,sr,0.7655310621242485,0.05656687215244676
5,sr,0.7675350701402806,0.05172354067842255
5,sr,0.7695390781563125,0.04772426576358945
5,sr,0.7715430861723446,0.044639470086287936
5,sr,0.7735470941883766,0.04249835293651861
5,sr,0.7755511022044087,0.041288310625557975
5,sr,0.7775551102204408,0.04095632688354303
5,sr,0.7795591182364728,0.041412181787821786
5,sr,0.7815631262525049,0.04253329650145039
5,sr,0.783567134268537,0.04417099988625161
5,sr,0.785571142284569,0.04615796340152926
5,sr,0.7875751503006011,0.04831649935915783
5,sr,0.7895791583166332,0.05046735762139709
5,sr,0.7915831663326652,0.05243859610455396
5,sr,0.7935871743486973,0.054074053935054815
5,sr,0.7955911823647294,0.055240936946029606
5,sr,0.7975951903807614,0.05583604550325679
5,sr,0.7995991983967935,0.05579024146391827
5,sr,0.8016032064128256,0.055070864304546066
5,sr,0.8036072144288576,0.05368195810111873
5,sr,0.8056112224448897,0.05166234595569122
5,sr,0.8076152304609218,0.04908176650809879
5,sr,0.8096192384769538,0.04603544638366826
5,sr,0.8116232464929859,0.04263760255805565
5,sr,0.813627254509018,0.0390144344154377
5,sr,0.81563126252505,0.0352971689134713
5,sr,0.8176352705410821,0.03161566453112015
5,sr,0.8196392785571142,0.02809296971933794
5,sr,0.8216432865731462,0.024841085392072918
5,sr,0.8236472945891783,0.021958018905952607
5,sr,0.8256513026052104,0.019526060610411528
5,sr,0.8276553106212424,0.017611083317474813
5,sr,0.8296593186372745,0.016262575544160763
5,sr,0.8316633266533066,0.01551408057566446
5,sr,0.8336673346693386,0.015383727673430053
5,sr,0.8356713426853707,0.015874604449138303
5,sr,0.8376753507014028,0.016974819687765295
5,sr,0.8396793587174348,0.018657228196337403
5,sr,0.8416833667334669,0.020878915347009572
5,sr,0.843687374749499,0.023580650172937978
5,sr,0.845691382765531,0.026686595271669816
5,sr,0.8476953907815631,0.030104596409415513
5,sr,0.8496993987975952,0.03372735731382769
5,sr,0.8517034068136272,0.03743473525417755
5,sr,0.8537074148296593,0.04109727744474774
5,sr,0.8557114228456913,0.0445809706127286
5,sr,0.8577154308617234,0.04775301505419164
5,sr,0.8597194388777555,0.05048828190232125
5,sr,0.8617234468937875,0.052675989879269636
5,sr,0.8637274549098196,0.05422606404330903
5,sr,0.8657314629258517,0.05507462643818398
5,sr,0.8677354709418837,0.05518812134082705
5,sr,0.8697394789579158,0.0545656910457038
5,sr,0.8717434869739479,0.05323957815786225
5,sr,0.8737474949899798,0.051273516686200116
5,sr,0.8757515030060119,0.048759262510632305
5,sr,0.877755511022044,0.045811579600290545
5,sr,0.879759519038076,0.042562120873687305
5,sr,0.8817635270541081,0.039152707796065826
5,sr,0.8837675350701402,0.035728515509064834
5,sr,0.8857715430861722,0.03243161468588291
5,sr,0.8877755511022043,0.029395220038674768
5,sr,0.8897795591182364,0.026738867243894578
5,sr,0.8917835671342684,0.024564606674987846
5,sr,0.8937875751503005,0.02295418474302672
5,sr,0.8957915831663326,0.021967098817971785
5,sr,0.8977955911823646,0.02163936999084081
5,sr,0.8997995991983967,0.02198288163580774
5,sr,0.9018036072144288,0.022985174975705843
5,sr,0.9038076152304608,0.02460966283166552
5,sr,0.9058116232464929,0.02679630199764757
5,sr,0.907815631262525,0.029462834168555364
5,sr,0.909819639278557,0.03250674768685504
5,sr,0.9118236472945891,0.03580811487358836
5,sr,0.9138276553106212,0.03923341667643767
5,sr,0.9158316633266532,0.042640380271616145
5,sr,0.9178356713426853,0.04588373660801287
5,sr,0.9198396793587174,0.04882167076415414
5,sr,0.9218436873747494,0.051322609451291544
5,sr,0.9238476953907815,0.053271888701598366
5,sr,0.9258517034068136,0.05457778943248638
5,sr,0.9278557114228456,0.05517643172902487
5,sr,0.9298597194388777,0.05503508447971032
5,sr,0.9318637274549098,0.054153570256807074
5,sr,0.9338677354709418,0.052563612163992995
5,sr,0.9358717434869739,0.05032615924467089
5,sr,0.937875751503006,0.04752691592195889
5,sr,0.939879759519038,0.04427046499897942
5,sr,0.9418837675350701,0.04067349296709294
5,sr,0.9438877755511021,0.03685768743035125
5,sr,0.9458917835671342,0.03294287444262027
5,sr,0.9478957915831663,0.029040902248106695
5,sr,0.9498997995991983,0.025250668685361927
5,sr,0.9519038076152304,0.02165454910708224
5,sr,0.9539078156312625,0.018316329346971194
5,sr,0.9559118236472945,0.01528060283164286
5,sr,0.9579158316633266,0.012573468138507241
5,sr,0.9599198396793587,0.010204274016379656
5,sr,0.9619238476953907,0.008168108271099535
5,sr,0.9639278557114228,0.006448714539903215
5,sr,0.9659318637274549,0.005021541752112327
5,sr,0.9679358717434869,0.0038566767399807246
5,sr,0.969939879759519,0.0029214712674620127
5,sr,0.9719438877755511,0.0021827410225207333
5,sr,0.9739478957915831,0.0016084775582829668
5,sr,0.9759519038076151,0.0011690686135593397
5,sr,0.9779559118236472,0.0008380640147430516
5,sr,0.9799599198396792,0.0005925521529175614
5,sr,0.9819639278557113,0.00041322649705571353
5,sr,0.9839679358717434,0.00028422477825618565
5,sr,0.9859719438877754,0.00019281814645018082
5,sr,0.9879759519038075,0.00012901673986991045
5,sr,0.9899799599198396,8.514446392674648e-05
5,sr,0.9919839679358716,5.542158724120635e-05
5,sr,0.9939879759519037,3.5580635083961624e-05
5,sr,0.9959919839679358,2.25299705252525e-05
5,sr,0.9979959919839678,1.4070830886133097e-05
5,sr,1.0,8.667444213377203e-06
5,ec,0.0,1.2365953728664985e-10
5,ec,0.004008016032064128,3.1323918472957474e-10
5,ec,0.008016032064128256,7.762034869353099e-10
5,ec,0.012024048096192383,1.881594919156916e-09
5,ec,0.01603206412825651,4.461980968846491e-09
5,ec,0.02004008016032064,1.0350953025013643e-08
5,ec,0.024048096192384766,2.349005357648402e-08
5,ec,0.028056112224448895,5.2148128553613885e-08
5,ec,0.03206412825651302,1.1325164133668826e-07
5,ec,0.03607214428857715,2.4060317230349105e-07
5,ec,0.04008016032064128,5.000452123515355e-07
5,ec,0.044088176352705406,1.0166425832958681e-06
5,ec,0.04809619238476953,2.021987399150318e-06
5,ec,0.052104208416833664,3.934048903810177e-06
5,ec,0.05611222444889779,7.4877662164339544e-06
5,ec,0.06012024048096192,1.3941711213493818e-05
5,ec,0.06412825651302605,2.53940092326732e-05
5,ec,0.06813627254509018,4.5247854204447894e-05
5,ec,0.0721442885771543,7.887083250447033e-05
5,ec,0.07615230460921843,0.00013448902903979296
5,ec,0.08016032064128256,0.00022434152820857868
5,ec,0.08416833667334668,0.00036608793253343553
5,ec,0.08817635270541081,0.0005844062271637609
5,ec,0.09218436873747494,0.000912638956421112
5,ec,0.09619238476953906,0.001394246011146953
5,ec,0.1002004008016032,0.0020837142181020594
5,ec,0.10420841683366733,0.003046478951370855
5,ec,0.10821643286573146,0.004357361895805395
5,ec,0.11222444889779558,0.006097058006647743
5,ec,0.11623246492985971,0.008346347549681705
5,ec,0.12024048096192384,0.011177986777953971
5,ec,0.12424849699398796,0.014646639132476262
5,ec,0.1282565130260521,0.01877770868360185
5,ec,0.13226452905811623,0.02355645109833243
5,ec,0.13627254509018036,0.028919154779876603
5,ec,0.1402805611222445,0.034748381991774956
5,ec,0.1442885771543086,0.04087412699118586
5,ec,0.14829659318637273,0.04708222281163323
5,ec,0.15230460921843686,0.053130423678530665
5,ec,0.156312625250501,0.05877141054218115
5,ec,0.16032064128256512,0.06378070220017668
5,ec,0.16432865731462926,0.067986348035979
5,ec,0.16833667334669336,0.07129657960315036
5,ec,0.1723446893787575,0.07372150279102997
5,ec,0.17635270541082163,0.07538551022953911
5,ec,0.18036072144288576,0.07652833837928794
5,ec,0.1843687374749499,0.07749440190717942
5,ec,0.18837675350701402,0.07871192119741867
5,ec,0.19238476953907813,0.08066508151488214
5,ec,0.19639278557114226,0.08386370970776168
5,ec,0.2004008016032064,0.08881549522948314
5,ec,0.20440881763527052,0.09600551123046555
5,ec,0.20841683366733466,0.10588674225627877
5,ec,0.2124248496993988,0.11888365494216083
5,ec,0.21643286573146292,0.13540879997457106
5,ec,0.22044088176352702,0.1558902878986955
5,ec,0.22444889779559116,0.1808060099119501
5,ec,0.2284569138276553,0.21071890729709153
5,ec,0.23246492985971942,0.2463066012580443
5,ec,0.23647294589178355,0.2883783929455035
5,ec,0.24048096192384769,0.33787309930082216
5,ec,0.2444889779559118,0.3958324367058387
5,ec,0.24849699398797592,0.46334670034603714
5,ec,0.25250501002004005,0.5414722636466481
5,ec,0.2565130260521042,0.6311238122809902
5,ec,0.2605210420841683,0.7329479903926807
5,ec,0.26452905811623245,0.8471888922585807
5,ec,0.2685370741482966,0.9735590633479706
5,ec,0.2725450901803607,1.1111317743341167
5,ec,0.27655310621242485,1.2582707018326702
5,ec,0.280561122244489,1.412611335039079
5,ec,0.28456913827655306,1.5711042599084997
5,ec,0.2885771543086172,1.730124185857057
5,ec,0.2925851703406813,1.8856408535836955
5,ec,0.29659318637274545,2.0334398654563124
5,ec,0.3006012024048096,2.169374309007399
5,ec,0.3046092184368737,2.2896230819484553
5,ec,0.30861723446893785,2.3909300688782222
5,ec,0.312625250501002,2.47080023639363
5,ec,0.3166332665330661,2.52763411359003
5,ec,0.32064128256513025,2.560790159542
5,ec,0.3246492985971944,2.570573831988471
5,ec,0.3286573146292585,2.558161167078929
5,ec,0.33266533066132264,2.525471848217506
5,ec,0.3366733466933867,2.475010960586265
5,ec,0.34068136272545085,2.409699379062056
5,ec,0.344689378757515,2.332710191682746
5,ec,0.3486973947895791,2.247323517477808
5,ec,0.35270541082164325,2.156805777876025
5,ec,0.3567134268537074,2.064313341041065
5,ec,0.3607214428857715,1.9728157733914407
5,ec,0.36472945891783565,1.8850316105858584
5,ec,0.3687374749498998,1.8033699375637755
5,ec,0.3727454909819639,1.729873839639552
5,ec,0.37675350701402804,1.6661660766858455
5,ec,0.3807615230460922,1.6134018848411098
5,ec,0.38476953907815625,1.5722372811896639
5,ec,0.3887775551102204,1.5428225273479494
5,ec,0.3927855711422845,1.524828904964192
5,ec,0.39679358717434865,1.5175127608384746
5,ec,0.4008016032064128,1.519814671344324
5,ec,0.4048096192384769,1.5304848565769622
5,ec,0.40881763527054105,1.5482201671148834
5,ec,0.4128256513026052,1.5717944561248236
5,ec,0.4168336673346693,1.600163859406406
5,ec,0.42084168336673344,1.6325316832813268
5,ec,0.4248496993987976,1.668363765554313
5,ec,0.4288577154308617,1.7073532334114467
5,ec,0.43286573146292584,1.7493420610138228
5,ec,0.4368737474949899,1.7942141767365625
5,ec,0.44088176352705405,1.841779749390655
5,ec,0.4448897795591182,1.8916718094794582
5,ec,0.4488977955911823,1.9432742449265952
5,ec,0.45290581162324645,1.9956947933289648
5,ec,0.4569138276553106,2.047788849523369
5,ec,0.4609218436873747,2.098231057644677
5,ec,0.46492985971943884,2.145623309335746
5,ec,0.468937875751503,2.188621422792939
5,ec,0.4729458917835671,2.2260596110577127
5,ec,0.47695390781563124,2.257052489769676
5,ec,0.48096192384769537,2.2810587466243883
5,ec,0.4849699398797595,2.297897886634558
5,ec,0.4889779559118236,2.3077202581881973
5,ec,0.4929859719438877,2.310939088581458
5,ec,0.49699398797595185,2.308139766882169
5,ec,0.501002004008016,2.299984766828044
5,ec,0.5050100200400801,2.2871317910326305
5,ec,0.5090180360721442,2.270178222199899
5,ec,0.5130260521042084,2.2496379203813874
5,ec,0.5170340681362725,2.225948533958503
5,ec,0.5210420841683366,2.199500696419527
5,ec,0.5250501002004008,2.170676355963394
5,ec,0.5290581162324649,2.1398829064239564
5,ec,0.533066132264529,2.1075726831082005
5,ec,0.5370741482965932,2.0742427603307845
5,ec,0.5410821643286573,2.0404162050077126
5,ec,0.5450901803607214,2.006611200057211
5,ec,0.5490981963927856,1.9733073023973524
5,ec,0.5531062124248497,1.9409178645289085
5,ec,0.5571142284569138,1.9097746076625706
5,ec,0.561122244488978,1.8801256262847978
5,ec,0.565130260521042,1.8521433565909786
5,ec,0.5691382765531061,1.82593585267543
5,ec,0.5731462925851702,1.8015541453326491
5,ec,0.5771543086172344,1.7789906941887441
5,ec,0.5811623246492985,1.7581682359790294
5,ec,0.5851703406813626,1.7389232360692337
5,ec,0.5891783567134268,1.7209919874074995
5,ec,0.5931863727454909,1.7040087908299857
5,ec,0.597194388777555,1.687523951263129
5,ec,0.6012024048096192,1.6710448386151566
5,ec,0.6052104208416833,1.6540971488568366
5,ec,0.6092184368737474,1.6362974254198235
5,ec,0.6132264529058116,1.617423540842
5,ec,0.6172344689378757,1.5974684004476247
5,ec,0.6212424849699398,1.576664028526031
5,ec,0.625250501002004,1.5554679836233445
5,ec,0.6292585170340681,1.5345105918649664
5,ec,0.6332665330661322,1.5145083310845395
5,ec,0.6372745490981964,1.4961544732449255
5,ec,0.6412825651302605,1.4800018356351412
5,ec,0.6452905811623246,1.4663538005748782
5,ec,0.6492985971943888,1.45517875882956
5,ec,0.6533066132264529,1.4460602768926993
5,ec,0.657314629258517,1.4381911643022267
5,ec,0.6613226452905812,1.4304147492230466
5,ec,0.6653306613226453,1.4213114622312963
5,ec,0.6693386773547093,1.4093236094562318
5,ec,0.6733466933867734,1.3929063524434242
5,ec,0.6773547094188376,1.3706888968820268
5,ec,0.6813627254509017,1.3416273538458998
5,ec,0.6853707414829658,1.305130329630111
5,ec,0.68937875751503,1.2611405053671467
5,ec,0.6933867735470941,1.2101603761885764
5,ec,0.6973947895791582,1.153217480779578
5,ec,0.7014028056112224,1.0917728608366515
5,ec,0.7054108216432865,1.0275847404878666
5,ec,0.7094188376753506,0.9625459910633125
5,ec,0.7134268537074148,0.8985175676799777
5,ec,0.7174348697394789,0.8371800413773903
5,ec,0.721442885771543,0.7799216085764507
5,ec,0.7254509018036072,0.7277742833257892
5,ec,0.7294589178356713,0.6814016800523384
5,ec,0.7334669338677354,0.6411334549215159
5,ec,0.7374749498997996,0.6070345904389713
5,ec,0.7414829659318637,0.5789933912208175
5,ec,0.7454909819639278,0.556810839815922
5,ec,0.749498997995992,0.540275746845237
5,ec,0.7535070140280561,0.5292142980109082
5,ec,0.7575150300601202,0.523508195050155
5,ec,0.7615230460921844,0.5230815454225198
5,ec,0.7655310621242485,0.5278620113326897
5,ec,0.7695390781563125,0.5377257538726304
5,ec,0.7735470941883766,0.5524379689485508
5,ec,0.7775551102204408,0.5716011612742355
5,ec,0.7815631262525049,0.5946218343681511
5,ec,0.785571142284569,0.6207032681848721
5,ec,0.7895791583166332,0.6488679374306598
5,ec,0.7935871743486973,0.6780084374742564
5,ec,0.7975951903807614,0.7069611682155429
5,ec,0.8016032064128256,0.7345931616286986
5,ec,0.8056112224448897,0.759889971207824
5,ec,0.8096192384769538,0.7820319650509544
5,ec,0.813627254509018,0.8004478980734975
5,ec,0.8176352705410821,0.814838133515044
5,ec,0.8216432865731462,0.8251647961156784
5,ec,0.8256513026052104,0.8316115995725368
5,ec,0.8296593186372745,0.8345210631278569
5,ec,0.8336673346693386,0.8343203338479962
5,ec,0.8376753507014028,0.8314481598028995
5,ec,0.8416833667334669,0.8262944649330694
5,ec,0.845691382765531,0.8191607309602777
5,ec,0.8496993987975952,0.8102447339040736
5,ec,0.8537074148296593,0.7996481486894635
5,ec,0.8577154308617234,0.7874012173452453
5,ec,0.8617234468937875,0.7734959699905151
5,ec,0.8657314629258517,0.7579188892273131
5,ec,0.8697394789579158,0.7406754101901842
5,ec,0.8737474949899798,0.7218017573308576
5,ec,0.877755511022044,0.7013634898541682
5,ec,0.8817635270541081,0.679443777587935
5,ec,0.8857715430861722,0.6561269793622232
5,ec,0.8897795591182364,0.6314839830166741
5,ec,0.8937875751503005,0.6055648686390911
5,ec,0.8977955911823646,0.5784021090936025
5,ec,0.9018036072144288,0.5500244120876205
5,ec,0.9058116232464929,0.5204782861762204
5,ec,0.909819639278557,0.4898522642364643
5,ec,0.9138276553106212,0.4582979586864293
5,ec,0.9178356713426853,0.42604287703600163
5,ec,0.9218436873747494,0.3933919123250005
5,ec,0.9258517034068136,0.3607170509740361
5,ec,0.9298597194388777,0.3284373911111842
5,ec,0.9338677354709418,0.296993392473301
5,ec,0.937875751503006,0.2668199848142625
5,ec,0.9418837675350701,0.23832268191358477
5,ec,0.9458917835671342,0.21185944519339026
5,ec,0.9498997995991983,0.18772920136563917
5,ec,0.9539078156312625,0.1661661967976444
5,ec,0.9579158316633266,0.1473382271002373
5,ec,0.9619238476953907,0.1313464582147959
5,ec,0.9659318637274549,0.11822503602214537
5,ec,0.969939879759519,0.10793971435906374
5,ec,0.9739478957915831,0.10038592817881047
5,ec,0.9779559118236472,0.0953876989134252
5,ec,0.9819639278557113,0.09269918703975133
5,ec,0.9859719438877754,0.09201048833753514
5,ec,0.9899799599198396,0.09295849214828665
5,ec,0.9939879759519037,0.09514253034592987
5,ec,0.9979959919839678,0.09814347190379685
5,ec,1.002004008016032,0.10154416636681646
5,ec,1.006012024048096,0.1049489081572045
5,ec,1.0100200400801602,0.10799992005196832
5,ec,1.0140280561122244,0.11038961298033625
5,ec,1.0180360721442885,0.11186832749963581
5,ec,1.0220440881763526,0.11224811772005003
5,ec,1.0260521042084167,0.11140366666265344
5,ec,1.0300601202404809,0.10927150539551685
5,ec,1.034068136272545,0.10584837606814541
5,ec,1.0380761523046091,0.10118899051315991
5,ec,1.0420841683366733,0.09540282383691259
5,ec,1.0460921843687374,0.08864917426202147
5,ec,1.0501002004008015,0.08112966718864138
5,ec,1.0541082164328657,0.0730777121975779
5,ec,1.0581162324649298,0.06474504052644901
5,ec,1.062124248496994,0.05638617217455823
5,ec,1.066132264529058,0.04824227314438342
5,ec,1.0701402805611222,0.040526188945600276
5,ec,1.0741482965931863,0.033410391317635464
5,ec,1.0781563126252505,0.027019167205391794
5,ec,1.0821643286573146,0.021425719680079322
5,ec,1.0861723446893787,0.016654100169237497
5,ec,1.0901803607214429,0.01268521554298499
5,ec,1.094188376753507,0.009465680313243805
5,ec,1.0981963927855711,0.006918078143185394
5,ec,1.1022044088176353,0.004951254567354164
5,ec,1.1062124248496994,0.0034695260874101526
5,ec,1.1102204408817635,0.0023800710534041484
5,ec,1.1142284569138277,0.0015981724267082908
5,ec,1.1182364729458918,0.0010503362868605189
5,ec,1.122244488977956,0.0006755663853468089
5,ec,1.12625250501002,0.00042521866069051987
5,ec,1.130260521042084,0.000261900192968462
5,ec,1.134268537074148,0.00015784007482573675
5,ec,1.1382765531062122,9.307625790085107e-05
5,ec,1.1422845691382764,5.370143276921654e-05
5,ec,1.1462925851703405,3.0314175040231253e-05
5,ec,1.1503006012024046,1.6742033722756443e-05
5,ec,1.1543086172344688,9.046167440304312e-06
5,ec,1.158316633266533,4.78198041989801e-06
5,ec,1.162324649298597,2.473043392836015e-06
5,ec,1.1663326653306612,1.2512136174819322e-06
5,ec,1.1703406813627253,6.193024754440584e-07
5,ec,1.1743486973947894,2.998764346802719e-07
5,ec,1.1783567134268536,1.4205193426959487e-07
5,ec,1.1823647294589177,6.5828636364525e-08
5,ec,1.1863727454909818,2.9843067831841963e-08
5,ec,1.190380761523046,1.3235224561736088e-08
5,ec,1.19438877755511,5.742182924252752e-09
5,ec,1.1983967935871742,2.437134202873736e-09
5,ec,1.2024048096192383,1.011900062738524e-09
5,ec,1.2064128256513025,4.1100846184426e-10
5,ec,1.2104208416833666,1.6331204035188867e-10
5,ec,1.2144288577154307,6.348036241023567e-11
5,ec,1.2184368737474949,2.4138700378906852e-11
5,ec,1.222444889779559,8.979275240627444e-12
5,ec,1.2264529058116231,3.2675427721409314e-12
5,ec,1.2304609218436873,1.1631979071363476e-12
5,ec,1.2344689378757514,4.050774412359052e-13
5,ec,1.2384769539078155,1.379985225621919e-13
5,ec,1.2424849699398797,4.5989913961231675e-14
5,ec,1.2464929859719438,1.499347890518301e-14
5,ec,1.250501002004008,4.781826117199472e-15
5,ec,1.254509018036072,1.4918893378863898e-15
5,ec,1.2585170340681362,4.553347878864905e-16
5,ec,1.2625250501002003,1.3594911501424417e-16
5,ec,1.2665330661322645,3.970756162722601e-17
5,ec,1.2705410821643286,1.1345438648967572e-17
5,ec,1.2745490981963927,3.1711776310763834e-18
5,ec,1.2785571142284569,8.671036670119694e-19
5,ec,1.282565130260521,2.319383846658153e-19
5,ec,1.2865731462925851,6.0691149811503e-20
5,ec,1.2905811623246493,1.5535642466190712e-20
5,ec,1.2945891783567134,3.8903096634428574e-21
5,ec,1.2985971943887775,9.529941090580674e-22
5,ec,1.3026052104208417,2.28374358615342e-22
5,ec,1.3066132264529058,5.353718570436811e-23
5,ec,1.31062124248497,1.2277637342256832e-23
5,ec,1.314629258517034,2.7543880448046207e-24
5,ec,1.3186372745490982,6.0448635814221e-25
5,ec,1.3226452905811623,1.2977736022978576e-25
5,ec,1.3266533066132264,2.725601858955583e-26
5,ec,1.3306613226452906,5.5998570904021584e-27
5,ec,1.3346693386773545,1.1254922662662753e-27
5,ec,1.3386773547094186,2.2128864461391077e-28
5,ec,1.3426853707414828,4.2562466089264746e-29
5,ec,1.3466933867735469,8.008394843490777e-30
5,ec,1.350701402805611,1.4740601649325292e-30
5,ec,1.3547094188376752,2.654214273123561e-31
5,ec,1.3587174348697393,4.675281742963322e-32
5,ec,1.3627254509018034,8.056207269739761e-33
5,ec,1.3667334669338675,1.3580148240044039e-33
5,ec,1.3707414829659317,2.2393884072810026e-34
5,ec,1.3747494989979958,3.6124793706739873e-35
5,ec,1.37875751503006,5.7007547864478353e-36
5,ec,1.382765531062124,8.800561455173462e-37
5,ec,1.3867735470941882,1.3290442284896487e-37
5,ec,1.3907815631262523,1.9634485332361112e-38
5,ec,1.3947895791583165,2.8375965271043146e-39
5,ec,1.3987975951903806,4.01174019641553e-40
5,ec,1.4028056112224447,5.548377346899523e-41
5,ec,1.4068136272545089,7.50671994108411e-42
5,ec,1.410821643286573,9.935402619582595e-43
5,ec,1.4148296593186371,1.286387354249141e-43
5,ec,1.4188376753507013,1.6293301230601491e-44
5,ec,1.4228456913827654,2.0188192867649345e-45
5,ec,1.4268537074148295,2.4470161572756557e-46
5,ec,1.4308617234468937,2.901531316439376e-47
5,ec,1.4348697394789578,3.365648219368527e-48
5,ec,1.438877755511022,3.819101612157662e-49
5,ec,1.442885771543086,4.2394033562907887e-50
5,ec,1.4468937875751502,4.603618202418984e-51
5,ec,1.4509018036072143,4.890405725946319e-52
5,ec,1.4549098196392785,5.08208023603107e-53
5,ec,1.4589178356713426,5.166413672462799e-54
5,ec,1.4629258517034067,5.1379262961422766e-55
5,ec,1.4669338677354709,4.9984758297853025e-56
5,ec,1.470941883767535,4.7570570108174096e-57
5,ec,1.4749498997995991,4.428841617386444e-58
5,ec,1.4789579158316633,4.033601372708331e-59
5,ec,1.4829659318637274,3.5937415111975437e-60
5,ec,1.4869739478957915,3.1322161871246873e-61
5,ec,1.4909819639278556,2.6705926936493015e-62
5,ec,1.4949899799599198,2.2274841209159627e-63
5,ec,1.498997995991984,1.8174924289807147e-64
5,ec,1.503006012024048,1.4507134497847788e-65
5,ec,1.5070140280561122,1.1327698935343032e-66
5,ec,1.5110220440881763,8.652722819391488e-68
5,ec,1.5150300601202404,6.465690605546832e-69
5,ec,1.5190380761523046,4.726373946801272e-70
5,ec,1.5230460921843687,3.379809899823822e-71
5,ec,1.5270541082164328,2.3643267787887795e-72
5,ec,1.531062124248497,1.61798228384745e-73
5,ec,1.535070140280561,1.0831561157996427e-74
5,ec,1.539078156312625,7.093480575579747e-76
5,ec,1.5430861723446891,4.544422954309229e-77
5,ec,1.5470941883767533,2.848060032219199e-78
5,ec,1.5511022044088174,1.7461058487213392e-79
5,ec,1.5551102204408815,1.0472322986941825e-80
5,ec,1.5591182364729457,6.144216677817863e-82
5,ec,1.5631262525050098,3.526476960475008e-83
5,ec,1.567134268537074,1.9800064827606745e-84
5,ec,1.571142284569138,1.0875349105221707e-85
5,ec,1.5751503006012022,5.843470220486866e-87
5,ec,1.5791583166332663,3.0714927651807144e-88
5,ec,1.5831663326653305,1.57935293435932e-89
5,ec,1.5871743486973946,7.944378364415677e-91
5,ec,1.5911823647294587,3.909234129607512e-92
5,ec,1.5951903807615229,1.8818043878853e-93
5,ec,1.599198396793587,8.861521701510898e-95
5,ec,1.6032064128256511,4.082189556448001e-96
5,ec,1.6072144288577153,1.8396239822836642e-97
5,ec,1.6112224448897794,8.109909191303142e-99
5,ec,1.6152304609218435,3.4974696414144674e-100
5,ec,1.6192384769539077,1.4755126899097718e-101
5,ec,1.6232464929859718,6.089518831223221e-103
5,ec,1.627254509018036,2.458521667090986e-104
5,ec,1.6312625250501,9.709930821462569e-106
5,ec,1.6352705410821642,3.7515372657287773e-107
5,ec,1.6392785571142283,1.4179255469311945e-108
5,ec,1.6432865731462925,5.2426229360356974e-110
5,ec,1.6472945891783566,1.896246762983055e-111
5,ec,1.6513026052104207,6.709530247170228e-113
5,ec,1.6553106212424848,2.3224181190148084e-114
5,ec,1.659318637274549,7.86393183846607e-116
5,ec,1.6633266533066131,2.6048942876682665e-117
5,ec,1.6673346693386772,8.440953340209136e-119
5,ec,1.6713426853707414,2.675740112025418e-120
5,ec,1.6753507014028055,8.297502505311338e-122
5,ec,1.6793587174348696,2.5171082240494273e-123
5,ec,1.6833667334669338,7.469773244683185e-125
5,ec,1.687374749498998,2.1685227444831604e-126
5,ec,1.691382765531062,6.158452246237679e-128
5,ec,1.6953907815631262,1.710921989780109e-129
5,ec,1.6993987975951903,4.649859939598202e-131
5,ec,1.7034068136272544,1.2362336712559018e-132
5,ec,1.7074148296593186,3.2152318731205925e-134
5,ec,1.7114228456913827,8.18040983133137e-136
5,ec,1.7154308617234468,2.036051969093735e-137
5,ec,1.719438877755511,4.957396881833796e-139
5,ec,1.723446893787575,1.1807815348412043e-140
5,ec,1.7274549098196392,2.751290509768832e-142
5,ec,1.7314629258517034,6.271253849815175e-144
5,ec,1.7354709418837675,1.3983740129940509e-145
5,ec,1.7394789579158316,3.05030552842195e-147
5,ec,1.7434869739478958,6.509001513983463e-149
5,ec,1.7474949899799597,1.3587402372986283e-150
5,ec,1.7515030060120238,2.7746584717397996e-152
5,ec,1.755511022044088,5.5428568804167256e-154
5,ec,1.759519038076152,1.0832004438354802e-155
5,ec,1.7635270541082162,2.0707850786999977e-157
5,ec,1.7675350701402803,3.87268575474006e-159
5,ec,1.7715430861723445,7.085010895846269e-161
5,ec,1.7755511022044086,1.2680016548047204e-162
5,ec,1.7795591182364727,2.2199855701860968e-164
5,ec,1.7835671342685369,3.802169871834248e-166
5,ec,1.787575150300601,6.3703590974797935e-168
5,ec,1.7915831663326651,1.044112621486313e-169
5,ec,1.7955911823647293,1.6741015961314168e-171
5,ec,1.7995991983967934,2.6258342496435747e-173
5,ec,1.8036072144288575,4.029060977947046e-175
5,ec,1.8076152304609217,6.047716232863074e-177
5,ec,1.8116232464929858,8.880348379834726e-179
5,ec,1.81563126252505,1.2756150527812743e-180
5,ec,1.819639278557114,1.792504689922823e-182
5,ec,1.8236472945891782,2.464064087843115e-184
5,ec,1.8276553106212423,3.313559177682125e-186
5,ec,1.8316633266533064,4.359016335313075e-188
5,ec,1.8356713426853706,5.60961809446114e-190
5,ec,1.8396793587174347,7.062022996167614e-192
5,ec,1.8436873747494988,8.697130625736922e-194
5,ec,1.847695390781563,1.0477891378072525e-195
5,ec,1.851703406813627,1.2348745046516793e-197
5,ec,1.8557114228456912,1.4237141123959712e-199
5,ec,1.8597194388777554,1.605734686945283e-201
5,ec,1.8637274549098195,1.7716414048133312e-203
5,ec,1.8677354709418836,1.9121805107292903e-205
5,ec,1.8717434869739478,2.0189845090618048e-207
5,ec,1.875751503006012,2.0853939989758717e-209
5,ec,1.879759519038076,2.1071443381500827e-211
5,ec,1.8837675350701402,2.082818780614333e-213
5,ec,1.8877755511022043,2.0140011671123698e-215
5,ec,1.8917835671342684,1.905105295273986e-217
5,ec,1.8957915831663326,1.7629065193140332e-219
5,ec,1.8997995991983967,1.595844667889634e-221
5,ec,1.9038076152304608,1.4131978996840871e-223
5,ec,1.907815631262525,1.2242394866868082e-225
5,ec,1.911823647294589,1.0374825872079069e-227
5,ec,1.9158316633266532,8.600947227781005e-230
5,ec,1.9198396793587174,6.975298267756037e-232
5,ec,1.9238476953907815,5.533887378190346e-234
5,ec,1.9278557114228456,4.294858730099353e-236
5,ec,1.9318637274549098,3.260757361699443e-238
5,ec,1.9358717434869739,2.4218046963333103e-240
5,ec,1.939879759519038,1.7595871593034465e-242
5,ec,1.9438877755511021,1.2506433679013194e-244
5,ec,1.9478957915831663,8.695753458916506e-247
5,ec,1.9519038076152302,5.914689972469267e-249
5,ec,1.9559118236472943,3.935571309768649e-251
5,ec,1.9599198396793585,2.5617374653443238e-253
5,ec,1.9639278557114226,1.6312198108229586e-255
5,ec,1.9679358717434867,1.0161115500067458e-257
5,ec,1.9719438877755509,6.19186276382156e-260
5,ec,1.975951903807615,3.691070068788547e-262
5,ec,1.9799599198396791,2.152456040053059e-264
5,ec,1.9839679358717432,1.2279122297515177e-266
5,ec,1.9879759519038074,6.852537053763347e-269
5,ec,1.9919839679358715,3.740989538239925e-271
5,ec,1.9959919839679356,1.9978948536078686e-273
5,ec,2.0,1.0437819829174539e-275
7,clust,0.0,0.20428772001908604
7,clust,0.0014028056112224449,0.19682517236618655
7,clust,0.0028056112224448897,0.17541947217519352
7,clust,0.004208416833667334,0.14796584390815762
7,clust,0.0056112224448897794,0.12409006204211452
7,clust,0.0070140280561122245,0.11193065970154903
7,clust,0.008416833667334669,0.1155712695479766
7,clust,0.009819639278557115,0.13382872428239412
7,clust,0.011222444889779559,0.16064149644927883
7,clust,0.012625250501002003,0.1870135116239927
7,clust,0.014028056112224449,0.20411087949561088
7,clust,0.015430861723446893,0.20656444993957815
7,clust,0.016833667334669337,0.1946402251408091
7,clust,0.01823647294589178,0.1741979318502558
7,clust,0.01963927855711423,0.15431586282394158
7,clust,0.021042084168336674,0.14356798610024557
7,clust,0.022444889779559118,0.14653011312134406
7,clust,0.023847695390781562,0.1619252281950881
7,clust,0.025250501002004006,0.18311322001157437
7,clust,0.026653306613226454,0.20071915401388102
7,clust,0.028056112224448898,0.2063351275200806
7,clust,0.029458917835671342,0.19572034057048732
7,clust,0.030861723446893786,0.17010903234822822
7,clust,0.032264529058116234,0.1351902503071774
7,clust,0.033667334669338675,0.09856957897595912
7,clust,0.03507014028056112,0.06728159556110457
7,clust,0.03647294589178356,0.04673981983988857
7,clust,0.03787575150300601,0.041603296089959815
7,clust,0.03927855711422846,0.05799686609753154
7,clust,0.0406813627254509,0.10577862312458235
7,clust,0.04208416833667335,0.19921493816421387
7,clust,0.04348697394789579,0.3545846312376174
7,clust,0.044889779559118236,0.5841702247433347
7,clust,0.04629258517034068,0.8879625714629407
7,clust,0.047695390781563124,1.2465925305045398
7,clust,0.04909819639278557,1.6200016281139822
7,clust,0.05050100200400801,1.9547366446972168
7,clust,0.05190380761523046,2.1986162930146853
7,clust,0.05330661322645291,2.317073129554588
7,clust,0.05470941883767535,2.303731050657623
7,clust,0.056112224448897796,2.1803022267884216
7,clust,0.05751503006012024,1.9864334569891344
7,clust,0.058917835671342685,1.7653384897652922
7,clust,0.06032064128256513,1.5526804979764022
7,clust,0.06172344689378757,1.373302206245113
7,clust,0.06312625250501001,1.2450850149699384
7,clust,0.06452905811623247,1.185021296540351
7,clust,0.06593186372745491,1.2120574150830814
7,clust,0.06733466933867735,1.3442341719339432
7,clust,0.0687374749498998,1.5916674940848525
7,clust,0.07014028056112225,1.9493319298295755
7,clust,0.07154308617234469,2.393438087659571
7,clust,0.07294589178356713,2.8832971547034427
7,clust,0.07434869739478958,3.3684526211886534
7,clust,0.07575150300601202,3.799406873257486
7,clust,0.07715430861723446,4.139482590466936
7,clust,0.07855711422845692,4.375037862085205
7,clust,0.07995991983967936,4.521482364371373
7,clust,0.0813627254509018,4.6233894454245705
7,clust,0.08276553106212425,4.748144379280731
7,clust,0.0841683366733467,4.973648740934582
7,clust,0.08557114228456913,5.371749447450166
7,clust,0.08697394789579158,5.9905460351485615
7,clust,0.08837675350701403,6.840036011673744
7,clust,0.08977955911823647,7.885501704314648
7,clust,0.09118236472945891,9.051143065505574
7,clust,0.09258517034068137,10.233680966671521
7,clust,0.09398797595190381,11.323260321210764
7,clust,0.09539078156312625,12.227142945393124
7,clust,0.09679358717434869,12.890051890966127
7,clust,0.09819639278557114,13.304513690990069
7,clust,0.09959919839679358,13.507136846971445
7,clust,0.10100200400801602,13.562761856729065
7,clust,0.10240480961923848,13.544466164840369
7,clust,0.10380761523046092,13.518710486281643
7,clust,0.10521042084168336,13.539938900161912
7,clust,0.10661322645290582,13.6514509490917
7,clust,0.10801603206412826,13.885274766666392
7,clust,0.1094188376753507,14.256081402232498
7,clust,0.11082164328657314,14.750803877820145
7,clust,0.11222444889779559,15.321497668325732
7,clust,0.11362725450901803,15.889783043286146
7,clust,0.11503006012024047,16.365863574360247
7,clust,0.11643286573146293,16.67633306603437
7,clust,0.11783567134268537,16.788091001777367
7,clust,0.11923847695390781,16.715711012614214
7,clust,0.12064128256513026,16.50766826101518
7,clust,0.1220440881763527,16.218560399812496
7,clust,0.12344689378757515,15.882439917938635
7,clust,0.12484969939879759,15.501261503673444
7,clust,0.12625250501002003,15.05285687111119
7,clust,0.1276553106212425,14.511132052214853
7,clust,0.12905811623246494,13.865089016400091
7,clust,0.13046092184368738,13.126420953537671
7,clust,0.13186372745490982,12.324636744741495
7,clust,0.13326653306613226,11.496596488256426
7,clust,0.1346693386773547,10.678552893776951
7,clust,0.13607214428857714,9.903911084584728
7,clust,0.1374749498997996,9.204126729428165
7,clust,0.13887775551102205,8.608038065018619
7,clust,0.1402805611222445,8.136999289642493
7,clust,0.14168336673346693,7.796960748117544
7,clust,0.14308617234468937,7.57162000149213
7,clust,0.1444889779559118,7.421643979385968
7,clust,0.14589178356713425,7.292998540813342
7,clust,0.14729458917835672,7.132664638771667
7,clust,0.14869739478957916,6.904774010938766
7,clust,0.1501002004008016,6.598661050723454
7,clust,0.15150300601202404,6.224882111869158
7,clust,0.15290581162324648,5.803101075830174
7,clust,0.15430861723446893,5.350628973757195
7,clust,0.15571142284569137,4.878454047166304
7,clust,0.15711422845691383,4.394983478375184
7,clust,0.15851703406813628,3.9122585633111315
7,clust,0.15991983967935872,3.448954294649588
7,clust,0.16132264529058116,3.0280419982453965
7,clust,0.1627254509018036,2.6708071954090538
7,clust,0.16412825651302604,2.3903625332135507
7,clust,0.1655310621242485,2.187135278862267
7,clust,0.16693386773547095,2.0477082167265817
7,clust,0.1683366733466934,1.9476657108326352
7,clust,0.16973947895791583,1.858202604914527
7,clust,0.17114228456913827,1.7546817157593697
7,clust,0.1725450901803607,1.623839419227004
7,clust,0.17394789579158315,1.4664473915377585
7,clust,0.17535070140280562,1.294485969602759
7,clust,0.17675350701402806,1.1249414351738545
7,clust,0.1781563126252505,0.9739669322810046
7,clust,0.17955911823647294,0.8541150973057574
7,clust,0.18096192384769538,0.7745204016169104
7,clust,0.18236472945891782,0.7415629099822977
7,clust,0.18376753507014026,0.7575693042384732
7,clust,0.18517034068136273,0.817466186041935
7,clust,0.18657314629258517,0.9059932289294725
7,clust,0.18797595190380761,0.9987152039332726
7,clust,0.18937875751503006,1.067896543269492
7,clust,0.1907815631262525,1.0909764168357097
7,clust,0.19218436873747494,1.057574674859624
7,clust,0.19358717434869738,0.9719689552508143
7,clust,0.19498997995991985,0.8506808516726447
7,clust,0.1963927855711423,0.716946692106451
7,clust,0.19779559118236473,0.5942612401007434
7,clust,0.19919839679358717,0.5005233491614312
7,clust,0.2006012024048096,0.44381356318223597
7,clust,0.20200400801603205,0.4208099640527679
7,clust,0.20340681362725452,0.4186145427131847
7,clust,0.20480961923847696,0.4197372577032569
7,clust,0.2062124248496994,0.40853079334902487
7,clust,0.20761523046092184,0.37651101388272523
7,clust,0.20901803607214428,0.32447490515552724
7,clust,0.21042084168336672,0.26093325530228245
7,clust,0.21182364729458916,0.19810643864239308
7,clust,0.21322645290581163,0.14754562259315282
7,clust,0.21462925851703407,0.1170067066541966
7,clust,0.2160320641282565,0.10907703104195676
7,clust,0.21743486973947895,0.12116519869057961
7,clust,0.2188376753507014,0.14633940608554055
7,clust,0.22024048096192383,0.17488406278054788
7,clust,0.22164328657314628,0.19664103661272553
7,clust,0.22304609218436874,0.2038135046646441
7,clust,0.22444889779559118,0.19326988485411345
7,clust,0.22585170340681363,0.16722979570013838
7,clust,0.22725450901803607,0.13190982203943236
7,clust,0.2286573146292585,0.09482289837018626
7,clust,0.23006012024048095,0.06211155625706999
7,clust,0.2314629258517034,0.0370712565823477
7,clust,0.23286573146292586,0.020160523297361288
7,clust,0.2342685370741483,0.009989959705887543
7,clust,0.23567134268537074,0.004510475770228868
7,clust,0.23707414829659318,0.0018555701811652392
7,clust,0.23847695390781562,0.0006955506059894235
7,clust,0.23987975951903806,0.0002375616680058278
7,clust,0.24128256513026053,7.392992587649985e-05
7,clust,0.24268537074148297,2.0963338329970423e-05
7,clust,0.2440881763527054,5.416227310595399e-06
7,clust,0.24549098196392785,1.2750569646737987e-06
7,clust,0.2468937875751503,2.7350077332274645e-07
7,clust,0.24829659318637273,5.345444134842911e-08
7,clust,0.24969939879759517,9.519306211735521e-09
7,clust,0.25110220440881764,1.5446250185108123e-09
7,clust,0.25250501002004005,2.2836897267029576e-10
7,clust,0.2539078156312625,3.076432545695269e-11
7,clust,0.255310621242485,3.776191076794416e-12
7,clust,0.2567134268537074,4.2233472554414326e-13
7,clust,0.2581162324649299,4.303837720446349e-14
7,clust,0.2595190380761523,3.996237114311337e-15
7,clust,0.26092184368737475,3.3809821343637157e-16
7,clust,0.26232464929859717,2.6063381947861365e-17
7,clust,0.26372745490981964,1.8306904949760625e-18
7,clust,0.2651302605210421,1.171643130310169e-19
7,clust,0.2665330661322645,6.832380427165635e-21
7,clust,0.267935871743487,3.6303207242885817e-22
7,clust,0.2693386773547094,1.757576412602919e-23
7,clust,0.27074148296593187,7.7531770542783195e-25
7,clust,0.2721442885771543,3.116315742890625e-26
7,clust,0.27354709418837675,1.1412990903379942e-27
7,clust,0.2749498997995992,3.8084984022915e-29
7,clust,0.27635270541082163,1.1580834051214304e-30
7,clust,0.2777555110220441,3.60400048829017e-32
7,clust,0.2791583166332665,1.5151062944481817e-31
7,clust,0.280561122244489,5.22719831518776e-30
7,clust,0.2819639278557114,1.6520210295928988e-28
7,clust,0.28336673346693386,4.757293838313714e-27
7,clust,0.28476953907815633,1.248247338841319e-25
7,clust,0.28617234468937874,2.984266381347861e-24
7,clust,0.2875751503006012,6.500859646726358e-23
7,clust,0.2889779559118236,1.290328407267493e-21
7,clust,0.2903807615230461,2.333597726881751e-20
7,clust,0.2917835671342685,3.8454572986652756e-19
7,clust,0.293186372745491,5.773860127699021e-18
7,clust,0.29458917835671344,7.899157807583103e-17
7,clust,0.29599198396793586,9.846719966092511e-16
7,clust,0.2973947895791583,1.1184038401097703e-14
7,clust,0.29879759519038074,1.157449302932738e-13
7,clust,0.3002004008016032,1.0914442857301902e-12
7,clust,0.3016032064128256,9.377723657307729e-12
7,clust,0.3030060120240481,7.341580341083285e-11
7,clust,0.30440881763527056,5.236944198168404e-10
7,clust,0.30581162324649297,3.4037887811236862e-09
7,clust,0.30721442885771544,2.015781821179266e-08
7,clust,0.30861723446893785,1.0877290107047877e-07
7,clust,0.3100200400801603,5.348034062855154e-07
7,clust,0.31142284569138273,2.39587349659133e-06
7,clust,0.3128256513026052,9.779797616429568e-06
7,clust,0.31422845691382767,3.637408835655138e-05
7,clust,0.3156312625250501,0.0001232680803734078
7,clust,0.31703406813627255,0.00038063210253806685
7,clust,0.31843687374749496,0.0010709185975789068
7,clust,0.31983967935871743,0.0027453882643008205
7,clust,0.32124248496993985,0.0064127949093941575
7,clust,0.3226452905811623,0.013648571344682442
7,clust,0.3240480961923848,0.026468132701732424
7,clust,0.3254509018036072,0.04676874090317448
7,clust,0.32685370741482966,0.07529815212771969
7,clust,0.3282565130260521,0.11046106455404853
7,clust,0.32965931863727455,0.14764896124325638
7,clust,0.331062124248497,0.17982407420076893
7,clust,0.3324649298597194,0.19955450467416463
7,clust,0.3338677354709419,0.2017769272996847
7,clust,0.3352705410821643,0.1858992930506856
7,clust,0.3366733466933868,0.15605591622191925
7,clust,0.3380761523046092,0.11936554987443017
7,clust,0.33947895791583166,0.08319055733108006
7,clust,0.3408817635270541,0.05282814123784136
7,clust,0.34228456913827654,0.03056700530340821
7,clust,0.343687374749499,0.016115237856385904
7,clust,0.3450901803607214,0.007741351962624603
7,clust,0.3464929859719439,0.0033883882892530447
7,clust,0.3478957915831663,0.0013513436230859828
7,clust,0.34929859719438877,0.000491060143789623
7,clust,0.35070140280561124,0.00016259225050891887
7,clust,0.35210420841683365,4.9052513239582504e-05
7,clust,0.3535070140280561,1.3484006418735582e-05
7,clust,0.35490981963927853,3.3773253756633654e-06
7,clust,0.356312625250501,7.707670159191189e-07
7,clust,0.3577154308617234,1.6027640956035917e-07
7,clust,0.3591182364729459,3.036773174216625e-08
7,clust,0.36052104208416835,5.242656086570177e-09
7,clust,0.36192384769539077,8.246822552319994e-10
7,clust,0.36332665330661323,1.182001958370372e-10
7,clust,0.36472945891783565,1.5436399433892588e-11
7,clust,0.3661322645290581,1.8368347429982084e-12
7,clust,0.36753507014028053,1.9915463956786739e-13
7,clust,0.368937875751503,1.967465098230904e-14
7,clust,0.37034068136272547,1.771005505135763e-15
7,clust,0.3717434869739479,1.4525431781121498e-16
7,clust,0.37314629258517035,1.0855115693043799e-17
7,clust,0.37454909819639276,7.391560357108138e-19
7,clust,0.37595190380761523,4.586000146218162e-20
7,clust,0.37735470941883764,2.592556719174804e-21
7,clust,0.3787575150300601,1.3354226390283094e-22
7,clust,0.3801603206412826,6.2676605563555586e-24
7,clust,0.381563126252505,2.6803312328361217e-25
7,clust,0.38296593186372746,1.0444020888997977e-26
7,clust,0.3843687374749499,3.7080301959543434e-28
7,clust,0.38577154308617234,1.1995408934839508e-29
7,clust,0.38717434869739475,3.535762778527709e-31
7,clust,0.3885771543086172,9.496147392060225e-33
7,clust,0.3899799599198397,2.3238497207405985e-34
7,clust,0.3913827655310621,5.181612097057058e-36
7,clust,0.3927855711422846,1.0527324788022087e-37
7,clust,0.394188376753507,1.948800630949326e-39
7,clust,0.39559118236472945,3.287101138426077e-41
7,clust,0.3969939879759519,5.051902818465648e-43
7,clust,0.39839679358717434,7.074458023695636e-45
7,clust,0.3997995991983968,9.026671255854277e-47
7,clust,0.4012024048096192,1.0494417644493404e-48
7,clust,0.4026052104208417,1.1116941671726736e-50
7,clust,0.4040080160320641,1.0730218753847252e-52
7,clust,0.40541082164328657,9.436872564536242e-55
7,clust,0.40681362725450904,7.562125324082988e-57
7,clust,0.40821643286573145,5.521485248028846e-59
7,clust,0.4096192384769539,3.6733662163026435e-61
7,clust,0.41102204408817633,2.2267363791001453e-63
7,clust,0.4124248496993988,1.2298995623300046e-65
7,clust,0.4138276553106212,6.189659449410274e-68
7,clust,0.4152304609218437,2.838311970723484e-70
7,clust,0.41663326653306615,1.185904639821434e-72
7,clust,0.41803607214428856,4.514770443382697e-75
7,clust,0.41943887775551103,1.5660940652453573e-77
7,clust,0.42084168336673344,4.949898344755582e-80
7,clust,0.4222444889779559,1.4255123421319324e-82
7,clust,0.4236472945891783,3.740605854207394e-85
7,clust,0.4250501002004008,8.943534409477674e-88
7,clust,0.42645290581162326,1.9483755942651403e-90
7,clust,0.4278557114228457,3.867518903666327e-93
7,clust,0.42925851703406814,6.995012179005669e-96
7,clust,0.43066132264529056,1.1527649691897717e-98
7,clust,0.432064128256513,1.730969164903691e-101
7,clust,0.43346693386773544,2.3682860573993444e-104
7,clust,0.4348697394789579,2.9524003660552774e-107
7,clust,0.4362725450901804,3.3536104048764144e-110
7,clust,0.4376753507014028,3.4709330114262834e-113
7,clust,0.43907815631262526,3.273226970961791e-116
7,clust,0.44048096192384767,2.8125631073575026e-119
7,clust,0.44188376753507014,2.2020374266506166e-122
7,clust,0.44328657314629255,1.5708813443457657e-125
7,clust,0.444689378757515,1.0210766236655062e-128
7,clust,0.4460921843687375,6.047411908930644e-132
7,clust,0.4474949899799599,3.2634505293485866e-135
7,clust,0.44889779559118237,1.6046517053743108e-138
7,clust,0.4503006012024048,7.189203813546807e-142
7,clust,0.45170340681362725,2.9347903043352482e-145
7,clust,0.45310621242484966,1.091615317020806e-148
7,clust,0.45450901803607213,3.699631186142375e-152
7,clust,0.4559118236472946,1.1424665889494116e-155
7,clust,0.457314629258517,3.214584528725929e-159
7,clust,0.4587174348697395,8.24142779163528e-163
7,clust,0.4601202404809619,1.925202119481185e-166
7,clust,0.46152304609218436,4.097759539680388e-170
7,clust,0.4629258517034068,7.947176794111426e-174
7,clust,0.46432865731462925,1.4043506015043535e-177
7,clust,0.4657314629258517,2.2611765888115798e-181
7,clust,0.4671342685370741,3.317337679780359e-185
7,clust,0.4685370741482966,4.434464153553629e-189
7,clust,0.469939879759519,5.401182863993535e-193
7,clust,0.4713426853707415,5.994222772785842e-197
7,clust,0.47274549098196395,6.061402769184328e-201
7,clust,0.47414829659318636,5.584826328848802e-205
7,clust,0.4755511022044088,4.688592272162561e-209
7,clust,0.47695390781563124,3.586505721533059e-213
7,clust,0.4783567134268537,2.499751595251973e-217
7,clust,0.4797595190380761,1.587517224317021e-221
7,clust,0.4811623246492986,9.186208606531877e-226
7,clust,0.48256513026052106,4.84340099297685e-230
7,clust,0.48396793587174347,2.3268094294549332e-234
7,clust,0.48537074148296594,1.018515093795433e-238
7,clust,0.48677354709418835,4.0622850005474946e-243
7,clust,0.4881763527054108,1.4762828504525082e-247
7,clust,0.48957915831663323,4.888380756484741e-252
7,clust,0.4909819639278557,1.474880190325464e-256
7,clust,0.49238476953907817,4.054569272802835e-261
7,clust,0.4937875751503006,1.0156146870968883e-265
7,clust,0.49519038076152305,2.3179789419518895e-270
7,clust,0.49659318637274547,4.8204353803205453e-275
7,clust,0.49799599198396793,9.133964305591366e-280
7,clust,0.49939879759519035,1.5769888419027943e-284
7,clust,0.5008016032064128,2.4808139561719056e-289
7,clust,0.5022044088176353,3.555953211630983e-294
7,clust,0.5036072144288577,4.6442345518717897e-299
7,clust,0.5050100200400801,5.526733431733237e-304
7,clust,0.5064128256513026,5.99265335103087e-309
7,clust,0.507815631262525,5.920604629e-314
7,clust,0.5092184368737475,5.3298e-319
7,clust,0.51062124248497,5e-324
7,clust,0.5120240480961924,0.0
7,clust,0.5134268537074148,0.0
7,clust,0.5148296593186372,0.0
7,clust,0.5162324649298597,0.0
7,clust,0.5176352705410822,0.0
7,clust,0.5190380761523046,0.0
7,clust,0.5204408817635271,0.0
7,clust,0.5218436873747495,0.0
7,clust,0.5232464929859719,0.0
7,clust,0.5246492985971943,0.0
7,clust,0.5260521042084169,0.0
7,clust,0.5274549098196393,0.0
7,clust,0.5288577154308617,0.0
7,clust,0.5302605210420842,0.0
7,clust,0.5316633266533066,0.0
7,clust,0.533066132264529,0.0
7,clust,0.5344689378757514,0.0
7,clust,0.535871743486974,0.0
7,clust,0.5372745490981964,0.0
7,clust,0.5386773547094188,0.0
7,clust,0.5400801603206413,0.0
7,clust,0.5414829659318637,0.0
7,clust,0.5428857715430861,0.0
7,clust,0.5442885771543086,0.0
7,clust,0.5456913827655311,0.0
7,clust,0.5470941883767535,0.0
7,clust,0.5484969939879759,0.0
7,clust,0.5498997995991984,0.0
7,clust,0.5513026052104208,0.0
7,clust,0.5527054108216433,0.0
7,clust,0.5541082164328657,0.0
7,clust,0.5555110220440882,0.0
7,clust,0.5569138276553106,0.0
7,clust,0.558316633266533,0.0
7,clust,0.5597194388777555,0.0
7,clust,0.561122244488978,0.0
7,clust,0.5625250501002004,0.0
7,clust,0.5639278557114228,0.0
7,clust,0.5653306613226453,0.0
7,clust,0.5667334669338677,0.0
7,clust,0.5681362725450901,0.0
7,clust,0.5695390781563127,0.0
7,clust,0.5709418837675351,0.0
7,clust,0.5723446893787575,0.0
7,clust,0.5737474949899799,0.0
7,clust,0.5751503006012024,0.0
7,clust,0.5765531062124248,0.0
7,clust,0.5779559118236473,0.0
7,clust,0.5793587174348698,0.0
7,clust,0.5807615230460922,0.0
7,clust,0.5821643286573146,0.0
7,clust,0.583567134268537,0.0
7,clust,0.5849699398797595,0.0
7,clust,0.586372745490982,0.0
7,clust,0.5877755511022044,0.0
7,clust,0.5891783567134269,0.0
7,clust,0.5905811623246493,0.0
7,clust,0.5919839679358717,0.0
7,clust,0.5933867735470941,0.0
7,clust,0.5947895791583167,0.0
7,clust,0.5961923847695391,0.0
7,clust,0.5975951903807615,0.0
7,clust,0.598997995991984,0.0
7,clust,0.6004008016032064,0.0
7,clust,0.6018036072144288,0.0
7,clust,0.6032064128256512,0.0
7,clust,0.6046092184368738,0.0
7,clust,0.6060120240480962,0.0
7,clust,0.6074148296593186,0.0
7,clust,0.6088176352705411,0.0
7,clust,0.6102204408817635,0.0
7,clust,0.6116232464929859,0.0
7,clust,0.6130260521042084,0.0
7,clust,0.6144288577154309,0.0
7,clust,0.6158316633266533,0.0
7,clust,0.6172344689378757,0.0
7,clust,0.6186372745490982,0.0
7,clust,0.6200400801603206,0.0
7,clust,0.621442885771543,0.0
7,clust,0.6228456913827655,0.0
7,clust,0.624248496993988,0.0
7,clust,0.6256513026052104,0.0
7,clust,0.6270541082164328,0.0
7,clust,0.6284569138276553,0.0
7,clust,0.6298597194388778,0.0
7,clust,0.6312625250501002,0.0
7,clust,0.6326653306613226,0.0
7,clust,0.6340681362725451,0.0
7,clust,0.6354709418837675,0.0
7,clust,0.6368737474949899,0.0
7,clust,0.6382765531062125,0.0
7,clust,0.6396793587174349,0.0
7,clust,0.6410821643286573,0.0
7,clust,0.6424849699398797,0.0
7,clust,0.6438877755511022,0.0
7,clust,0.6452905811623246,0.0
7,clust,0.646693386773547,0.0
7,clust,0.6480961923847696,0.0
7,clust,0.649498997995992,0.0
7,clust,0.6509018036072144,0.0
7,clust,0.6523046092184369,0.0
7,clust,0.6537074148296593,0.0
7,clust,0.6551102204408817,0.0
7,clust,0.6565130260521042,0.0
7,clust,0.6579158316633267,0.0
7,clust,0.6593186372745491,0.0
7,clust,0.6607214428857715,0.0
7,clust,0.662124248496994,0.0
7,clust,0.6635270541082164,0.0
7,clust,0.6649298597194389,0.0
7,clust,0.6663326653306613,0.0
7,clust,0.6677354709418838,0.0
7,clust,0.6691382765531062,0.0
7,clust,0.6705410821643286,0.0
7,clust,0.6719438877755511,0.0
7,clust,0.6733466933867736,0.0
7,clust,0.674749498997996,0.0
7,clust,0.6761523046092184,0.0
7,clust,0.6775551102204409,0.0
7,clust,0.6789579158316633,0.0
7,clust,0.6803607214428857,0.0
7,clust,0.6817635270541083,0.0
7,clust,0.6831663326653307,0.0
7,clust,0.6845691382765531,0.0
7,clust,0.6859719438877755,0.0
7,clust,0.687374749498998,0.0
7,clust,0.6887775551102204,0.0
7,clust,0.6901803607214428,0.0
7,clust,0.6915831663326654,0.0
7,clust,0.6929859719438878,0.0
7,clust,0.6943887775551102,0.0
7,clust,0.6957915831663326,0.0
7,clust,0.6971943887775551,0.0
7,clust,0.6985971943887775,0.0
7,clust,0.7,0.0
7,sr,0.0,0.22029577193232974
7,sr,0.002004008016032064,0.21878784972898996
7,sr,0.004008016032064128,0.21432260272580822
7,sr,0.0060120240480961915,0.20708214444675796
7,sr,0.008016032064128256,0.1973562408491777
7,sr,0.01002004008016032,0.18552339193634879
7,sr,0.012024048096192383,0.17202685228492762
7,sr,0.014028056112224447,0.15734775462986067
7,sr,0.01603206412825651,0.14197765498318268
7,sr,0.018036072144288574,0.12639271845603461
7,sr,0.02004008016032064,0.1110314393130656
7,sr,0.022044088176352703,0.09627729130474956
7,sr,0.024048096192384766,0.08244710694115372
7,sr,0.026052104208416832,0.06978536497016549
7,sr,0.028056112224448895,0.05846399647030839
7,sr,0.03006012024048096,0.04858685974380058
7,sr,0.03206412825651302,0.04019772032417929
7,sr,0.03406813627254509,0.03329042017569946
7,sr,0.03607214428857715,0.027819923837537355
7,sr,0.038076152304609215,0.023713066269557853
7,sr,0.04008016032064128,0.020878063718200942
7,sr,0.04208416833667334,0.019212146104284393
7,sr,0.044088176352705406,0.01860698849012192
7,sr,0.04609218436873747,0.018951925594145342
7,sr,0.04809619238476953,0.020135199298649306
7,sr,0.0501002004008016,0.02204369465211743
7,sr,0.052104208416833664,0.02456175282364042
7,sr,0.05410821643286573,0.027569704854566737
7,sr,0.05611222444889779,0.030942749300803492
7,sr,0.058116232464929855,0.0345507070191677
7,sr,0.06012024048096192,0.0382590394157908
7,sr,0.06212424849699398,0.04193132869146701
7,sr,0.06412825651302605,0.045433209605681035
7,sr,0.06613226452905811,0.04863753376102182
7,sr,0.06813627254509018,0.051430361483206594
7,sr,0.07014028056112225,0.053717233396080595
7,sr,0.0721442885771543,0.05542909010156889
7,sr,0.07414829659318636,0.056527194206921684
7,sr,0.07615230460921843,0.05700646694343033
7,sr,0.0781563126252505,0.056896776288906714
7,sr,0.08016032064128256,0.056261891724982666
7,sr,0.08216432865731463,0.055196033411394195
7,sr,0.08416833667334668,0.05381816795917299
7,sr,0.08617234468937875,0.0522644157411417
7,sr,0.08817635270541081,0.05067911448738094
7,sr,0.09018036072144288,0.049205213850005695
7,sr,0.09218436873747494,0.047974744612583754
7,sr,0.09418837675350701,0.047100109585605385
7,sr,0.09619238476953906,0.04666688238262763
7,sr,0.09819639278557113,0.046728681816008484
7,sr,0.1002004008016032,0.04730452420694283
7,sr,0.10220440881763526,0.04837885695272648
7,sr,0.10420841683366733,0.04990425962450276
7,sr,0.1062124248496994,0.05180658026163189
7,sr,0.10821643286573146,0.053992071552479724
7,sr,0.11022044088176351,0.05635592130527165
7,sr,0.11222444889779558,0.05879144996954244
7,sr,0.11422845691382764,0.06119918840547458
7,sr,0.11623246492985971,0.06349506077331218
7,sr,0.11823647294589178,0.06561698334247922
7,sr,0.12024048096192384,0.06752934550888202
7,sr,0.1222444889779559,0.06922505117611258
7,sr,0.12424849699398796,0.07072504563034057
7,sr,0.12625250501002003,0.0720755075838714
7,sr,0.1282565130260521,0.07334311757799084
7,sr,0.13026052104208416,0.07460899297003831
7,sr,0.13226452905811623,0.07596198256933785
7,sr,0.1342685370741483,0.07749202680939693
7,sr,0.13627254509018036,0.0792842111029967
7,sr,0.13827655310621242,0.08141398339313576
7,sr,0.1402805611222445,0.08394379691159119
7,sr,0.14228456913827653,0.08692120955612899
7,sr,0.1442885771543086,0.09037825924365628
7,sr,0.14629258517034066,0.09433177437347659
7,sr,0.14829659318637273,0.09878419555015358
7,sr,0.1503006012024048,0.10372449085023269
7,sr,0.15230460921843686,0.1091288381716772
7,sr,0.15430861723446893,0.11496090518387826
7,sr,0.156312625250501,0.12117174864468841
7,sr,0.15831663326653306,0.12769954250043009
7,sr,0.16032064128256512,0.13446949088965593
7,sr,0.1623246492985972,0.1413943580317746
7,sr,0.16432865731462926,0.14837603511385702
7,sr,0.16633266533066132,0.15530846394761427
7,sr,0.16833667334669336,0.1620820638002866
7,sr,0.17034068136272543,0.16858959002688806
7,sr,0.1723446893787575,0.17473312726522708
7,sr,0.17434869739478956,0.1804317232094196
7,sr,0.17635270541082163,0.1856290326906127
7,sr,0.1783567134268537,0.1903002860549285
7,sr,0.18036072144288576,0.1944579265041526
7,sr,0.18236472945891782,0.19815536970144487
7,sr,0.1843687374749499,0.20148850540478735
7,sr,0.18637274549098196,0.2045947579975827
7,sr,0.18837675350701402,0.20764972187328434
7,sr,0.1903807615230461,0.21086156378535648
7,sr,0.19238476953907813,0.21446352020704992
7,sr,0.1943887775551102,0.21870490564360362
7,sr,0.19639278557114226,0.22384108904095062
7,sr,0.19839679358717432,0.23012289829686067
7,sr,0.2004008016032064,0.23778588956397909
7,sr,0.20240480961923846,0.24703988110184025
7,sr,0.20440881763527052,0.25805911107482615
7,sr,0.2064128256513026,0.2709733411205171
7,sr,0.20841683366733466,0.28586019471906504
7,sr,0.21042084168336672,0.3027389900374337
7,sr,0.2124248496993988,0.32156629788008445
7,sr,0.21442885771543085,0.34223342336844575
7,sr,0.21643286573146292,0.36456597272676644
7,sr,0.21843687374749496,0.38832562323725417
7,sr,0.22044088176352702,0.413214165302015
7,sr,0.2224448897795591,0.43887983112533213
7,sr,0.22444889779559116,0.4649258646649463
7,sr,0.22645290581162322,0.4909212208816554
7,sr,0.2284569138276553,0.5164132066581258
7,sr,0.23046092184368736,0.5409417888013992
7,sr,0.23246492985971942,0.5640551956401897
7,sr,0.2344689378757515,0.5853263305540457
7,sr,0.23647294589178355,0.6043694055903679
7,sr,0.23847695390781562,0.6208561032481899
7,sr,0.24048096192384769,0.6345305004061186
7,sr,0.24248496993987975,0.6452219574291022
7,sr,0.2444889779559118,0.6528552027523963
7,sr,0.24649298597194386,0.6574569378740096
7,sr,0.24849699398797592,0.6591584498057134
7,sr,0.250501002004008,0.6581939370155434
7,sr,0.25250501002004005,0.6548945098030318
7,sr,0.2545090180360721,0.6496780883824493
7,sr,0.2565130260521042,0.643035660418173
7,sr,0.25851703406813625,0.6355145462147047
7,sr,0.2605210420841683,0.6276994350774914
7,sr,0.2625250501002004,0.6201919948230703
7,sr,0.26452905811623245,0.6135898275161731
7,sr,0.2665330661322645,0.6084654713357974
7,sr,0.2685370741482966,0.6053460627619424
7,sr,0.27054108216432865,0.6046942079298435
7,sr,0.2725450901803607,0.6068905925584797
7,sr,0.2745490981963928,0.6122188968872704
7,sr,0.27655310621242485,0.6208536663605357
7,sr,0.2785571142284569,0.6328518909905186
7,sr,0.280561122244489,0.6481491212964992
7,sr,0.282565130260521,0.6665609445855605
7,sr,0.28456913827655306,0.6877905153241765
7,sr,0.2865731462925851,0.7114425481082548
7,sr,0.2885771543086172,0.7370437394916378
7,sr,0.29058116232464926,0.764069016831282
7,sr,0.2925851703406813,0.791972381403393
7,sr,0.2945891783567134,0.8202205064475423
7,sr,0.29659318637274545,0.848326766053725
7,sr,0.2985971943887775,0.8758830988398674
7,sr,0.3006012024048096,0.9025871181303605
7,sr,0.30260521042084165,0.9282621966299226
7,sr,0.3046092184368737,0.9528688608637141
7,sr,0.3066132264529058,0.9765066647962877
7,sr,0.30861723446893785,0.9994066702487097
7,sr,0.3106212424849699,1.0219156174560662
7,sr,0.312625250501002,1.0444736914371002
7,sr,0.31462925851703405,1.0675883640311377
7,sr,0.3166332665330661,1.091807037040652
7,sr,0.3186372745490982,1.1176910954976322
7,sr,0.32064128256513025,1.145793520647817
7,sr,0.3226452905811623,1.1766414784667005
7,sr,0.3246492985971944,1.2107243994607326
7,sr,0.32665330661322645,1.2484871307639038
7,sr,0.3286573146292585,1.2903269081963649
7,sr,0.3306613226452906,1.3365922852774264
7,sr,0.33266533066132264,1.387581857819185
7,sr,0.33466933867735466,1.4435406825774038
7,sr,0.3366733466933867,1.5046527027840004
7,sr,0.3386773547094188,1.5710282097806865
7,sr,0.34068136272545085,1.6426862946204055
7,sr,0.3426853707414829,1.719533253996842
7,sr,0.344689378757515,1.8013388764777853
7,sr,0.34669338677354705,1.8877133183173505
7,sr,0.3486973947895791,1.9780877754864323
7,sr,0.3507014028056112,2.0717022974244617
7,sr,0.35270541082164325,2.167603839068182
7,sr,0.3547094188376753,2.2646570271028796
7,sr,0.3567134268537074,2.361569181893138
7,sr,0.35871743486973945,2.456929978677665
7,sr,0.3607214428857715,2.54926486123389
7,sr,0.3627254509018036,2.6371000560238658
7,sr,0.36472945891783565,2.7190358866809903
7,sr,0.3667334669338677,2.7938241536329973
7,sr,0.3687374749498998,2.8604446955844898
7,sr,0.37074148296593185,2.9181759376638987
7,sr,0.3727454909819639,2.9666542800788065
7,sr,0.374749498997996,3.0059175936742406
7,sr,0.37675350701402804,3.036428847622957
7,sr,0.3787575150300601,3.059076964369601
7,sr,0.3807615230460922,3.075153325371321
7,sr,0.38276553106212424,3.086303868212142
7,sr,0.38476953907815625,3.0944583340926255
7,sr,0.3867735470941883,3.1017398414076403
7,sr,0.3887775551102204,3.1103594610106327
7,sr,0.39078156312625245,3.1225017315840544
7,sr,0.3927855711422845,3.1402079636701736
7,sr,0.3947895791583166,3.1652646390396
7,sr,0.39679358717434865,3.199104147271383
7,sr,0.3987975951903807,3.2427244819397973
7,sr,0.4008016032064128,3.296633359764715
7,sr,0.40280561122244485,3.360820592786156
7,sr,0.4048096192384769,3.434760549749982
7,sr,0.406813627254509,3.5174443434279445
7,sr,0.40881763527054105,3.6074391599149984
7,sr,0.4108216432865731,3.702970101893481
7,sr,0.4128256513026052,3.8020182430569633
7,sr,0.41482965931863724,3.902427452827468
7,sr,0.4168336673346693,4.002012072173724
7,sr,0.4188376753507014,4.098657764623719
7,sr,0.42084168336673344,4.1904088205878
7,sr,0.4228456913827655,4.275536769794096
7,sr,0.4248496993987976,4.352587195176082
7,sr,0.42685370741482964,4.420403922539117
7,sr,0.4288577154308617,4.4781320290107915
7,sr,0.4308617234468938,4.525203109658767
7,sr,0.43286573146292584,4.56130773384466
7,sr,0.4348697394789579,4.586360838811632
7,sr,0.4368737474949899,4.600465860567286
7,sr,0.438877755511022,4.6038827032329275
7,sr,0.44088176352705405,4.597003308831425
7,sr,0.4428857715430861,4.580336806077467
7,sr,0.4448897795591182,4.554504243265974
7,sr,0.44689378757515025,4.5202410235102874
7,sr,0.4488977955911823,4.478403620961038
7,sr,0.4509018036072144,4.429976172994701
7,sr,0.45290581162324645,4.3760722450532725
7,sr,0.4549098196392785,4.317927486273665
7,sr,0.4569138276553106,4.256879973016076
7,sr,0.45891783567134264,4.194336626461641
7,sr,0.4609218436873747,4.131725979333729
7,sr,0.4629258517034068,4.07043951172646
7,sr,0.46492985971943884,4.01176553158854
7,sr,0.4669338677354709,3.9568209246743455
7,sr,0.468937875751503,3.906486877960107
7,sr,0.47094188376753504,3.8613547957651164
7,sr,0.4729458917835671,3.821688062697614
7,sr,0.4749498997995992,3.7874041213871594
7,sr,0.47695390781563124,3.758079650891745
7,sr,0.4789579158316633,3.7329796282182772
7,sr,0.48096192384769537,3.711108934003319
7,sr,0.48296593186372744,3.6912831342186467
7,sr,0.4849699398797595,3.6722133282514116
7,sr,0.48697394789579157,3.652598662080094
7,sr,0.4889779559118236,3.6312193784447655
7,sr,0.49098196392785565,3.607023172940904
7,sr,0.4929859719438877,3.579198146295196
7,sr,0.4949899799599198,3.5472267334056005
7,sr,0.49699398797595185,3.5109165456571763
7,sr,0.4989979959919839,3.470405944412334
7,sr,0.501002004008016,3.426144207172305
7,sr,0.503006012024048,3.378848181967007
7,sr,0.5050100200400801,3.329439184059871
7,sr,0.5070140280561122,3.2789654246315356
7,sr,0.5090180360721442,3.2285163554241274
7,sr,0.5110220440881763,3.179135884918269
7,sr,0.5130260521042084,3.1317414305126863
7,sr,0.5150300601202404,3.08705522055153
7,sr,0.5170340681362725,3.0455531950523915
7,sr,0.5190380761523046,3.007435358204336
7,sr,0.5210420841683366,2.972619625547462
7,sr,0.5230460921843687,2.940759226187546
7,sr,0.5250501002004008,2.911281724162731
7,sr,0.5270541082164328,2.883445878359648
7,sr,0.5290581162324649,2.856411027157919
7,sr,0.531062124248497,2.829312604154751
7,sr,0.533066132264529,2.8013368751929737
7,sr,0.5350701402805611,2.7717881002060003
7,sr,0.5370741482965932,2.7401420763348483
7,sr,0.5390781563126252,2.7060813592945214
7,sr,0.5410821643286573,2.669509272918891
7,sr,0.5430861723446894,2.6305419307300077
7,sr,0.5450901803607214,2.589479695284195
7,sr,0.5470941883767535,2.546761558474844
7,sr,0.5490981963927856,2.5029076138926416
7,sr,0.5511022044088176,2.4584559214940063
7,sr,0.5531062124248497,2.4139005071724546
7,sr,0.5551102204408818,2.3696369469828302
7,sr,0.5571142284569138,2.325920997066727
7,sr,0.5591182364729459,2.282844168800281
7,sr,0.561122244488978,2.2403282052173523
7,sr,0.56312625250501,2.1981383227094398
7,sr,0.565130260521042,2.155913086152981
7,sr,0.567134268537074,2.113207110283929
7,sr,0.5691382765531061,2.0695416012398717
7,sr,0.5711422845691382,2.024457177231097
7,sr,0.5731462925851702,1.9775634658287633
7,sr,0.5751503006012023,1.9285806204938711
7,sr,0.5771543086172344,1.8773690189450347
7,sr,0.5791583166332664,1.8239448430852296
7,sr,0.5811623246492985,1.7684808138853172
7,sr,0.5831663326653306,1.711292884852823
7,sr,0.5851703406813626,1.6528150258725935
7,sr,0.5871743486973947,1.5935652338024646
7,sr,0.5891783567134268,1.5341065123480007
7,sr,0.5911823647294588,1.4750067460575607
7,sr,0.5931863727454909,1.4168011729889172
7,sr,0.595190380761523,1.3599605979222247
7,sr,0.597194388777555,1.3048676714904113
7,sr,0.5991983967935871,1.2518025949852003
7,sr,0.6012024048096192,1.2009386045061796
7,sr,0.6032064128256512,1.1523466429650182
7,sr,0.6052104208416833,1.1060078293166575
7,sr,0.6072144288577154,1.0618317435046878
7,sr,0.6092184368737474,1.0196781987963845
7,sr,0.6112224448897795,0.9793800792099152
7,sr,0.6132264529058116,0.9407649624061092
7,sr,0.6152304609218436,0.9036735909074756
7,sr,0.6172344689378757,0.8679737452657019
7,sr,0.6192384769539078,0.8335686522065997
7,sr,0.6212424849699398,0.800399667753385
7,sr,0.6232464929859719,0.7684435531277911
7,sr,0.625250501002004,0.7377051619517945
7,sr,0.627254509018036,0.7082067447467071
7,sr,0.6292585170340681,0.6799753278003767
7,sr,0.6312625250501002,0.6530297279540981
7,sr,0.6332665330661322,0.6273687244598488
7,sr,0.6352705410821643,0.6029617357653658
7,sr,0.6372745490981964,0.5797430633165994
7,sr,0.6392785571142284,0.5576103932118452
7,sr,0.6412825651302605,0.5364278215643081
7,sr,0.6432865731462926,0.5160332254931227
7,sr,0.6452905811623246,0.49624937465487673
7,sr,0.6472945891783567,0.4768978030998343
7,sr,0.6492985971943888,0.45781416973637756
7,sr,0.6513026052104208,0.43886365397132027
7,sr,0.6533066132264529,0.41995487942010656
7,sr,0.655310621242485,0.4010509413300758
7,sr,0.657314629258517,0.3821763296697532
7,sr,0.6593186372745491,0.3634188750842733
7,sr,0.6613226452905812,0.3449262732054853
7,sr,0.6633266533066132,0.32689722851782244
7,sr,0.6653306613226453,0.3095677593471549
7,sr,0.6673346693386772,0.2931936740781096
7,sr,0.6693386773547093,0.27803061931535866
7,sr,0.6713426853707414,0.2643133721114705
7,sr,0.6733466933867734,0.25223616856943165
7,sr,0.6753507014028055,0.24193581131749786
7,sr,0.6773547094188376,0.23347907608730892
7,sr,0.6793587174348696,0.22685555842706073
7,sr,0.6813627254509017,0.22197659879935297
7,sr,0.6833667334669338,0.21868034685037988
7,sr,0.6853707414829658,0.21674243351029795
7,sr,0.6873747494989979,0.21589117758134904
7,sr,0.68937875751503,0.21582582350695007
7,sr,0.691382765531062,0.2162360401213069
7,sr,0.6933867735470941,0.21682083924875395
7,sr,0.6953907815631262,0.2173052075086694
7,sr,0.6973947895791582,0.2174530682532297
7,sr,0.6993987975951903,0.2170756623436852
7,sr,0.7014028056112224,0.2160349959416956
7,sr,0.7034068136272544,0.21424257854182355
7,sr,0.7054108216432865,0.2116541914347372
7,sr,0.7074148296593186,0.2082618209770135
7,sr,0.7094188376753506,0.20408411604561577
7,sr,0.7114228456913827,0.19915676330223345
7,sr,0.7134268537074148,0.19352402334038288
7,sr,0.7154308617234468,0.1872323672984437
7,sr,0.7174348697394789,0.18032674923113745
7,sr,0.719438877755511,0.17284960820266773
7,sr,0.721442885771543,0.16484228092371767
7,sr,0.7234468937875751,0.15634817754892738
7,sr,0.7254509018036072,0.14741687015506783
7,sr,0.7274549098196392,0.13810818403385547
7,sr,0.7294589178356713,0.12849546202568007
7,sr,0.7314629258517034,0.11866736706981383
7,sr,0.7334669338677354,0.10872785841436612
7,sr,0.7354709418837675,0.0987942754242211
7,sr,0.7374749498997996,0.08899374289264812
7,sr,0.7394789579158316,0.07945833386631429
7,sr,0.7414829659318637,0.07031956353072397
7,sr,0.7434869739478958,0.0617028293120983
7,sr,0.7454909819639278,0.05372236207097172
7,sr,0.7474949899799599,0.046477128246360036
7,sr,0.749498997995992,0.0400479493469362
7,sr,0.751503006012024,0.03449591385606265
7,sr,0.7535070140280561,0.029861977416665433
7,sr,0.7555110220440882,0.026167505316994716
7,sr,0.7575150300601202,0.023415424258379672
7,sr,0.7595190380761523,0.02159162622309509
7,sr,0.7615230460921844,0.02066630447748225
7,sr,0.7635270541082164,0.020594990308426493
7,sr,0.7655310621242485,0.021319182391293472
7,sr,0.7675350701402806,0.02276659809980688
7,sr,0.7695390781563125,0.024851205781959963
7,sr,0.7715430861723446,0.02747329884870388
7,sr,0.7735470941883766,0.030519930404794175
7,sr,0.7755511022044087,0.033866031204315
7,sr,0.7775551102204408,0.03737648151636276
7,sr,0.7795591182364728,0.040909304525582404
7,sr,0.7815631262525049,0.04432000802299543
7,sr,0.783567134268537,0.04746694106164192
7,sr,0.785571142284569,0.050217375093627004
7,sr,0.7875751503006011,0.052453887419539526
7,sr,0.7895791583166332,0.054080538279767006
7,sr,0.7915831663326652,0.05502830547360558
7,sr,0.7935871743486973,0.05525927778694077
7,sr,0.7955911823647294,0.05476920733793593
7,sr,0.7975951903807614,0.0535881689395978
7,sr,0.7995991983967935,0.05177925232688855
7,sr,0.8016032064128256,0.04943539699474925
7,sr,0.8036072144288576,0.046674645258334035
7,sr,0.8056112224448897,0.04363421595655475
7,sr,0.8076152304609218,0.04046387431311329
7,sr,0.8096192384769538,0.0373190866536331
7,sr,0.8116232464929859,0.03435440490271501
7,sr,0.813627254509018,0.03171743628825478
7,sr,0.81563126252505,0.029543635798402395
7,sr,0.8176352705410821,0.027952033000241766
7,sr,0.8196392785571142,0.027041890714626083
7,sr,0.8216432865731462,0.026890206977602395
7,sr,0.8236472945891783,0.027549923882741946
7,sr,0.8256513026052104,0.029048700161635375
7,sr,0.8276553106212424,0.031388134326005505
7,sr,0.8296593186372745,0.03454338144592836
7,sr,0.8316633266533066,0.03846317489484188
7,sr,0.8336673346693386,0.0430703291656291
7,sr,0.8356713426853707,0.04826284712380527
7,sr,0.8376753507014028,0.05391577447649067
7,sr,0.8396793587174348,0.05988393061633225
7,sr,0.8416833667334669,0.06600559882952348
7,sr,0.843687374749499,0.07210718584085962
7,sr,0.845691382765531,0.07800877050220859
7,sr,0.8476953907815631,0.08353036606701847
7,sr,0.8496993987975952,0.08849863224929497
7,sr,0.8517034068136272,0.09275370309931377
7,sr,0.8537074148296593,0.09615575294532198
7,sr,0.8557114228456913,0.09859091017199265
7,sr,0.8577154308617234,0.09997614881171787
7,sr,0.8597194388777555,0.10026283896146708
7,sr,0.8617234468937875,0.09943871442908321
7,sr,0.8637274549098196,0.0975281133775535
7,sr,0.8657314629258517,0.09459045747505859
7,sr,0.8677354709418837,0.09071704893198992
7,sr,0.8697394789579158,0.08602637439900918
7,sr,0.8717434869739479,0.08065820184018693
7,sr,0.8737474949899798,0.07476683369376441
7,sr,0.8757515030060119,0.0685139306046514
7,sr,0.877755511022044,0.0620613402672704
7,sr,0.879759519038076,0.05556435335325696
7,sr,0.8817635270541081,0.04916576387252555
7,sr,0.8837675350701402,0.04299103844629504
7,sr,0.8857715430861722,0.037144804558769146
7,sr,0.8877755511022043,0.03170876088164172
7,sr,0.8897795591182364,0.02674100350733492
7,sr,0.8917835671342684,0.022276660718790628
7,sr,0.8937875751503005,0.018329644881790074
7,sr,0.8957915831663326,0.014895269954901121
7,sr,0.8977955911823646,0.011953450671930085
7,sr,0.8997995991983967,0.009472194999134835
7,sr,0.9018036072144288,0.007411122201906055
7,sr,0.9038076152304608,0.005724779486546633
7,sr,0.9058116232464929,0.004365583887090754
7,sr,0.907815631262525,0.0032862755364600465
7,sr,0.909819639278557,0.0024418268892154025
7,sr,0.9118236472945891,0.0017908043158021227
7,sr,0.9138276553106212,0.001296219973304924
7,sr,0.9158316633266532,0.0009259410708802823
7,sr,0.9178356713426853,0.0006527404316090162
7,sr,0.9198396793587174,0.0004540778450830573
7,sr,0.9218436873747494,0.0003116982771114165
7,sr,0.9238476953907815,0.00021112317320149302
7,sr,0.9258517034068136,0.00014109750048950986
7,sr,0.9278557114228456,9.304015668953951e-05
7,sr,0.9298597194388777,6.053077372477095e-05
7,sr,0.9318637274549098,3.885302088901764e-05
7,sr,0.9338677354709418,2.4603973877213446e-05
7,sr,0.9358717434869739,1.5371197370515076e-05
7,sr,0.937875751503006,9.473775108828906e-06
7,sr,0.939879759519038,5.760273897527409e-06
7,sr,0.9418837675350701,3.455098163047536e-06
7,sr,0.9438877755511021,2.0444101151027013e-06
7,sr,0.9458917835671342,1.1933279924707362e-06
7,sr,0.9478957915831663,6.871161923965546e-07
7,sr,0.9498997995991983,3.9027791461552934e-07
7,sr,0.9519038076152304,2.1866867291901633e-07
7,sr,0.9539078156312625,1.2085475942587602e-07
7,sr,0.9559118236472945,6.588730285169274e-08
7,sr,0.9579158316633266,3.5432111039446015e-08
7,sr,0.9599198396793587,1.8795181464584335e-08
7,sr,0.9619238476953907,9.834388900776334e-09
7,sr,0.9639278557114228,5.075712638830906e-09
7,sr,0.9659318637274549,2.5840037691842417e-09
7,sr,0.9679358717434869,1.297578446951657e-09
7,sr,0.969939879759519,6.427122295641641e-10
7,sr,0.9719438877755511,3.1400765951413856e-10
7,sr,0.9739478957915831,1.5132235763347785e-10
7,sr,0.9759519038076151,7.192895087530728e-11
7,sr,0.9779559118236472,3.3724137211491753e-11
7,sr,0.9799599198396792,1.5596003050688632e-11
7,sr,0.9819639278557113,7.1141017950761415e-12
7,sr,0.9839679358717434,3.200812220198011e-12
7,sr,0.9859719438877754,1.4204724774156878e-12
7,sr,0.9879759519038075,6.217806263378115e-13
7,sr,0.9899799599198396,2.684556744640908e-13
7,sr,0.9919839679358716,1.1432426055843438e-13
7,sr,0.9939879759519037,4.802131582168364e-14
7,sr,0.9959919839679358,1.9895691532744542e-14
7,sr,0.9979959919839678,8.130418220189777e-15
7,sr,1.0,3.2771413742364252e-15
7,ec,0.0,7.53973666412788e-15
7,ec,0.004008016032064128,2.4708133266473217e-14
7,ec,0.008016032064128256,7.905899239019236e-14
7,ec,0.012024048096192383,2.4699844709119673e-13
7,ec,0.01603206412825651,7.5348242936861e-13
7,ec,0.02004008016032064,2.244360917981958e-12
7,ec,0.024048096192384766,6.5276673135533526e-12
7,ec,0.028056112224448895,1.8538499205954936e-11
7,ec,0.03206412825651302,5.1410085751754327e-11
7,ec,0.03607214428857715,1.3921489935780488e-10
7,ec,0.04008016032064128,3.6812364446893595e-10
7,ec,0.044088176352705406,9.505607262357703e-10
7,ec,0.04809619238476953,2.3969135335737254e-09
7,ec,0.052104208416833664,5.9022839435321044e-09
7,ec,0.05611222444889779,1.4193604703111661e-08
7,ec,0.06012024048096192,3.3333481457782e-08
7,ec,0.06412825651302605,7.645315600643315e-08
7,ec,0.06813627254509018,1.7125740933142606e-07
7,ec,0.0721442885771543,3.746761984836317e-07
7,ec,0.07615230460921843,8.006274296295243e-07
7,ec,0.08016032064128256,1.6710471729762815e-06
7,ec,0.08416833667334668,3.406816130033401e-06
7,ec,0.08817635270541081,6.784691004462712e-06
7,ec,0.09218436873747494,1.3199410632157512e-05
7,ec,0.09619238476953906,2.508684886788712e-05
7,ec,0.1002004008016032,4.65834312575516e-05
7,ec,0.10420841683366733,8.451627894145353e-05
7,ec,0.10821643286573146,0.00014983251850134754
7,ec,0.11222444889779558,0.000259576884587785
7,ec,0.11623246492985971,0.0004395035575058478
7,ec,0.12024048096192384,0.0007273494014531229
7,ec,0.12424849699398796,0.0011766915276445393
7,ec,0.1282565130260521,0.0018611589334406342
7,ec,0.13226452905811623,0.0028785743636263565
7,ec,0.13627254509018036,0.00435439413381942
7,ec,0.1402805611222445,0.006443635816836522
7,ec,0.1442885771543086,0.009330399072341391
7,ec,0.14829659318637273,0.013224163914908337
7,ec,0.15230460921843686,0.01835235456628052
7,ec,0.156312625250501,0.024949215466447048
7,ec,0.16032064128256512,0.03324183497409203
7,ec,0.16432865731462926,0.043435078888535074
7,ec,0.16833667334669336,0.055698098333537484
7,ec,0.1723446893787575,0.0701557437007781
7,ec,0.17635270541082163,0.08688842712572499
7,ec,0.18036072144288576,0.10594355048045398
7,ec,0.1843687374749499,0.12736046613925428
7,ec,0.18837675350701402,0.15120910302784382
7,ec,0.19238476953907813,0.17764004594564684
7,ec,0.19639278557114226,0.20694129259886268
7,ec,0.2004008016032064,0.23959449370786262
7,ec,0.20440881763527052,0.2763215923382088
7,ec,0.20841683366733466,0.3181117817398866
7,ec,0.2124248496993988,0.366218904129351
7,ec,0.21643286573146292,0.42212104462054406
7,ec,0.22044088176352702,0.4874372535037798
7,ec,0.22444889779559116,0.5638010133124363
7,ec,0.2284569138276553,0.6526959775755112
7,ec,0.23246492985971942,0.7552660638499
7,ec,0.23647294589178355,0.8721182719261328
7,ec,0.24048096192384769,1.0031414441689217
7,ec,0.2444889779559118,1.147366343237785
7,ec,0.24849699398797592,1.302890875615016
7,ec,0.25250501002004005,1.4668885849015372
7,ec,0.2565130260521042,1.6357090529233953
7,ec,0.2605210420841683,1.8050668622789139
7,ec,0.26452905811623245,1.9703033036860897
7,ec,0.2685370741482966,2.126694378270536
7,ec,0.2725450901803607,2.2697719235885923
7,ec,0.27655310621242485,2.3956231777114536
7,ec,0.280561122244489,2.501137968507677
7,ec,0.28456913827655306,2.5841810141524126
7,ec,0.2885771543086172,2.643677731299894
7,ec,0.2925851703406813,2.679613305011629
7,ec,0.29659318637274545,2.6929546159462703
7,ec,0.3006012024048096,2.685511607677733
7,ec,0.3046092184368737,2.6597582848565957
7,ec,0.30861723446893785,2.618633979643008
7,ec,0.312625250501002,2.5653435214673714
7,ec,0.3166332665330661,2.5031713908073576
7,ec,0.32064128256513025,2.4353206631657036
7,ec,0.3246492985971944,2.3647831945462783
7,ec,0.3286573146292585,2.294243505420294
7,ec,0.33266533066132264,2.2260154870660767
7,ec,0.3366733466933867,2.162008596691398
7,ec,0.34068136272545085,2.103718758969594
7,ec,0.344689378757515,2.0522387590159177
7,ec,0.3486973947895791,2.00828332484003
7,ec,0.35270541082164325,1.9722250013141547
7,ec,0.3567134268537074,1.9441378493054597
7,ec,0.3607214428857715,1.9238465389574828
7,ec,0.36472945891783565,1.9109783289362576
7,ec,0.3687374749498998,1.9050148369273578
7,ec,0.3727454909819639,1.9053398246513296
7,ec,0.37675350701402804,1.9112790201541445
7,ec,0.3807615230460922,1.922128776941756
7,ec,0.38476953907815625,1.9371722894623629
7,ec,0.3887775551102204,1.9556848375053253
7,ec,0.3927855711422845,1.976932367535338
7,ec,0.39679358717434865,2.000169671808601
7,ec,0.4008016032064128,2.0246446662470707
7,ec,0.4048096192384769,2.0496134443879463
7,ec,0.40881763527054105,2.0743672247810894
7,ec,0.4128256513026052,2.098267980224253
7,ec,0.4168336673346693,2.120785762896805
7,ec,0.42084168336673344,2.1415287631635938
7,ec,0.4248496993987976,2.1602576915520255
7,ec,0.4288577154308617,2.176879103235239
7,ec,0.43286573146292584,2.1914169660186777
7,ec,0.4368737474949899,2.2039667783883505
7,ec,0.44088176352705405,2.2146404869970806
7,ec,0.4448897795591182,2.223512333583606
7,ec,0.4488977955911823,2.2305752549739637
7,ec,0.45290581162324645,2.235714951928651
7,ec,0.4569138276553106,2.238705119952727
7,ec,0.4609218436873747,2.239223632335954
7,ec,0.46492985971943884,2.2368865118001
7,ec,0.468937875751503,2.2312947225763438
7,ec,0.4729458917835671,2.222088101618537
7,ec,0.47695390781563124,2.2090007553025277
7,ec,0.48096192384769537,2.1919125293825013
7,ec,0.4849699398797595,2.1708914122377774
7,ec,0.4889779559118236,2.1462219153065147
7,ec,0.4929859719438877,2.118414800932209
7,ec,0.49699398797595185,2.088194334567294
7,ec,0.501002004008016,2.056460819271235
7,ec,0.5050100200400801,2.0242286258903035
7,ec,0.5090180360721442,1.9925430912976292
7,ec,0.5130260521042084,1.9623830906628184
7,ec,0.5170340681362725,1.9345592008677912
7,ec,0.5210420841683366,1.90961952870257
7,ec,0.5250501002004008,1.8877759491302102
7,ec,0.5290581162324649,1.8688623671956568
7,ec,0.533066132264529,1.8523336401047306
7,ec,0.5370741482965932,1.8373092245034421
7,ec,0.5410821643286573,1.822659965784218
7,ec,0.5450901803607214,1.8071304473870553
7,ec,0.5490981963927856,1.7894838197219674
7,ec,0.5531062124248497,1.7686519026356369
7,ec,0.5571142284569138,1.7438713718388597
7,ec,0.561122244488978,1.7147875282840013
7,ec,0.565130260521042,1.6815106665844453
7,ec,0.5691382765531061,1.6446160882234835
7,ec,0.5731462925851702,1.605086535520557
7,ec,0.5771543086172344,1.564204032265267
7,ec,0.5811623246492985,1.5234053851417073
7,ec,0.5851703406813626,1.4841206036709056
7,ec,0.5891783567134268,1.447615329077999
7,ec,0.5931863727454909,1.4148567749435557
7,ec,0.597194388777555,1.386418158469705
7,ec,0.6012024048096192,1.3624302283060854
7,ec,0.6052104208416833,1.3425816590043524
7,ec,0.6092184368737474,1.3261640803773842
7,ec,0.6132264529058116,1.3121532119627741
7,ec,0.6172344689378757,1.299315245701254
7,ec,0.6212424849699398,1.2863269721378516
7,ec,0.625250501002004,1.2718985587300191
7,ec,0.6292585170340681,1.2548887383441718
7,ec,0.6332665330661322,1.2344030950222051
7,ec,0.6372745490981964,1.209867174949984
7,ec,0.6412825651302605,1.1810676502766666
7,ec,0.6452905811623246,1.1481571544539941
7,ec,0.6492985971943888,1.1116219264571303
7,ec,0.6533066132264529,1.0722158747268118
7,ec,0.657314629258517,1.0308694625637844
7,ec,0.6613226452905812,0.9885859515890252
7,ec,0.6653306613226453,0.9463399776827095
7,ec,0.6693386773547093,0.9049933822520202
7,ec,0.6733466933867734,0.8652403979470106
7,ec,0.6773547094188376,0.8275890434599927
7,ec,0.6813627254509017,0.7923788570471927
7,ec,0.6853707414829658,0.7598282223672634
7,ec,0.68937875751503,0.730098933123423
7,ec,0.6933867735470941,0.7033624928389092
7,ec,0.6973947895791582,0.6798526384925228
7,ec,0.7014028056112224,0.6598917367607495
7,ec,0.7054108216432865,0.6438843817891295
7,ec,0.7094188376753506,0.6322785396298454
7,ec,0.7134268537074148,0.6255014694609943
7,ec,0.7174348697394789,0.6238829700474117
7,ec,0.721442885771543,0.6275811550111767
7,ec,0.7254509018036072,0.6365254262376667
7,ec,0.7294589178356713,0.6503877431196506
7,ec,0.7334669338677354,0.6685874698746124
7,ec,0.7374749498997996,0.6903282896079029
7,ec,0.7414829659318637,0.7146593749812328
7,ec,0.7454909819639278,0.7405485731165994
7,ec,0.749498997995992,0.766953774400765
7,ec,0.7535070140280561,0.7928802515489811
7,ec,0.7575150300601202,0.8174162129389778
7,ec,0.7615230460921844,0.839745066292874
7,ec,0.7655310621242485,0.8591394044292928
7,ec,0.7695390781563125,0.874946822399807
7,ec,0.7735470941883766,0.8865799311745448
7,ec,0.7775551102204408,0.8935215723666753
7,ec,0.7815631262525049,0.8953514004373282
7,ec,0.785571142284569,0.8917927829486136
7,ec,0.7895791583166332,0.8827712206191644
7,ec,0.7935871743486973,0.868469351771526
7,ec,0.7975951903807614,0.8493609548481037
7,ec,0.8016032064128256,0.8262082654627932
7,ec,0.8056112224448897,0.8000132964966787
7,ec,0.8096192384769538,0.7719234135473608
7,ec,0.813627254509018,0.7431019897331045
7,ec,0.8176352705410821,0.714583994757268
7,ec,0.8216432865731462,0.6871415982488489
7,ec,0.8256513026052104,0.6611848833541735
7,ec,0.8296593186372745,0.6367173854033061
7,ec,0.8336673346693386,0.6133564619712155
7,ec,0.8376753507014028,0.5904165227904321
7,ec,0.8416833667334669,0.5670414462988684
7,ec,0.845691382765531,0.5423635198226295
7,ec,0.8496993987975952,0.5156617440176808
7,ec,0.8537074148296593,0.4864931018747775
7,ec,0.8577154308617234,0.45477604106333364
7,ec,0.8617234468937875,0.42081460856296904
7,ec,0.8657314629258517,0.3852624371120554
7,ec,0.8697394789579158,0.349035979796334
7,ec,0.8737474949899798,0.31319417666374605
7,ec,0.877755511022044,0.2788059005308368
7,ec,0.8817635270541081,0.24682665339708024
7,ec,0.8857715430861722,0.21800244127140594
7,ec,0.8897795591182364,0.19281253402872192
7,ec,0.8937875751503005,0.1714552685048331
7,ec,0.8977955911823646,0.15387360375051676
7,ec,0.9018036072144288,0.13981103689998528
7,ec,0.9058116232464929,0.12888462429587996
7,ec,0.909819639278557,0.1206606485811778
7,ec,0.9138276553106212,0.11471986666456485
7,ec,0.9178356713426853,0.11070277250170218
7,ec,0.9218436873747494,0.10833010211124924
7,ec,0.9258517034068136,0.10739892705096167
7,ec,0.9298597194388777,0.10775917830195206
7,ec,0.9338677354709418,0.10927855846326126
7,ec,0.937875751503006,0.11180510171441928
7,ec,0.9418837675350701,0.11513607746596737
7,ec,0.9458917835671342,0.11899981750413911
7,ec,0.9498997995991983,0.123053955975246
7,ec,0.9539078156312625,0.12690020252259937
7,ec,0.9579158316633266,0.13011277527832482
7,ec,0.9619238476953907,0.13227548480739562
7,ec,0.9659318637274549,0.13302142313992243
7,ec,0.969939879759519,0.13206927027196944
7,ec,0.9739478957915831,0.12925119074151387
7,ec,0.9779559118236472,0.12452885602009357
7,ec,0.9819639278557113,0.11799597279699409
7,ec,0.9859719438877754,0.10986753820509487
7,ec,0.9899799599198396,0.10045766110238911
7,ec,0.9939879759519037,0.09014903095827993
7,ec,0.9979959919839678,0.07935788657977347
7,ec,1.002004008016032,0.06849858797454582
7,ec,1.006012024048096,0.05795162681132246
7,ec,1.0100200400801602,0.048038180218928764
7,ec,1.0140280561122244,0.039003234597219764
7,ec,1.0180360721442885,0.031008048187196508
7,ec,1.0220440881763526,0.024131479283292564
7,ec,1.0260521042084167,0.018378669645222275
7,ec,1.0300601202404809,0.013694882764848185
7,ec,1.034068136272545,0.009982023094311314
7,ec,1.0380761523046091,0.007115490476159597
7,ec,1.0420841683366733,0.004959466985752039
7,ec,1.0460921843687374,0.0033793599310192467
7,ec,1.0501002004008015,0.0022507938373591153
7,ec,1.0541082164328657,0.0014651363920335223
7,ec,1.0581162324649298,0.0009319808248943195
7,ec,1.062124248496994,0.0005792603221158758
7,ec,1.066132264529058,0.00035175079099148153
7,ec,1.0701402805611222,0.0002086663115737315
7,ec,1.0741482965931863,0.00012091812433954
7,ec,1.0781563126252505,6.844190364145255e-05
7,ec,1.0821643286573146,3.783709110967218e-05
7,ec,1.0861723446893787,2.0429367746293497e-05
7,ec,1.0901803607214429,1.0772413406584015e-05
7,ec,1.094188376753507,5.547200800178424e-06
7,ec,1.0981963927855711,2.7894698311939363e-06
7,ec,1.1022044088176353,1.3697535738452932e-06
7,ec,1.1062124248496994,6.567862135966322e-07
7,ec,1.1102204408817635,3.075075440829236e-07
7,ec,1.1142284569138277,1.4058156500810043e-07
7,ec,1.1182364729458918,6.275288470323604e-08
7,ec,1.122244488977956,2.7350460381340203e-08
7,ec,1.12625250501002,1.1638982640587091e-08
7,ec,1.130260521042084,4.835923616376199e-09
7,ec,1.134268537074148,1.961792948390818e-09
7,ec,1.1382765531062122,7.770198735933533e-10
7,ec,1.1422845691382764,3.004780346219179e-10
7,ec,1.1462925851703405,1.134466991359798e-10
7,ec,1.1503006012024046,4.1818342631271625e-11
7,ec,1.1543086172344688,1.5049955833155786e-11
7,ec,1.158316633266533,5.288043682162047e-12
7,ec,1.162324649298597,1.814029946182932e-12
7,ec,1.1663326653306612,6.075498551282433e-13
7,ec,1.1703406813627253,1.9865801253913116e-13
7,ec,1.1743486973947894,6.341847082221554e-14
7,ec,1.1783567134268536,1.9765596871158256e-14
7,ec,1.1823647294589177,6.0143361173797304e-15
7,ec,1.1863727454909818,1.7866861641125032e-15
7,ec,1.190380761523046,5.18192345636181e-16
7,ec,1.19438877755511,1.4672876593312416e-16
7,ec,1.1983967935871742,4.0562113526865524e-17
7,ec,1.2024048096192383,1.0947286453088306e-17
7,ec,1.2064128256513025,2.8845136303934093e-18
7,ec,1.2104208416833666,7.420250707987704e-19
7,ec,1.2144288577154307,1.8635632596383044e-19
7,ec,1.2184368737474949,4.5692931576790377e-20
7,ec,1.222444889779559,1.0937876254463614e-20
7,ec,1.2264529058116231,2.556206273132246e-21
7,ec,1.2304609218436873,5.832268731137524e-22
7,ec,1.2344689378757514,1.2991453720756554e-22
7,ec,1.2384769539078155,2.825247122992586e-23
7,ec,1.2424849699398797,5.998373279656951e-24
7,ec,1.2464929859719438,1.2433368227644718e-24
7,ec,1.250501002004008,2.516067454935126e-25
7,ec,1.254509018036072,4.9708867477241e-26
7,ec,1.2585170340681362,9.587900051575068e-27
7,ec,1.2625250501002003,1.8054734799434215e-27
7,ec,1.2665330661322645,3.319224804520993e-28
7,ec,1.2705410821643286,5.957446044436565e-29
7,ec,1.2745490981963927,1.0439060837955548e-29
7,ec,1.2785571142284569,1.7858318679121734e-30
7,ec,1.282565130260521,2.9826171474626157e-31
7,ec,1.2865731462925851,4.863313096412245e-32
7,ec,1.2905811623246493,7.741849187685226e-33
7,ec,1.2945891783567134,1.2031919653746774e-33
7,ec,1.2985971943887775,1.8255883808003973e-34
7,ec,1.3026052104208417,2.7042604261279e-35
7,ec,1.3066132264529058,3.910856319743789e-36
7,ec,1.31062124248497,5.521701136661232e-37
7,ec,1.314629258517034,7.61117331535274e-38
7,ec,1.3186372745490982,1.0242547752506575e-38
7,ec,1.3226452905811623,1.3456807742499644e-39
7,ec,1.3266533066132264,1.726051527398892e-40
7,ec,1.3306613226452906,2.1614396727664097e-41
7,ec,1.3346693386773545,2.642470390356039e-42
7,ec,1.3386773547094186,3.153949865929776e-43
7,ec,1.3426853707414828,3.675167043106447e-44
7,ec,1.3466933867735469,4.1809696960706536e-45
7,ec,1.350701402805611,4.64359775282033e-46
7,ec,1.3547094188376752,5.035119692945122e-47
7,ec,1.3587174348697393,5.330189353117102e-48
7,ec,1.3627254509018034,5.508750543603204e-49
7,ec,1.3667334669338675,5.558290027203844e-50
7,ec,1.3707414829659317,5.475287516009721e-51
7,ec,1.3747494989979958,5.265629300040144e-52
7,ec,1.37875751503006,4.943918001433992e-53
7,ec,1.382765531062124,4.531790881878037e-54
7,ec,1.3867735470941882,4.055515704436876e-55
7,ec,1.3907815631262523,3.5432348353976647e-56
7,ec,1.3947895791583165,3.0222571206197903e-57
7,ec,1.3987975951903806,2.5167524741319496e-58
7,ec,1.4028056112224447,2.0461017220861797e-59
7,ec,1.4068136272545089,1.6240206947835654e-60
7,ec,1.410821643286573,1.2584429108666335e-61
7,ec,1.4148296593186371,9.520354039340652e-63
7,ec,1.4188376753507013,7.031537548787393e-64
7,ec,1.4228456913827654,5.0702003626204706e-65
7,ec,1.4268537074148295,3.5692548972259254e-66
7,ec,1.4308617234468937,2.4530569244116293e-67
7,ec,1.4348697394789578,1.6459449609931255e-68
7,ec,1.438877755511022,1.0782031863909893e-69
7,ec,1.442885771543086,6.895464597530833e-71
7,ec,1.4468937875751502,4.3053065009291526e-72
7,ec,1.4509018036072143,2.624352910404691e-73
7,ec,1.4549098196392785,1.5617733853444985e-74
7,ec,1.4589178356713426,9.073846294317829e-76
7,ec,1.4629258517034067,5.146860987551173e-77
7,ec,1.4669338677354709,2.8501720579603616e-78
7,ec,1.470941883767535,1.540910225440327e-79
7,ec,1.4749498997995991,8.13319557240684e-81
7,ec,1.4789579158316633,4.191048757434692e-82
7,ec,1.4829659318637274,2.108442833394516e-83
7,ec,1.4869739478957915,1.0355678686502508e-84
7,ec,1.4909819639278556,4.965613607006069e-86
7,ec,1.4949899799599198,2.3245821433736155e-87
7,ec,1.498997995991984,1.0624157284770631e-88
7,ec,1.503006012024048,4.740473301696868e-90
7,ec,1.5070140280561122,2.065030819309199e-91
7,ec,1.5110220440881763,8.782314582498286e-93
7,ec,1.5150300601202404,3.646439904612396e-94
7,ec,1.5190380761523046,1.4781099851149288e-95
7,ec,1.5230460921843687,5.849544649214378e-97
7,ec,1.5270541082164328,2.2600340842066922e-98
7,ec,1.531062124248497,8.524826262325997e-100
7,ec,1.535070140280561,3.139306387976272e-101
7,ec,1.539078156312625,1.1286505302383151e-102
7,ec,1.5430861723446891,3.9615295091927045e-104
7,ec,1.5470941883767533,1.3575127580925305e-105
7,ec,1.5511022044088174,4.541533933865141e-107
7,ec,1.5551102204408815,1.483333572909155e-108
7,ec,1.5591182364729457,4.7299081627594e-110
7,ec,1.5631262525050098,1.4724623862147276e-111
7,ec,1.567134268537074,4.475209077812981e-113
7,ec,1.571142284569138,1.3278837904954094e-114
7,ec,1.5751503006012022,3.84666555123432e-116
7,ec,1.5791583166332663,1.0878935603133284e-117
7,ec,1.5831663326653305,3.0037653486999087e-119
7,ec,1.5871743486973946,8.096982844756693e-121
7,ec,1.5911823647294587,2.1308753938331023e-122
7,ec,1.5951903807615229,5.4748283678025485e-124
7,ec,1.599198396793587,1.373284703037859e-125
7,ec,1.6032064128256511,3.36301090258594e-127
7,ec,1.6072144288577153,8.040324691781219e-129
7,ec,1.6112224448897794,1.876707191709603e-130
7,ec,1.6152304609218435,4.2765846074697544e-132
7,ec,1.6192384769539077,9.514264873942235e-134
7,ec,1.6232464929859718,2.0664791434736962e-135
7,ec,1.627254509018036,4.381919895413909e-137
7,ec,1.6312625250501,9.07142388529305e-139
7,ec,1.6352705410821642,1.8334290441755558e-140
7,ec,1.6392785571142283,3.617681858756754e-142
7,ec,1.6432865731462925,6.969060847002438e-144
7,ec,1.6472945891783566,1.3106772456763818e-145
7,ec,1.6513026052104207,2.4065499620093828e-147
7,ec,1.6553106212424848,4.313915402623244e-149
7,ec,1.659318637274549,7.549635515712102e-151
7,ec,1.6633266533066131,1.2899057097464778e-152
7,ec,1.6673346693386772,2.1516298681537554e-154
7,ec,1.6713426853707414,3.5039248469409285e-156
7,ec,1.6753507014028055,5.5708263387040625e-158
7,ec,1.6793587174348696,8.646932662203424e-160
7,ec,1.6833667334669338,1.310334430533036e-161
7,ec,1.687374749498998,1.9385626800679043e-163
7,ec,1.691382765531062,2.799981499818346e-165
7,ec,1.6953907815631262,3.9482813746615446e-167
7,ec,1.6993987975951903,5.43548933029536e-169
7,ec,1.7034068136272544,7.305447417200915e-171
7,ec,1.7074148296593186,9.585893726389012e-173
7,ec,1.7114228456913827,1.2279933636414188e-174
7,ec,1.7154308617234468,1.5358084361487174e-176
7,ec,1.719438877755511,1.8752349861460173e-178
7,ec,1.723446893787575,2.2353831057748653e-180
7,ec,1.7274549098196392,2.6015121039638895e-182
7,ec,1.7314629258517034,2.955815733527881e-184
7,ec,1.7354709418837675,3.27873624252319e-186
7,ec,1.7394789579158316,3.550693828310147e-188
7,ec,1.7434869739478958,3.7540286986637594e-190
7,ec,1.7474949899799597,3.874891716000488e-192
7,ec,1.7515030060120238,3.904803393238221e-194
7,ec,1.755511022044088,3.8416375931146974e-196
7,ec,1.759519038076152,3.689871417024889e-198
7,ec,1.7635270541082162,3.460060488748596e-200
7,ec,1.7675350701402803,3.1676250532483795e-202
7,ec,1.7715430861723445,2.831140786214377e-204
7,ec,1.7755511022044086,2.4703971788861915e-206
7,ec,1.7795591182364727,2.1045038189574156e-208
7,ec,1.7835671342685369,1.750291053030231e-210
7,ec,1.787575150300601,1.4211779039503073e-212
7,ec,1.7915831663326651,1.1265857134420077e-214
7,ec,1.7955911823647293,8.718818792568287e-217
7,ec,1.7995991983967934,6.587622175865555e-219
7,ec,1.8036072144288575,4.859340517326291e-221
7,ec,1.8076152304609217,3.499480700748861e-223
7,ec,1.8116232464929858,2.4604100451886793e-225
7,ec,1.81563126252505,1.6888419158293705e-227
7,ec,1.819639278557114,1.1317438060273705e-229
7,ec,1.8236472945891782,7.40431475947872e-232
7,ec,1.8276553106212423,4.7293258485613157e-234
7,ec,1.8316633266533064,2.9491117005909752e-236
7,ec,1.8356713426853706,1.7953983668984492e-238
7,ec,1.8396793587174347,1.0671071960096103e-240
7,ec,1.8436873747494988,6.192027699789385e-243
7,ec,1.847695390781563,3.507804262920752e-245
7,ec,1.851703406813627,1.940061207216052e-247
7,ec,1.8557114228456912,1.0475460681560921e-249
7,ec,1.8597194388777554,5.522153182463972e-252
7,ec,1.8637274549098195,2.841982421150303e-254
7,ec,1.8677354709418836,1.4279465257452788e-256
7,ec,1.8717434869739478,7.004548070707489e-259
7,ec,1.875751503006012,3.354485471280337e-261
7,ec,1.879759519038076,1.5683729000446881e-263
7,ec,1.8837675350701402,7.158967040237243e-266
7,ec,1.8877755511022043,3.1902815738168674e-268
7,ec,1.8917835671342684,1.3879866444659947e-270
7,ec,1.8957915831663326,5.895480105205599e-273
7,ec,1.8997995991983967,2.444728796868299e-275
7,ec,1.9038076152304608,9.897370257123605e-278
7,ec,1.907815631262525,3.9118893832426255e-280
7,ec,1.911823647294589,1.5094924084591675e-282
7,ec,1.9158316633266532,5.6866031314407945e-285
7,ec,1.9198396793587174,2.0914742677857324e-287
7,ec,1.9238476953907815,7.509823854696489e-290
7,ec,1.9278557114228456,2.6325982890730274e-292
7,ec,1.9318637274549098,9.009839570126264e-295
7,ec,1.9358717434869739,3.0104203450589382e-297
7,ec,1.939879759519038,9.820075842248538e-300
7,ec,1.9438877755511021,3.127376458373403e-302
7,ec,1.9478957915831663,9.723510835843828e-305
7,ec,1.9519038076152302,2.951505939586141e-307
7,ec,1.9559118236472943,8.74665183790316e-310
7,ec,1.9599198396793585,2.53056581551e-312
7,ec,1.9639278557114226,7.14777797e-315
7,ec,1.9679358717434867,1.97107e-317
7,ec,1.9719438877755509,5.307e-320
7,ec,1.975951903807615,1.4e-322
7,ec,1.9799599198396791,0.0
7,ec,1.9839679358717432,0.0
7,ec,1.9879759519038074,0.0
7,ec,1.9919839679358715,0.0
7,ec,1.9959919839679356,0.0
7,ec,2.0,0.0
10,clust,0.0,0.39441180770975504
10,clust,0.0014028056112224449,0.37753288072580443
10,clust,0.0028056112224448897,0.33112820542809396
10,clust,0.004208416833667334,0.26629604970676224
10,clust,0.0056112224448897794,0.19684075472007018
10,clust,0.0070140280561122245,0.13490498299413406
10,clust,0.008416833667334669,0.08832386855022625
10,clust,0.009819639278557115,0.06034671925777257
10,clust,0.011222444889779559,0.05096778760345537
10,clust,0.012625250501002003,0.05850532449517723
10,clust,0.014028056112224449,0.08043254430882484
10,clust,0.015430861723446893,0.11334136144064325
10,clust,0.016833667334669337,0.15266420658288127
10,clust,0.01823647294589178,0.19293087896235112
10,clust,0.01963927855711423,0.22883237546182006
10,clust,0.021042084168336674,0.2565833276532977
10,clust,0.022444889779559118,0.27465176881887277
10,clust,0.023847695390781562,0.2832836704583658
10,clust,0.025250501002004006,0.28317938675303095
10,clust,0.026653306613226454,0.2744087317877784
10,clust,0.028056112224448898,0.2565028405069576
10,clust,0.029458917835671342,0.22971069472881842
10,clust,0.030861723446893786,0.19645932898437582
10,clust,0.032264529058116234,0.16189778927363527
10,clust,0.033667334669338675,0.13309806922511805
10,clust,0.03507014028056112,0.11739242153334545
10,clust,0.03647294589178356,0.12076778516527441
10,clust,0.03787575150300601,0.14705717484293718
10,clust,0.03927855711422846,0.1981686388546965
10,clust,0.0406813627254509,0.2750934657985195
10,clust,0.04208416833667335,0.3790324008330677
10,clust,0.04348697394789579,0.5117288701571635
10,clust,0.044889779559118236,0.6742449638510641
10,clust,0.04629258517034068,0.8642115714762633
10,clust,0.047695390781563124,1.0728211613341834
10,clust,0.04909819639278557,1.2836818800978052
10,clust,0.05050100200400801,1.4752003009011654
10,clust,0.05190380761523046,1.626282078474923
10,clust,0.05330661322645291,1.7228898396099388
10,clust,0.05470941883767535,1.7620152987171018
10,clust,0.056112224448897796,1.7508852764079241
10,clust,0.05751503006012024,1.7021086356117379
10,clust,0.058917835671342685,1.6280065354952742
10,clust,0.06032064128256513,1.53765466271088
10,clust,0.06172344689378757,1.437953744131745
10,clust,0.06312625250501001,1.337030973074433
10,clust,0.06452905811623247,1.2467326572992659
10,clust,0.06593186372745491,1.1818913234240622
10,clust,0.06733466933867735,1.156506239269141
10,clust,0.0687374749498998,1.1791141205087656
10,clust,0.07014028056112225,1.2501777278310422
10,clust,0.07154308617234469,1.3632262758951639
10,clust,0.07294589178356713,1.5094947748242935
10,clust,0.07434869739478958,1.6838755614747363
10,clust,0.07575150300601202,1.8889781275451678
10,clust,0.07715430861723446,2.1346186636395825
10,clust,0.07855711422845692,2.4321675196789676
10,clust,0.07995991983967936,2.7860291162417026
10,clust,0.0813627254509018,3.18664544592215
10,clust,0.08276553106212425,3.609506166076727
10,clust,0.0841683366733467,4.0223632523361
10,clust,0.08557114228456913,4.398990296962635
10,clust,0.08697394789579158,4.734030150743517
10,clust,0.08837675350701403,5.051639470044581
10,clust,0.08977955911823647,5.40220421195312
10,clust,0.09118236472945891,5.8464022643509646
10,clust,0.09258517034068137,6.432252484221636
10,clust,0.09398797595190381,7.174891510114817
10,clust,0.09539078156312625,8.04776475327332
10,clust,0.09679358717434869,8.98807144555051
10,clust,0.09819639278557114,9.912537818152389
10,clust,0.09959919839679358,10.736341025029706
10,clust,0.10100200400801602,11.389551174440477
10,clust,0.10240480961923848,11.829124868758335
10,clust,0.10380761523046092,12.046615103601827
10,clust,0.10521042084168336,12.071295591414053
10,clust,0.10661322645290582,11.967273245601893
10,clust,0.10801603206412826,11.823552043913233
10,clust,0.1094188376753507,11.737912573272208
10,clust,0.11082164328657314,11.797326110481931
10,clust,0.11222444889779559,12.05857986132147
10,clust,0.11362725450901803,12.53337590633691
10,clust,0.11503006012024047,13.182654354447196
10,clust,0.11643286573146293,13.924013217035062
10,clust,0.11783567134268537,14.652331869135468
10,clust,0.11923847695390781,15.267847555720328
10,clust,0.12064128256513026,15.701599782596448
10,clust,0.1220440881763527,15.928952893675296
10,clust,0.12344689378757515,15.967865563337117
10,clust,0.12484969939879759,15.865627407140902
10,clust,0.12625250501002003,15.6811703194849
10,clust,0.1276553106212425,15.468551403107083
10,clust,0.12905811623246494,15.26388049441996
10,clust,0.13046092184368738,15.076691352503984
10,clust,0.13186372745490982,14.88794904879843
10,clust,0.13326653306613226,14.65726240342127
10,clust,0.1346693386773547,14.338609005397366
10,clust,0.13607214428857714,13.898533506410915
10,clust,0.1374749498997996,13.328221022848641
10,clust,0.13887775551102205,12.6441640894324
10,clust,0.1402805611222445,11.879151491849223
10,clust,0.14168336673346693,11.07054966891877
10,clust,0.14308617234468937,10.25272080839309
10,clust,0.1444889779559118,9.456008705264694
10,clust,0.14589178356713425,8.709957627084703
10,clust,0.14729458917835672,8.04630183619377
10,clust,0.14869739478957916,7.498013630394532
10,clust,0.1501002004008016,7.0929478880832555
10,clust,0.15150300601202404,6.843272772856489
10,clust,0.15290581162324648,6.734523338540245
10,clust,0.15430861723446893,6.720045336645229
10,clust,0.15571142284569137,6.726247610011283
10,clust,0.15711422845691383,6.670204294602135
10,clust,0.15851703406813628,6.484731432438647
10,clust,0.15991983967935872,6.140721902502123
10,clust,0.16132264529058116,5.656248260229952
10,clust,0.1627254509018036,5.08781152362397
10,clust,0.16412825651302604,4.507953753026394
10,clust,0.1655310621242485,3.9798908661199452
10,clust,0.16693386773547095,3.5401112056401547
10,clust,0.1683366733466934,3.1944179449305827
10,clust,0.16973947895791583,2.925599195512027
10,clust,0.17114228456913827,2.7062585963761467
10,clust,0.1725450901803607,2.5103156707100203
10,clust,0.17394789579158315,2.319883386337195
10,clust,0.17535070140280562,2.1275372720791044
10,clust,0.17675350701402806,1.9353086232924597
10,clust,0.1781563126252505,1.7513798244779404
10,clust,0.17955911823647294,1.5851575524866248
10,clust,0.18096192384769538,1.4421242104937528
10,clust,0.18236472945891782,1.3208056350781443
10,clust,0.18376753507014026,1.2137779084558222
10,clust,0.18517034068136273,1.112433875477135
10,clust,0.18657314629258517,1.0126722053687822
10,clust,0.18797595190380761,0.9178778796841457
10,clust,0.18937875751503006,0.8373731360976939
10,clust,0.1907815631262525,0.7816158305018679
10,clust,0.19218436873747494,0.7574114203300178
10,clust,0.19358717434869738,0.7658662091270397
10,clust,0.19498997995991985,0.8034389168220301
10,clust,0.1963927855711423,0.8642818296984017
10,clust,0.19779559118236473,0.9416518705632806
10,clust,0.19919839679358717,1.0274551604996995
10,clust,0.2006012024048096,1.1107208487356066
10,clust,0.20200400801603205,1.1767726794693918
10,clust,0.20340681362725452,1.2086448192926025
10,clust,0.20480961923847696,1.1910989964534802
10,clust,0.2062124248496994,1.115999245180197
10,clust,0.20761523046092184,0.9865840523437719
10,clust,0.20901803607214428,0.8182045493881144
10,clust,0.21042084168336672,0.634679406785322
10,clust,0.21182364729458916,0.46174148638717377
10,clust,0.21322645290581163,0.32055160285098355
10,clust,0.21462925851703407,0.2238582037592574
10,clust,0.2160320641282565,0.17547389639395797
10,clust,0.21743486973947895,0.171840101375828
10,clust,0.2188376753507014,0.20390984553198305
10,clust,0.22024048096192383,0.25851943915627884
10,clust,0.22164328657314628,0.31978243982971893
10,clust,0.22304609218436874,0.37153985727841543
10,clust,0.22444889779559118,0.40107050619999995
10,clust,0.22585170340681363,0.4028026237233865
10,clust,0.22725450901803607,0.3799668048788002
10,clust,0.2286573146292585,0.3428242390320848
10,clust,0.23006012024048095,0.3039575593352674
10,clust,0.2314629258517034,0.2728592812765183
10,clust,0.23286573146292586,0.25248359266315523
10,clust,0.2342685370741483,0.23927413025878866
10,clust,0.23567134268537074,0.22623429295876274
10,clust,0.23707414829659318,0.20708493115312893
10,clust,0.23847695390781562,0.17928584982441712
10,clust,0.23987975951903806,0.1446694726541776
10,clust,0.24128256513026053,0.10790654436641557
10,clust,0.24268537074148297,0.07407082382864004
10,clust,0.2440881763527054,0.04668612030753976
10,clust,0.24549098196392785,0.026987772162368442
10,clust,0.2468937875751503,0.014299828605669893
10,clust,0.24829659318637273,0.006943062772005732
10,clust,0.24969939879759517,0.003088611711469302
10,clust,0.25110220440881764,0.0012587370616799507
10,clust,0.25250501002004005,0.0004699480444214866
10,clust,0.2539078156312625,0.00016073096319512223
10,clust,0.255310621242485,5.035933193050874e-05
10,clust,0.2567134268537074,1.4454031084595709e-05
10,clust,0.2581162324649299,3.8003671769740087e-06
10,clust,0.2595190380761523,9.153541307562884e-07
10,clust,0.26092184368737475,2.0196656276532995e-07
10,clust,0.26232464929859717,4.08222000628662e-08
10,clust,0.26372745490981964,7.558574070124966e-09
10,clust,0.2651302605210421,1.2820643927136025e-09
10,clust,0.2665330661322645,1.9920777488737418e-10
10,clust,0.267935871743487,2.8354970654784302e-11
10,clust,0.2693386773547094,3.697248035293742e-12
10,clust,0.27074148296593187,4.416257989899278e-13
10,clust,0.2721442885771543,4.8323318288794024e-14
10,clust,0.27354709418837675,4.843792435659608e-15
10,clust,0.2749498997995992,4.447754040389866e-16
10,clust,0.27635270541082163,3.74129939298075e-17
10,clust,0.2777555110220441,2.8829069584698437e-18
10,clust,0.2791583166332665,2.0350039268609168e-19
10,clust,0.280561122244489,1.3159104598764607e-20
10,clust,0.2819639278557114,7.794959960351148e-22
10,clust,0.28336673346693386,4.229878576629065e-23
10,clust,0.28476953907815633,2.102656716580709e-24
10,clust,0.28617234468937874,9.574923463982425e-26
10,clust,0.2875751503006012,3.994189905802187e-27
10,clust,0.2889779559118236,1.5263304577793754e-28
10,clust,0.2903807615230461,5.343119577451716e-30
10,clust,0.2917835671342685,1.7134351777827429e-31
10,clust,0.293186372745491,5.03346353241224e-33
10,clust,0.29458917835671344,1.354542500817441e-34
10,clust,0.29599198396793586,3.339218272315493e-36
10,clust,0.2973947895791583,7.540904527779343e-38
10,clust,0.29879759519038074,1.560014154389926e-39
10,clust,0.3002004008016032,2.956378923682627e-41
10,clust,0.3016032064128256,5.132371898200095e-43
10,clust,0.3030060120240481,8.16211297063498e-45
10,clust,0.30440881763527056,1.1890867692589648e-46
10,clust,0.30581162324649297,1.5869050945742832e-48
10,clust,0.30721442885771544,1.940058493141321e-50
10,clust,0.30861723446893785,2.172726974678468e-52
10,clust,0.3100200400801603,2.22906098467694e-54
10,clust,0.31142284569138273,2.0949092141507253e-56
10,clust,0.3128256513026052,1.8035779854608914e-58
10,clust,0.31422845691382767,1.422430665873422e-60
10,clust,0.3156312625250501,1.0276701681743262e-62
10,clust,0.31703406813627255,6.8014710701532834e-65
10,clust,0.31843687374749496,4.1236179626302314e-67
10,clust,0.31983967935871743,2.2902371368825063e-69
10,clust,0.32124248496993985,1.1652227215710166e-71
10,clust,0.3226452905811623,5.430801121074033e-74
10,clust,0.3240480961923848,2.3187040229046338e-76
10,clust,0.3254509018036072,9.068870372307845e-79
10,clust,0.32685370741482966,3.2492829767206647e-81
10,clust,0.3282565130260521,1.0664692517511333e-83
10,clust,0.32965931863727455,3.2065321885252634e-86
10,clust,0.331062124248497,8.831802152938823e-89
10,clust,0.3324649298597194,2.2283813828969543e-91
10,clust,0.3338677354709419,5.150580432564839e-94
10,clust,0.3352705410821643,1.0905593057624076e-96
10,clust,0.3366733466933868,2.1152848772970302e-99
10,clust,0.3380761523046092,3.758503018202245e-102
10,clust,0.33947895791583166,6.1176891273046505e-105
10,clust,0.3408817635270541,9.121922279162618e-108
10,clust,0.34228456913827654,1.2459820710472292e-110
10,clust,0.343687374749499,1.5590630572351995e-113
10,clust,0.3450901803607214,1.7870719196859382e-116
10,clust,0.3464929859719439,1.8764925432426172e-119
10,clust,0.3478957915831663,1.8050037867906672e-122
10,clust,0.34929859719438877,1.590507985776168e-125
10,clust,0.35070140280561124,1.2838670496150268e-128
10,clust,0.35210420841683365,9.493595291022596e-132
10,clust,0.3535070140280561,6.430841966892269e-135
10,clust,0.35490981963927853,3.990537743182136e-138
10,clust,0.356312625250501,2.2684095686304312e-141
10,clust,0.3577154308617234,1.1812395529178028e-144
10,clust,0.3591182364729459,5.634831747071314e-148
10,clust,0.36052104208416835,2.462353420913326e-151
10,clust,0.36192384769539077,9.85703466598475e-155
10,clust,0.36332665330661323,3.614669901322563e-158
10,clust,0.36472945891783565,1.2142761471555675e-161
10,clust,0.3661322645290581,3.7367388501319076e-165
10,clust,0.36753507014028053,1.0534028594652686e-168
10,clust,0.368937875751503,2.7203369513036245e-172
10,clust,0.37034068136272547,6.435427037221791e-176
10,clust,0.3717434869739479,1.3946283941947986e-179
10,clust,0.37314629258517035,2.7686375040072993e-183
10,clust,0.37454909819639276,5.035007876654998e-187
10,clust,0.37595190380761523,8.388043484916531e-191
10,clust,0.37735470941883764,1.2801110735286223e-194
10,clust,0.3787575150300601,1.789621125998907e-198
10,clust,0.3801603206412826,2.2919281750403533e-202
10,clust,0.381563126252505,2.6888549281789614e-206
10,clust,0.38296593186372746,2.889749527923682e-210
10,clust,0.3843687374749499,2.8449818086716642e-214
10,clust,0.38577154308617234,2.565814460018384e-218
10,clust,0.38717434869739475,2.1198125798778066e-222
10,clust,0.3885771543086172,1.6043390118123413e-226
10,clust,0.3899799599198397,1.1122983304777485e-230
10,clust,0.3913827655310621,7.064361074087396e-235
10,clust,0.3927855711422846,4.110086428792543e-239
10,clust,0.394188376753507,2.1905616610855513e-243
10,clust,0.39559118236472945,1.0695139967968198e-247
10,clust,0.3969939879759519,4.783479586590453e-252
10,clust,0.39839679358717434,1.95987259216829e-256
10,clust,0.3997995991983968,7.355940647201406e-261
10,clust,0.4012024048096192,2.529152725468801e-265
10,clust,0.4026052104208417,7.965964317982874e-270
10,clust,0.4040080160320641,2.2984132691613775e-274
10,clust,0.40541082164328657,6.074972915042244e-279
10,clust,0.40681362725450904,1.4709131614408212e-283
10,clust,0.40821643286573145,3.262542547905108e-288
10,clust,0.4096192384769539,6.629057660466396e-293
10,clust,0.41102204408817633,1.2338826889703352e-297
10,clust,0.4124248496993988,2.1038869903989126e-302
10,clust,0.4138276553106212,3.2862258475230577e-307
10,clust,0.4152304609218437,4.70217587071e-312
10,clust,0.41663326653306615,6.163491e-317
10,clust,0.41803607214428856,7.4e-322
10,clust,0.41943887775551103,0.0
10,clust,0.42084168336673344,0.0
10,clust,0.4222444889779559,0.0
10,clust,0.4236472945891783,0.0
10,clust,0.4250501002004008,0.0
10,clust,0.42645290581162326,0.0
10,clust,0.4278557114228457,0.0
10,clust,0.42925851703406814,0.0
10,clust,0.43066132264529056,0.0
10,clust,0.432064128256513,0.0
10,clust,0.43346693386773544,0.0
10,clust,0.4348697394789579,0.0
10,clust,0.4362725450901804,0.0
10,clust,0.4376753507014028,0.0
10,clust,0.43907815631262526,0.0
10,clust,0.44048096192384767,0.0
10,clust,0.44188376753507014,0.0
10,clust,0.44328657314629255,0.0
10,clust,0.444689378757515,0.0
10,clust,0.4460921843687375,0.0
10,clust,0.4474949899799599,0.0
10,clust,0.44889779559118237,0.0
10,clust,0.4503006012024048,0.0
10,clust,0.45170340681362725,0.0
10,clust,0.45310621242484966,0.0
10,clust,0.45450901803607213,0.0
10,clust,0.4559118236472946,0.0
10,clust,0.457314629258517,0.0
10,clust,0.4587174348697395,0.0
10,clust,0.4601202404809619,0.0
10,clust,0.46152304609218436,0.0
10,clust,0.4629258517034068,0.0
10,clust,0.46432865731462925,0.0
10,clust,0.4657314629258517,0.0
10,clust,0.4671342685370741,0.0
10,clust,0.4685370741482966,0.0
10,clust,0.469939879759519,0.0
10,clust,0.4713426853707415,0.0
10,clust,0.47274549098196395,0.0
10,clust,0.47414829659318636,0.0
10,clust,0.4755511022044088,0.0
10,clust,0.47695390781563124,0.0
10,clust,0.4783567134268537,0.0
10,clust,0.4797595190380761,0.0
10,clust,0.4811623246492986,0.0
10,clust,0.48256513026052106,0.0
10,clust,0.48396793587174347,0.0
10,clust,0.48537074148296594,0.0
10,clust,0.48677354709418835,0.0
10,clust,0.4881763527054108,0.0
10,clust,0.48957915831663323,0.0
10,clust,0.4909819639278557,0.0
10,clust,0.49238476953907817,0.0
10,clust,0.4937875751503006,0.0
10,clust,0.49519038076152305,0.0
10,clust,0.49659318637274547,0.0
10,clust,0.49799599198396793,0.0
10,clust,0.49939879759519035,0.0
10,clust,0.5008016032064128,0.0
10,clust,0.5022044088176353,0.0
10,clust,0.5036072144288577,0.0
10,clust,0.5050100200400801,0.0
10,clust,0.5064128256513026,0.0
10,clust,0.507815631262525,0.0
10,clust,0.5092184368737475,0.0
10,clust,0.51062124248497,0.0
10,clust,0.5120240480961924,0.0
10,clust,0.5134268537074148,0.0
10,clust,0.5148296593186372,0.0
10,clust,0.5162324649298597,0.0
10,clust,0.5176352705410822,0.0
10,clust,0.5190380761523046,0.0
10,clust,0.5204408817635271,0.0
10,clust,0.5218436873747495,0.0
10,clust,0.5232464929859719,0.0
10,clust,0.5246492985971943,0.0
10,clust,0.5260521042084169,0.0
10,clust,0.5274549098196393,0.0
10,clust,0.5288577154308617,0.0
10,clust,0.5302605210420842,0.0
10,clust,0.5316633266533066,0.0
10,clust,0.533066132264529,0.0
10,clust,0.5344689378757514,0.0
10,clust,0.535871743486974,0.0
10,clust,0.5372745490981964,0.0
10,clust,0.5386773547094188,0.0
10,clust,0.5400801603206413,0.0
10,clust,0.5414829659318637,0.0
10,clust,0.5428857715430861,0.0
10,clust,0.5442885771543086,0.0
10,clust,0.5456913827655311,0.0
10,clust,0.5470941883767535,0.0
10,clust,0.5484969939879759,0.0
10,clust,0.5498997995991984,0.0
10,clust,0.5513026052104208,0.0
10,clust,0.5527054108216433,0.0
10,clust,0.5541082164328657,0.0
10,clust,0.5555110220440882,0.0
10,clust,0.5569138276553106,0.0
10,clust,0.558316633266533,0.0
10,clust,0.5597194388777555,0.0
10,clust,0.561122244488978,0.0
10,clust,0.5625250501002004,0.0
10,clust,0.5639278557114228,0.0
10,clust,0.5653306613226453,0.0
10,clust,0.5667334669338677,0.0
10,clust,0.5681362725450901,0.0
10,clust,0.5695390781563127,0.0
10,clust,0.5709418837675351,0.0
10,clust,0.5723446893787575,0.0
10,clust,0.5737474949899799,0.0
10,clust,0.5751503006012024,0.0
10,clust,0.5765531062124248,0.0
10,clust,0.5779559118236473,0.0
10,clust,0.5793587174348698,0.0
10,clust,0.5807615230460922,0.0
10,clust,0.5821643286573146,0.0
10,clust,0.583567134268537,0.0
10,clust,0.5849699398797595,0.0
10,clust,0.586372745490982,0.0
10,clust,0.5877755511022044,0.0
10,clust,0.5891783567134269,0.0
10,clust,0.5905811623246493,0.0
10,clust,0.5919839679358717,0.0
10,clust,0.5933867735470941,0.0
10,clust,0.5947895791583167,0.0
10,clust,0.5961923847695391,0.0
10,clust,0.5975951903807615,0.0
10,clust,0.598997995991984,0.0
10,clust,0.6004008016032064,0.0
10,clust,0.6018036072144288,0.0
10,clust,0.6032064128256512,0.0
10,clust,0.6046092184368738,0.0
10,clust,0.6060120240480962,0.0
10,clust,0.6074148296593186,0.0
10,clust,0.6088176352705411,0.0
10,clust,0.6102204408817635,0.0
10,clust,0.6116232464929859,0.0
10,clust,0.6130260521042084,0.0
10,clust,0.6144288577154309,0.0
10,clust,0.6158316633266533,0.0
10,clust,0.6172344689378757,0.0
10,clust,0.6186372745490982,0.0
10,clust,0.6200400801603206,0.0
10,clust,0.621442885771543,0.0
10,clust,0.6228456913827655,0.0
10,clust,0.624248496993988,0.0
10,clust,0.6256513026052104,0.0
10,clust,0.6270541082164328,0.0
10,clust,0.6284569138276553,0.0
10,clust,0.6298597194388778,0.0
10,clust,0.6312625250501002,0.0
10,clust,0.6326653306613226,0.0
10,clust,0.6340681362725451,0.0
10,clust,0.6354709418837675,0.0
10,clust,0.6368737474949899,0.0
10,clust,0.6382765531062125,0.0
10,clust,0.6396793587174349,0.0
10,clust,0.6410821643286573,0.0
10,clust,0.6424849699398797,0.0
10,clust,0.6438877755511022,0.0
10,clust,0.6452905811623246,0.0
10,clust,0.646693386773547,0.0
10,clust,0.6480961923847696,0.0
10,clust,0.649498997995992,0.0
10,clust,0.6509018036072144,0.0
10,clust,0.6523046092184369,0.0
10,clust,0.6537074148296593,0.0
10,clust,0.6551102204408817,0.0
10,clust,0.6565130260521042,0.0
10,clust,0.6579158316633267,0.0
10,clust,0.6593186372745491,0.0
10,clust,0.6607214428857715,0.0
10,clust,0.662124248496994,0.0
10,clust,0.6635270541082164,0.0
10,clust,0.6649298597194389,0.0
10,clust,0.6663326653306613,0.0
10,clust,0.6677354709418838,0.0
10,clust,0.6691382765531062,0.0
10,clust,0.6705410821643286,0.0
10,clust,0.6719438877755511,0.0
10,clust,0.6733466933867736,0.0
10,clust,0.674749498997996,0.0
10,clust,0.6761523046092184,0.0
10,clust,0.6775551102204409,0.0
10,clust,0.6789579158316633,0.0
10,clust,0.6803607214428857,0.0
10,clust,0.6817635270541083,0.0
10,clust,0.6831663326653307,0.0
10,clust,0.6845691382765531,0.0
10,clust,0.6859719438877755,0.0
10,clust,0.687374749498998,0.0
10,clust,0.6887775551102204,0.0
10,clust,0.6901803607214428,0.0
10,clust,0.6915831663326654,0.0
10,clust,0.6929859719438878,0.0
10,clust,0.6943887775551102,0.0
10,clust,0.6957915831663326,0.0
10,clust,0.6971943887775551,0.0
10,clust,0.6985971943887775,0.0
10,clust,0.7,0.0
10,sr,0.0,0.27663083501004576
10,sr,0.002004008016032064,0.2747168634200797
10,sr,0.004008016032064128,0.2690540378655136
10,sr,0.0060120240480961915,0.25987420412379914
10,sr,0.008016032064128256,0.24754621691181242
10,sr,0.01002004008016032,0.23255135712360436
10,sr,0.012024048096192383,0.21545219659377934
10,sr,0.014028056112224447,0.1968577138906691
10,sr,0.01603206412825651,0.17738766283577873
10,sr,0.018036072144288574,0.15763906466899932
10,sr,0.02004008016032064,0.13815727233045072
10,sr,0.022044088176352703,0.11941341387486765
10,sr,0.024048096192384766,0.10178925643606482
10,sr,0.026052104208416832,0.08556974399038127
10,sr,0.028056112224448895,0.07094274470440261
10,sr,0.03006012024048096,0.05800496978047836
10,sr,0.03206412825651302,0.046772640411674754
10,sr,0.03406813627254509,0.03719529749140516
10,sr,0.03607214428857715,0.02917115720319998
10,sr,0.038076152304609215,0.022562580270897584
10,sr,0.04008016032064128,0.017210496197787088
10,sr,0.04208416833667334,0.012946954751198732
10,sr,0.044088176352705406,0.009605317226383874
10,sr,0.04609218436873747,0.007027910754264654
10,sr,0.04809619238476953,0.005071223472257398
10,sr,0.0501002004008016,0.0036089030700580957
10,sr,0.052104208416833664,0.0025329339905694266
10,sr,0.05410821643286573,0.0017534163332760535
10,sr,0.05611222444889779,0.0011973649568863343
10,sr,0.058116232464929855,0.000806905680216951
10,sr,0.06012024048096192,0.0005371820315894251
10,sr,0.06212424849699398,0.00035421392434955223
10,sr,0.06412825651302605,0.00023287912311866535
10,sr,0.06613226452905811,0.00015512621028120052
10,sr,0.06813627254509018,0.00010847758928465384
10,sr,0.07014028056112225,8.484387732416842e-05
10,sr,0.0721442885771543,7.964594231998342e-05
10,sr,0.07414829659318636,9.12257259088093e-05
10,sr,0.07615230460921843,0.00012051918093529141
10,sr,0.0781563126252505,0.0001709613515157026
10,sr,0.08016032064128256,0.00024859228758591716
10,sr,0.08216432865731463,0.0003623310292169341
10,sr,0.08416833667334668,0.0005243818400245823
10,sr,0.08617234468937875,0.0007507314286569359
10,sr,0.08817635270541081,0.0010616880320569815
10,sr,0.09018036072144288,0.0014824036619690236
10,sr,0.09218436873747494,0.0020433109763919755
10,sr,0.09418837675350701,0.002780398178884333
10,sr,0.09619238476953906,0.0037352415169170407
10,sr,0.09819639278557113,0.004954717866283028
10,sr,0.1002004008016032,0.006490331721216368
10,sr,0.10220440881763526,0.008397112989984886
10,sr,0.10420841683366733,0.010732074337610097
10,sr,0.1062124248496994,0.013552257748723024
10,sr,0.10821643286573146,0.016912445989409015
10,sr,0.11022044088176351,0.020862660520730502
10,sr,0.11222444889779558,0.02544560677034204
10,sr,0.11422845691382764,0.030694253787248816
10,sr,0.11623246492985971,0.03662974225220878
10,sr,0.11823647294589178,0.04325979862112988
10,sr,0.12024048096192384,0.05057779287500895
10,sr,0.1222444889779559,0.058562515634384554
10,sr,0.12424849699398796,0.06717867370638776
10,sr,0.12625250501002003,0.07637802104102356
10,sr,0.1282565130260521,0.08610096603031395
10,sr,0.13026052104208416,0.09627843768058092
10,sr,0.13226452905811623,0.10683376223913627
10,sr,0.1342685370741483,0.11768430466312459
10,sr,0.13627254509018036,0.12874266746118238
10,sr,0.13827655310621242,0.13991730935747987
10,sr,0.1402805611222445,0.1511125396812764
10,sr,0.14228456913827653,0.16222794970272233
10,sr,0.1442885771543086,0.17315744600107466
10,sr,0.14629258517034066,0.18378814035375
10,sr,0.14829659318637273,0.19399941460520936
10,sr,0.1503006012024048,0.203662509809119
10,sr,0.15230460921843686,0.21264098275009535
10,sr,0.15430861723446893,0.22079232959041215
10,sr,0.156312625250501,0.22797099888867975
10,sr,0.15831663326653306,0.23403291008871732
10,sr,0.16032064128256512,0.2388414660429147
10,sr,0.1623246492985972,0.24227490781624234
10,sr,0.16432865731462926,0.24423471665394453
10,sr,0.16633266533066132,0.24465463237996765
10,sr,0.16833667334669336,0.24350974126490357
10,sr,0.17034068136272543,0.2408250014910997
10,sr,0.1723446893787575,0.23668253191210278
10,sr,0.17434869739478956,0.2312269987355067
10,sr,0.17635270541082163,0.2246684999114136
10,sr,0.1783567134268537,0.21728246765054507
10,sr,0.18036072144288576,0.20940627837073938
10,sr,0.18236472945891782,0.2014324628003103
10,sr,0.1843687374749499,0.19379862818669918
10,sr,0.18637274549098196,0.18697441820091595
10,sr,0.18837675350701402,0.1814460234656036
10,sr,0.1903807615230461,0.1776988999599465
10,sr,0.19238476953907813,0.1761994439610557
10,sr,0.1943887775551102,0.17737640908434757
10,sr,0.19639278557114226,0.18160283996668594
10,sr,0.19839679358717432,0.18917925105352532
10,sr,0.2004008016032064,0.20031871365975726
10,sr,0.20240480961923846,0.2151344448483629
10,sr,0.20440881763527052,0.23363042782279908
10,sr,0.2064128256513026,0.2556955381069706
10,sr,0.20841683366733466,0.28110159704627125
10,sr,0.21042084168336672,0.30950571111710673
10,sr,0.2124248496993988,0.3404571650366026
10,sr,0.21442885771543085,0.3734090018588306
10,sr,0.21643286573146292,0.4077342324464217
10,sr,0.21843687374749496,0.44274636772803383
10,sr,0.22044088176352702,0.4777236700905042
10,sr,0.2224448897795591,0.5119361981002731
10,sr,0.22444889779559116,0.5446744055502386
10,sr,0.22645290581162322,0.5752777926114023
10,sr,0.2284569138276553,0.6031619359095155
10,sr,0.23046092184368736,0.6278421826719138
10,sr,0.23246492985971942,0.6489524072027811
10,sr,0.2344689378757515,0.6662575047326011
10,sr,0.23647294589178355,0.6796587272859886
10,sr,0.23847695390781562,0.6891915173536564
10,sr,0.24048096192384769,0.6950161182068054
10,sr,0.24248496993987975,0.6974018712912756
10,sr,0.2444889779559118,0.6967066810110141
10,sr,0.24649298597194386,0.6933535665100535
10,sr,0.24849699398797592,0.6878064703053376
10,sr,0.250501002004008,0.6805475151263818
10,sr,0.25250501002004005,0.6720576789714938
10,sr,0.2545090180360721,0.6628024096456157
10,sr,0.2565130260521042,0.6532230692404701
10,sr,0.25851703406813625,0.6437343575727155
10,sr,0.2605210420841683,0.6347271011756916
10,sr,0.2625250501002004,0.6265751078489554
10,sr,0.26452905811623245,0.6196442669454263
10,sr,0.2665330661322645,0.6143017945315137
10,sr,0.2685370741482966,0.6109235223003281
10,sr,0.27054108216432865,0.609897414444115
10,sr,0.2725450901803607,0.611622033209916
10,sr,0.2745490981963928,0.6164993918728472
10,sr,0.27655310621242485,0.6249224377001785
10,sr,0.2785571142284569,0.6372581890242902
10,sr,0.280561122244489,0.6538282048151975
10,sr,0.282565130260521,0.6748885055175123
10,sr,0.28456913827655306,0.7006112344610002
10,sr,0.2865731462925851,0.7310702320891489
10,sr,0.2885771543086172,0.7662323123391891
10,sr,0.29058116232464926,0.8059554382507015
10,sr,0.2925851703406813,0.8499942734924422
10,sr,0.2945891783567134,0.8980128305482036
10,sr,0.29659318637274545,0.9496032344870664
10,sr,0.2985971943887775,1.004309047817965
10,sr,0.3006012024048096,1.0616512069576858
10,sr,0.30260521042084165,1.1211544265503501
10,sr,0.3046092184368737,1.1823719303231526
10,sr,0.3066132264529058,1.244906542320379
10,sr,0.30861723446893785,1.3084264847926808
10,sr,0.3106212424849699,1.372674640878095
10,sr,0.312625250501002,1.4374705182773158
10,sr,0.31462925851703405,1.5027046693028994
10,sr,0.3166332665330661,1.5683258652838483
10,sr,0.3186372745490982,1.6343218746832204
10,sr,0.32064128256513025,1.7006952364095675
10,sr,0.3226452905811623,1.7674359251032925
10,sr,0.3246492985971944,1.834493233024651
10,sr,0.32665330661322645,1.9017494908391874
10,sr,0.3286573146292585,1.968998358493295
10,sr,0.3306613226452906,2.0359302838429207
10,sr,0.33266533066132264,2.1021273154175577
10,sr,0.33466933867735466,2.16706876262235
10,sr,0.3366733466933867,2.2301482581976915
10,sr,0.3386773547094188,2.290701673217717
10,sr,0.34068136272545085,2.348044180851408
10,sr,0.3426853707414829,2.401513701297465
10,sr,0.344689378757515,2.450517129556751
10,sr,0.34669338677354705,2.4945752730077677
10,sr,0.3486973947895791,2.533362388977035
10,sr,0.3507014028056112,2.5667366390044366
10,sr,0.35270541082164325,2.594758628752279
10,sr,0.3547094188376753,2.6176963841159484
10,sr,0.3567134268537074,2.6360164836186826
10,sr,0.35871743486973945,2.6503624589548136
10,sr,0.3607214428857715,2.6615228236690487
10,sr,0.3627254509018036,2.670392050959468
10,sr,0.36472945891783565,2.6779283921320713
10,sr,0.3667334669338677,2.685112554343915
10,sr,0.3687374749498998,2.692910939501722
10,sr,0.37074148296593185,2.702246432727851
10,sr,0.3727454909819639,2.713978703838707
10,sr,0.374749498997996,2.728894760154281
10,sr,0.37675350701402804,2.7477091895766446
10,sr,0.3787575150300601,2.771072289580103
10,sr,0.3807615230460922,2.7995832168890957
10,sr,0.38276553106212424,2.833804529024937
10,sr,0.38476953907815625,2.8742741181715714
10,sr,0.3867735470941883,2.921510627447782
10,sr,0.3887775551102204,2.9760090192053616
10,sr,0.39078156312625245,3.03822401628161
10,sr,0.3927855711422845,3.108540587341844
10,sr,0.3947895791583166,3.187232367214098
10,sr,0.39679358717434865,3.2744107129058304
10,sr,0.3987975951903807,3.369968781633309
10,sr,0.4008016032064128,3.473526354233589
10,sr,0.40280561122244485,3.584381911457445
10,sr,0.4048096192384769,3.7014785496842473
10,sr,0.406813627254509,3.823389624420648
10,sr,0.40881763527054105,3.9483285606909018
10,sr,0.4108216432865731,4.074185197779159
10,sr,0.4128256513026052,4.198588561189351
10,sr,0.41482965931863724,4.3189933604164645
10,sr,0.4168336673346693,4.432785105892927
10,sr,0.4188376753507014,4.537396812674267
10,sr,0.42084168336673344,4.630429042158345
10,sr,0.4228456913827655,4.709764663131786
10,sr,0.4248496993987976,4.773670214486836
10,sr,0.42685370741482964,4.820877035783414
10,sr,0.4288577154308617,4.850637213484418
10,sr,0.4308617234468938,4.862751619248065
10,sr,0.43286573146292584,4.857569614812274
10,sr,0.4348697394789579,4.835962103643456
10,sr,0.4368737474949899,4.799271312370011
10,sr,0.438877755511022,4.74924185257797
10,sr,0.44088176352705405,4.687938202684216
10,sr,0.4428857715430861,4.617653802867679
10,sr,0.4448897795591182,4.540816584366919
10,sr,0.44689378757515025,4.45989511026561
10,sr,0.4488977955911823,4.377308750895574
10,sr,0.4509018036072144,4.295344596434846
10,sr,0.45290581162324645,4.216083222686608
10,sr,0.4549098196392785,4.1413350180087605
10,sr,0.4569138276553106,4.072588537081242
10,sr,0.45891783567134264,4.010972209839154
10,sr,0.4609218436873747,3.9572306107210773
10,sr,0.4629258517034068,3.911716286468133
10,sr,0.46492985971943884,3.8743977680545187
10,sr,0.4669338677354709,3.8448838070780957
10,sr,0.468937875751503,3.8224630795373273
10,sr,0.47094188376753504,3.806157641365195
10,sr,0.4729458917835671,3.794787396036883
10,sr,0.4749498997995992,3.7870418715865855
10,sr,0.47695390781563124,3.7815548407736257
10,sr,0.4789579158316633,3.7769768824864247
10,sr,0.48096192384769537,3.77204097295666
10,sr,0.48296593186372744,3.765616662982507
10,sr,0.4849699398797595,3.756749335151091
10,sr,0.48697394789579157,3.7446823746705964
10,sr,0.4889779559118236,3.72886170374527
10,sr,0.49098196392785565,3.7089238527294768
10,sr,0.4929859719438877,3.684670375977633
10,sr,0.4949899799599198,3.6560327682925537
10,sr,0.49699398797595185,3.623032924254968
10,sr,0.4989979959919839,3.585744480554461
10,sr,0.501002004008016,3.5442600324159077
10,sr,0.503006012024048,3.4986682427441584
10,sr,0.5050100200400801,3.449043374660742
10,sr,0.5070140280561122,3.395447957998381
10,sr,0.5090180360721442,3.3379473855079844
10,sr,0.5110220440881763,3.2766334853765318
10,sr,0.5130260521042084,3.2116527791817275
10,sr,0.5150300601202404,3.1432344026900614
10,sr,0.5170340681362725,3.0717126513436486
10,sr,0.5190380761523046,2.9975398197225918
10,sr,0.5210420841683366,2.921286334133394
10,sr,0.5230460921843687,2.8436269354737296
10,sr,0.5250501002004008,2.7653135973114216
10,sr,0.5270541082164328,2.6871376801032874
10,sr,0.5290581162324649,2.60988526679778
10,sr,0.531062124248497,2.5342905006447607
10,sr,0.533066132264529,2.460991948435442
10,sr,0.5350701402805611,2.3904965431485325
10,sr,0.5370741482965932,2.3231546214213132
10,sr,0.5390781563126252,2.259148144427993
10,sr,0.5410821643286573,2.198492601087317
10,sr,0.5430861723446894,2.141051570393242
10,sr,0.5450901803607214,2.086561663103259
10,sr,0.5470941883767535,2.034664709440292
10,sr,0.5490981963927856,1.9849436706506753
10,sr,0.5511022044088176,1.9369588141024827
10,sr,0.5531062124248497,1.8902811269840092
10,sr,0.5551102204408818,1.8445206344924179
10,sr,0.5571142284569138,1.7993481015558448
10,sr,0.5591182364729459,1.7545094087619764
10,sr,0.561122244488978,1.709832607119061
10,sr,0.56312625250501,1.6652282139993873
10,sr,0.565130260521042,1.6206836941194558
10,sr,0.567134268537074,1.5762532867086467
10,sr,0.5691382765531061,1.532044425803238
10,sr,0.5711422845691382,1.488201995445896
10,sr,0.5731462925851702,1.4448916026510354
10,sr,0.5751503006012023,1.4022829645478905
10,sr,0.5771543086172344,1.3605344045560313
10,sr,0.5791583166332664,1.3197793359629808
10,sr,0.5811623246492985,1.280115472598945
10,sr,0.5831663326653306,1.241597336955178
10,sr,0.5851703406813626,1.2042324321315019
10,sr,0.5871743486973947,1.1679812098074376
10,sr,0.5891783567134268,1.1327607156345594
10,sr,0.5911823647294588,1.0984515469162672
10,sr,0.5931863727454909,1.0649075390808829
10,sr,0.595190380761523,1.0319674290163736
10,sr,0.597194388777555,0.9994676396979228
10,sr,0.5991983967935871,0.9672552967300414
10,sr,0.6012024048096192,0.93520061816735
10,sr,0.6032064128256512,0.9032079008408564
10,sr,0.6052104208416833,0.8712244419203781
10,sr,0.6072144288577154,0.8392468669384272
10,sr,0.6092184368737474,0.807324473393504
10,sr,0.6112224448897795,0.7755593381435651
10,sr,0.6132264529058116,0.7441030800221113
10,sr,0.6152304609218436,0.7131503236829051
10,sr,0.6172344689378757,0.6829290835355382
10,sr,0.6192384769539078,0.6536884794378713
10,sr,0.6212424849699398,0.6256844011623597
10,sr,0.6232464929859719,0.5991639387534367
10,sr,0.625250501002004,0.5743495643459979
10,sr,0.627254509018036,0.5514241575551915
10,sr,0.6292585170340681,0.530517983670786
10,sr,0.6312625250501002,0.5116986437714035
10,sr,0.6332665330661322,0.4949648158042376
10,sr,0.6352705410821643,0.48024431054223526
10,sr,0.6372745490981964,0.46739660738854444
10,sr,0.6392785571142284,0.45621965506397405
10,sr,0.6412825651302605,0.4464603682979861
10,sr,0.6432865731462926,0.43782796664769424
10,sr,0.6452905811623246,0.4300091168760679
10,sr,0.6472945891783567,0.42268377086800446
10,sr,0.6492985971943888,0.41554063385210693
10,sr,0.6513026052104208,0.40829133386869004
10,sr,0.6533066132264529,0.40068256322296764
10,sr,0.655310621242485,0.392505691981305
10,sr,0.657314629258517,0.3836035805503728
10,sr,0.6593186372745491,0.37387451863561716
10,sr,0.6613226452905812,0.36327337737422216
10,sr,0.6633266533066132,0.35181017673853643
10,sr,0.6653306613226453,0.3395463464884448
10,sr,0.6673346693386772,0.32658900607828384
10,sr,0.6693386773547093,0.313083618125007
10,sr,0.6713426853707414,0.2992053902441099
10,sr,0.6733466933867734,0.2851498160632572
10,sr,0.6753507014028055,0.2711227584139041
10,sr,0.6773547094188376,0.257330483138076
10,sr,0.6793587174348696,0.24397004630306698
10,sr,0.6813627254509017,0.23122041723543976
10,sr,0.6833667334669338,0.21923468321430936
10,sr,0.6853707414829658,0.20813363024742018
10,sr,0.6873747494989979,0.1980009318180593
10,sr,0.68937875751503,0.18888010876016822
10,sr,0.691382765531062,0.18077335312834708
10,sr,0.6933867735470941,0.17364224015776675
10,sr,0.6953907815631262,0.1674102860542552
10,sr,0.6973947895791582,0.16196724435086815
10,sr,0.6993987975951903,0.1571749678726724
10,sr,0.7014028056112224,0.1528745954012922
10,sr,0.7034068136272544,0.1488947522983954
10,sr,0.7054108216432865,0.1450603859558472
10,sr,0.7074148296593186,0.14120179647851555
10,sr,0.7094188376753506,0.13716337941308165
10,sr,0.7114228456913827,0.13281158046265612
10,sr,0.7134268537074148,0.1280415806839485
10,sr,0.7154308617234468,0.12278229011437236
10,sr,0.7174348697394789,0.11699932863680247
10,sr,0.719438877755511,0.11069580982915132
10,sr,0.721442885771543,0.10391090551129774
10,sr,0.7234468937875751,0.09671634008047565
10,sr,0.7254509018036072,0.08921112636202408
10,sr,0.7274549098196392,0.08151499042009916
10,sr,0.7294589178356713,0.07376102597884666
10,sr,0.7314629258517034,0.06608815903289422
10,sr,0.7334669338677354,0.058633985473902514
10,sr,0.7354709418837675,0.05152847169005691
10,sr,0.7374749498997996,0.04488888924850706
10,sr,0.7394789579158316,0.03881620439010262
10,sr,0.7414829659318637,0.03339297896684475
10,sr,0.7434869739478958,0.028682680547733617
10,sr,0.7454909819639278,0.02473016342774418
10,sr,0.7474949899799599,0.02156298371238393
10,sr,0.749498997995992,0.019193160309255986
10,sr,0.751503006012024,0.017618993706220706
10,sr,0.7535070140280561,0.016826604136223014
10,sr,0.7555110220440882,0.016790942858489526
10,sr,0.7575150300601202,0.017476152864887583
10,sr,0.7595190380761523,0.01883529295081459
10,sr,0.7615230460921844,0.02080957450097757
10,sr,0.7635270541082164,0.023327376159906463
10,sr,0.7655310621242485,0.026303382183318208
10,sr,0.7675350701402806,0.029638223702392066
10,sr,0.7695390781563125,0.033218981609650255
10,sr,0.7715430861723446,0.036920834952953945
10,sr,0.7735470941883766,0.04061001624856764
10,sr,0.7755511022044087,0.044148078342257716
10,sr,0.7775551102204408,0.04739730517890399
10,sr,0.7795591182364728,0.050226933238344845
10,sr,0.7815631262525049,0.05251971409112543
10,sr,0.783567134268537,0.054178261442389714
10,sr,0.785571142284569,0.05513060232258439
10,sr,0.7875751503006011,0.055334397764142194
10,sr,0.7895791583166332,0.05477940999142378
10,sr,0.7915831663326652,0.05348795822968628
10,sr,0.7935871743486973,0.05151330347965981
10,sr,0.7955911823647294,0.048936109031660485
10,sr,0.7975951903807614,0.04585931202626483
10,sr,0.7995991983967935,0.0424018886318555
10,sr,0.8016032064128256,0.038692084066144425
10,sr,0.8036072144288576,0.0348606997496065
10,sr,0.8056112224448897,0.03103498363779176
10,sr,0.8076152304609218,0.02733356529501537
10,sr,0.8096192384769538,0.02386273057151905
10,sr,0.8116232464929859,0.02071416214930368
10,sr,0.813627254509018,0.01796410328843704
10,sr,0.81563126252505,0.015673752727219468
10,sr,0.8176352705410821,0.013890584743948555
10,sr,0.8196392785571142,0.012650220218892496
10,sr,0.8216432865731462,0.01197845633358825
10,sr,0.8236472945891783,0.011893092546525754
10,sr,0.8256513026052104,0.01240526179015942
10,sr,0.8276553106212424,0.013520077618709549
10,sr,0.8296593186372745,0.015236526937484587
10,sr,0.8316633266533066,0.017546659485144844
10,sr,0.8336673346693386,0.02043423520370164
10,sr,0.8356713426853707,0.02387307636468144
10,sr,0.8376753507014028,0.027825422950357757
10,sr,0.8396793587174348,0.03224060130097353
10,sr,0.8416833667334669,0.03705428611626093
10,sr,0.843687374749499,0.0421885683728275
10,sr,0.845691382765531,0.047552945443628966
10,sr,0.8476953907815631,0.053046237733393106
10,sr,0.8496993987975952,0.05855932415077854
10,sr,0.8517034068136272,0.06397849282897458
10,sr,0.8537074148296593,0.06918913768345362
10,sr,0.8557114228456913,0.07407950512072556
10,sr,0.8577154308617234,0.07854421155750904
10,sr,0.8597194388777555,0.08248730724061952
10,sr,0.8617234468937875,0.08582474432689616
10,sr,0.8637274549098196,0.08848620156149256
10,sr,0.8657314629258517,0.09041630646603865
10,sr,0.8677354709418837,0.09157536243226358
10,sr,0.8697394789579158,0.09193972091086924
10,sr,0.8717434869739479,0.09150193344809343
10,sr,0.8737474949899798,0.0902707781290471
10,sr,0.8757515030060119,0.08827119082077267
10,sr,0.877755511022044,0.08554405930143764
10,sr,0.879759519038076,0.08214577545814193
10,sr,0.8817635270541081,0.0781474027877541
10,sr,0.8837675350701402,0.07363331374576008
10,sr,0.8857715430861722,0.0686991869880221
10,sr,0.8877755511022043,0.06344932325253158
10,sr,0.8897795591182364,0.05799332873626148
10,sr,0.8917835671342684,0.05244231020609553
10,sr,0.8937875751503005,0.046904809547799665
10,sr,0.8957915831663326,0.0414827620886788
10,sr,0.8977955911823646,0.036267782922702434
10,sr,0.8997995991983967,0.031338065323148596
10,sr,0.9018036072144288,0.02675611868512675
10,sr,0.9038076152304608,0.02256748960063537
10,sr,0.9058116232464929,0.018800511654420874
10,sr,0.907815631262525,0.015467031560037084
10,sr,0.909819639278557,0.01256397428229371
10,sr,0.9118236472945891,0.010075547538482058
10,sr,0.9138276553106212,0.00797585188340175
10,sr,0.9158316633266532,0.006231657184842636
10,sr,0.9178356713426853,0.004805126346918973
10,sr,0.9198396793587174,0.003656306376923142
10,sr,0.9218436873747494,0.002745257553590032
10,sr,0.9238476953907815,0.002033745676807898
10,sr,0.9258517034068136,0.0014864733440519433
10,sr,0.9278557114228456,0.0010718688888605565
10,sr,0.9298597194388777,0.0007624831264256783
10,sr,0.9318637274549098,0.0005350635126852725
10,sr,0.9338677354709418,0.00037038354183714634
10,sr,0.9358717434869739,0.00025290414087227774
10,sr,0.937875751503006,0.00017033602215454083
10,sr,0.939879759519038,0.00011316008085365027
10,sr,0.9418837675350701,7.414935614818212e-05
10,sr,0.9438877755511021,4.792269725072622e-05
10,sr,0.9458917835671342,3.0548381452265106e-05
10,sr,0.9478957915831663,1.9206244743931466e-05
10,sr,0.9498997995991983,1.1909649917955947e-05
10,sr,0.9519038076152304,7.28372361237448e-06
10,sr,0.9539078156312625,4.393413320429089e-06
10,sr,0.9559118236472945,2.613614479656563e-06
10,sr,0.9579158316633266,1.533447830271067e-06
10,sr,0.9599198396793587,8.873235866182512e-07
10,sr,0.9619238476953907,5.063822186547026e-07
10,sr,0.9639278557114228,2.8500758070041334e-07
10,sr,0.9659318637274549,1.5820285203106938e-07
10,sr,0.9679358717434869,8.66065506136751e-08
10,sr,0.969939879759519,4.675892314870634e-08
10,sr,0.9719438877755511,2.489743095742821e-08
10,sr,0.9739478957915831,1.3074344975867599e-08
10,sr,0.9759519038076151,6.771110830578707e-09
10,sr,0.9779559118236472,3.4583886816413666e-09
10,sr,0.9799599198396792,1.7420514776663597e-09
10,sr,0.9819639278557113,8.65408105913455e-10
10,sr,0.9839679358717434,4.239877217957765e-10
10,sr,0.9859719438877754,2.0486018624294046e-10
10,sr,0.9879759519038075,9.761880216479047e-11
10,sr,0.9899799599198396,4.5875490872023626e-11
10,sr,0.9919839679358716,2.1261752701221384e-11
10,sr,0.9939879759519037,9.718254584610111e-12
10,sr,0.9959919839679358,4.380746920564725e-12
10,sr,0.9979959919839678,1.947504980020144e-12
10,sr,1.0,8.538456462951288e-13
10,ec,0.0,1.0186154748492049e-15
10,ec,0.004008016032064128,3.803294611477882e-15
10,ec,0.008016032064128256,1.3814520240521149e-14
10,ec,0.012024048096192383,4.881391191342785e-14
10,ec,0.01603206412825651,1.6779918255658083e-13
10,ec,0.02004008016032064,5.611534516857916e-13
10,ec,0.024048096192384766,1.825689516205181e-12
10,ec,0.028056112224448895,5.7787572544478955e-12
10,ec,0.03206412825651302,1.779565283641661e-11
10,ec,0.03607214428857715,5.3318272379622394e-11
10,ec,0.04008016032064128,1.5542924956535375e-10
10,ec,0.044088176352705406,4.408563397124593e-10
10,ec,0.04809619238476953,1.2167002516798028e-09
10,ec,0.052104208416833664,3.26744517869468e-09
10,ec,0.05611222444889779,8.538644890010577e-09
10,ec,0.06012024048096192,2.1714264211330482e-08
10,ec,0.06412825651302605,5.374009910888505e-08
10,ec,0.06813627254509018,1.2944131934880588e-07
10,ec,0.0721442885771543,3.0345549269809824e-07
10,ec,0.07615230460921843,6.924588740316302e-07
10,ec,0.08016032064128256,1.5381629237348295e-06
10,ec,0.08416833667334668,3.3262589869896194e-06
10,ec,0.08817635270541081,7.003177492986164e-06
10,ec,0.09218436873747494,1.4357011653584519e-05
10,ec,0.09619238476953906,2.866239413219695e-05
10,ec,0.1002004008016032,5.573088282978333e-05
10,ec,0.10420841683366733,0.00010555451853491298
10,ec,0.10821643286573146,0.00019477156803767692
10,ec,0.11222444889779558,0.0003502046200661742
10,ec,0.11623246492985971,0.0006137006900348787
10,ec,0.12024048096192384,0.0010484164980069796
10,ec,0.12424849699398796,0.001746519546735794
10,ec,0.1282565130260521,0.002838012282815205
10,ec,0.13226452905811623,0.004500056167374339
10,ec,0.13627254509018036,0.006965837914233475
10,ec,0.1402805611222445,0.01053178567995185
10,ec,0.1442885771543086,0.015561939673227802
10,ec,0.14829659318637273,0.022488632033212698
10,ec,0.15230460921843686,0.03180939436463528
10,ec,0.156312625250501,0.044081122522396016
10,ec,0.16032064128256512,0.05991375015887184
10,ec,0.16432865731462926,0.07996660480497919
10,ec,0.16833667334669336,0.10495072754385332
10,ec,0.1723446893787575,0.13563925721612233
10,ec,0.17635270541082163,0.17288528868402725
10,ec,0.18036072144288576,0.21764264283738743
10,ec,0.1843687374749499,0.2709805409884316
10,ec,0.18837675350701402,0.3340795912093304
10,ec,0.19238476953907813,0.40819535317877703
10,ec,0.19639278557114226,0.49457840825730914
10,ec,0.2004008016032064,0.5943468856923672
10,ec,0.20440881763527052,0.7083180897241471
10,ec,0.20841683366733466,0.8368181401601424
10,ec,0.2124248496993988,0.9794992096604885
10,ec,0.21643286573146292,1.13519956840869
10,ec,0.22044088176352702,1.3018795976949573
10,ec,0.22444889779559116,1.476656417545693
10,ec,0.2284569138276553,1.6559424181881603
10,ec,0.23246492985971942,1.835672669596595
10,ec,0.23647294589178355,2.011588074808898
10,ec,0.24048096192384769,2.179530180594279
10,ec,0.2444889779559118,2.335702928208986
10,ec,0.24849699398797592,2.4768666173831964
10,ec,0.25250501002004005,2.600447211324735
10,ec,0.2565130260521042,2.70456480472952
10,ec,0.2605210420841683,2.7880028333524125
10,ec,0.26452905811623245,2.850149626855883
10,ec,0.2685370741482966,2.8909437700237386
10,ec,0.2725450901803607,2.9108450076393075
10,ec,0.27655310621242485,2.910836384710081
10,ec,0.280561122244489,2.892445917567525
10,ec,0.28456913827655306,2.857762561233751
10,ec,0.2885771543086172,2.809415648811003
10,ec,0.2925851703406813,2.7504912315188386
10,ec,0.29659318637274545,2.6843721254749626
10,ec,0.3006012024048096,2.6145078231349173
10,ec,0.3046092184368737,2.5441409189133193
10,ec,0.30861723446893785,2.4760329513804415
10,ec,0.312625250501002,2.412239954980087
10,ec,0.3166332665330661,2.353983857448474
10,ec,0.32064128256513025,2.301650199724222
10,ec,0.3246492985971944,2.2549184416616606
10,ec,0.3286573146292585,2.213003654350364
10,ec,0.33266533066132264,2.1749641502976202
10,ec,0.3366733466933867,2.1400145886051916
10,ec,0.34068136272545085,2.107782299721755
10,ec,0.344689378757515,2.0784567964608827
10,ec,0.3486973947895791,2.052805917150421
10,ec,0.35270541082164325,2.0320610789660063
10,ec,0.3567134268537074,2.017701516580373
10,ec,0.3607214428857715,2.0111864236019312
10,ec,0.36472945891783565,2.0136902433007333
10,ec,0.3687374749498998,2.025889224553395
10,ec,0.3727454909819639,2.04782981660782
10,ec,0.37675350701402804,2.078887363791944
10,ec,0.3807615230460922,2.117803611443224
10,ec,0.38476953907815625,2.1627791818567177
10,ec,0.3887775551102204,2.2115948420522913
10,ec,0.3927855711422845,2.2617418384440473
10,ec,0.39679358717434865,2.3105526450611253
10,ec,0.4008016032064128,2.355333788650199
10,ec,0.4048096192384769,2.3935075080482338
10,ec,0.40881763527054105,2.4227669553023254
10,ec,0.4128256513026052,2.441241632458894
10,ec,0.4168336673346693,2.4476593766455244
10,ec,0.42084168336673344,2.441482898966263
10,ec,0.4248496993987976,2.4229961763930743
10,ec,0.4288577154308617,2.393320255577712
10,ec,0.43286573146292584,2.3543481508482147
10,ec,0.4368737474949899,2.3086015644939804
10,ec,0.44088176352705405,2.2590245411700747
10,ec,0.4448897795591182,2.2087378972687293
10,ec,0.4488977955911823,2.1607817739276327
10,ec,0.45290581162324645,2.1178720374063316
10,ec,0.4569138276553106,2.0821909131535814
10,ec,0.4609218436873747,2.0552252884313957
10,ec,0.46492985971943884,2.0376596077994766
10,ec,0.468937875751503,2.029325646704866
10,ec,0.4729458917835671,2.029209164805073
10,ec,0.47695390781563124,2.035513021591614
10,ec,0.48096192384769537,2.0457765586301853
10,ec,0.4849699398797595,2.05705040098243
10,ec,0.4889779559118236,2.066123032718455
10,ec,0.4929859719438877,2.0697900108315
10,ec,0.49699398797595185,2.065148971035971
10,ec,0.501002004008016,2.0498951455402645
10,ec,0.5050100200400801,2.02258517159172
10,ec,0.5090180360721442,1.982833896186868
10,ec,0.5130260521042084,1.9314115488415144
10,ec,0.5170340681362725,1.8702178297757943
10,ec,0.5210420841683366,1.802124444190207
10,ec,0.5250501002004008,1.7306962158826096
10,ec,0.5290581162324649,1.6598198308561294
10,ec,0.533066132264529,1.5932847765861693
10,ec,0.5370741482965932,1.5343699039909973
10,ec,0.5410821643286573,1.4854892876819057
10,ec,0.5450901803607214,1.4479425580818635
10,ec,0.5490981963927856,1.4217993630752885
10,ec,0.5531062124248497,1.4059282326314717
10,ec,0.5571142284569138,1.3981605710759772
10,ec,0.561122244488978,1.3955640866781718
10,ec,0.565130260521042,1.3947888221204825
10,ec,0.5691382765531061,1.392443732097065
10,ec,0.5731462925851702,1.3854618482896324
10,ec,0.5771543086172344,1.3714161552421824
10,ec,0.5811623246492985,1.3487550215918693
10,ec,0.5851703406813626,1.316934496001347
10,ec,0.5891783567134268,1.2764346664997823
10,ec,0.5931863727454909,1.2286585893743767
10,ec,0.597194388777555,1.1757248486805945
10,ec,0.6012024048096192,1.120177830617226
10,ec,0.6052104208416833,1.0646517150825223
10,ec,0.6092184368737474,1.011532818523476
10,ec,0.6132264529058116,0.962667999163972
10,ec,0.6172344689378757,0.9191626921983018
10,ec,0.6212424849699398,0.8813003508504865
10,ec,0.625250501002004,0.8485968101970567
10,ec,0.6292585170340681,0.819981127497765
10,ec,0.6332665330661322,0.7940726828290008
10,ec,0.6372745490981964,0.7695069931214198
10,ec,0.6412825651302605,0.7452534464508143
10,ec,0.6452905811623246,0.7208691584804652
10,ec,0.6492985971943888,0.6966444636048161
10,ec,0.6533066132264529,0.6736150497648332
10,ec,0.657314629258517,0.6534395170432437
10,ec,0.6613226452905812,0.6381643871417143
10,ec,0.6653306613226453,0.6299167709980846
10,ec,0.6693386773547093,0.6305748078318338
10,ec,0.6733466933867734,0.6414664475283539
10,ec,0.6773547094188376,0.6631391317285308
10,ec,0.6813627254509017,0.6952290643729236
10,ec,0.6853707414829658,0.7364424296237828
10,ec,0.68937875751503,0.7846452624159271
10,ec,0.6933867735470941,0.8370458945146813
10,ec,0.6973947895791582,0.8904449638270192
10,ec,0.7014028056112224,0.941522872600477
10,ec,0.7054108216432865,0.9871328110947507
10,ec,0.7094188376753506,1.0245685385848557
10,ec,0.7134268537074148,1.0517797983878292
10,ec,0.7174348697394789,1.0675144630599906
10,ec,0.721442885771543,1.071375024746193
10,ec,0.7254509018036072,1.0637871556753533
10,ec,0.7294589178356713,1.0458885004412914
10,ec,0.7334669338677354,1.0193550358052614
10,ec,0.7374749498997996,0.9861887820990023
10,ec,0.7414829659318637,0.9484934839169882
10,ec,0.7454909819639278,0.9082640082225389
10,ec,0.749498997995992,0.8672112566578603
10,ec,0.7535070140280561,0.8266383570179223
10,ec,0.7575150300601202,0.7873767956237487
10,ec,0.7615230460921844,0.7497837759736018
10,ec,0.7655310621242485,0.7137950399788655
10,ec,0.7695390781563125,0.6790212346255735
10,ec,0.7735470941883766,0.6448713261184651
10,ec,0.7775551102204408,0.6106843006339229
10,ec,0.7815631262525049,0.5758510076105325
10,ec,0.785571142284569,0.5399115395103974
10,ec,0.7895791583166332,0.5026193083999265
10,ec,0.7935871743486973,0.4639696243991782
10,ec,0.7975951903807614,0.4241964846278805
10,ec,0.8016032064128256,0.3837451047703478
10,ec,0.8056112224448897,0.34322887632333593
10,ec,0.8096192384769538,0.30337823420797094
10,ec,0.813627254509018,0.2649864115716165
10,ec,0.8176352705410821,0.22885453270978307
10,ec,0.8216432865731462,0.19573698002593046
10,ec,0.8256513026052104,0.1662878889936231
10,ec,0.8296593186372745,0.14101073503462508
10,ec,0.8336673346693386,0.12021458008521536
10,ec,0.8376753507014028,0.10398182602428724
10,ec,0.8416833667334669,0.09215264420339397
10,ec,0.845691382765531,0.08433033431537966
10,ec,0.8496993987975952,0.0799097913401247
10,ec,0.8537074148296593,0.07812837014374367
10,ec,0.8577154308617234,0.07813521950542988
10,ec,0.8617234468937875,0.07907214419654403
10,ec,0.8657314629258517,0.08015676505768067
10,ec,0.8697394789579158,0.08075763685487748
10,ec,0.8737474949899798,0.08045137049381089
10,ec,0.877755511022044,0.0790537867211904
10,ec,0.8817635270541081,0.07662050857102505
10,ec,0.8857715430861722,0.07341668655589888
10,ec,0.8897795591182364,0.06986003205864734
10,ec,0.8937875751503005,0.06644523424542376
10,ec,0.8977955911823646,0.0636604926039956
10,ec,0.9018036072144288,0.06190790501503852
10,ec,0.9058116232464929,0.06143871755476497
10,ec,0.909819639278557,0.06231215740959789
10,ec,0.9138276553106212,0.06438312200203668
10,ec,0.9178356713426853,0.06731987852048894
10,ec,0.9218436873747494,0.07064867396041812
10,ec,0.9258517034068136,0.07381831516148274
10,ec,0.9298597194388777,0.07627489059603372
10,ec,0.9338677354709418,0.07753535109802354
10,ec,0.937875751503006,0.07724897357901911
10,ec,0.9418837675350701,0.07523786099678147
10,ec,0.9458917835671342,0.07151129029551131
10,ec,0.9498997995991983,0.06625325878864487
10,ec,0.9539078156312625,0.059787106860869015
10,ec,0.9579158316633266,0.05252468678449385
10,ec,0.9619238476953907,0.04490949113814382
10,ec,0.9659318637274549,0.03736314180491501
10,ec,0.969939879759519,0.030242842180386427
10,ec,0.9739478957915831,0.02381438874791593
10,ec,0.9779559118236472,0.0182419219840284
10,ec,0.9819639278557113,0.013592556155348533
10,ec,0.9859719438877754,0.009851934085845365
10,ec,0.9899799599198396,0.0069458524149749
10,ec,0.9939879759519037,0.004763315767225434
10,ec,0.9979959919839678,0.003177389443024574
10,ec,1.002004008016032,0.002061613119391477
10,ec,1.006012024048096,0.0013011234526007038
10,ec,1.0100200400801602,0.0007987369872463965
10,ec,1.0140280561122244,0.000476938761032424
10,ec,1.0180360721442885,0.0002770095262591729
10,ec,1.0220440881763526,0.00015649478823774848
10,ec,1.0260521042084167,8.599595641707402e-05
10,ec,1.0300601202404809,4.5965193216517545e-05
10,ec,1.034068136272545,2.3897529732326748e-05
10,ec,1.0380761523046091,1.2085086508539891e-05
10,ec,1.0420841683366733,5.944554735398588e-06
10,ec,1.0460921843687374,2.844210259923351e-06
10,ec,1.0501002004008015,1.323661268966148e-06
10,ec,1.0541082164328657,5.991903539358763e-07
10,ec,1.0581162324649298,2.6383083459081804e-07
10,ec,1.062124248496994,1.1299496018398265e-07
10,ec,1.066132264529058,4.70722956178869e-08
10,ec,1.0701402805611222,1.907411802036365e-08
10,ec,1.0741482965931863,7.517896354332538e-09
10,ec,1.0781563126252505,2.8821792267545463e-09
10,ec,1.0821643286573146,1.0747771243651887e-09
10,ec,1.0861723446893787,3.8984199936599924e-10
10,ec,1.0901803607214429,1.3754082273767323e-10
10,ec,1.094188376753507,4.720058601981303e-11
10,ec,1.0981963927855711,1.575563619087699e-11
10,ec,1.1022044088176353,5.115608238290312e-12
10,ec,1.1062124248496994,1.6155908791723724e-12
10,ec,1.1102204408817635,4.962931578880073e-13
10,ec,1.1142284569138277,1.4829208232536482e-13
10,ec,1.1182364729458918,4.3099320177407917e-14
10,ec,1.122244488977956,1.218416177727854e-14
10,ec,1.12625250501002,3.350376965999685e-15
10,ec,1.130260521042084,8.961164963556548e-16
10,ec,1.134268537074148,2.331353074552923e-16
10,ec,1.1382765531062122,5.899625034654702e-17
10,ec,1.1422845691382764,1.4521569225979942e-17
10,ec,1.1462925851703405,3.476766062382398e-18
10,ec,1.1503006012024046,8.096739570136788e-19
10,ec,1.1543086172344688,1.8340773680856572e-19
10,ec,1.158316633266533,4.041084332575679e-20
10,ec,1.162324649298597,8.660659337522353e-21
10,ec,1.1663326653306612,1.805413889194021e-21
10,ec,1.1703406813627253,3.660794773724579e-22
10,ec,1.1743486973947894,7.220159088425023e-23
10,ec,1.1783567134268536,1.3851312629155328e-23
10,ec,1.1823647294589177,2.584686513824975e-24
10,ec,1.1863727454909818,4.691347490982155e-25
10,ec,1.190380761523046,8.282474528492967e-26
10,ec,1.19438877755511,1.4223137084842638e-26
10,ec,1.1983967935871742,2.3757649089143836e-27
10,ec,1.2024048096192383,3.859973395493258e-28
10,ec,1.2064128256513025,6.100113840872093e-29
10,ec,1.2104208416833666,9.377009350339606e-30
10,ec,1.2144288577154307,1.4020501195066628e-30
10,ec,1.2184368737474949,2.039085841081499e-31
10,ec,1.222444889779559,2.8845645360564897e-32
10,ec,1.2264529058116231,3.969152553088417e-33
10,ec,1.2304609218436873,5.312367402296375e-34
10,ec,1.2344689378757514,6.915939661677888e-35
10,ec,1.2384769539078155,8.757639595653007e-36
10,ec,1.2424849699398797,1.0786876891427558e-36
10,ec,1.2464929859719438,1.2923411002743948e-37
10,ec,1.250501002004008,1.506022190774476e-38
10,ec,1.254509018036072,1.7070976574142018e-39
10,ec,1.2585170340681362,1.882166945970737e-40
10,ec,1.2625250501002003,2.018509039194348e-41
10,ec,1.2665330661322645,2.1056007931664225e-42
10,ec,1.2705410821643286,2.1364569839487356e-43
10,ec,1.2745490981963927,2.1085555697797697e-44
10,ec,1.2785571142284569,2.024178136693876e-45
10,ec,1.282565130260521,1.8901017702697454e-46
10,ec,1.2865731462925851,1.7167000848126123e-47
10,ec,1.2905811623246493,1.5166188477992977e-48
10,ec,1.2945891783567134,1.3032605513948682e-49
10,ec,1.2985971943887775,1.0893284120611953e-50
10,ec,1.3026052104208417,8.856440170026931e-52
10,ec,1.3066132264529058,7.003777417513978e-53
10,ec,1.31062124248497,5.387388050698738e-54
10,ec,1.314629258517034,4.030853018748756e-55
10,ec,1.3186372745490982,2.933515900033395e-56
10,ec,1.3226452905811623,2.0765993380309633e-57
10,ec,1.3266533066132264,1.4298476190623911e-58
10,ec,1.3306613226452906,9.576340561395884e-60
10,ec,1.3346693386773545,6.238528864348285e-61
10,ec,1.3386773547094186,3.953097953163129e-62
10,ec,1.3426853707414828,2.436496227682572e-63
10,ec,1.3466933867735469,1.460719044095358e-64
10,ec,1.350701402805611,8.518054610145104e-66
10,ec,1.3547094188376752,4.8315550173965536e-67
10,ec,1.3587174348697393,2.6656689850920832e-68
10,ec,1.3627254509018034,1.430534346010354e-69
10,ec,1.3667334669338675,7.467292102450396e-71
10,ec,1.3707414829659317,3.7914101783298664e-72
10,ec,1.3747494989979958,1.8724541134451658e-73
10,ec,1.37875751503006,8.9948593372808e-75
10,ec,1.382765531062124,4.2029125069817167e-76
10,ec,1.3867735470941882,1.910201153360179e-77
10,ec,1.3907815631262523,8.44463022137666e-79
10,ec,1.3947895791583165,3.6312399850135896e-80
10,ec,1.3987975951903806,1.5188051017289347e-81
10,ec,1.4028056112224447,6.179053040433709e-83
10,ec,1.4068136272545089,2.445201083867504e-84
10,ec,1.410821643286573,9.41195878283434e-86
10,ec,1.4148296593186371,3.5238566592108233e-87
10,ec,1.4188376753507013,1.2833030673465773e-88
10,ec,1.4228456913827654,4.545828121928247e-90
10,ec,1.4268537074148295,1.566280605239092e-91
10,ec,1.4308617234468937,5.24926998104088e-93
10,ec,1.4348697394789578,1.711201019768381e-94
10,ec,1.438877755511022,5.425951797261741e-96
10,ec,1.442885771543086,1.6734918927311352e-97
10,ec,1.4468937875751502,5.0204665145700815e-99
10,ec,1.4509018036072143,1.4649989632632737e-100
10,ec,1.4549098196392785,4.158180529234049e-102
10,ec,1.4589178356713426,1.1480006770288182e-103
10,ec,1.4629258517034067,3.0828594719263277e-105
10,ec,1.4669338677354709,8.052636462558916e-107
10,ec,1.470941883767535,2.0459510487826914e-108
10,ec,1.4749498997995991,5.0562107136833684e-110
10,ec,1.4789579158316633,1.2154241770441162e-111
10,ec,1.4829659318637274,2.8418644418979674e-113
10,ec,1.4869739478957915,6.46325998295413e-115
10,ec,1.4909819639278556,1.4297913779248423e-116
10,ec,1.4949899799599198,3.076567886485606e-118
10,ec,1.498997995991984,6.439217753746872e-120
10,ec,1.503006012024048,1.3109088687232044e-121
10,ec,1.5070140280561122,2.5958803561320107e-123
10,ec,1.5110220440881763,4.999995609026864e-125
10,ec,1.5150300601202404,9.367578786537507e-127
10,ec,1.5190380761523046,1.707095692507123e-128
10,ec,1.5230460921843687,3.0259458998212947e-130
10,ec,1.5270541082164328,5.217196956739014e-132
10,ec,1.531062124248497,8.749557428083254e-134
10,ec,1.535070140280561,1.4272752020743105e-135
10,ec,1.539078156312625,2.264655441344932e-137
10,ec,1.5430861723446891,3.49517826106626e-139
10,ec,1.5470941883767533,5.246978763987204e-141
10,ec,1.5511022044088174,7.661645666732008e-143
10,ec,1.5551102204408815,1.0881971899038507e-144
10,ec,1.5591182364729457,1.5033701319803468e-146
10,ec,1.5631262525050098,2.0202123228965832e-148
10,ec,1.567134268537074,2.640589515846582e-150
10,ec,1.571142284569138,3.3572026243737997e-152
10,ec,1.5751503006012022,4.151709844019382e-154
10,ec,1.5791583166332663,4.994007775642186e-156
10,ec,1.5831663326653305,5.843112057770179e-158
10,ec,1.5871743486973946,6.649852260600954e-160
10,ec,1.5911823647294587,7.361266805410606e-162
10,ec,1.5951903807615229,7.926215966812341e-164
10,ec,1.599198396793587,8.301413073693124e-166
10,ec,1.6032064128256511,8.456894804183377e-168
10,ec,1.6072144288577153,8.37997287221708e-170
10,ec,1.6112224448897794,8.076944108074374e-172
10,ec,1.6152304609218435,7.572239175012295e-174
10,ec,1.6192384769539077,6.905169586288924e-176
10,ec,1.6232464929859718,6.124873953236121e-178
10,ec,1.627254509018036,5.2843642120751e-180
10,ec,1.6312625250501,4.4346679823285524e-182
10,ec,1.6352705410821642,3.619947387790782e-184
10,ec,1.6392785571142283,2.8741947206439105e-186
10,ec,1.6432865731462925,2.219744030197196e-188
10,ec,1.6472945891783566,1.6674867304096714e-190
10,ec,1.6513026052104207,1.218413372842278e-192
10,ec,1.6553106212424848,8.659637411472466e-195
10,ec,1.659318637274549,5.986562757161005e-197
10,ec,1.6633266533066131,4.0255771259287125e-199
10,ec,1.6673346693386772,2.633004154574207e-201
10,ec,1.6713426853707414,1.6751269185641968e-203
10,ec,1.6753507014028055,1.036613048798606e-205
10,ec,1.6793587174348696,6.239623797179232e-208
10,ec,1.6833667334669338,3.653195555896093e-210
10,ec,1.687374749498998,2.0804640521561885e-212
10,ec,1.691382765531062,1.152445223241575e-214
10,ec,1.6953907815631262,6.2094502049670505e-217
10,ec,1.6993987975951903,3.254308989455166e-219
10,ec,1.7034068136272544,1.6589649234424975e-221
10,ec,1.7074148296593186,8.225994253917826e-224
10,ec,1.7114228456913827,3.9674583897105406e-226
10,ec,1.7154308617234468,1.861268982351911e-228
10,ec,1.719438877755511,8.493343326025516e-231
10,ec,1.723446893787575,3.7698233525292835e-233
10,ec,1.7274549098196392,1.6275566032698795e-235
10,ec,1.7314629258517034,6.834771235637053e-238
10,ec,1.7354709418837675,2.7918022001483386e-240
10,ec,1.7394789579158316,1.109221012126379e-242
10,ec,1.7434869739478958,4.286712043998762e-245
10,ec,1.7474949899799597,1.6113998355150616e-247
10,ec,1.7515030060120238,5.891896366450659e-250
10,ec,1.755511022044088,2.0954613956194508e-252
10,ec,1.759519038076152,7.248981807096161e-255
10,ec,1.7635270541082162,2.4391984526306596e-257
10,ec,1.7675350701402803,7.98343957332545e-260
10,ec,1.7715430861723445,2.5415913844109275e-262
10,ec,1.7755511022044086,7.870352739884144e-265
10,ec,1.7795591182364727,2.370584528336385e-267
10,ec,1.7835671342685369,6.94527544883238e-270
10,ec,1.787575150300601,1.9792300855379935e-272
10,ec,1.7915831663326651,5.486253536949072e-275
10,ec,1.7955911823647293,1.479204585149782e-277
10,ec,1.7995991983967934,3.8793002590030806e-280
10,ec,1.8036072144288575,9.895809517507116e-283
10,ec,1.8076152304609217,2.455398799882233e-285
10,ec,1.8116232464929858,5.926053009299894e-288
10,ec,1.81563126252505,1.391175130281332e-290
10,ec,1.819639278557114,3.176660911735969e-293
10,ec,1.8236472945891782,7.055579562357549e-296
10,ec,1.8276553106212423,1.5242889752989773e-298
10,ec,1.8316633266533064,3.2031310256470964e-301
10,ec,1.8356713426853706,6.5471890317984074e-304
10,ec,1.8396793587174347,1.3016908042096534e-306
10,ec,1.8436873747494988,2.517291874640573e-309
10,ec,1.847695390781563,4.735132016687e-312
10,ec,1.851703406813627,8.663699694e-315
10,ec,1.8557114228456912,1.541869e-317
10,ec,1.8597194388777554,2.669e-320
10,ec,1.8637274549098195,4.4e-323
10,ec,1.8677354709418836,0.0
10,ec,1.8717434869739478,0.0
10,ec,1.875751503006012,0.0
10,ec,1.879759519038076,0.0
10,ec,1.8837675350701402,0.0
10,ec,1.8877755511022043,0.0
10,ec,1.8917835671342684,0.0
10,ec,1.8957915831663326,0.0
10,ec,1.8997995991983967,0.0
10,ec,1.9038076152304608,0.0
10,ec,1.907815631262525,0.0
10,ec,1.911823647294589,0.0
10,ec,1.9158316633266532,0.0
10,ec,1.9198396793587174,0.0
10,ec,1.9238476953907815,0.0
10,ec,1.9278557114228456,0.0
10,ec,1.9318637274549098,0.0
10,ec,1.9358717434869739,0.0
10,ec,1.939879759519038,0.0
10,ec,1.9438877755511021,0.0
10,ec,1.9478957915831663,0.0
10,ec,1.9519038076152302,0.0
10,ec,1.9559118236472943,0.0
10,ec,1.9599198396793585,0.0
10,ec,1.9639278557114226,0.0
10,ec,1.9679358717434867,0.0
10,ec,1.9719438877755509,0.0
10,ec,1.975951903807615,0.0
10,ec,1.9799599198396791,0.0
10,ec,1.9839679358717432,0.0
10,ec,1.9879759519038074,0.0
10,ec,1.9919839679358715,0.0
10,ec,1.9959919839679356,0.0
10,ec,2.0,0.0
