storm,threshold_km,excess_log1p,density,mean_excess,n
Harvey (2017),10,-6.0,4.952843906340345e-17,3.3287329351356507,8719
Harvey (2017),10,-5.971943887775551,1.0023398884553923e-16,3.3287329351356507,8719
Harvey (2017),10,-5.943887775551103,2.0108478990966658e-16,3.3287329351356507,8719
Harvey (2017),10,-5.915831663326653,3.9989639415227253e-16,3.3287329351356507,8719
Harvey (2017),10,-5.887775551102204,7.883517847429068e-16,3.3287329351356507,8719
Harvey (2017),10,-5.859719438877756,1.5406258706033651e-15,3.3287329351356507,8719
Harvey (2017),10,-5.831663326653307,2.9845521273014034e-15,3.3287329351356507,8719
Harvey (2017),10,-5.803607214428857,5.731473828490736e-15,3.3287329351356507,8719
Harvey (2017),10,-5.775551102204409,1.0910859441014337e-14,3.3287329351356507,8719
Harvey (2017),10,-5.74749498997996,2.0590053730602064e-14,3.3287329351356507,8719
Harvey (2017),10,-5.719438877755511,3.8517870802293504e-14,3.3287329351356507,8719
Harvey (2017),10,-5.6913827655310625,7.142886917805888e-14,3.3287329351356507,8719
Harvey (2017),10,-5.663326653306613,1.3130838602685186e-13,3.3287329351356507,8719
Harvey (2017),10,-5.635270541082164,2.3928686254482567e-13,3.3287329351356507,8719
Harvey (2017),10,-5.6072144288577155,4.3226842564676823e-13,3.3287329351356507,8719
Harvey (2017),10,-5.579158316633267,7.740999742846909e-13,3.3287329351356507,8719
Harvey (2017),10,-5.551102204408817,1.3742006148469367e-12,3.3287329351356507,8719
Harvey (2017),10,-5.5230460921843685,2.418318492401213e-12,3.3287329351356507,8719
Harvey (2017),10,-5.49498997995992,4.218790100678938e-12,3.3287329351356507,8719
Harvey (2017),10,-5.466933867735471,7.295822558623712e-12,3.3287329351356507,8719
Harvey (2017),10,-5.438877755511022,1.250758512700581e-11,3.3287329351356507,8719
Harvey (2017),10,-5.410821643286573,2.125624518238802e-11,3.3287329351356507,8719
Harvey (2017),10,-5.382765531062124,3.5810849481323896e-11,3.3287329351356507,8719
Harvey (2017),10,-5.354709418837675,5.980794670835247e-11,3.3287329351356507,8719
Harvey (2017),10,-5.326653306613227,9.901948771625996e-11,3.3287329351356507,8719
Harvey (2017),10,-5.298597194388778,1.62517975303831e-10,3.3287329351356507,8719
Harvey (2017),10,-5.270541082164328,2.644250753395709e-10,3.3287329351356507,8719
Harvey (2017),10,-5.24248496993988,4.265069133396673e-10,3.3287329351356507,8719
Harvey (2017),10,-5.214428857715431,6.819830309058424e-10,3.3287329351356507,8719
Harvey (2017),10,-5.186372745490982,1.081053364863077e-09,3.3287329351356507,8719
Harvey (2017),10,-5.158316633266534,1.6988262503478643e-09,3.3287329351356507,8719
Harvey (2017),10,-5.130260521042084,2.6465582109507764e-09,3.3287329351356507,8719
Harvey (2017),10,-5.102204408817635,4.087400566697968e-09,3.3287329351356507,8719
Harvey (2017),10,-5.074148296593187,6.258194424984526e-09,3.3287329351356507,8719
Harvey (2017),10,-5.046092184368737,9.49926698881477e-09,3.3287329351356507,8719
Harvey (2017),10,-5.018036072144288,1.4294655652102513e-08,3.3287329351356507,8719
Harvey (2017),10,-4.98997995991984,2.1325711648331884e-08,3.3287329351356507,8719
Harvey (2017),10,-4.961923847695391,3.154159107753876e-08,3.3287329351356507,8719
Harvey (2017),10,-4.933867735470942,4.625069334789485e-08,3.3287329351356507,8719
Harvey (2017),10,-4.905811623246493,6.72376043637518e-08,3.3287329351356507,8719
Harvey (2017),10,-4.877755511022044,9.691047443038052e-08,3.3287329351356507,8719
Harvey (2017),10,-4.849699398797595,1.3848391943529863e-07,3.3287329351356507,8719
Harvey (2017),10,-4.8216432865731464,1.9620237033611076e-07,3.3287329351356507,8719
Harvey (2017),10,-4.793587174348698,2.7560818726267593e-07,3.3287329351356507,8719
Harvey (2017),10,-4.765531062124248,3.838576696477024e-07,3.3287329351356507,8719
Harvey (2017),10,-4.7374749498997994,5.300862048921626e-07,3.3287329351356507,8719
Harvey (2017),10,-4.709418837675351,7.258210956291335e-07,3.3287329351356507,8719
Harvey (2017),10,-4.681362725450902,9.854370174741634e-07,3.3287329351356507,8719
Harvey (2017),10,-4.653306613226453,1.3266445721985266e-06,3.3287329351356507,8719
Harvey (2017),10,-4.625250501002004,1.770997084515316e-06,3.3287329351356507,8719
Harvey (2017),10,-4.597194388777555,2.3443948164554824e-06,3.3287329351356507,8719
Harvey (2017),10,-4.569138276553106,3.0775594337481386e-06,3.3287329351356507,8719
Harvey (2017),10,-4.541082164328657,4.006445273367454e-06,3.3287329351356507,8719
Harvey (2017),10,-4.513026052104209,5.172548272875024e-06,3.3287329351356507,8719
Harvey (2017),10,-4.484969939879759,6.623068974771793e-06,3.3287329351356507,8719
Harvey (2017),10,-4.456913827655311,8.410883520248317e-06,3.3287329351356507,8719
Harvey (2017),10,-4.428857715430862,1.0594276709597517e-05,3.3287329351356507,8719
Harvey (2017),10,-4.400801603206412,1.3236394675990735e-05,3.3287329351356507,8719
Harvey (2017),10,-4.372745490981964,1.6404381986737537e-05,3.3287329351356507,8719
Harvey (2017),10,-4.344689378757515,2.016817930081477e-05,3.3287329351356507,8719
Harvey (2017),10,-4.316633266533066,2.4598972998924016e-05,3.3287329351356507,8719
Harvey (2017),10,-4.2885771543086175,2.9767307002160565e-05,3.3287329351356507,8719
Harvey (2017),10,-4.260521042084168,3.574088843038417e-05,3.3287329351356507,8719
Harvey (2017),10,-4.232464929859719,4.258214153957779e-05,3.3287329351356507,8719
Harvey (2017),10,-4.2044088176352705,5.0345586893644835e-05,3.3287329351356507,8719
Harvey (2017),10,-4.176352705410822,5.9075143115191016e-05,3.3287329351356507,8719
Harvey (2017),10,-4.148296593186373,6.880146489723141e-05,3.3287329351356507,8719
Harvey (2017),10,-4.1202404809619235,7.953944144393186e-05,3.3287329351356507,8719
Harvey (2017),10,-4.092184368737475,9.128598267892032e-05,3.3287329351356507,8719
Harvey (2017),10,-4.064128256513026,0.00010401821548510081,3.3287329351356507,8719
Harvey (2017),10,-4.036072144288577,0.00011769219868921456,3.3287329351356507,8719
Harvey (2017),10,-4.008016032064129,0.00013224224404431126,3.3287329351356507,8719
Harvey (2017),10,-3.979959919839679,0.00014758090247217397,3.3287329351356507,8719
Harvey (2017),10,-3.9519038076152304,0.0001635996424120913,3.3287329351356507,8719
Harvey (2017),10,-3.9238476953907817,0.00018017021293464055,3.3287329351356507,8719
Harvey (2017),10,-3.8957915831663326,0.0001971466512504227,3.3287329351356507,8719
Harvey (2017),10,-3.867735470941884,0.00021436786525808244,3.3287329351356507,8719
Harvey (2017),10,-3.8396793587174347,0.00023166069932387825,3.3287329351356507,8719
Harvey (2017),10,-3.811623246492986,0.00024884337734113984,3.3287329351356507,8719
Harvey (2017),10,-3.783567134268537,0.000265729212088264,3.3287329351356507,8719
Harvey (2017),10,-3.755511022044088,0.0002821304736833833,3.3287329351356507,8719
Harvey (2017),10,-3.7274549098196395,0.0002978623211022676,3.3287329351356507,8719
Harvey (2017),10,-3.6993987975951903,0.0003127467168931065,3.3287329351356507,8719
Harvey (2017),10,-3.6713426853707416,0.0003266162633140346,3.3287329351356507,8719
Harvey (2017),10,-3.6432865731462925,0.00033931791477801544,3.3287329351356507,8719
Harvey (2017),10,-3.6152304609218437,0.0003507165335356366,3.3287329351356507,8719
Harvey (2017),10,-3.5871743486973946,0.0003606982604300287,3.3287329351356507,8719
Harvey (2017),10,-3.559118236472946,0.00036917366885398135,3.3287329351356507,8719
Harvey (2017),10,-3.531062124248497,0.0003760806576232044,3.3287329351356507,8719
Harvey (2017),10,-3.503006012024048,0.00038138701874151963,3.3287329351356507,8719
Harvey (2017),10,-3.4749498997995993,0.00038509259179755694,3.3287329351356507,8719
Harvey (2017),10,-3.44689378757515,0.00038723089199777877,3.3287329351356507,8719
Harvey (2017),10,-3.4188376753507015,0.0003878700783465988,3.3287329351356507,8719
Harvey (2017),10,-3.3907815631262523,0.00038711311714058507,3.3287329351356507,8719
Harvey (2017),10,-3.3627254509018036,0.00038509699819083427,3.3287329351356507,8719
Harvey (2017),10,-3.3346693386773545,0.0003819908803628729,3.3287329351356507,8719
Harvey (2017),10,-3.306613226452906,0.00037799308080953297,3.3287329351356507,8719
Harvey (2017),10,-3.278557114228457,0.00037332687830054,3.3287329351356507,8719
Harvey (2017),10,-3.250501002004008,0.00036823517271781706,3.3287329351356507,8719
Harvey (2017),10,-3.2224448897795592,0.00036297412530668756,3.3287329351356507,8719
Harvey (2017),10,-3.19438877755511,0.0003578059910082209,3.3287329351356507,8719
Harvey (2017),10,-3.1663326653306614,0.0003529914371930684,3.3287329351356507,8719
Harvey (2017),10,-3.1382765531062122,0.000348781713843232,3.3287329351356507,8719
Harvey (2017),10,-3.1102204408817635,0.00034541109043599713,3.3287329351356507,8719
Harvey (2017),10,-3.0821643286573144,0.0003430899973924776,3.3287329351356507,8719
Harvey (2017),10,-3.0541082164328657,0.0003419992998782378,3.3287329351356507,8719
Harvey (2017),10,-3.026052104208417,0.0003422860865791274,3.3287329351356507,8719
Harvey (2017),10,-2.997995991983968,0.00034406127654520595,3.3287329351356507,8719
Harvey (2017),10,-2.969939879759519,0.0003473992373159748,3.3287329351356507,8719
Harvey (2017),10,-2.94188376753507,0.0003523394744643602,3.3287329351356507,8719
Harvey (2017),10,-2.9138276553106213,0.0003588903062355715,3.3287329351356507,8719
Harvey (2017),10,-2.885771543086172,0.0003670342888077425,3.3287329351356507,8719
Harvey (2017),10,-2.8577154308617234,0.00037673502044853865,3.3287329351356507,8719
Harvey (2017),10,-2.8296593186372747,0.0003879448388164279,3.3287329351356507,8719
Harvey (2017),10,-2.8016032064128256,0.00040061284575964933,3.3287329351356507,8719
Harvey (2017),10,-2.773547094188377,0.0004146926565834893,3.3287329351356507,8719
Harvey (2017),10,-2.7454909819639277,0.00043014928085581924,3.3287329351356507,8719
Harvey (2017),10,-2.717434869739479,0.0004469646003549267,3.3287329351356507,8719
Harvey (2017),10,-2.68937875751503,0.00046514101343526345,3.3287329351356507,8719
Harvey (2017),10,-2.661322645290581,0.0004847029565171045,3.3287329351356507,8719
Harvey (2017),10,-2.6332665330661325,0.0005056961817027287,3.3287329351356507,8719
Harvey (2017),10,-2.6052104208416833,0.0005281848511974035,3.3287329351356507,8719
Harvey (2017),10,-2.5771543086172346,0.0005522466893722381,3.3287329351356507,8719
Harvey (2017),10,-2.5490981963927855,0.0005779665969777693,3.3287329351356507,8719
Harvey (2017),10,-2.5210420841683367,0.0006054292655078431,3.3287329351356507,8719
Harvey (2017),10,-2.4929859719438876,0.0006347114218315615,3.3287329351356507,8719
Harvey (2017),10,-2.464929859719439,0.0006658743762481646,3.3287329351356507,8719
Harvey (2017),10,-2.4368737474949898,0.0006989575374861518,3.3287329351356507,8719
Harvey (2017),10,-2.408817635270541,0.000733973496630675,3.3287329351356507,8719
Harvey (2017),10,-2.3807615230460923,0.0007709051734733285,3.3287329351356507,8719
Harvey (2017),10,-2.352705410821643,0.0008097053719258779,3.3287329351356507,8719
Harvey (2017),10,-2.3246492985971945,0.0008502989173125472,3.3287329351356507,8719
Harvey (2017),10,-2.2965931863727453,0.0008925873607080903,3.3287329351356507,8719
Harvey (2017),10,-2.2685370741482966,0.0009364560478366679,3.3287329351356507,8719
Harvey (2017),10,-2.2404809619238475,0.0009817831758020708,3.3287329351356507,8719
Harvey (2017),10,-2.212424849699399,0.0010284503121646008,3.3287329351356507,8719
Harvey (2017),10,-2.1843687374749496,0.0010763537376349468,3.3287329351356507,8719
Harvey (2017),10,-2.156312625250501,0.0011254159033777383,3.3287329351356507,8719
Harvey (2017),10,-2.1282565130260522,0.0011755962712187726,3.3287329351356507,8719
Harvey (2017),10,-2.100200400801603,0.001226900831599651,3.3287329351356507,8719
Harvey (2017),10,-2.0721442885771544,0.0012793896686941692,3.3287329351356507,8719
Harvey (2017),10,-2.0440881763527052,0.0013331820607032326,3.3287329351356507,8719
Harvey (2017),10,-2.0160320641282565,0.0013884587594255812,3.3287329351356507,8719
Harvey (2017),10,-1.9879759519038078,0.0014454612778816568,3.3287329351356507,8719
Harvey (2017),10,-1.9599198396793582,0.001504488217146741,3.3287329351356507,8719
Harvey (2017),10,-1.9318637274549095,0.0015658888710937272,3.3287329351356507,8719
Harvey (2017),10,-1.9038076152304608,0.0016300545468133658,3.3287329351356507,8719
Harvey (2017),10,-1.8757515030060121,0.0016974082150071098,3.3287329351356507,8719
Harvey (2017),10,-1.8476953907815634,0.001768393245014887,3.3287329351356507,8719
Harvey (2017),10,-1.8196392785571138,0.0018434620711886766,3.3287329351356507,8719
Harvey (2017),10,-1.7915831663326651,0.001923065671457852,3.3287329351356507,8719
Harvey (2017),10,-1.7635270541082164,0.002007644709206221,3.3287329351356507,8719
Harvey (2017),10,-1.7354709418837677,0.0020976230946151302,3.3287329351356507,8719
Harvey (2017),10,-1.707414829659319,0.002193404565233582,3.3287329351356507,8719
Harvey (2017),10,-1.6793587174348694,0.002295372676896621,3.3287329351356507,8719
Harvey (2017),10,-1.6513026052104207,0.002403894349430695,3.3287329351356507,8719
Harvey (2017),10,-1.623246492985972,0.002519326845169883,3.3287329351356507,8719
Harvey (2017),10,-1.5951903807615233,0.0026420277931431054,3.3287329351356507,8719
Harvey (2017),10,-1.5671342685370737,0.0027723676296943075,3.3287329351356507,8719
Harvey (2017),10,-1.539078156312625,0.002910743627848009,3.3287329351356507,8719
Harvey (2017),10,-1.5110220440881763,0.003057594550224157,3.3287329351356507,8719
Harvey (2017),10,-1.4829659318637276,0.003213414895931999,3.3287329351356507,8719
Harvey (2017),10,-1.454909819639279,0.0033787677263860763,3.3287329351356507,8719
Harvey (2017),10,-1.4268537074148293,0.0035542951470099557,3.3287329351356507,8719
Harvey (2017),10,-1.3987975951903806,0.003740725682867646,3.3287329351356507,8719
Harvey (2017),10,-1.370741482965932,0.003938878001661948,3.3287329351356507,8719
Harvey (2017),10,-1.3426853707414832,0.004149660687749629,3.3287329351356507,8719
Harvey (2017),10,-1.3146292585170336,0.004374068033542663,3.3287329351356507,8719
Harvey (2017),10,-1.286573146292585,0.004613172067083016,3.3287329351356507,8719
Harvey (2017),10,-1.2585170340681362,0.00486811125570005,3.3287329351356507,8719
Harvey (2017),10,-1.2304609218436875,0.0051400764983899495,3.3287329351356507,8719
Harvey (2017),10,-1.2024048096192388,0.005430295132355203,3.3287329351356507,8719
Harvey (2017),10,-1.1743486973947892,0.005740013727024306,3.3287329351356507,8719
Harvey (2017),10,-1.1462925851703405,0.006070480423708347,3.3287329351356507,8719
Harvey (2017),10,-1.1182364729458918,0.006422927509098314,3.3287329351356507,8719
Harvey (2017),10,-1.090180360721443,0.006798554799549178,3.3287329351356507,8719
Harvey (2017),10,-1.0621242484969944,0.00719851427753591,3.3287329351356507,8719
Harvey (2017),10,-1.0340681362725448,0.007623896280224805,3.3287329351356507,8719
Harvey (2017),10,-1.006012024048096,0.008075717410391583,3.3287329351356507,8719
Harvey (2017),10,-0.9779559118236474,0.008554910236614052,3.3287329351356507,8719
Harvey (2017),10,-0.9498997995991987,0.009062314782717453,3.3287329351356507,8719
Harvey (2017),10,-0.9218436873747491,0.009598671779868657,3.3287329351356507,8719
Harvey (2017),10,-0.8937875751503004,0.010164617666052214,3.3287329351356507,8719
Harvey (2017),10,-0.8657314629258517,0.010760681358346631,3.3287329351356507,8719
Harvey (2017),10,-0.837675350701403,0.01138728287986354,3.3287329351356507,8719
Harvey (2017),10,-0.8096192384769543,0.012044733978687366,3.3287329351356507,8719
Harvey (2017),10,-0.7815631262525047,0.01273324091317542,3.3287329351356507,8719
Harvey (2017),10,-0.753507014028056,0.01345290958099019,3.3287329351356507,8719
Harvey (2017),10,-0.7254509018036073,0.014203753127218152,3.3287329351356507,8719
Harvey (2017),10,-0.6973947895791586,0.014985702075580783,3.3287329351356507,8719
Harvey (2017),10,-0.669338677354709,0.015798616889924805,3.3287329351356507,8719
Harvey (2017),10,-0.6412825651302603,0.01664230270327763,3.3287329351356507,8719
Harvey (2017),10,-0.6132264529058116,0.017516525768862673,3.3287329351356507,8719
Harvey (2017),10,-0.5851703406813629,0.018421031017310758,3.3287329351356507,8719
Harvey (2017),10,-0.5571142284569142,0.019355559975101126,3.3287329351356507,8719
Harvey (2017),10,-0.5290581162324646,0.02031986823780436,3.3287329351356507,8719
Harvey (2017),10,-0.5010020040080159,0.021313741719170488,3.3287329351356507,8719
Harvey (2017),10,-0.47294589178356716,0.02233701102515225,3.3287329351356507,8719
Harvey (2017),10,-0.44488977955911846,0.023389563529626074,3.3287329351356507,8719
Harvey (2017),10,-0.41683366733466887,0.024471353040676484,3.3287329351356507,8719
Harvey (2017),10,-0.38877755511022016,0.025582407313465574,3.3287329351356507,8719
Harvey (2017),10,-0.36072144288577146,0.026722834046503087,3.3287329351356507,8719
Harvey (2017),10,-0.33266533066132276,0.02789282634292767,3.3287329351356507,8719
Harvey (2017),10,-0.30460921843687405,0.029092668874921134,3.3287329351356507,8719
Harvey (2017),10,-0.27655310621242446,0.030322746108922275,3.3287329351356507,8719
Harvey (2017),10,-0.24849699398797576,0.03158355389343226,3.3287329351356507,8719
Harvey (2017),10,-0.22044088176352705,0.03287571545750046,3.3287329351356507,8719
Harvey (2017),10,-0.19238476953907835,0.03420000241452642,3.3287329351356507,8719
Harvey (2017),10,-0.16432865731462876,0.0355573607336484,3.3287329351356507,8719
Harvey (2017),10,-0.13627254509018005,0.03694894087316145,3.3287329351356507,8719
Harvey (2017),10,-0.10821643286573135,0.03837613043032095,3.3287329351356507,8719
Harvey (2017),10,-0.08016032064128265,0.03984058682741959,3.3287329351356507,8719
Harvey (2017),10,-0.05210420841683394,0.041344266810665026,3.3287329351356507,8719
Harvey (2017),10,-0.02404809619238435,0.04288944897113743,3.3287329351356507,8719
Harvey (2017),10,0.004008016032064354,0.044478745182185905,3.3287329351356507,8719
Harvey (2017),10,0.03206412825651306,0.04611509684462806,3.3287329351356507,8719
Harvey (2017),10,0.06012024048096176,0.047801752176820506,3.3287329351356507,8719
Harvey (2017),10,0.08817635270541047,0.049542221490558466,3.3287329351356507,8719
Harvey (2017),10,0.11623246492986006,0.05134020843611089,3.3287329351356507,8719
Harvey (2017),10,0.14428857715430876,0.05319951653195512,3.3287329351356507,8719
Harvey (2017),10,0.17234468937875747,0.05512393184233298,3.3287329351356507,8719
Harvey (2017),10,0.20040080160320617,0.057117084332681894,3.3287329351356507,8719
Harvey (2017),10,0.22845691382765576,0.05918229210845456,3.3287329351356507,8719
Harvey (2017),10,0.25651302605210446,0.061322394308422234,3.3287329351356507,8719
Harvey (2017),10,0.28456913827655317,0.06353957976144849,3.3287329351356507,8719
Harvey (2017),10,0.3126252505010019,0.06583521951681776,3.3287329351356507,8719
Harvey (2017),10,0.3406813627254506,0.0682097119299645,3.3287329351356507,8719
Harvey (2017),10,0.36873747494990017,0.07066234905903135,3.3287329351356507,8719
Harvey (2017),10,0.39679358717434887,0.0731912126638239,3.3287329351356507,8719
Harvey (2017),10,0.4248496993987976,0.07579310709209322,3.3287329351356507,8719
Harvey (2017),10,0.4529058116232463,0.07846353481967244,3.3287329351356507,8719
Harvey (2017),10,0.48096192384769587,0.0811967184483038,3.3287329351356507,8719
Harvey (2017),10,0.5090180360721446,0.08398567065938682,3.3287329351356507,8719
Harvey (2017),10,0.5370741482965933,0.08682231110393247,3.3287329351356507,8719
Harvey (2017),10,0.565130260521042,0.08969762663053847,3.3287329351356507,8719
Harvey (2017),10,0.5931863727454907,0.09260186877804787,3.3287329351356507,8719
Harvey (2017),10,0.6212424849699403,0.09552478025209295,3.3287329351356507,8719
Harvey (2017),10,0.649298597194389,0.09845584031799995,3.3287329351356507,8719
Harvey (2017),10,0.6773547094188377,0.10138451780674222,3.3287329351356507,8719
Harvey (2017),10,0.7054108216432864,0.1043005198421732,3.3287329351356507,8719
Harvey (2017),10,0.7334669338677351,0.10719402451160054,3.3287329351356507,8719
Harvey (2017),10,0.7615230460921847,0.11005588652539014,3.3287329351356507,8719
Harvey (2017),10,0.7895791583166334,0.11287780640355137,3.3287329351356507,8719
Harvey (2017),10,0.8176352705410821,0.11565245579999608,3.3287329351356507,8719
Harvey (2017),10,0.8456913827655308,0.11837355409890825,3.3287329351356507,8719
Harvey (2017),10,0.8737474949899804,0.12103589423068144,3.3287329351356507,8719
Harvey (2017),10,0.9018036072144291,0.12363531857420056,3.3287329351356507,8719
Harvey (2017),10,0.9298597194388778,0.12616864864712077,3.3287329351356507,8719
Harvey (2017),10,0.9579158316633265,0.12863357485093507,3.3287329351356507,8719
Harvey (2017),10,0.9859719438877752,0.13102851466670035,3.3287329351356507,8719
Harvey (2017),10,1.0140280561122248,0.13335244925479955,3.3287329351356507,8719
Harvey (2017),10,1.0420841683366735,0.13560474930271355,3.3287329351356507,8719
Harvey (2017),10,1.0701402805611222,0.13778500114076364,3.3287329351356507,8719
Harvey (2017),10,1.098196392785571,0.13989284360947152,3.3287329351356507,8719
Harvey (2017),10,1.1262525050100205,0.14192782496670833,3.3287329351356507,8719
Harvey (2017),10,1.1543086172344692,0.1438892873672688,3.3287329351356507,8719
Harvey (2017),10,1.182364729458918,0.14577628427011532,3.3287329351356507,8719
Harvey (2017),10,1.2104208416833666,0.14758753369576674,3.3287329351356507,8719
Harvey (2017),10,1.2384769539078153,0.1493214077504985,3.3287329351356507,8719
Harvey (2017),10,1.266533066132265,0.15097595643860293,3.3287329351356507,8719
Harvey (2017),10,1.2945891783567136,0.1525489616698584,3.3287329351356507,8719
Harvey (2017),10,1.3226452905811623,0.1540380156803791,3.3287329351356507,8719
Harvey (2017),10,1.350701402805611,0.15544061692746358,3.3287329351356507,8719
Harvey (2017),10,1.3787575150300606,0.15675427595272912,3.3287329351356507,8719
Harvey (2017),10,1.4068136272545093,0.15797662374210178,3.3287329351356507,8719
Harvey (2017),10,1.434869739478958,0.15910551570565498,3.3287329351356507,8719
Harvey (2017),10,1.4629258517034067,0.16013912546892442,3.3287329351356507,8719
Harvey (2017),10,1.4909819639278554,0.1610760240883512,3.3287329351356507,8719
Harvey (2017),10,1.519038076152305,0.16191524193106954,3.3287329351356507,8719
Harvey (2017),10,1.5470941883767537,0.1626563121381452,3.3287329351356507,8719
Harvey (2017),10,1.5751503006012024,0.16329929617024544,3.3287329351356507,8719
Harvey (2017),10,1.6032064128256511,0.1638447932847752,3.3287329351356507,8719
Harvey (2017),10,1.6312625250501007,0.16429393681278487,3.3287329351356507,8719
Harvey (2017),10,1.6593186372745494,0.16464838073009871,3.3287329351356507,8719
Harvey (2017),10,1.6873747494989981,0.16491028022951437,3.3287329351356507,8719
Harvey (2017),10,1.7154308617234468,0.16508226982019591,3.3287329351356507,8719
Harvey (2017),10,1.7434869739478955,0.16516744196346578,3.3287329351356507,8719
Harvey (2017),10,1.7715430861723451,0.16516932848637106,3.3287329351356507,8719
Harvey (2017),10,1.7995991983967938,0.16509188609871497,3.3287329351356507,8719
Harvey (2017),10,1.8276553106212425,0.16493948638502204,3.3287329351356507,8719
Harvey (2017),10,1.8557114228456912,0.16471690975470657,3.3287329351356507,8719
Harvey (2017),10,1.88376753507014,0.16442934210044668,3.3287329351356507,8719
Harvey (2017),10,1.9118236472945895,0.1640823724026212,3.3287329351356507,8719
Harvey (2017),10,1.9398797595190382,0.16368198926400646,3.3287329351356507,8719
Harvey (2017),10,1.967935871743487,0.16323457437032626,3.3287329351356507,8719
Harvey (2017),10,1.9959919839679356,0.16274689112526675,3.3287329351356507,8719
Harvey (2017),10,2.0240480961923843,0.16222606715330185,3.3287329351356507,8719
Harvey (2017),10,2.052104208416834,0.1616795699297764,3.3287329351356507,8719
Harvey (2017),10,2.0801603206412835,0.16111517540269554,3.3287329351356507,8719
Harvey (2017),10,2.1082164328657313,0.16054093002895886,3.3287329351356507,8719
Harvey (2017),10,2.136272545090181,0.15996510708073602,3.3287329351356507,8719
Harvey (2017),10,2.1643286573146288,0.1593961583230216,3.3287329351356507,8719
Harvey (2017),10,2.1923847695390783,0.15884266218317172,3.3287329351356507,8719
Harvey (2017),10,2.220440881763528,0.1583132693202529,3.3287329351356507,8719
Harvey (2017),10,2.2484969939879758,0.15781664608214407,3.3287329351356507,8719
Harvey (2017),10,2.2765531062124253,0.15736141577052823,3.3287329351356507,8719
Harvey (2017),10,2.304609218436873,0.15695609700458316,3.3287329351356507,8719
Harvey (2017),10,2.3326653306613228,0.15660903788962155,3.3287329351356507,8719
Harvey (2017),10,2.3607214428857723,0.15632834427035772,3.3287329351356507,8719
Harvey (2017),10,2.38877755511022,0.15612180018663524,3.3287329351356507,8719
Harvey (2017),10,2.4168336673346698,0.15599677883726112,3.3287329351356507,8719
Harvey (2017),10,2.4448897795591176,0.1559601429445467,3.3287329351356507,8719
Harvey (2017),10,2.472945891783567,0.15601813440140355,3.3287329351356507,8719
Harvey (2017),10,2.5010020040080168,0.1561762544249908,3.3287329351356507,8719
Harvey (2017),10,2.5290581162324646,0.15643913703395662,3.3287329351356507,8719
Harvey (2017),10,2.557114228456914,0.15681042036190038,3.3287329351356507,8719
Harvey (2017),10,2.585170340681362,0.15729262193580268,3.3287329351356507,8719
Harvey (2017),10,2.6132264529058116,0.15788702538776467,3.3287329351356507,8719
Harvey (2017),10,2.641282565130261,0.15859358693994516,3.3287329351356507,8719
Harvey (2017),10,2.669338677354709,0.15941087024399445,3.3287329351356507,8719
Harvey (2017),10,2.6973947895791586,0.16033601765472197,3.3287329351356507,8719
Harvey (2017),10,2.725450901803608,0.16136476472697867,3.3287329351356507,8719
Harvey (2017),10,2.753507014028056,0.16249150267480872,3.3287329351356507,8719
Harvey (2017),10,2.7815631262525056,0.16370939083152578,3.3287329351356507,8719
Harvey (2017),10,2.8096192384769534,0.16501051797854752,3.3287329351356507,8719
Harvey (2017),10,2.837675350701403,0.16638610800749973,3.3287329351356507,8719
Harvey (2017),10,2.8657314629258526,0.16782676201754534,3.3287329351356507,8719
Harvey (2017),10,2.8937875751503004,0.16932272591285008,3.3287329351356507,8719
Harvey (2017),10,2.92184368737475,0.1708641701217318,3.3287329351356507,8719
Harvey (2017),10,2.949899799599198,0.1724414664369621,3.3287329351356507,8719
Harvey (2017),10,2.9779559118236474,0.17404544634112476,3.3287329351356507,8719
Harvey (2017),10,3.006012024048097,0.1756676256204564,3.3287329351356507,8719
Harvey (2017),10,3.034068136272545,0.17730038159002115,3.3287329351356507,8719
Harvey (2017),10,3.0621242484969944,0.17893707177341833,3.3287329351356507,8719
Harvey (2017),10,3.090180360721442,0.18057208624731436,3.3287329351356507,8719
Harvey (2017),10,3.118236472945892,0.18220082985829467,3.3287329351356507,8719
Harvey (2017),10,3.1462925851703414,0.18381963488613243,3.3287329351356507,8719
Harvey (2017),10,3.174348697394789,0.18542560917787393,3.3287329351356507,8719
Harvey (2017),10,3.202404809619239,0.1870164290211761,3.3287329351356507,8719
Harvey (2017),10,3.2304609218436866,0.18859008978632327,3.3287329351356507,8719
Harvey (2017),10,3.258517034068136,0.19014463039845897,3.3287329351356507,8719
Harvey (2017),10,3.286573146292586,0.19167784980143923,3.3287329351356507,8719
Harvey (2017),10,3.3146292585170336,0.19318703459309805,3.3287329351356507,8719
Harvey (2017),10,3.342685370741483,0.19466871685997847,3.3287329351356507,8719
Harvey (2017),10,3.370741482965933,0.1961184798944618,3.3287329351356507,8719
Harvey (2017),10,3.3987975951903806,0.19753082698380925,3.3287329351356507,8719
Harvey (2017),10,3.42685370741483,0.19889912493147838,3.3287329351356507,8719
Harvey (2017),10,3.454909819639278,0.20021562958465633,3.3287329351356507,8719
Harvey (2017),10,3.4829659318637276,0.20147159563647807,3.3287329351356507,8719
Harvey (2017),10,3.511022044088177,0.2026574676360661,3.3287329351356507,8719
Harvey (2017),10,3.539078156312625,0.20376314380153768,3.3287329351356507,8719
Harvey (2017),10,3.5671342685370746,0.20477829923771396,3.3287329351356507,8719
Harvey (2017),10,3.5951903807615224,0.20569275085848165,3.3287329351356507,8719
Harvey (2017),10,3.623246492985972,0.2064968430250033,3.3287329351356507,8719
Harvey (2017),10,3.6513026052104216,0.207181830906113,3.3287329351356507,8719
Harvey (2017),10,3.6793587174348694,0.20774023804154926,3.3287329351356507,8719
Harvey (2017),10,3.707414829659319,0.20816616563979215,3.3287329351356507,8719
Harvey (2017),10,3.735470941883767,0.2084555337555125,3.3287329351356507,8719
Harvey (2017),10,3.7635270541082164,0.20860623853212226,3.3287329351356507,8719
Harvey (2017),10,3.791583166332666,0.20861821491134222,3.3287329351356507,8719
Harvey (2017),10,3.819639278557114,0.2084934002501766,3.3287329351356507,8719
Harvey (2017),10,3.8476953907815634,0.20823560071479533,3.3287329351356507,8719
Harvey (2017),10,3.8757515030060112,0.2078502686650689,3.3287329351356507,8719
Harvey (2017),10,3.903807615230461,0.20734420502357837,3.3287329351356507,8719
Harvey (2017),10,3.9318637274549104,0.20672520539728992,3.3287329351356507,8719
Harvey (2017),10,3.9599198396793582,0.20600167212539217,3.3287329351356507,8719
Harvey (2017),10,3.987975951903808,0.20518221621160182,3.3287329351356507,8719
Harvey (2017),10,4.016032064128257,0.20427527314688257,3.3287329351356507,8719
Harvey (2017),10,4.044088176352705,0.20328875496898297,3.3287329351356507,8719
Harvey (2017),10,4.072144288577155,0.20222975770960844,3.3287329351356507,8719
Harvey (2017),10,4.100200400801603,0.20110433894491214,3.3287329351356507,8719
Harvey (2017),10,4.128256513026052,0.19991737488071484,3.3287329351356507,8719
Harvey (2017),10,4.156312625250502,0.19867250071704692,3.3287329351356507,8719
Harvey (2017),10,4.18436873747495,0.1973721324066038,3.3287329351356507,8719
Harvey (2017),10,4.212424849699399,0.19601756277765456,3.3287329351356507,8719
Harvey (2017),10,4.240480961923847,0.19460912069497152,3.3287329351356507,8719
Harvey (2017),10,4.268537074148297,0.1931463787466679,3.3287329351356507,8719
Harvey (2017),10,4.296593186372746,0.1916283930198588,3.3287329351356507,8719
Harvey (2017),10,4.324649298597194,0.19005395789475618,3.3287329351356507,8719
Harvey (2017),10,4.352705410821644,0.18842185936450406,3.3287329351356507,8719
Harvey (2017),10,4.3807615230460915,0.18673111200452291,3.3287329351356507,8719
Harvey (2017),10,4.408817635270541,0.1849811671314402,3.3287329351356507,8719
Harvey (2017),10,4.436873747494991,0.18317208263393178,3.3287329351356507,8719
Harvey (2017),10,4.4649298597194385,0.18130464814629274,3.3287329351356507,8719
Harvey (2017),10,4.492985971943888,0.17938046241257544,3.3287329351356507,8719
Harvey (2017),10,4.521042084168338,0.17740196263941357,3.3287329351356507,8719
Harvey (2017),10,4.5490981963927855,0.17537240819931632,3.3287329351356507,8719
Harvey (2017),10,4.577154308617235,0.1732958231240218,3.3287329351356507,8719
Harvey (2017),10,4.605210420841683,0.17117690337772523,3.3287329351356507,8719
Harvey (2017),10,4.6332665330661325,0.16902089593032227,3.3287329351356507,8719
Harvey (2017),10,4.661322645290582,0.16683345720591852,3.3287329351356507,8719
Harvey (2017),10,4.68937875751503,0.16462049862967226,3.3287329351356507,8719
Harvey (2017),10,4.7174348697394795,0.16238802681481695,3.3287329351356507,8719
Harvey (2017),10,4.745490981963927,0.16014198549915853,3.3287329351356507,8719
Harvey (2017),10,4.773547094188377,0.1578881057258708,3.3287329351356507,8719
Harvey (2017),10,4.8016032064128265,0.15563177002382073,3.3287329351356507,8719
Harvey (2017),10,4.829659318637274,0.15337789552089395,3.3287329351356507,8719
Harvey (2017),10,4.857715430861724,0.15113084004966162,3.3287329351356507,8719
Harvey (2017),10,4.885771543086172,0.14889433439724803,3.3287329351356507,8719
Harvey (2017),10,4.913827655310621,0.14667144292147113,3.3287329351356507,8719
Harvey (2017),10,4.941883767535071,0.14446455380843196,3.3287329351356507,8719
Harvey (2017),10,4.969939879759519,0.1422753992851213,3.3287329351356507,8719
Harvey (2017),10,4.997995991983968,0.1401051051249467,3.3287329351356507,8719
Harvey (2017),10,5.026052104208416,0.13795426779567324,3.3287329351356507,8719
Harvey (2017),10,5.054108216432866,0.1358230566020263,3.3287329351356507,8719
Harvey (2017),10,5.082164328657315,0.13371133717797462,3.3287329351356507,8719
Harvey (2017),10,5.110220440881763,0.13161881170346362,3.3287329351356507,8719
Harvey (2017),10,5.138276553106213,0.12954517028473103,3.3287329351356507,8719
Harvey (2017),10,5.166332665330662,0.1274902470871605,3.3287329351356507,8719
Harvey (2017),10,5.19438877755511,0.1254541740994405,3.3287329351356507,8719
Harvey (2017),10,5.22244488977956,0.12343752490445524,3.3287329351356507,8719
Harvey (2017),10,5.2505010020040075,0.12144144061068791,3.3287329351356507,8719
Harvey (2017),10,5.278557114228457,0.11946773023330713,3.3287329351356507,8719
Harvey (2017),10,5.306613226452907,0.1175189383728214,3.3287329351356507,8719
Harvey (2017),10,5.3346693386773545,0.11559837406687387,3.3287329351356507,8719
Harvey (2017),10,5.362725450901804,0.1137100962013548,3.3287329351356507,8719
Harvey (2017),10,5.390781563126252,0.11185885283307556,3.3287329351356507,8719
Harvey (2017),10,5.4188376753507015,0.11004997412340159,3.3287329351356507,8719
Harvey (2017),10,5.446893787575151,0.1082892211881918,3.3287329351356507,8719
Harvey (2017),10,5.474949899799599,0.10658259586975692,3.3287329351356507,8719
Harvey (2017),10,5.5030060120240485,0.10493611903613798,3.3287329351356507,8719
Harvey (2017),10,5.531062124248496,0.10335558730283106,3.3287329351356507,8719
Harvey (2017),10,5.559118236472946,0.10184631985012944,3.3287329351356507,8719
Harvey (2017),10,5.5871743486973955,0.10041290810200403,3.3287329351356507,8719
Harvey (2017),10,5.615230460921843,0.09905898131557832,3.3287329351356507,8719
Harvey (2017),10,5.643286573146293,0.09778700054476007,3.3287329351356507,8719
Harvey (2017),10,5.6713426853707425,0.09659809200356743,3.3287329351356507,8719
Harvey (2017),10,5.69939879759519,0.09549192865713235,3.3287329351356507,8719
Harvey (2017),10,5.72745490981964,0.09446666607424584,3.3287329351356507,8719
Harvey (2017),10,5.755511022044088,0.09351893540278235,3.3287329351356507,8719
Harvey (2017),10,5.783567134268537,0.09264389303039026,3.3287329351356507,8719
Harvey (2017),10,5.811623246492987,0.0918353233278446,3.3287329351356507,8719
Harvey (2017),10,5.839679358717435,0.09108578808416073,3.3287329351356507,8719
Harvey (2017),10,5.867735470941884,0.09038681403160578,3.3287329351356507,8719
Harvey (2017),10,5.895791583166332,0.08972910836479726,3.3287329351356507,8719
Harvey (2017),10,5.923847695390782,0.08910279144784987,3.3287329351356507,8719
Harvey (2017),10,5.951903807615231,0.08849763596752266,3.3287329351356507,8719
Harvey (2017),10,5.979959919839679,0.08790330254809924,3.3287329351356507,8719
Harvey (2017),10,6.008016032064129,0.08730956315749941,3.3287329351356507,8719
Harvey (2017),10,6.0360721442885765,0.08670650532727332,3.3287329351356507,8719
Harvey (2017),10,6.064128256513026,0.08608471208956303,3.3287329351356507,8719
Harvey (2017),10,6.092184368737476,0.08543541441627418,3.3287329351356507,8719
Harvey (2017),10,6.1202404809619235,0.0847506146715726,3.3287329351356507,8719
Harvey (2017),10,6.148296593186373,0.08402318104288649,3.3287329351356507,8719
Harvey (2017),10,6.176352705410821,0.08324691403364212,3.3287329351356507,8719
Harvey (2017),10,6.2044088176352705,0.08241658687128707,3.3287329351356507,8719
Harvey (2017),10,6.23246492985972,0.08152796214127171,3.3287329351356507,8719
Harvey (2017),10,6.260521042084168,0.08057778717084148,3.3287329351356507,8719
Harvey (2017),10,6.2885771543086175,0.07956377074352747,3.3287329351356507,8719
Harvey (2017),10,6.316633266533067,0.0784845437155315,3.3287329351356507,8719
Harvey (2017),10,6.344689378757515,0.07733960610389319,3.3287329351356507,8719
Harvey (2017),10,6.3727454909819645,0.07612926327169425,3.3287329351356507,8719
Harvey (2017),10,6.400801603206412,0.07485455396218016,3.3287329351356507,8719
Harvey (2017),10,6.428857715430862,0.0735171731113072,3.3287329351356507,8719
Harvey (2017),10,6.4569138276553115,0.07211939254705586,3.3287329351356507,8719
Harvey (2017),10,6.484969939879759,0.07066398279474556,3.3287329351356507,8719
Harvey (2017),10,6.513026052104209,0.0691541391757004,3.3287329351356507,8719
Harvey (2017),10,6.541082164328657,0.06759341514645066,3.3287329351356507,8719
Harvey (2017),10,6.569138276553106,0.06598566533455902,3.3287329351356507,8719
Harvey (2017),10,6.597194388777556,0.06433499997609446,3.3287329351356507,8719
Harvey (2017),10,6.625250501002004,0.06264575147865599,3.3287329351356507,8719
Harvey (2017),10,6.653306613226453,0.06092245269142622,3.3287329351356507,8719
Harvey (2017),10,6.681362725450901,0.059169825261435306,3.3287329351356507,8719
Harvey (2017),10,6.709418837675351,0.05739277531582257,3.3287329351356507,8719
Harvey (2017),10,6.7374749498998,0.05559639276282396,3.3287329351356507,8719
Harvey (2017),10,6.765531062124248,0.05378594986887722,3.3287329351356507,8719
Harvey (2017),10,6.793587174348698,0.05196689453929552,3.3287329351356507,8719
Harvey (2017),10,6.821643286573146,0.050144833959998115,3.3287329351356507,8719
Harvey (2017),10,6.849699398797595,0.04832550495473232,3.3287329351356507,8719
Harvey (2017),10,6.877755511022045,0.046514728532227545,3.3287329351356507,8719
Harvey (2017),10,6.905811623246493,0.04471834754919894,3.3287329351356507,8719
Harvey (2017),10,6.933867735470942,0.042942148067573356,3.3287329351356507,8719
Harvey (2017),10,6.961923847695392,0.04119176668178153,3.3287329351356507,8719
Harvey (2017),10,6.98997995991984,0.03947258766963149,3.3287329351356507,8719
Harvey (2017),10,7.018036072144289,0.03778963512221136,3.3287329351356507,8719
Harvey (2017),10,7.046092184368737,0.03614746610400346,3.3287329351356507,8719
Harvey (2017),10,7.074148296593187,0.03455007129289099,3.3287329351356507,8719
Harvey (2017),10,7.102204408817636,0.03300078940859498,3.3287329351356507,8719
Harvey (2017),10,7.130260521042084,0.031502241067468226,3.3287329351356507,8719
Harvey (2017),10,7.158316633266534,0.030056286562328897,3.3287329351356507,8719
Harvey (2017),10,7.186372745490981,0.028664010562286464,3.3287329351356507,8719
Harvey (2017),10,7.214428857715431,0.027325734995078583,3.3287329351356507,8719
Harvey (2017),10,7.242484969939881,0.02604105956597516,3.3287329351356507,8719
Harvey (2017),10,7.270541082164328,0.024808927636555074,3.3287329351356507,8719
Harvey (2017),10,7.298597194388778,0.02362771367322898,3.3287329351356507,8719
Harvey (2017),10,7.326653306613226,0.022495327291807508,3.3287329351356507,8719
Harvey (2017),10,7.354709418837675,0.021409328146945135,3.3287329351356507,8719
Harvey (2017),10,7.382765531062125,0.020367045579031705,3.3287329351356507,8719
Harvey (2017),10,7.410821643286573,0.019365697029799213,3.3287329351356507,8719
Harvey (2017),10,7.438877755511022,0.01840249972815358,3.3287329351356507,8719
Harvey (2017),10,7.46693386773547,0.017474770956541905,3.3287329351356507,8719
Harvey (2017),10,7.49498997995992,0.016580013242958557,3.3287329351356507,8719
Harvey (2017),10,7.523046092184369,0.015715981983293846,3.3287329351356507,8719
Harvey (2017),10,7.551102204408817,0.014880734183882034,3.3287329351356507,8719
Harvey (2017),10,7.579158316633267,0.014072658136662794,3.3287329351356507,8719
Harvey (2017),10,7.607214428857716,0.013290484828959526,3.3287329351356507,8719
Harvey (2017),10,7.635270541082164,0.012533282697911548,3.3287329351356507,8719
Harvey (2017),10,7.663326653306614,0.011800437940303736,3.3287329351356507,8719
Harvey (2017),10,7.691382765531062,0.011091622977468225,3.3287329351356507,8719
Harvey (2017),10,7.719438877755511,0.010406755865434134,3.3287329351356507,8719
Harvey (2017),10,7.747494989979961,0.009745953458931743,3.3287329351356507,8719
Harvey (2017),10,7.775551102204409,0.00910948101824936,3.3287329351356507,8719
Harvey (2017),10,7.803607214428858,0.008497700726963812,3.3287329351356507,8719
Harvey (2017),10,7.831663326653306,0.007911021301165177,3.3287329351356507,8719
Harvey (2017),10,7.859719438877756,0.007349850547090095,3.3287329351356507,8719
Harvey (2017),10,7.887775551102205,0.006814552387517331,3.3287329351356507,8719
Harvey (2017),10,7.915831663326653,0.006305409544100584,3.3287329351356507,8719
Harvey (2017),10,7.943887775551103,0.00582259274263167,3.3287329351356507,8719
Harvey (2017),10,7.97194388777555,0.005366137005361,3.3287329351356507,8719
Harvey (2017),10,8.0,0.0049359253097962874,3.3287329351356507,8719
Harvey (2017),50,-6.0,4.191407873916054e-24,1.8482638600587176,4039
Harvey (2017),50,-5.971943887775551,1.2958219647426788e-23,1.8482638600587176,4039
Harvey (2017),50,-5.943887775551103,3.9504653151605386e-23,1.8482638600587176,4039
Harvey (2017),50,-5.915831663326653,1.187595889604393e-22,1.8482638600587176,4039
Harvey (2017),50,-5.887775551102204,3.520518657675101e-22,1.8482638600587176,4039
Harvey (2017),50,-5.859719438877756,1.0291108658315068e-21,1.8482638600587176,4039
Harvey (2017),50,-5.831663326653307,2.966437793924109e-21,1.8482638600587176,4039
Harvey (2017),50,-5.803607214428857,8.431909147704203e-21,1.8482638600587176,4039
Harvey (2017),50,-5.775551102204409,2.363383546720244e-20,1.8482638600587176,4039
Harvey (2017),50,-5.74749498997996,6.532210069974235e-20,1.8482638600587176,4039
Harvey (2017),50,-5.719438877755511,1.7803433104271223e-19,1.8482638600587176,4039
Harvey (2017),50,-5.6913827655310625,4.784814315262932e-19,1.8482638600587176,4039
Harvey (2017),50,-5.663326653306613,1.2680727838437056e-18,1.8482638600587176,4039
Harvey (2017),50,-5.635270541082164,3.313912868497363e-18,1.8482638600587176,4039
Harvey (2017),50,-5.6072144288577155,8.539960415689339e-18,1.8482638600587176,4039
Harvey (2017),50,-5.579158316633267,2.170144054658497e-17,1.8482638600587176,4039
Harvey (2017),50,-5.551102204408817,5.438000927075107e-17,1.8482638600587176,4039
Harvey (2017),50,-5.5230460921843685,1.343717844977914e-16,1.8482638600587176,4039
Harvey (2017),50,-5.49498997995992,3.27412369896618e-16,1.8482638600587176,4039
Harvey (2017),50,-5.466933867735471,7.866841219576666e-16,1.8482638600587176,4039
Harvey (2017),50,-5.438877755511022,1.863906471482717e-15,1.8482638600587176,4039
Harvey (2017),50,-5.410821643286573,4.354782046538281e-15,1.8482638600587176,4039
Harvey (2017),50,-5.382765531062124,1.0032922883556991e-14,1.8482638600587176,4039
Harvey (2017),50,-5.354709418837675,2.2793313184198882e-14,1.8482638600587176,4039
Harvey (2017),50,-5.326653306613227,5.106303132122066e-14,1.8482638600587176,4039
Harvey (2017),50,-5.298597194388778,1.1280416321936539e-13,1.8482638600587176,4039
Harvey (2017),50,-5.270541082164328,2.4573292440089766e-13,1.8482638600587176,4039
Harvey (2017),50,-5.24248496993988,5.2786343683312e-13,1.8482638600587176,4039
Harvey (2017),50,-5.214428857715431,1.1181503308239253e-12,1.8482638600587176,4039
Harvey (2017),50,-5.186372745490982,2.3356062124527463e-12,1.8482638600587176,4039
Harvey (2017),50,-5.158316633266534,4.810833688481786e-12,1.8482638600587176,4039
Harvey (2017),50,-5.130260521042084,9.771537856239409e-12,1.8482638600587176,4039
Harvey (2017),50,-5.102204408817635,1.9571674522650703e-11,1.8482638600587176,4039
Harvey (2017),50,-5.074148296593187,3.865594278379926e-11,1.8482638600587176,4039
Harvey (2017),50,-5.046092184368737,7.528849345911987e-11,1.8482638600587176,4039
Harvey (2017),50,-5.018036072144288,1.445992195625239e-10,1.8482638600587176,4039
Harvey (2017),50,-4.98997995991984,2.7386049314658226e-10,1.8482638600587176,4039
Harvey (2017),50,-4.961923847695391,5.114699984270165e-10,1.8482638600587176,4039
Harvey (2017),50,-4.933867735470942,9.419757222058064e-10,1.8482638600587176,4039
Harvey (2017),50,-4.905811623246493,1.7107622317225534e-09,1.8482638600587176,4039
Harvey (2017),50,-4.877755511022044,3.063880781054684e-09,1.8482638600587176,4039
Harvey (2017),50,-4.849699398797595,5.411136261669212e-09,1.8482638600587176,4039
Harvey (2017),50,-4.8216432865731464,9.424144143824674e-09,1.8482638600587176,4039
Harvey (2017),50,-4.793587174348698,1.618583117750026e-08,1.8482638600587176,4039
Harvey (2017),50,-4.765531062124248,2.741390645790558e-08,1.8482638600587176,4039
Harvey (2017),50,-4.7374749498997994,4.578817562410862e-08,1.8482638600587176,4039
Harvey (2017),50,-4.709418837675351,7.541998359282618e-08,1.8482638600587176,4039
Harvey (2017),50,-4.681362725450902,1.2251097586622912e-07,1.8482638600587176,4039
Harvey (2017),50,-4.653306613226453,1.962567129535701e-07,1.8482638600587176,4039
Harvey (2017),50,-4.625250501002004,3.100568094508237e-07,1.8482638600587176,4039
Harvey (2017),50,-4.597194388777555,4.830948868387576e-07,1.8482638600587176,4039
Harvey (2017),50,-4.569138276553106,7.423457765882508e-07,1.8482638600587176,4039
Harvey (2017),50,-4.541082164328657,1.125050674630336e-06,1.8482638600587176,4039
Harvey (2017),50,-4.513026052104209,1.681669830916666e-06,1.8482638600587176,4039
Harvey (2017),50,-4.484969939879759,2.479273884786109e-06,1.8482638600587176,4039
Harvey (2017),50,-4.456913827655311,3.6052675179823624e-06,1.8482638600587176,4039
Harvey (2017),50,-4.428857715430862,5.1712534495354374e-06,1.8482638600587176,4039
Harvey (2017),50,-4.400801603206412,7.316745095782468e-06,1.8482638600587176,4039
Harvey (2017),50,-4.372745490981964,1.0212330862448373e-05,1.8482638600587176,4039
Harvey (2017),50,-4.344689378757515,1.4061795045337789e-05,1.8482638600587176,4039
Harvey (2017),50,-4.316633266533066,1.9102626957679825e-05,1.8482638600587176,4039
Harvey (2017),50,-4.2885771543086175,2.5604321293933933e-05,1.8482638600587176,4039
Harvey (2017),50,-4.260521042084168,3.386390932287725e-05,1.8482638600587176,4039
Harvey (2017),50,-4.232464929859719,4.419827946127325e-05,1.8482638600587176,4039
Harvey (2017),50,-4.2044088176352705,5.693305677992804e-05,1.8482638600587176,4039
Harvey (2017),50,-4.176352705410822,7.238811190656595e-05,1.8482638600587176,4039
Harvey (2017),50,-4.148296593186373,9.086014329896931e-05,1.8482638600587176,4039
Harvey (2017),50,-4.1202404809619235,0.00011260318897706335,1.8482638600587176,4039
Harvey (2017),50,-4.092184368737475,0.0001378083251791068,1.8482638600587176,4039
Harvey (2017),50,-4.064128256513026,0.00016658414001854217,1.8482638600587176,4039
Harvey (2017),50,-4.036072144288577,0.0001989397673321398,1.8482638600587176,4039
Harvey (2017),50,-4.008016032064129,0.00023477227455989566,1.8482638600587176,4039
Harvey (2017),50,-3.979959919839679,0.00027385998287783234,1.8482638600587176,4039
Harvey (2017),50,-3.9519038076152304,0.00031586285145443715,1.8482638600587176,4039
Harvey (2017),50,-3.9238476953907817,0.00036033041011473917,1.8482638600587176,4039
Harvey (2017),50,-3.8957915831663326,0.0004067169423317986,1.8482638600587176,4039
Harvey (2017),50,-3.867735470941884,0.0004544028009426679,1.8482638600587176,4039
Harvey (2017),50,-3.8396793587174347,0.0005027199985356759,1.8482638600587176,4039
Harvey (2017),50,-3.811623246492986,0.0005509796701575669,1.8482638600587176,4039
Harvey (2017),50,-3.783567134268537,0.0005984987556397737,1.8482638600587176,4039
Harvey (2017),50,-3.755511022044088,0.0006446233521638186,1.8482638600587176,4039
Harvey (2017),50,-3.7274549098196395,0.0006887466526773382,1.8482638600587176,4039
Harvey (2017),50,-3.6993987975951903,0.0007303201633081561,1.8482638600587176,4039
Harvey (2017),50,-3.6713426853707416,0.0007688578812033662,1.8482638600587176,4039
Harvey (2017),50,-3.6432865731462925,0.0008039341727866451,1.8482638600587176,4039
Harvey (2017),50,-3.6152304609218437,0.0008351770635227803,1.8482638600587176,4039
Harvey (2017),50,-3.5871743486973946,0.0008622593837973406,1.8482638600587176,4039
Harvey (2017),50,-3.559118236472946,0.000884890593073964,1.8482638600587176,4039
Harvey (2017),50,-3.531062124248497,0.0009028120583307018,1.8482638600587176,4039
Harvey (2017),50,-3.503006012024048,0.0009157980863648405,1.8482638600587176,4039
Harvey (2017),50,-3.4749498997995993,0.0009236641583155982,1.8482638600587176,4039
Harvey (2017),50,-3.44689378757515,0.0009262826973414533,1.8482638600587176,4039
Harvey (2017),50,-3.4188376753507015,0.0009236054625087065,1.8482638600587176,4039
Harvey (2017),50,-3.3907815631262523,0.0009156904657944011,1.8482638600587176,4039
Harvey (2017),50,-3.3627254509018036,0.0009027303118570848,1.8482638600587176,4039
Harvey (2017),50,-3.3346693386773545,0.0008850781946865048,1.8482638600587176,4039
Harvey (2017),50,-3.306613226452906,0.0008632675449037737,1.8482638600587176,4039
Harvey (2017),50,-3.278557114228457,0.0008380215512607915,1.8482638600587176,4039
Harvey (2017),50,-3.250501002004008,0.0008102494727604725,1.8482638600587176,4039
Harvey (2017),50,-3.2224448897795592,0.0007810277569195661,1.8482638600587176,4039
Harvey (2017),50,-3.19438877755511,0.0007515653849357133,1.8482638600587176,4039
Harvey (2017),50,-3.1663326653306614,0.000723154442697207,1.8482638600587176,4039
Harvey (2017),50,-3.1382765531062122,0.0006971085139044512,1.8482638600587176,4039
Harvey (2017),50,-3.1102204408817635,0.0006746929476693493,1.8482638600587176,4039
Harvey (2017),50,-3.0821643286573144,0.0006570522152970599,1.8482638600587176,4039
Harvey (2017),50,-3.0541082164328657,0.0006451403088555947,1.8482638600587176,4039
Harvey (2017),50,-3.026052104208417,0.0006396603512742997,1.8482638600587176,4039
Harvey (2017),50,-2.997995991983968,0.000641019232127279,1.8482638600587176,4039
Harvey (2017),50,-2.969939879759519,0.0006493021540108031,1.8482638600587176,4039
Harvey (2017),50,-2.94188376753507,0.000664270524150558,1.8482638600587176,4039
Harvey (2017),50,-2.9138276553106213,0.0006853847588759633,1.8482638600587176,4039
Harvey (2017),50,-2.885771543086172,0.0007118514343963175,1.8482638600587176,4039
Harvey (2017),50,-2.8577154308617234,0.0007426919999514584,1.8482638600587176,4039
Harvey (2017),50,-2.8296593186372747,0.000776828173071846,1.8482638600587176,4039
Harvey (2017),50,-2.8016032064128256,0.0008131773684404973,1.8482638600587176,4039
Harvey (2017),50,-2.773547094188377,0.0008507502625812986,1.8482638600587176,4039
Harvey (2017),50,-2.7454909819639277,0.0008887420213765562,1.8482638600587176,4039
Harvey (2017),50,-2.717434869739479,0.0009266089169324172,1.8482638600587176,4039
Harvey (2017),50,-2.68937875751503,0.000964123065233318,1.8482638600587176,4039
Harvey (2017),50,-2.661322645290581,0.001001399776434989,1.8482638600587176,4039
Harvey (2017),50,-2.6332665330661325,0.0010388943917389378,1.8482638600587176,4039
Harvey (2017),50,-2.6052104208416833,0.0010773682727989859,1.8482638600587176,4039
Harvey (2017),50,-2.5771543086172346,0.0011178265380702578,1.8482638600587176,4039
Harvey (2017),50,-2.5490981963927855,0.0011614328968053993,1.8482638600587176,4039
Harvey (2017),50,-2.5210420841683367,0.00120940920673604,1.8482638600587176,4039
Harvey (2017),50,-2.4929859719438876,0.0012629289065820217,1.8482638600587176,4039
Harvey (2017),50,-2.464929859719439,0.0013230140586948822,1.8482638600587176,4039
Harvey (2017),50,-2.4368737474949898,0.001390445300116267,1.8482638600587176,4039
Harvey (2017),50,-2.408817635270541,0.0014656925907133853,1.8482638600587176,4039
Harvey (2017),50,-2.3807615230460923,0.0015488724421437337,1.8482638600587176,4039
Harvey (2017),50,-2.352705410821643,0.001639734596253146,1.8482638600587176,4039
Harvey (2017),50,-2.3246492985971945,0.0017376782486075361,1.8482638600587176,4039
Harvey (2017),50,-2.2965931863727453,0.0018417952478855088,1.8482638600587176,4039
Harvey (2017),50,-2.2685370741482966,0.0019509355645311146,1.8482638600587176,4039
Harvey (2017),50,-2.2404809619238475,0.0020637889329764413,1.8482638600587176,4039
Harvey (2017),50,-2.212424849699399,0.0021789760160986615,1.8482638600587176,4039
Harvey (2017),50,-2.1843687374749496,0.0022951426571481116,1.8482638600587176,4039
Harvey (2017),50,-2.156312625250501,0.0024110515833458282,1.8482638600587176,4039
Harvey (2017),50,-2.1282565130260522,0.00252566703271231,1.8482638600587176,4039
Harvey (2017),50,-2.100200400801603,0.0026382288960453055,1.8482638600587176,4039
Harvey (2017),50,-2.0721442885771544,0.0027483138506046705,1.8482638600587176,4039
Harvey (2017),50,-2.0440881763527052,0.002855881467461544,1.8482638600587176,4039
Harvey (2017),50,-2.0160320641282565,0.002961303397337884,1.8482638600587176,4039
Harvey (2017),50,-1.9879759519038078,0.003065373619354258,1.8482638600587176,4039
Harvey (2017),50,-1.9599198396793582,0.003169297622412202,1.8482638600587176,4039
Harvey (2017),50,-1.9318637274549095,0.0032746585764051937,1.8482638600587176,4039
Harvey (2017),50,-1.9038076152304608,0.0033833593050058507,1.8482638600587176,4039
Harvey (2017),50,-1.8757515030060121,0.0034975403487010424,1.8482638600587176,4039
Harvey (2017),50,-1.8476953907815634,0.0036194765928496938,1.8482638600587176,4039
Harvey (2017),50,-1.8196392785571138,0.0037514576247923734,1.8482638600587176,4039
Harvey (2017),50,-1.7915831663326651,0.00389565979597059,1.8482638600587176,4039
Harvey (2017),50,-1.7635270541082164,0.004054020404886204,1.8482638600587176,4039
Harvey (2017),50,-1.7354709418837677,0.004228125967188406,1.8482638600587176,4039
Harvey (2017),50,-1.707414829659319,0.004419126765358198,1.8482638600587176,4039
Harvey (2017),50,-1.6793587174348694,0.004627688516819632,1.8482638600587176,4039
Harvey (2017),50,-1.6513026052104207,0.004853989057141389,1.8482638600587176,4039
Harvey (2017),50,-1.623246492985972,0.005097763665210881,1.8482638600587176,4039
Harvey (2017),50,-1.5951903807615233,0.005358397561904881,1.8482638600587176,4039
Harvey (2017),50,-1.5671342685370737,0.005635058860442081,1.8482638600587176,4039
Harvey (2017),50,-1.539078156312625,0.005926860559727741,1.8482638600587176,4039
Harvey (2017),50,-1.5110220440881763,0.006233036711945226,1.8482638600587176,4039
Harvey (2017),50,-1.4829659318637276,0.0065531161487915705,1.8482638600587176,4039
Harvey (2017),50,-1.454909819639279,0.006887077351437137,1.8482638600587176,4039
Harvey (2017),50,-1.4268537074148293,0.007235470147476329,1.8482638600587176,4039
Harvey (2017),50,-1.3987975951903806,0.007599493597109697,1.8482638600587176,4039
Harvey (2017),50,-1.370741482965932,0.00798102416913112,1.8482638600587176,4039
Harvey (2017),50,-1.3426853707414832,0.008382593470912143,1.8482638600587176,4039
Harvey (2017),50,-1.3146292585170336,0.008807319741831843,1.8482638600587176,4039
Harvey (2017),50,-1.286573146292585,0.009258801487639735,1.8482638600587176,4039
Harvey (2017),50,-1.2585170340681362,0.009740984619580307,1.8482638600587176,4039
Harvey (2017),50,-1.2304609218436875,0.010258016051981615,1.8482638600587176,4039
Harvey (2017),50,-1.2024048096192388,0.010814096880091486,1.8482638600587176,4039
Harvey (2017),50,-1.1743486973947892,0.011413347140534408,1.8482638600587176,4039
Harvey (2017),50,-1.1462925851703405,0.012059691995785772,1.8482638600587176,4039
Harvey (2017),50,-1.1182364729458918,0.012756776286279983,1.8482638600587176,4039
Harvey (2017),50,-1.090180360721443,0.013507911077200525,1.8482638600587176,4039
Harvey (2017),50,-1.0621242484969944,0.014316052392526564,1.8482638600587176,4039
Harvey (2017),50,-1.0340681362725448,0.015183809047254736,1.8482638600587176,4039
Harvey (2017),50,-1.006012024048096,0.016113473601528518,1.8482638600587176,4039
Harvey (2017),50,-0.9779559118236474,0.017107068187915443,1.8482638600587176,4039
Harvey (2017),50,-0.9498997995991987,0.01816639550918501,1.8482638600587176,4039
Harvey (2017),50,-0.9218436873747491,0.019293084850903253,1.8482638600587176,4039
Harvey (2017),50,-0.8937875751503004,0.020488623641603212,1.8482638600587176,4039
Harvey (2017),50,-0.8657314629258517,0.021754366988699668,1.8482638600587176,4039
Harvey (2017),50,-0.837675350701403,0.023091520670635322,1.8482638600587176,4039
Harvey (2017),50,-0.8096192384769543,0.024501097072797837,1.8482638600587176,4039
Harvey (2017),50,-0.7815631262525047,0.025983848142226863,1.8482638600587176,4039
Harvey (2017),50,-0.753507014028056,0.027540184065645755,1.8482638600587176,4039
Harvey (2017),50,-0.7254509018036073,0.02917009038771215,1.8482638600587176,4039
Harvey (2017),50,-0.6973947895791586,0.030873058980695863,1.8482638600587176,4039
Harvey (2017),50,-0.669338677354709,0.032648049018188734,1.8482638600587176,4039
Harvey (2017),50,-0.6412825651302603,0.034493492446236326,1.8482638600587176,4039
Harvey (2017),50,-0.6132264529058116,0.03640735423914977,1.8482638600587176,4039
Harvey (2017),50,-0.5851703406813629,0.03838725121279694,1.8482638600587176,4039
Harvey (2017),50,-0.5571142284569142,0.04043062500028187,1.8482638600587176,4039
Harvey (2017),50,-0.5290581162324646,0.04253495600786878,1.8482638600587176,4039
Harvey (2017),50,-0.5010020040080159,0.04469799706591455,1.8482638600587176,4039
Harvey (2017),50,-0.47294589178356716,0.046917999465037656,1.8482638600587176,4039
Harvey (2017),50,-0.44488977955911846,0.049193901385450364,1.8482638600587176,4039
Harvey (2017),50,-0.41683366733466887,0.05152545028529541,1.8482638600587176,4039
Harvey (2017),50,-0.38877755511022016,0.05391323693928202,1.8482638600587176,4039
Harvey (2017),50,-0.36072144288577146,0.05635862913508656,1.8482638600587176,4039
Harvey (2017),50,-0.33266533066132276,0.058863606434616675,1.8482638600587176,4039
Harvey (2017),50,-0.30460921843687405,0.06143051215300171,1.8482638600587176,4039
Harvey (2017),50,-0.27655310621242446,0.06406175265719966,1.8482638600587176,4039
Harvey (2017),50,-0.24849699398797576,0.06675948501192322,1.8482638600587176,4039
Harvey (2017),50,-0.22044088176352705,0.06952533996201445,1.8482638600587176,4039
Harvey (2017),50,-0.19238476953907835,0.0723602269329515,1.8482638600587176,4039
Harvey (2017),50,-0.16432865731462876,0.07526426075188543,1.8482638600587176,4039
Harvey (2017),50,-0.13627254509018005,0.07823683676004974,1.8482638600587176,4039
Harvey (2017),50,-0.10821643286573135,0.08127686348910183,1.8482638600587176,4039
Harvey (2017),50,-0.08016032064128265,0.08438314242689829,1.8482638600587176,4039
Harvey (2017),50,-0.05210420841683394,0.08755486527884059,1.8482638600587176,4039
Harvey (2017),50,-0.02404809619238435,0.09079218312842965,1.8482638600587176,4039
Harvey (2017),50,0.004008016032064354,0.09409679108563196,1.8482638600587176,4039
Harvey (2017),50,0.03206412825651306,0.09747246760606615,1.8482638600587176,4039
Harvey (2017),50,0.06012024048096176,0.1009255098800788,1.8482638600587176,4039
Harvey (2017),50,0.08817635270541047,0.10446501476995104,1.8482638600587176,4039
Harvey (2017),50,0.11623246492986006,0.10810296721364553,1.8482638600587176,4039
Harvey (2017),50,0.14428857715430876,0.11185411292875595,1.8482638600587176,4039
Harvey (2017),50,0.17234468937875747,0.11573560777746525,1.8482638600587176,4039
Harvey (2017),50,0.20040080160320617,0.11976645080874004,1.8482638600587176,4039
Harvey (2017),50,0.22845691382765576,0.1239667208973517,1.8482638600587176,4039
Harvey (2017),50,0.25651302605210446,0.12835664781488476,1.8482638600587176,4039
Harvey (2017),50,0.28456913827655317,0.13295555776154896,1.8482638600587176,4039
Harvey (2017),50,0.3126252505010019,0.1377807413462117,1.8482638600587176,4039
Harvey (2017),50,0.3406813627254506,0.1428462990990534,1.8482638600587176,4039
Harvey (2017),50,0.36873747494990017,0.1481620258078097,1.8482638600587176,4039
Harvey (2017),50,0.39679358717434887,0.15373239969919142,1.8482638600587176,4039
Harvey (2017),50,0.4248496993987976,0.15955574463324967,1.8482638600587176,4039
Harvey (2017),50,0.4529058116232463,0.16562363163299984,1.8482638600587176,4039
Harvey (2017),50,0.48096192384769587,0.17192057889484313,1.8482638600587176,4039
Harvey (2017),50,0.5090180360721446,0.17842409606094606,1.8482638600587176,4039
Harvey (2017),50,0.5370741482965933,0.185105098967355,1.8482638600587176,4039
Harvey (2017),50,0.565130260521042,0.19192869633728687,1.8482638600587176,4039
Harvey (2017),50,0.5931863727454907,0.19885532201626147,1.8482638600587176,4039
Harvey (2017),50,0.6212424849699403,0.20584215816881304,1.8482638600587176,4039
Harvey (2017),50,0.649298597194389,0.21284476954727607,1.8482638600587176,4039
Harvey (2017),50,0.6773547094188377,0.21981884950292704,1.8482638600587176,4039
Harvey (2017),50,0.7054108216432864,0.2267219671724651,1.8482638600587176,4039
Harvey (2017),50,0.7334669338677351,0.23351520353538463,1.8482638600587176,4039
Harvey (2017),50,0.7615230460921847,0.24016457188956003,1.8482638600587176,4039
Harvey (2017),50,0.7895791583166334,0.24664213466820661,1.8482638600587176,4039
Harvey (2017),50,0.8176352705410821,0.2529267514512905,1.8482638600587176,4039
Harvey (2017),50,0.8456913827655308,0.2590044200102289,1.8482638600587176,4039
Harvey (2017),50,0.8737474949899804,0.2648682006535111,1.8482638600587176,4039
Harvey (2017),50,0.9018036072144291,0.2705177416462283,1.8482638600587176,4039
Harvey (2017),50,0.9298597194388778,0.2759584481820619,1.8482638600587176,4039
Harvey (2017),50,0.9579158316633265,0.2812003580014357,1.8482638600587176,4039
Harvey (2017),50,0.9859719438877752,0.2862568025278674,1.8482638600587176,4039
Harvey (2017),50,1.0140280561122248,0.2911429429967822,1.8482638600587176,4039
Harvey (2017),50,1.0420841683366735,0.2958742763721739,1.8482638600587176,4039
Harvey (2017),50,1.0701402805611222,0.30046520586764114,1.8482638600587176,4039
Harvey (2017),50,1.098196392785571,0.3049277655990146,1.8482638600587176,4039
Harvey (2017),50,1.1262525050100205,0.30927057830948196,1.8482638600587176,4039
Harvey (2017),50,1.1543086172344692,0.3134981093606703,1.8482638600587176,4039
Harvey (2017),50,1.182364729458918,0.31761025968902007,1.8482638600587176,4039
Harvey (2017),50,1.2104208416833666,0.3216023160370914,1.8482638600587176,4039
Harvey (2017),50,1.2384769539078153,0.3254652498876287,1.8482638600587176,4039
Harvey (2017),50,1.266533066132265,0.32918632912674933,1.8482638600587176,4039
Harvey (2017),50,1.2945891783567136,0.3327499809793459,1.8482638600587176,4039
Harvey (2017),50,1.3226452905811623,0.3361388238578369,1.8482638600587176,4039
Harvey (2017),50,1.350701402805611,0.33933477198810863,1.8482638600587176,4039
Harvey (2017),50,1.3787575150300606,0.3423201120374596,1.8482638600587176,4039
Harvey (2017),50,1.4068136272545093,0.3450784565574303,1.8482638600587176,4039
Harvey (2017),50,1.434869739478958,0.347595494728381,1.8482638600587176,4039
Harvey (2017),50,1.4629258517034067,0.3498594851480523,1.8482638600587176,4039
Harvey (2017),50,1.4909819639278554,0.35186146546402636,1.8482638600587176,4039
Harvey (2017),50,1.519038076152305,0.35359518578356597,1.8482638600587176,4039
Harvey (2017),50,1.5470941883767537,0.35505680286176167,1.8482638600587176,4039
Harvey (2017),50,1.5751503006012024,0.3562443961648721,1.8482638600587176,4039
Harvey (2017),50,1.6032064128256511,0.3571573820159541,1.8482638600587176,4039
Harvey (2017),50,1.6312625250501007,0.3577959065544255,1.8482638600587176,4039
Harvey (2017),50,1.6593186372745494,0.3581602922700765,1.8482638600587176,4039
Harvey (2017),50,1.6873747494989981,0.35825059814325627,1.8482638600587176,4039
Harvey (2017),50,1.7154308617234468,0.35806633295824575,1.8482638600587176,4039
Harvey (2017),50,1.7434869739478955,0.35760633884622295,1.8482638600587176,4039
Harvey (2017),50,1.7715430861723451,0.3568688411775282,1.8482638600587176,4039
Harvey (2017),50,1.7995991983967938,0.35585164441331973,1.8482638600587176,4039
Harvey (2017),50,1.8276553106212425,0.3545524430295513,1.8482638600587176,4039
Harvey (2017),50,1.8557114228456912,0.3529692122684657,1.8482638600587176,4039
Harvey (2017),50,1.88376753507014,0.35110064407587993,1.8482638600587176,4039
Harvey (2017),50,1.9118236472945895,0.34894659711543274,1.8482638600587176,4039
Harvey (2017),50,1.9398797595190382,0.3465085339617802,1.8482638600587176,4039
Harvey (2017),50,1.967935871743487,0.3437899216370772,1.8482638600587176,4039
Harvey (2017),50,1.9959919839679356,0.3407965726662877,1.8482638600587176,4039
Harvey (2017),50,2.0240480961923843,0.33753690303251377,1.8482638600587176,4039
Harvey (2017),50,2.052104208416834,0.33402208210446227,1.8482638600587176,4039
Harvey (2017),50,2.0801603206412835,0.3302660497238663,1.8482638600587176,4039
Harvey (2017),50,2.1082164328657313,0.3262853791791963,1.8482638600587176,4039
Harvey (2017),50,2.136272545090181,0.3220989731827646,1.8482638600587176,4039
Harvey (2017),50,2.1643286573146288,0.3177275935632079,1.8482638600587176,4039
Harvey (2017),50,2.1923847695390783,0.31319324319816827,1.8482638600587176,4039
Harvey (2017),50,2.220440881763528,0.3085184384721068,1.8482638600587176,4039
Harvey (2017),50,2.2484969939879758,0.30372542905785493,1.8482638600587176,4039
Harvey (2017),50,2.2765531062124253,0.2988354355621315,1.8482638600587176,4039
Harvey (2017),50,2.304609218436873,0.2938679813858509,1.8482638600587176,4039
Harvey (2017),50,2.3326653306613228,0.2888403908958917,1.8482638600587176,4039
Harvey (2017),50,2.3607214428857723,0.2837675110693327,1.8482638600587176,4039
Harvey (2017),50,2.38877755511022,0.27866168928195456,1.8482638600587176,4039
Harvey (2017),50,2.4168336673346698,0.27353300866812874,1.8482638600587176,4039
Harvey (2017),50,2.4448897795591176,0.2683897485835205,1.8482638600587176,4039
Harvey (2017),50,2.472945891783567,0.26323900597634287,1.8482638600587176,4039
Harvey (2017),50,2.5010020040080168,0.25808738873244663,1.8482638600587176,4039
Harvey (2017),50,2.5290581162324646,0.2529416783732356,1.8482638600587176,4039
Harvey (2017),50,2.557114228456914,0.24780935952502706,1.8482638600587176,4039
Harvey (2017),50,2.585170340681362,0.2426989281552073,1.8482638600587176,4039
Harvey (2017),50,2.6132264529058116,0.23761991842896354,1.8482638600587176,4039
Harvey (2017),50,2.641282565130261,0.2325826259443565,1.8482638600587176,4039
Harvey (2017),50,2.669338677354709,0.2275975482133001,1.8482638600587176,4039
Harvey (2017),50,2.6973947895791586,0.22267460575225892,1.8482638600587176,4039
Harvey (2017),50,2.725450901803608,0.21782224302289951,1.8482638600587176,4039
Harvey (2017),50,2.753507014028056,0.21304653237879057,1.8482638600587176,4039
Harvey (2017),50,2.7815631262525056,0.2083504122460275,1.8482638600587176,4039
Harvey (2017),50,2.8096192384769534,0.20373318117572645,1.8482638600587176,4039
Harvey (2017),50,2.837675350701403,0.19919034273451627,1.8482638600587176,4039
Harvey (2017),50,2.8657314629258526,0.19471385541601605,1.8482638600587176,4039
Harvey (2017),50,2.8937875751503004,0.1902927918720361,1.8482638600587176,4039
Harvey (2017),50,2.92184368737475,0.18591435917566748,1.8482638600587176,4039
Harvey (2017),50,2.949899799599198,0.1815651834665268,1.8482638600587176,4039
Harvey (2017),50,2.9779559118236474,0.17723272470151882,1.8482638600587176,4039
Harvey (2017),50,3.006012024048097,0.17290666554018244,1.8482638600587176,4039
Harvey (2017),50,3.034068136272545,0.16858011579789237,1.8482638600587176,4039
Harvey (2017),50,3.0621242484969944,0.1642504910928519,1.8482638600587176,4039
Harvey (2017),50,3.090180360721442,0.15991995939862755,1.8482638600587176,4039
Harvey (2017),50,3.118236472945892,0.1555953979494441,1.8482638600587176,4039
Harvey (2017),50,3.1462925851703414,0.15128785928919608,1.8482638600587176,4039
Harvey (2017),50,3.174348697394789,0.14701160215679474,1.8482638600587176,4039
Harvey (2017),50,3.202404809619239,0.14278279322409473,1.8482638600587176,4039
Harvey (2017),50,3.2304609218436866,0.13861802316279068,1.8482638600587176,4039
Harvey (2017),50,3.258517034068136,0.13453280050320235,1.8482638600587176,4039
Harvey (2017),50,3.286573146292586,0.13054018692887323,1.8482638600587176,4039
Harvey (2017),50,3.3146292585170336,0.12664971826895022,1.8482638600587176,4039
Harvey (2017),50,3.342685370741483,0.12286671927077047,1.8482638600587176,4039
Harvey (2017),50,3.370741482965933,0.11919207214846869,1.8482638600587176,4039
Harvey (2017),50,3.3987975951903806,0.11562244523805135,1.8482638600587176,4039
Harvey (2017),50,3.42685370741483,0.11215093573091844,1.8482638600587176,4039
Harvey (2017),50,3.454909819639278,0.10876803590354306,1.8482638600587176,4039
Harvey (2017),50,3.4829659318637276,0.10546280074833198,1.8482638600587176,4039
Harvey (2017),50,3.511022044088177,0.10222407974581343,1.8482638600587176,4039
Harvey (2017),50,3.539078156312625,0.09904167770110808,1.8482638600587176,4039
Harvey (2017),50,3.5671342685370746,0.09590732775947357,1.8482638600587176,4039
Harvey (2017),50,3.5951903807615224,0.09281539054259266,1.8482638600587176,4039
Harvey (2017),50,3.623246492985972,0.08976323197968507,1.8482638600587176,4039
Harvey (2017),50,3.6513026052104216,0.08675127331648506,1.8482638600587176,4039
Harvey (2017),50,3.6793587174348694,0.083782744553009,1.8482638600587176,4039
Harvey (2017),50,3.707414829659319,0.08086320262394316,1.8482638600587176,4039
Harvey (2017),50,3.735470941883767,0.07799989485204589,1.8482638600587176,4039
Harvey (2017),50,3.7635270541082164,0.07520105518058438,1.8482638600587176,4039
Harvey (2017),50,3.791583166332666,0.07247521582732251,1.8482638600587176,4039
Harvey (2017),50,3.819639278557114,0.06983060228705502,1.8482638600587176,4039
Harvey (2017),50,3.8476953907815634,0.06727465819319159,1.8482638600587176,4039
Harvey (2017),50,3.8757515030060112,0.06481372219264833,1.8482638600587176,4039
Harvey (2017),50,3.903807615230461,0.062452855468141846,1.8482638600587176,4039
Harvey (2017),50,3.9318637274549104,0.06019579910143669,1.8482638600587176,4039
Harvey (2017),50,3.9599198396793582,0.058045027398803545,1.8482638600587176,4039
Harvey (2017),50,3.987975951903808,0.05600185768444921,1.8482638600587176,4039
Harvey (2017),50,4.016032064128257,0.05406657875170436,1.8482638600587176,4039
Harvey (2017),50,4.044088176352705,0.05223856788748086,1.8482638600587176,4039
Harvey (2017),50,4.072144288577155,0.050516378093748183,1.8482638600587176,4039
Harvey (2017),50,4.100200400801603,0.048897790354778335,1.8482638600587176,4039
Harvey (2017),50,4.128256513026052,0.04737983809009048,1.8482638600587176,4039
Harvey (2017),50,4.156312625250502,0.0459588202355237,1.8482638600587176,4039
Harvey (2017),50,4.18436873747495,0.044630324332519455,1.8482638600587176,4039
Harvey (2017),50,4.212424849699399,0.04338928103150889,1.8482638600587176,4039
Harvey (2017),50,4.240480961923847,0.04223006681819597,1.8482638600587176,4039
Harvey (2017),50,4.268537074148297,0.04114666355438459,1.8482638600587176,4039
Harvey (2017),50,4.296593186372746,0.04013287308768557,1.8482638600587176,4039
Harvey (2017),50,4.324649298597194,0.039182574457474854,1.8482638600587176,4039
Harvey (2017),50,4.352705410821644,0.038290001800833036,1.8482638600587176,4039
Harvey (2017),50,4.3807615230460915,0.03745001436689319,1.8482638600587176,4039
Harvey (2017),50,4.408817635270541,0.03665832707241168,1.8482638600587176,4039
Harvey (2017),50,4.436873747494991,0.035911671243115874,1.8482638600587176,4039
Harvey (2017),50,4.4649298597194385,0.03520786051085223,1.8482638600587176,4039
Harvey (2017),50,4.492985971943888,0.03454574570365084,1.8482638600587176,4039
Harvey (2017),50,4.521042084168338,0.03392505399050548,1.8482638600587176,4039
Harvey (2017),50,4.5490981963927855,0.03334612024459555,1.8482638600587176,4039
Harvey (2017),50,4.577154308617235,0.032809531124661256,1.8482638600587176,4039
Harvey (2017),50,4.605210420841683,0.03231571328261301,1.8482638600587176,4039
Harvey (2017),50,4.6332665330661325,0.03186450505597539,1.8482638600587176,4039
Harvey (2017),50,4.661322645290582,0.03145475494598066,1.8482638600587176,4039
Harvey (2017),50,4.68937875751503,0.031083989480504944,1.8482638600587176,4039
Harvey (2017),50,4.7174348697394795,0.030748187599872093,1.8482638600587176,4039
Harvey (2017),50,4.745490981963927,0.030441688941265897,1.8482638600587176,4039
Harvey (2017),50,4.773547094188377,0.030157250351441182,1.8482638600587176,4039
Harvey (2017),50,4.8016032064128265,0.02988625010768108,1.8482638600587176,4039
Harvey (2017),50,4.829659318637274,0.029619024440725353,1.8482638600587176,4039
Harvey (2017),50,4.857715430861724,0.029345307848263186,1.8482638600587176,4039
Harvey (2017),50,4.885771543086172,0.029054738967161525,1.8482638600587176,4039
Harvey (2017),50,4.913827655310621,0.028737388579423727,1.8482638600587176,4039
Harvey (2017),50,4.941883767535071,0.02838426615906037,1.8482638600587176,4039
Harvey (2017),50,4.969939879759519,0.027987765997401506,1.8482638600587176,4039
Harvey (2017),50,4.997995991983968,0.027542022462679668,1.8482638600587176,4039
Harvey (2017),50,5.026052104208416,0.02704315492523723,1.8482638600587176,4039
Harvey (2017),50,5.054108216432866,0.02648939461588478,1.8482638600587176,4039
Harvey (2017),50,5.082164328657315,0.02588109651810213,1.8482638600587176,4039
Harvey (2017),50,5.110220440881763,0.025220647978603412,1.8482638600587176,4039
Harvey (2017),50,5.138276553106213,0.024512291240269123,1.8482638600587176,4039
Harvey (2017),50,5.166332665330662,0.023761879374952232,1.8482638600587176,4039
Harvey (2017),50,5.19438877755511,0.022976584545799806,1.8482638600587176,4039
Harvey (2017),50,5.22244488977956,0.02216457504434988,1.8482638600587176,4039
Harvey (2017),50,5.2505010020040075,0.02133467424277067,1.8482638600587176,4039
Harvey (2017),50,5.278557114228457,0.02049601156346284,1.8482638600587176,4039
Harvey (2017),50,5.306613226452907,0.019657673621691164,1.8482638600587176,4039
Harvey (2017),50,5.3346693386773545,0.018828363245370714,1.8482638600587176,4039
Harvey (2017),50,5.362725450901804,0.018016075046872738,1.8482638600587176,4039
Harvey (2017),50,5.390781563126252,0.017227798120145615,1.8482638600587176,4039
Harvey (2017),50,5.4188376753507015,0.016469258489968906,1.8482638600587176,4039
Harvey (2017),50,5.446893787575151,0.0157447152936095,1.8482638600587176,4039
Harvey (2017),50,5.474949899799599,0.015056824591487288,1.8482638600587176,4039
Harvey (2017),50,5.5030060120240485,0.014406582726063323,1.8482638600587176,4039
Harvey (2017),50,5.531062124248496,0.01379335719341213,1.8482638600587176,4039
Harvey (2017),50,5.559118236472946,0.013215007359041622,1.8482638600587176,4039
Harvey (2017),50,5.5871743486973955,0.012668090653749553,1.8482638600587176,4039
Harvey (2017),50,5.615230460921843,0.012148142936441782,1.8482638600587176,4039
Harvey (2017),50,5.643286573146293,0.011650015367418578,1.8482638600587176,4039
Harvey (2017),50,5.6713426853707425,0.011168245166203523,1.8482638600587176,4039
Harvey (2017),50,5.69939879759519,0.010697434604262195,1.8482638600587176,4039
Harvey (2017),50,5.72745490981964,0.01023261181884947,1.8482638600587176,4039
Harvey (2017),50,5.755511022044088,0.009769548572662407,1.8482638600587176,4039
Harvey (2017),50,5.783567134268537,0.009305013723400144,1.8482638600587176,4039
Harvey (2017),50,5.811623246492987,0.008836946513922396,1.8482638600587176,4039
Harvey (2017),50,5.839679358717435,0.00836454032410568,1.8482638600587176,4039
Harvey (2017),50,5.867735470941884,0.00788823464804007,1.8482638600587176,4039
Harvey (2017),50,5.895791583166332,0.0074096201674043564,1.8482638600587176,4039
Harvey (2017),50,5.923847695390782,0.006931268302957342,1.8482638600587176,4039
Harvey (2017),50,5.951903807615231,0.006456502021989631,1.8482638600587176,4039
Harvey (2017),50,5.979959919839679,0.005989128533954776,1.8482638600587176,4039
Harvey (2017),50,6.008016032064129,0.0055331565157807384,1.8482638600587176,4039
Harvey (2017),50,6.0360721442885765,0.005092520520210622,1.8482638600587176,4039
Harvey (2017),50,6.064128256513026,0.004670833257079321,1.8482638600587176,4039
Harvey (2017),50,6.092184368737476,0.004271182707098916,1.8482638600587176,4039
Harvey (2017),50,6.1202404809619235,0.0038959859188282893,1.8482638600587176,4039
Harvey (2017),50,6.148296593186373,0.003546905391109642,1.8482638600587176,4039
Harvey (2017),50,6.176352705410821,0.003224827792254301,1.8482638600587176,4039
Harvey (2017),50,6.2044088176352705,0.0029298990760208577,1.8482638600587176,4039
Harvey (2017),50,6.23246492985972,0.0026616054280932722,1.8482638600587176,4039
Harvey (2017),50,6.260521042084168,0.0024188863828276926,1.8482638600587176,4039
Harvey (2017),50,6.2885771543086175,0.002200265153834901,1.8482638600587176,4039
Harvey (2017),50,6.316633266533067,0.0020039817500199612,1.8482638600587176,4039
Harvey (2017),50,6.344689378757515,0.0018281165874773247,1.8482638600587176,4039
Harvey (2017),50,6.3727454909819645,0.001670695639165619,1.8482638600587176,4039
Harvey (2017),50,6.400801603206412,0.0015297721333848002,1.8482638600587176,4039
Harvey (2017),50,6.428857715430862,0.001403483814055343,1.8482638600587176,4039
Harvey (2017),50,6.4569138276553115,0.0012900882495994472,1.8482638600587176,4039
Harvey (2017),50,6.484969939879759,0.0011879811880301419,1.8482638600587176,4039
Harvey (2017),50,6.513026052104209,0.001095704253264886,1.8482638600587176,4039
Harvey (2017),50,6.541082164328657,0.0010119483202862274,1.8482638600587176,4039
Harvey (2017),50,6.569138276553106,0.0009355578505003525,1.8482638600587176,4039
Harvey (2017),50,6.597194388777556,0.000865539623007526,1.8482638600587176,4039
Harvey (2017),50,6.625250501002004,0.0008010770597232446,1.8482638600587176,4039
Harvey (2017),50,6.653306613226453,0.0007415491229060065,1.8482638600587176,4039
Harvey (2017),50,6.681362725450901,0.000686550917836468,1.8482638600587176,4039
Harvey (2017),50,6.709418837675351,0.0006359119102347379,1.8482638600587176,4039
Harvey (2017),50,6.7374749498998,0.0005897071852461272,1.8482638600587176,4039
Harvey (2017),50,6.765531062124248,0.0005482574209899961,1.8482638600587176,4039
Harvey (2017),50,6.793587174348698,0.0005121141095470213,1.8482638600587176,4039
Harvey (2017),50,6.821643286573146,0.0004820278533772125,1.8482638600587176,4039
Harvey (2017),50,6.849699398797595,0.0004588990983930409,1.8482638600587176,4039
Harvey (2017),50,6.877755511022045,0.00044371225878020557,1.8482638600587176,4039
Harvey (2017),50,6.905811623246493,0.0004374557093572227,1.8482638600587176,4039
Harvey (2017),50,6.933867735470942,0.0004410314848120875,1.8482638600587176,4039
Harvey (2017),50,6.961923847695392,0.0004551596868969815,1.8482638600587176,4039
Harvey (2017),50,6.98997995991984,0.00048028353370033146,1.8482638600587176,4039
Harvey (2017),50,7.018036072144289,0.0005164816559307195,1.8482638600587176,4039
Harvey (2017),50,7.046092184368737,0.0005633945952897727,1.8482638600587176,4039
Harvey (2017),50,7.074148296593187,0.0006201724009418342,1.8482638600587176,4039
Harvey (2017),50,7.102204408817636,0.000685449644622833,1.8482638600587176,4039
Harvey (2017),50,7.130260521042084,0.0007573529840752072,1.8482638600587176,4039
Harvey (2017),50,7.158316633266534,0.000833544543861611,1.8482638600587176,4039
Harvey (2017),50,7.186372745490981,0.0009113018792465664,1.8482638600587176,4039
Harvey (2017),50,7.214428857715431,0.0009876322780383836,1.8482638600587176,4039
Harvey (2017),50,7.242484969939881,0.0010594158882181331,1.8482638600587176,4039
Harvey (2017),50,7.270541082164328,0.0011235689858166695,1.8482638600587176,4039
Harvey (2017),50,7.298597194388778,0.0011772160246619435,1.8482638600587176,4039
Harvey (2017),50,7.326653306613226,0.001217857339842682,1.8482638600587176,4039
Harvey (2017),50,7.354709418837675,0.0012435188385419586,1.8482638600587176,4039
Harvey (2017),50,7.382765531062125,0.0012528708950909346,1.8482638600587176,4039
Harvey (2017),50,7.410821643286573,0.001245305976727706,1.8482638600587176,4039
Harvey (2017),50,7.438877755511022,0.0012209680661819228,1.8482638600587176,4039
Harvey (2017),50,7.46693386773547,0.0011807313367011587,1.8482638600587176,4039
Harvey (2017),50,7.49498997995992,0.0011261302612800665,1.8482638600587176,4039
Harvey (2017),50,7.523046092184369,0.001059247829550301,1.8482638600587176,4039
Harvey (2017),50,7.551102204408817,0.0009825722604038711,1.8482638600587176,4039
Harvey (2017),50,7.579158316633267,0.0008988351036657964,1.8482638600587176,4039
Harvey (2017),50,7.607214428857716,0.0008108446607845029,1.8482638600587176,4039
Harvey (2017),50,7.635270541082164,0.0007213281692788837,1.8482638600587176,4039
Harvey (2017),50,7.663326653306614,0.000632794339489227,1.8482638600587176,4039
Harvey (2017),50,7.691382765531062,0.0005474249258818454,1.8482638600587176,4039
Harvey (2017),50,7.719438877755511,0.00046700049066637544,1.8482638600587176,4039
Harvey (2017),50,7.747494989979961,0.0003928618462160156,1.8482638600587176,4039
Harvey (2017),50,7.775551102204409,0.0003259052846701311,1.8482638600587176,4039
Harvey (2017),50,7.803607214428858,0.0002666069680769185,1.8482638600587176,4039
Harvey (2017),50,7.831663326653306,0.00021506998268438495,1.8482638600587176,4039
Harvey (2017),50,7.859719438877756,0.00017108663763299058,1.8482638600587176,4039
Harvey (2017),50,7.887775551102205,0.00013420856132085682,1.8482638600587176,4039
Harvey (2017),50,7.915831663326653,0.00010381786499103084,1.8482638600587176,4039
Harvey (2017),50,7.943887775551103,7.919388515454252e-05,1.8482638600587176,4039
Harvey (2017),50,7.97194388777555,5.957154378987243e-05,1.8482638600587176,4039
Harvey (2017),50,8.0,4.418895112823583e-05,1.8482638600587176,4039
Harvey (2017),100,-6.0,8.206934725876284e-30,1.4678473785213595,3116
Harvey (2017),100,-5.971943887775551,3.5352514252800644e-29,1.4678473785213595,3116
Harvey (2017),100,-5.943887775551103,1.4955106547448335e-28,1.4678473785213595,3116
Harvey (2017),100,-5.915831663326653,6.212817502824568e-28,1.4678473785213595,3116
Harvey (2017),100,-5.887775551102204,2.534647461783184e-27,1.4678473785213595,3116
Harvey (2017),100,-5.859719438877756,1.0154917779438083e-26,1.4678473785213595,3116
Harvey (2017),100,-5.831663326653307,3.995444884773016e-26,1.4678473785213595,3116
Harvey (2017),100,-5.803607214428857,1.5437741449130855e-25,1.4678473785213595,3116
Harvey (2017),100,-5.775551102204409,5.857769395839874e-25,1.4678473785213595,3116
Harvey (2017),100,-5.74749498997996,2.1827835385898334e-24,1.4678473785213595,3116
Harvey (2017),100,-5.719438877755511,7.987648846579838e-24,1.4678473785213595,3116
Harvey (2017),100,-5.6913827655310625,2.870497398147305e-23,1.4678473785213595,3116
Harvey (2017),100,-5.663326653306613,1.0130368770386462e-22,1.4678473785213595,3116
Harvey (2017),100,-5.635270541082164,3.5109388256761265e-22,1.4678473785213595,3116
Harvey (2017),100,-5.6072144288577155,1.1949539979992623e-21,1.4678473785213595,3116
Harvey (2017),100,-5.579158316633267,3.994008969877156e-21,1.4678473785213595,3116
Harvey (2017),100,-5.551102204408817,1.3109822753300201e-20,1.4678473785213595,3116
Harvey (2017),100,-5.5230460921843685,4.2258546050343826e-20,1.4678473785213595,3116
Harvey (2017),100,-5.49498997995992,1.3377108252656618e-19,1.4678473785213595,3116
Harvey (2017),100,-5.466933867735471,4.1585306743507774e-19,1.4678473785213595,3116
Harvey (2017),100,-5.438877755511022,1.2695434623815477e-18,1.4678473785213595,3116
Harvey (2017),100,-5.410821643286573,3.806144367425577e-18,1.4678473785213595,3116
Harvey (2017),100,-5.382765531062124,1.120606115143736e-17,1.4678473785213595,3116
Harvey (2017),100,-5.354709418837675,3.240043188566215e-17,1.4678473785213595,3116
Harvey (2017),100,-5.326653306613227,9.199807278078919e-17,1.4678473785213595,3116
Harvey (2017),100,-5.298597194388778,2.565292112227103e-16,1.4678473785213595,3116
Harvey (2017),100,-5.270541082164328,7.024657316880148e-16,1.4678473785213595,3116
Harvey (2017),100,-5.24248496993988,1.8890512776214948e-15,1.4678473785213595,3116
Harvey (2017),100,-5.214428857715431,4.988761197835906e-15,1.4678473785213595,3116
Harvey (2017),100,-5.186372745490982,1.2938148816476875e-14,1.4678473785213595,3116
Harvey (2017),100,-5.158316633266534,3.2952027160981137e-14,1.4678473785213595,3116
Harvey (2017),100,-5.130260521042084,8.241814418493853e-14,1.4678473785213595,3116
Harvey (2017),100,-5.102204408817635,2.0243909229870594e-13,1.4678473785213595,3116
Harvey (2017),100,-5.074148296593187,4.883115231385328e-13,1.4678473785213595,3116
Harvey (2017),100,-5.046092184368737,1.1567268767137182e-12,1.4678473785213595,3116
Harvey (2017),100,-5.018036072144288,2.690891613170651e-12,1.4678473785213595,3116
Harvey (2017),100,-4.98997995991984,6.147427570810047e-12,1.4678473785213595,3116
Harvey (2017),100,-4.961923847695391,1.3791860133364132e-11,1.4678473785213595,3116
Harvey (2017),100,-4.933867735470942,3.038679650557078e-11,1.4678473785213595,3116
Harvey (2017),100,-4.905811623246493,6.574763951091443e-11,1.4678473785213595,3116
Harvey (2017),100,-4.877755511022044,1.397041193071002e-10,1.4678473785213595,3116
Harvey (2017),100,-4.849699398797595,2.9152298326698517e-10,1.4678473785213595,3116
Harvey (2017),100,-4.8216432865731464,5.97409069238877e-10,1.4678473785213595,3116
Harvey (2017),100,-4.793587174348698,1.2022846349622303e-09,1.4678473785213595,3116
Harvey (2017),100,-4.765531062124248,2.376186395587206e-09,1.4678473785213595,3116
Harvey (2017),100,-4.7374749498997994,4.612038467075337e-09,1.4678473785213595,3116
Harvey (2017),100,-4.709418837675351,8.791162558599097e-09,1.4678473785213595,3116
Harvey (2017),100,-4.681362725450902,1.645670088181034e-08,1.4678473785213595,3116
Harvey (2017),100,-4.653306613226453,3.0254140118944316e-08,1.4678473785213595,3116
Harvey (2017),100,-4.625250501002004,5.462298112502135e-08,1.4678473785213595,3116
Harvey (2017),100,-4.597194388777555,9.685411236617818e-08,1.4678473785213595,3116
Harvey (2017),100,-4.569138276553106,1.6866191219522048e-07,1.4678473785213595,3116
Harvey (2017),100,-4.541082164328657,2.8845446468432984e-07,1.4678473785213595,3116
Harvey (2017),100,-4.513026052104209,4.84512240790647e-07,1.4678473785213595,3116
Harvey (2017),100,-4.484969939879759,7.99294021589144e-07,1.4678473785213595,3116
Harvey (2017),100,-4.456913827655311,1.2950636700429986e-06,1.4678473785213595,3116
Harvey (2017),100,-4.428857715430862,2.0609546671196674e-06,1.4678473785213595,3116
Harvey (2017),100,-4.400801603206412,3.221442888941007e-06,1.4678473785213595,3116
Harvey (2017),100,-4.372745490981964,4.945967788994584e-06,1.4678473785213595,3116
Harvey (2017),100,-4.344689378757515,7.459124092513106e-06,1.4678473785213595,3116
Harvey (2017),100,-4.316633266533066,1.1050453876523199e-05,1.4678473785213595,3116
Harvey (2017),100,-4.2885771543086175,1.6082440229324656e-05,1.4678473785213595,3116
Harvey (2017),100,-4.260521042084168,2.299490447248346e-05,1.4678473785213595,3116
Harvey (2017),100,-4.232464929859719,3.230373192423362e-05,1.4678473785213595,3116
Harvey (2017),100,-4.2044088176352705,4.459180673287529e-05,1.4678473785213595,3116
Harvey (2017),100,-4.176352705410822,6.0490333993686134e-05,1.4678473785213595,3116
Harvey (2017),100,-4.148296593186373,8.06494493183414e-05,1.4678473785213595,3116
Harvey (2017),100,-4.1202404809619235,0.00010569818576095378,1.4678473785213595,3116
Harvey (2017),100,-4.092184368737475,0.00013619542158398472,1.4678473785213595,3116
Harvey (2017),100,-4.064128256513026,0.00017257520096139426,1.4678473785213595,3116
Harvey (2017),100,-4.036072144288577,0.00021509153282764127,1.4678473785213595,3116
Harvey (2017),100,-4.008016032064129,0.00026376908861239175,1.4678473785213595,3116
Harvey (2017),100,-3.979959919839679,0.00031836678189260626,1.4678473785213595,3116
Harvey (2017),100,-3.9519038076152304,0.00037836073133224845,1.4678473785213595,3116
Harvey (2017),100,-3.9238476953907817,0.00044295144061538,1.4678473785213595,3116
Harvey (2017),100,-3.8957915831663326,0.0005110972497499064,1.4678473785213595,3116
Harvey (2017),100,-3.867735470941884,0.000581572541553183,1.4678473785213595,3116
Harvey (2017),100,-3.8396793587174347,0.0006530453671753208,1.4678473785213595,3116
Harvey (2017),100,-3.811623246492986,0.0007241657650475643,1.4678473785213595,3116
Harvey (2017),100,-3.783567134268537,0.000793653775838264,1.4678473785213595,3116
Harvey (2017),100,-3.755511022044088,0.0008603755449110024,1.4678473785213595,3116
Harvey (2017),100,-3.7274549098196395,0.000923397216617015,1.4678473785213595,3116
Harvey (2017),100,-3.6993987975951903,0.000982009461558037,1.4678473785213595,3116
Harvey (2017),100,-3.6713426853707416,0.001035719970840855,1.4678473785213595,3116
Harvey (2017),100,-3.6432865731462925,0.001084216345137551,1.4678473785213595,3116
Harvey (2017),100,-3.6152304609218437,0.0011273066086118207,1.4678473785213595,3116
Harvey (2017),100,-3.5871743486973946,0.0011648482425689409,1.4678473785213595,3116
Harvey (2017),100,-3.559118236472946,0.0011966785339528792,1.4678473785213595,3116
Harvey (2017),100,-3.531062124248497,0.0012225588798463827,1.4678473785213595,3116
Harvey (2017),100,-3.503006012024048,0.001242143566839641,1.4678473785213595,3116
Harvey (2017),100,-3.4749498997995993,0.0012549798692112518,1.4678473785213595,3116
Harvey (2017),100,-3.44689378757515,0.0012605417169925007,1.4678473785213595,3116
Harvey (2017),100,-3.4188376753507015,0.001258294386761989,1.4678473785213595,3116
Harvey (2017),100,-3.3907815631262523,0.001247783322060361,1.4678473785213595,3116
Harvey (2017),100,-3.3627254509018036,0.001228736804721123,1.4678473785213595,3116
Harvey (2017),100,-3.3346693386773545,0.0012011700893992752,1.4678473785213595,3116
Harvey (2017),100,-3.306613226452906,0.001165477911079357,1.4678473785213595,3116
Harvey (2017),100,-3.278557114228457,0.0011225029590305234,1.4678473785213595,3116
Harvey (2017),100,-3.250501002004008,0.0010735698542314615,1.4678473785213595,3116
Harvey (2017),100,-3.2224448897795592,0.0010204771731118284,1.4678473785213595,3116
Harvey (2017),100,-3.19438877755511,0.0009654438771513055,1.4678473785213595,3116
Harvey (2017),100,-3.1663326653306614,0.0009110108338943803,1.4678473785213595,3116
Harvey (2017),100,-3.1382765531062122,0.0008599025990786532,1.4678473785213595,3116
Harvey (2017),100,-3.1102204408817635,0.0008148588801299881,1.4678473785213595,3116
Harvey (2017),100,-3.0821643286573144,0.0007784487109530577,1.4678473785213595,3116
Harvey (2017),100,-3.0541082164328657,0.00075288295395105,1.4678473785213595,3116
Harvey (2017),100,-3.026052104208417,0.000739841996777666,1.4678473785213595,3116
Harvey (2017),100,-2.997995991983968,0.0007403352332296568,1.4678473785213595,3116
Harvey (2017),100,-2.969939879759519,0.0007546070592159038,1.4678473785213595,3116
Harvey (2017),100,-2.94188376753507,0.000782100778210819,1.4678473785213595,3116
Harvey (2017),100,-2.9138276553106213,0.0008214872395893571,1.4678473785213595,3116
Harvey (2017),100,-2.885771543086172,0.0008707595857776471,1.4678473785213595,3116
Harvey (2017),100,-2.8577154308617234,0.0009273895986580318,1.4678473785213595,3116
Harvey (2017),100,-2.8296593186372747,0.0009885352967339408,1.4678473785213595,3116
Harvey (2017),100,-2.8016032064128256,0.0010512841426822048,1.4678473785213595,3116
Harvey (2017),100,-2.773547094188377,0.0011129119662968846,1.4678473785213595,3116
Harvey (2017),100,-2.7454909819639277,0.0011711349449432253,1.4678473785213595,3116
Harvey (2017),100,-2.717434869739479,0.0012243311015920225,1.4678473785213595,3116
Harvey (2017),100,-2.68937875751503,0.0012717090646849009,1.4678473785213595,3116
Harvey (2017),100,-2.661322645290581,0.0013134054178837971,1.4678473785213595,3116
Harvey (2017),100,-2.6332665330661325,0.0013504977781441407,1.4678473785213595,3116
Harvey (2017),100,-2.6052104208416833,0.0013849284474759904,1.4678473785213595,3116
Harvey (2017),100,-2.5771543086172346,0.001419342469099346,1.4678473785213595,3116
Harvey (2017),100,-2.5490981963927855,0.0014568532832785646,1.4678473785213595,3116
Harvey (2017),100,-2.5210420841683367,0.0015007578034818727,1.4678473785213595,3116
Harvey (2017),100,-2.4929859719438876,0.0015542294069530473,1.4678473785213595,3116
Harvey (2017),100,-2.464929859719439,0.0016200209307467323,1.4678473785213595,3116
Harvey (2017),100,-2.4368737474949898,0.0017002094641778856,1.4678473785213595,3116
Harvey (2017),100,-2.408817635270541,0.0017960102229622676,1.4678473785213595,3116
Harvey (2017),100,-2.3807615230460923,0.0019076784314176907,1.4678473785213595,3116
Harvey (2017),100,-2.352705410821643,0.002034506979432401,1.4678473785213595,3116
Harvey (2017),100,-2.3246492985971945,0.00217491530914212,1.4678473785213595,3116
Harvey (2017),100,-2.2965931863727453,0.002326613516062663,1.4678473785213595,3116
Harvey (2017),100,-2.2685370741482966,0.0024868169946086595,1.4678473785213595,3116
Harvey (2017),100,-2.2404809619238475,0.0026524826627845966,1.4678473785213595,3116
Harvey (2017),100,-2.212424849699399,0.002820538617542185,1.4678473785213595,3116
Harvey (2017),100,-2.1843687374749496,0.002988084738831203,1.4678473785213595,3116
Harvey (2017),100,-2.156312625250501,0.0031525509891396253,1.4678473785213595,3116
Harvey (2017),100,-2.1282565130260522,0.0033118108579453546,1.4678473785213595,3116
Harvey (2017),100,-2.100200400801603,0.0034642571173990914,1.4678473785213595,3116
Harvey (2017),100,-2.0721442885771544,0.00360885350462742,1.4678473785213595,3116
Harvey (2017),100,-2.0440881763527052,0.0037451775675143057,1.4678473785213595,3116
Harvey (2017),100,-2.0160320641282565,0.0038734662763212813,1.4678473785213595,3116
Harvey (2017),100,-1.9879759519038078,0.0039946679812373105,1.4678473785213595,3116
Harvey (2017),100,-1.9599198396793582,0.0041104939160792045,1.4678473785213595,3116
Harvey (2017),100,-1.9318637274549095,0.004223452482174935,1.4678473785213595,3116
Harvey (2017),100,-1.9038076152304608,0.004336842882439854,1.4678473785213595,3116
Harvey (2017),100,-1.8757515030060121,0.004454683628961085,1.4678473785213595,3116
Harvey (2017),100,-1.8476953907815634,0.00458155716219601,1.4678473785213595,3116
Harvey (2017),100,-1.8196392785571138,0.004722363910181924,1.4678473785213595,3116
Harvey (2017),100,-1.7915831663326651,0.004881995642124901,1.4678473785213595,3116
Harvey (2017),100,-1.7635270541082164,0.005064955773614235,1.4678473785213595,3116
Harvey (2017),100,-1.7354709418837677,0.005274969616802852,1.4678473785213595,3116
Harvey (2017),100,-1.707414829659319,0.00551463691090952,1.4678473785213595,3116
Harvey (2017),100,-1.6793587174348694,0.005785179797394741,1.4678473785213595,3116
Harvey (2017),100,-1.6513026052104207,0.006086330810379869,1.4678473785213595,3116
Harvey (2017),100,-1.623246492985972,0.006416388401442055,1.4678473785213595,3116
Harvey (2017),100,-1.5951903807615233,0.006772444709061279,1.4678473785213595,3116
Harvey (2017),100,-1.5671342685370737,0.0071507656296502945,1.4678473785213595,3116
Harvey (2017),100,-1.539078156312625,0.007547281082940707,1.4678473785213595,3116
Harvey (2017),100,-1.5110220440881763,0.007958127560363425,1.4678473785213595,3116
Harvey (2017),100,-1.4829659318637276,0.00838017823350315,1.4678473785213595,3116
Harvey (2017),100,-1.454909819639279,0.008811498980506741,1.4678473785213595,3116
Harvey (2017),100,-1.4268537074148293,0.009251680718264176,1.4678473785213595,3116
Harvey (2017),100,-1.3987975951903806,0.009702016904870596,1.4678473785213595,3116
Harvey (2017),100,-1.370741482965932,0.010165516533448146,1.4678473785213595,3116
Harvey (2017),100,-1.3426853707414832,0.010646763697383986,1.4678473785213595,3116
Harvey (2017),100,-1.3146292585170336,0.011151651714321729,1.4678473785213595,3116
Harvey (2017),100,-1.286573146292585,0.011687030774024524,1.4678473785213595,3116
Harvey (2017),100,-1.2585170340681362,0.012260312388385278,1.4678473785213595,3116
Harvey (2017),100,-1.2304609218436875,0.012879072128052399,1.4678473785213595,3116
Harvey (2017),100,-1.2024048096192388,0.013550685759568757,1.4678473785213595,3116
Harvey (2017),100,-1.1743486973947892,0.01428202496473323,1.4678473785213595,3116
Harvey (2017),100,-1.1462925851703405,0.015079229305687395,1.4678473785213595,3116
Harvey (2017),100,-1.1182364729458918,0.015947562495100584,1.4678473785213595,3116
Harvey (2017),100,-1.090180360721443,0.01689135411092627,1.4678473785213595,3116
Harvey (2017),100,-1.0621242484969944,0.017914022669793927,1.4678473785213595,3116
Harvey (2017),100,-1.0340681362725448,0.01901817187436989,1.4678473785213595,3116
Harvey (2017),100,-1.006012024048096,0.020205748063559847,1.4678473785213595,3116
Harvey (2017),100,-0.9779559118236474,0.021478242744434252,1.4678473785213595,3116
Harvey (2017),100,-0.9498997995991987,0.022836919365863708,1.4678473785213595,3116
Harvey (2017),100,-0.9218436873747491,0.024283038656275808,1.4678473785213595,3116
Harvey (2017),100,-0.8937875751503004,0.02581805297895898,1.4678473785213595,3116
Harvey (2017),100,-0.8657314629258517,0.02744373875450947,1.4678473785213595,3116
Harvey (2017),100,-0.837675350701403,0.029162238578537492,1.4678473785213595,3116
Harvey (2017),100,-0.8096192384769543,0.030975992303747764,1.4678473785213595,3116
Harvey (2017),100,-0.7815631262525047,0.03288754928781549,1.4678473785213595,3116
Harvey (2017),100,-0.753507014028056,0.03489927134450605,1.4678473785213595,3116
Harvey (2017),100,-0.7254509018036073,0.037012955628468354,1.4678473785213595,3116
Harvey (2017),100,-0.6973947895791586,0.039229425732846664,1.4678473785213595,3116
Harvey (2017),100,-0.669338677354709,0.0415481541550203,1.4678473785213595,3116
Harvey (2017),100,-0.6412825651302603,0.043966986518196825,1.4678473785213595,3116
Harvey (2017),100,-0.6132264529058116,0.04648203476197437,1.4678473785213595,3116
Harvey (2017),100,-0.5851703406813629,0.049087791495360716,1.4678473785213595,3116
Harvey (2017),100,-0.5571142284569142,0.051777491213836,1.4678473785213595,3116
Harvey (2017),100,-0.5290581162324646,0.05454370856248895,1.4678473785213595,3116
Harvey (2017),100,-0.5010020040080159,0.05737914375311805,1.4678473785213595,3116
Harvey (2017),100,-0.47294589178356716,0.06027750671062469,1.4678473785213595,3116
Harvey (2017),100,-0.44488977955911846,0.06323438146883491,1.4678473785213595,3116
Harvey (2017),100,-0.41683366733466887,0.06624793742331322,1.4678473785213595,3116
Harvey (2017),100,-0.38877755511022016,0.06931935937170836,1.4678473785213595,3116
Harvey (2017),100,-0.36072144288577146,0.07245289608200255,1.4678473785213595,3116
Harvey (2017),100,-0.33266533066132276,0.07565547588006558,1.4678473785213595,3116
Harvey (2017),100,-0.30460921843687405,0.0789359017414732,1.4678473785213595,3116
Harvey (2017),100,-0.27655310621242446,0.08230370820890531,1.4678473785213595,3116
Harvey (2017),100,-0.24849699398797576,0.08576782635250597,1.4678473785213595,3116
Harvey (2017),100,-0.22044088176352705,0.08933524881922968,1.4678473785213595,3116
Harvey (2017),100,-0.19238476953907835,0.09300990471900247,1.4678473785213595,3116
Harvey (2017),100,-0.16432865731462876,0.09679193796583699,1.4678473785213595,3116
Harvey (2017),100,-0.13627254509018005,0.10067753299924757,1.4678473785213595,3116
Harvey (2017),100,-0.10821643286573135,0.1046593552922219,1.4678473785213595,3116
Harvey (2017),100,-0.08016032064128265,0.10872758304271744,1.4678473785213595,3116
Harvey (2017),100,-0.05210420841683394,0.11287141670953577,1.4678473785213595,3116
Harvey (2017),100,-0.02404809619238435,0.11708088068645295,1.4678473785213595,3116
Harvey (2017),100,0.004008016032064354,0.12134868946479858,1.4678473785213595,3116
Harvey (2017),100,0.03206412825651306,0.12567194623996245,1.4678473785213595,3116
Harvey (2017),100,0.06012024048096176,0.13005347458761776,1.4678473785213595,3116
Harvey (2017),100,0.08817635270541047,0.1345026454799129,1.4678473785213595,3116
Harvey (2017),100,0.11623246492986006,0.13903563861794968,1.4678473785213595,3116
Harvey (2017),100,0.14428857715430876,0.14367515231575523,1.4678473785213595,3116
Harvey (2017),100,0.17234468937875747,0.14844963481108706,1.4678473785213595,3116
Harvey (2017),100,0.20040080160320617,0.15339214174308097,1.4678473785213595,3116
Harvey (2017),100,0.22845691382765576,0.15853892694853916,1.4678473785213595,3116
Harvey (2017),100,0.25651302605210446,0.16392785204621707,1.4678473785213595,3116
Harvey (2017),100,0.28456913827655317,0.16959666632409467,1.4678473785213595,3116
Harvey (2017),100,0.3126252505010019,0.17558117714616053,1.4678473785213595,3116
Harvey (2017),100,0.3406813627254506,0.18191331619422285,1.4678473785213595,3116
Harvey (2017),100,0.36873747494990017,0.1886191168384734,1.4678473785213595,3116
Harvey (2017),100,0.39679358717434887,0.1957166532977781,1.4678473785213595,3116
Harvey (2017),100,0.4248496993987976,0.2032140450044573,1.4678473785213595,3116
Harvey (2017),100,0.4529058116232463,0.211107685073182,1.4678473785213595,3116
Harvey (2017),100,0.48096192384769587,0.21938089249812354,1.4678473785213595,3116
Harvey (2017),100,0.5090180360721446,0.22800319810352393,1.4678473785213595,3116
Harvey (2017),100,0.5370741482965933,0.23693044512185008,1.4678473785213595,3116
Harvey (2017),100,0.565130260521042,0.2461058164955851,1.4678473785213595,3116
Harvey (2017),100,0.5931863727454907,0.2554618021044051,1.4678473785213595,3116
Harvey (2017),100,0.6212424849699403,0.26492300711679756,1.4678473785213595,3116
Harvey (2017),100,0.649298597194389,0.27440959802135484,1.4678473785213595,3116
Harvey (2017),100,0.6773547094188377,0.28384110465523993,1.4678473785213595,3116
Harvey (2017),100,0.7054108216432864,0.2931402579427436,1.4678473785213595,3116
Harvey (2017),100,0.7334669338677351,0.3022365487187013,1.4678473785213595,3116
Harvey (2017),100,0.7615230460921847,0.311069238486724,1.4678473785213595,3116
Harvey (2017),100,0.7895791583166334,0.31958962649110484,1.4678473785213595,3116
Harvey (2017),100,0.8176352705410821,0.32776246341931786,1.4678473785213595,3116
Harvey (2017),100,0.8456913827655308,0.3355664848953724,1.4678473785213595,3116
Harvey (2017),100,0.8737474949899804,0.3429941058233924,1.4678473785213595,3116
Harvey (2017),100,0.9018036072144291,0.3500503635351109,1.4678473785213595,3116
Harvey (2017),100,0.9298597194388778,0.35675122367200734,1.4678473785213595,3116
Harvey (2017),100,0.9579158316633265,0.3631213727548437,1.4678473785213595,3116
Harvey (2017),100,0.9859719438877752,0.36919162296252284,1.4678473785213595,3116
Harvey (2017),100,1.0140280561122248,0.3749960551856218,1.4678473785213595,3116
Harvey (2017),100,1.0420841683366735,0.3805690311252172,1.4678473785213595,3116
Harvey (2017),100,1.0701402805611222,0.38594221578904775,1.4678473785213595,3116
Harvey (2017),100,1.098196392785571,0.3911417662692733,1.4678473785213595,3116
Harvey (2017),100,1.1262525050100205,0.3961858563395703,1.4678473785213595,3116
Harvey (2017),100,1.1543086172344692,0.4010827127409066,1.4678473785213595,3116
Harvey (2017),100,1.182364729458918,0.4058293314621364,1.4678473785213595,3116
Harvey (2017),100,1.2104208416833666,0.41041101556320203,1.4678473785213595,3116
Harvey (2017),100,1.2384769539078153,0.41480182729529397,1.4678473785213595,3116
Harvey (2017),100,1.266533066132265,0.4189659769799506,1.4678473785213595,3116
Harvey (2017),100,1.2945891783567136,0.42286008382694024,1.4678473785213595,3116
Harvey (2017),100,1.3226452905811623,0.42643614822770315,1.4678473785213595,3116
Harvey (2017),100,1.350701402805611,0.4296449833082688,1.4678473785213595,3116
Harvey (2017),100,1.3787575150300606,0.43243978019006724,1.4678473785213595,3116
Harvey (2017),100,1.4068136272545093,0.4347794410456032,1.4678473785213595,3116
Harvey (2017),100,1.434869739478958,0.43663131830447677,1.4678473785213595,3116
Harvey (2017),100,1.4629258517034067,0.43797305294695194,1.4678473785213595,3116
Harvey (2017),100,1.4909819639278554,0.43879330701382,1.4678473785213595,3116
Harvey (2017),100,1.519038076152305,0.4390913232474788,1.4678473785213595,3116
Harvey (2017),100,1.5470941883767537,0.43887539799311936,1.4678473785213595,3116
Harvey (2017),100,1.5751503006012024,0.4381604971419039,1.4678473785213595,3116
Harvey (2017),100,1.6032064128256511,0.4369653541326607,1.4678473785213595,3116
Harvey (2017),100,1.6312625250501007,0.43530944457678816,1.4678473785213595,3116
Harvey (2017),100,1.6593186372745494,0.4332102248066414,1.4678473785213595,3116
Harvey (2017),100,1.6873747494989981,0.43068095493827546,1.4678473785213595,3116
Harvey (2017),100,1.7154308617234468,0.42772931612166903,1.4678473785213595,3116
Harvey (2017),100,1.7434869739478955,0.42435690006814586,1.4678473785213595,3116
Harvey (2017),100,1.7715430861723451,0.4205595229113218,1.4678473785213595,3116
Harvey (2017),100,1.7995991983967938,0.4163282176547739,1.4678473785213595,3116
Harvey (2017),100,1.8276553106212425,0.4116507039233635,1.4678473785213595,3116
Harvey (2017),100,1.8557114228456912,0.40651312321371663,1.4678473785213595,3116
Harvey (2017),100,1.88376753507014,0.4009018542597082,1.4678473785213595,3116
Harvey (2017),100,1.9118236472945895,0.39480527090934164,1.4678473785213595,3116
Harvey (2017),100,1.9398797595190382,0.3882153560482876,1.4678473785213595,3116
Harvey (2017),100,1.967935871743487,0.38112912449410796,1.4678473785213595,3116
Harvey (2017),100,1.9959919839679356,0.37354982720663055,1.4678473785213595,3116
Harvey (2017),100,2.0240480961923843,0.3654879088959776,1.4678473785213595,3116
Harvey (2017),100,2.052104208416834,0.3569616788452076,1.4678473785213595,3116
Harvey (2017),100,2.0801603206412835,0.3479976422989258,1.4678473785213595,3116
Harvey (2017),100,2.1082164328657313,0.33863043867196174,1.4678473785213595,3116
Harvey (2017),100,2.136272545090181,0.3289023504261029,1.4678473785213595,3116
Harvey (2017),100,2.1643286573146288,0.3188623833441811,1.4678473785213595,3116
Harvey (2017),100,2.1923847695390783,0.3085649687025786,1.4678473785213595,3116
Harvey (2017),100,2.220440881763528,0.29806838903906224,1.4678473785213595,3116
Harvey (2017),100,2.2484969939879758,0.28743306873397506,1.4678473785213595,3116
Harvey (2017),100,2.2765531062124253,0.2767198876053854,1.4678473785213595,3116
Harvey (2017),100,2.304609218436873,0.2659886646758982,1.4678473785213595,3116
Harvey (2017),100,2.3326653306613228,0.2552969216386956,1.4678473785213595,3116
Harvey (2017),100,2.3607214428857723,0.24469897928932371,1.4678473785213595,3116
Harvey (2017),100,2.38877755511022,0.23424537763154193,1.4678473785213595,3116
Harvey (2017),100,2.4168336673346698,0.22398255504135264,1.4678473785213595,3116
Harvey (2017),100,2.4448897795591176,0.21395268521221938,1.4678473785213595,3116
Harvey (2017),100,2.472945891783567,0.20419355938846817,1.4678473785213595,3116
Harvey (2017),100,2.5010020040080168,0.19473841654097648,1.4678473785213595,3116
Harvey (2017),100,2.5290581162324646,0.18561566096965856,1.4678473785213595,3116
Harvey (2017),100,2.557114228456914,0.17684845654824038,1.4678473785213595,3116
Harvey (2017),100,2.585170340681362,0.16845423876380605,1.4678473785213595,3116
Harvey (2017),100,2.6132264529058116,0.16044422951287698,1.4678473785213595,3116
Harvey (2017),100,2.641282565130261,0.15282306716932595,1.4678473785213595,3116
Harvey (2017),100,2.669338677354709,0.1455886709437201,1.4678473785213595,3116
Harvey (2017),100,2.6973947895791586,0.1387324429230202,1.4678473785213595,3116
Harvey (2017),100,2.725450901803608,0.13223987579577234,1.4678473785213595,3116
Harvey (2017),100,2.753507014028056,0.1260915843460968,1.4678473785213595,3116
Harvey (2017),100,2.7815631262525056,0.12026472154894606,1.4678473785213595,3116
Harvey (2017),100,2.8096192384769534,0.11473468378518074,1.4678473785213595,3116
Harvey (2017),100,2.837675350701403,0.10947696263462685,1.4678473785213595,3116
Harvey (2017),100,2.8657314629258526,0.1044689701990625,1.4678473785213595,3116
Harvey (2017),100,2.8937875751503004,0.0996916561664416,1.4678473785213595,3116
Harvey (2017),100,2.92184368737475,0.09513075003786652,1.4678473785213595,3116
Harvey (2017),100,2.949899799599198,0.09077749967308538,1.4678473785213595,3116
Harvey (2017),100,2.9779559118236474,0.08662883251619605,1.4678473785213595,3116
Harvey (2017),100,3.006012024048097,0.08268693055256571,1.4678473785213595,3116
Harvey (2017),100,3.034068136272545,0.07895827464798415,1.4678473785213595,3116
Harvey (2017),100,3.0621242484969944,0.0754522690466741,1.4678473785213595,3116
Harvey (2017),100,3.090180360721442,0.0721795950528041,1.4678473785213595,3116
Harvey (2017),100,3.118236472945892,0.0691504602417838,1.4678473785213595,3116
Harvey (2017),100,3.1462925851703414,0.06637290584285853,1.4678473785213595,3116
Harvey (2017),100,3.174348697394789,0.06385131371957471,1.4678473785213595,3116
Harvey (2017),100,3.202404809619239,0.06158522163256793,1.4678473785213595,3116
Harvey (2017),100,3.2304609218436866,0.05956851802185553,1.4678473785213595,3116
Harvey (2017),100,3.258517034068136,0.057789051411526154,1.4678473785213595,3116
Harvey (2017),100,3.286573146292586,0.056228658717583486,1.4678473785213595,3116
Harvey (2017),100,3.3146292585170336,0.054863592713297896,1.4678473785213595,3116
Harvey (2017),100,3.342685370741483,0.05366531092570707,1.4678473785213595,3116
Harvey (2017),100,3.370741482965933,0.05260157420483659,1.4678473785213595,3116
Harvey (2017),100,3.3987975951903806,0.05163779083665358,1.4678473785213595,3116
Harvey (2017),100,3.42685370741483,0.05073852992994325,1.4678473785213595,3116
Harvey (2017),100,3.454909819639278,0.04986911594515244,1.4678473785213595,3116
Harvey (2017),100,3.4829659318637276,0.04899720623286678,1.4678473785213595,3116
Harvey (2017),100,3.511022044088177,0.04809424794255772,1.4678473785213595,3116
Harvey (2017),100,3.539078156312625,0.04713671249017467,1.4678473785213595,3116
Harvey (2017),100,3.5671342685370746,0.046107017064483835,1.4678473785213595,3116
Harvey (2017),100,3.5951903807615224,0.04499406407726007,1.4678473785213595,3116
Harvey (2017),100,3.623246492985972,0.04379335985598579,1.4678473785213595,3116
Harvey (2017),100,3.6513026052104216,0.0425067102995179,1.4678473785213595,3116
Harvey (2017),100,3.6793587174348694,0.041141529411524165,1.4678473785213595,3116
Harvey (2017),100,3.707414829659319,0.03970983175010645,1.4678473785213595,3116
Harvey (2017),100,3.735470941883767,0.03822700728276989,1.4678473785213595,3116
Harvey (2017),100,3.7635270541082164,0.036710493318065154,1.4678473785213595,3116
Harvey (2017),100,3.791583166332666,0.03517846108401094,1.4678473785213595,3116
Harvey (2017),100,3.819639278557114,0.03364862401216036,1.4678473785213595,3116
Harvey (2017),100,3.8476953907815634,0.03213725263994493,1.4678473785213595,3116
Harvey (2017),100,3.8757515030060112,0.03065845067155668,1.4678473785213595,3116
Harvey (2017),100,3.903807615230461,0.029223712673953666,1.4678473785213595,3116
Harvey (2017),100,3.9318637274549104,0.02784175110552735,1.4678473785213595,3116
Harvey (2017),100,3.9599198396793582,0.026518553520060637,1.4678473785213595,3116
Harvey (2017),100,3.987975951903808,0.025257613397639996,1.4678473785213595,3116
Harvey (2017),100,4.016032064128257,0.024060271942824615,1.4678473785213595,3116
Harvey (2017),100,4.044088176352705,0.02292611309304368,1.4678473785213595,3116
Harvey (2017),100,4.072144288577155,0.021853367564650054,1.4678473785213595,3116
Harvey (2017),100,4.100200400801603,0.020839300064312883,1.4678473785213595,3116
Harvey (2017),100,4.128256513026052,0.019880572020118156,1.4678473785213595,3116
Harvey (2017),100,4.156312625250502,0.018973585774416896,1.4678473785213595,3116
Harvey (2017),100,4.18436873747495,0.018114821848559632,1.4678473785213595,3116
Harvey (2017),100,4.212424849699399,0.017301177458111848,1.4678473785213595,3116
Harvey (2017),100,4.240480961923847,0.01653030318972672,1.4678473785213595,3116
Harvey (2017),100,4.268537074148297,0.015800919101845685,1.4678473785213595,3116
Harvey (2017),100,4.296593186372746,0.015113076301573911,1.4678473785213595,3116
Harvey (2017),100,4.324649298597194,0.014468320256199839,1.4678473785213595,3116
Harvey (2017),100,4.352705410821644,0.013869711557968921,1.4678473785213595,3116
Harvey (2017),100,4.3807615230460915,0.013321670235792374,1.4678473785213595,3116
Harvey (2017),100,4.408817635270541,0.012829629981708016,1.4678473785213595,3116
Harvey (2017),100,4.436873747494991,0.01239951532108728,1.4678473785213595,3116
Harvey (2017),100,4.4649298597194385,0.012037082613414869,1.4678473785213595,3116
Harvey (2017),100,4.492985971943888,0.011747189194563967,1.4678473785213595,3116
Harvey (2017),100,4.521042084168338,0.011533069222192778,1.4678473785213595,3116
Harvey (2017),100,4.5490981963927855,0.011395697091982564,1.4678473785213595,3116
Harvey (2017),100,4.577154308617235,0.011333309409808324,1.4678473785213595,3116
Harvey (2017),100,4.605210420841683,0.011341136640168992,1.4678473785213595,3116
Harvey (2017),100,4.6332665330661325,0.011411369708378777,1.4678473785213595,3116
Harvey (2017),100,4.661322645290582,0.01153335979044278,1.4678473785213595,3116
Harvey (2017),100,4.68937875751503,0.011694025722439296,1.4678473785213595,3116
Harvey (2017),100,4.7174348697394795,0.011878426099257896,1.4678473785213595,3116
Harvey (2017),100,4.745490981963927,0.012070443661561382,1.4678473785213595,3116
Harvey (2017),100,4.773547094188377,0.012253527670816285,1.4678473785213595,3116
Harvey (2017),100,4.8016032064128265,0.0124114439594667,1.4678473785213595,3116
Harvey (2017),100,4.829659318637274,0.012528989831995449,1.4678473785213595,3116
Harvey (2017),100,4.857715430861724,0.01259263962063725,1.4678473785213595,3116
Harvey (2017),100,4.885771543086172,0.01259109470748101,1.4678473785213595,3116
Harvey (2017),100,4.913827655310621,0.012515718362828394,1.4678473785213595,3116
Harvey (2017),100,4.941883767535071,0.01236084087304619,1.4678473785213595,3116
Harvey (2017),100,4.969939879759519,0.01212392483537621,1.4678473785213595,3116
Harvey (2017),100,4.997995991983968,0.01180558511068001,1.4678473785213595,3116
Harvey (2017),100,5.026052104208416,0.01140946349739141,1.4678473785213595,3116
Harvey (2017),100,5.054108216432866,0.010941964996212883,1.4678473785213595,3116
Harvey (2017),100,5.082164328657315,0.010411870267465288,1.4678473785213595,3116
Harvey (2017),100,5.110220440881763,0.009829846735700882,1.4678473785213595,3116
Harvey (2017),100,5.138276553106213,0.009207887695394504,1.4678473785213595,3116
Harvey (2017),100,5.166332665330662,0.008558713666220477,1.4678473785213595,3116
Harvey (2017),100,5.19438877755511,0.007895172370567985,1.4678473785213595,3116
Harvey (2017),100,5.22244488977956,0.007229672742833131,1.4678473785213595,3116
Harvey (2017),100,5.2505010020040075,0.006573684497050525,1.4678473785213595,3116
Harvey (2017),100,5.278557114228457,0.005937328543179003,1.4678473785213595,3116
Harvey (2017),100,5.306613226452907,0.005329075756221699,1.4678473785213595,3116
Harvey (2017),100,5.3346693386773545,0.004755563124510745,1.4678473785213595,3116
Harvey (2017),100,5.362725450901804,0.004221527898851925,1.4678473785213595,3116
Harvey (2017),100,5.390781563126252,0.0037298526238810793,1.4678473785213595,3116
Harvey (2017),100,5.4188376753507015,0.003281707266722494,1.4678473785213595,3116
Harvey (2017),100,5.446893787575151,0.002876769339983478,1.4678473785213595,3116
Harvey (2017),100,5.474949899799599,0.0025134991478182557,1.4678473785213595,3116
Harvey (2017),100,5.5030060120240485,0.0021894452384364836,1.4678473785213595,3116
Harvey (2017),100,5.531062124248496,0.0019015549703773275,1.4678473785213595,3116
Harvey (2017),100,5.559118236472946,0.0016464668689578105,1.4678473785213595,3116
Harvey (2017),100,5.5871743486973955,0.001420765098322043,1.4678473785213595,3116
Harvey (2017),100,5.615230460921843,0.0012211816319041644,1.4678473785213595,3116
Harvey (2017),100,5.643286573146293,0.0010447380650743467,1.4678473785213595,3116
Harvey (2017),100,5.6713426853707425,0.000888825773372783,1.4678473785213595,3116
Harvey (2017),100,5.69939879759519,0.0007512294680252561,1.4678473785213595,3116
Harvey (2017),100,5.72745490981964,0.0006301043595179313,1.4678473785213595,3116
Harvey (2017),100,5.755511022044088,0.0005239205093096744,1.4678473785213595,3116
Harvey (2017),100,5.783567134268537,0.0004313892203778174,1.4678473785213595,3116
Harvey (2017),100,5.811623246492987,0.00035138552530285336,1.4678473785213595,3116
Harvey (2017),100,5.839679358717435,0.00028287833608344175,1.4678473785213595,3116
Harvey (2017),100,5.867735470941884,0.00022487621896668096,1.4678473785213595,3116
Harvey (2017),100,5.895791583166332,0.0001763927518951738,1.4678473785213595,3116
Harvey (2017),100,5.923847695390782,0.00013643167910302488,1.4678473785213595,3116
Harvey (2017),100,5.951903807615231,0.00010398911372836566,1.4678473785213595,3116
Harvey (2017),100,5.979959919839679,7.806815116820541e-05,1.4678473785213595,3116
Harvey (2017),100,6.008016032064129,5.7700503651188754e-05,1.4678473785213595,3116
Harvey (2017),100,6.0360721442885765,4.197000896930594e-05,1.4678473785213595,3116
Harvey (2017),100,6.064128256513026,3.0033828001104955e-05,1.4678473785213595,3116
Harvey (2017),100,6.092184368737476,2.113849619348578e-05,1.4678473785213595,3116
Harvey (2017),100,6.1202404809619235,1.4629420530343619e-05,1.4678473785213595,3116
Harvey (2017),100,6.148296593186373,9.953671683845694e-06,1.4678473785213595,3116
Harvey (2017),100,6.176352705410821,6.656861305227027e-06,1.4678473785213595,3116
Harvey (2017),100,6.2044088176352705,4.375461928371839e-06,1.4678473785213595,3116
Harvey (2017),100,6.23246492985972,2.8261441809361977e-06,1.4678473785213595,3116
Harvey (2017),100,6.260521042084168,1.7936456470406779e-06,1.4678473785213595,3116
Harvey (2017),100,6.2885771543086175,1.1184425846290107e-06,1.4678473785213595,3116
Harvey (2017),100,6.316633266533067,6.851631979035767e-07,1.4678473785213595,3116
Harvey (2017),100,6.344689378757515,4.123358573087296e-07,1.4678473785213595,3116
Harvey (2017),100,6.3727454909819645,2.437600291567265e-07,1.4678473785213595,3116
Harvey (2017),100,6.400801603206412,1.415497933742674e-07,1.4678473785213595,3116
Harvey (2017),100,6.428857715430862,8.073750270368331e-08,1.4678473785213595,3116
Harvey (2017),100,6.4569138276553115,4.5232141295569374e-08,1.4678473785213595,3116
Harvey (2017),100,6.484969939879759,2.4889333522596587e-08,1.4678473785213595,3116
Harvey (2017),100,6.513026052104209,1.3451290432532802e-08,1.4678473785213595,3116
Harvey (2017),100,6.541082164328657,7.139880764943084e-09,1.4678473785213595,3116
Harvey (2017),100,6.569138276553106,3.722093807734573e-09,1.4678473785213595,3116
Harvey (2017),100,6.597194388777556,1.905667360466355e-09,1.4678473785213595,3116
Harvey (2017),100,6.625250501002004,9.582201081209278e-10,1.4678473785213595,3116
Harvey (2017),100,6.653306613226453,4.731922307764037e-10,1.4678473785213595,3116
Harvey (2017),100,6.681362725450901,2.2948824865888164e-10,1.4678473785213595,3116
Harvey (2017),100,6.709418837675351,1.0930266329684424e-10,1.4678473785213595,3116
Harvey (2017),100,6.7374749498998,5.112647733742969e-11,1.4678473785213595,3116
Harvey (2017),100,6.765531062124248,2.3485705431756676e-11,1.4678473785213595,3116
Harvey (2017),100,6.793587174348698,1.0595027119312777e-11,1.4678473785213595,3116
Harvey (2017),100,6.821643286573146,4.6939629104423616e-12,1.4678473785213595,3116
Harvey (2017),100,6.849699398797595,2.042278595186253e-12,1.4678473785213595,3116
Harvey (2017),100,6.877755511022045,8.726235011808454e-13,1.4678473785213595,3116
Harvey (2017),100,6.905811623246493,3.661629696817805e-13,1.4678473785213595,3116
Harvey (2017),100,6.933867735470942,1.5088869137688953e-13,1.4678473785213595,3116
Harvey (2017),100,6.961923847695392,6.106227737594017e-14,1.4678473785213595,3116
Harvey (2017),100,6.98997995991984,2.4267370830754535e-14,1.4678473785213595,3116
Harvey (2017),100,7.018036072144289,9.471207628842478e-15,1.4678473785213595,3116
Harvey (2017),100,7.046092184368737,3.630115516752251e-15,1.4678473785213595,3116
Harvey (2017),100,7.074148296593187,1.3663677767682563e-15,1.4678473785213595,3116
Harvey (2017),100,7.102204408817636,5.050641381539236e-16,1.4678473785213595,3116
Harvey (2017),100,7.130260521042084,1.8333987612658102e-16,1.4678473785213595,3116
Harvey (2017),100,7.158316633266534,6.535797365773173e-17,1.4678473785213595,3116
Harvey (2017),100,7.186372745490981,2.2880803341589643e-17,1.4678473785213595,3116
Harvey (2017),100,7.214428857715431,7.866378348474746e-18,1.4678473785213595,3116
Harvey (2017),100,7.242484969939881,2.6558841075167024e-18,1.4678473785213595,3116
Harvey (2017),100,7.270541082164328,8.805905326191946e-19,1.4678473785213595,3116
Harvey (2017),100,7.298597194388778,2.8672753417074443e-19,1.4678473785213595,3116
Harvey (2017),100,7.326653306613226,9.168434632605585e-20,1.4678473785213595,3116
Harvey (2017),100,7.354709418837675,2.8790639655672755e-20,1.4678473785213595,3116
Harvey (2017),100,7.382765531062125,8.878461105009037e-21,1.4678473785213595,3116
Harvey (2017),100,7.410821643286573,2.6887739020597243e-21,1.4678473785213595,3116
Harvey (2017),100,7.438877755511022,7.9965200145737e-22,1.4678473785213595,3116
Harvey (2017),100,7.46693386773547,2.335489336296488e-22,1.4678473785213595,3116
Harvey (2017),100,7.49498997995992,6.69861209288123e-23,1.4678473785213595,3116
Harvey (2017),100,7.523046092184369,1.8867824150083907e-23,1.4678473785213595,3116
Harvey (2017),100,7.551102204408817,5.219018488001027e-24,1.4678473785213595,3116
Harvey (2017),100,7.579158316633267,1.4177049422253912e-24,1.4678473785213595,3116
Harvey (2017),100,7.607214428857716,3.7819245055703426e-25,1.4678473785213595,3116
Harvey (2017),100,7.635270541082164,9.90763103749017e-26,1.4678473785213595,3116
Harvey (2017),100,7.663326653306614,2.5489231919955107e-26,1.4678473785213595,3116
Harvey (2017),100,7.691382765531062,6.439818318407648e-27,1.4678473785213595,3116
Harvey (2017),100,7.719438877755511,1.5977926306913256e-27,1.4678473785213595,3116
Harvey (2017),100,7.747494989979961,3.8931141358480914e-28,1.4678473785213595,3116
Harvey (2017),100,7.775551102204409,9.315448630241223e-29,1.4678473785213595,3116
Harvey (2017),100,7.803607214428858,2.18897259553514e-29,1.4678473785213595,3116
Harvey (2017),100,7.831663326653306,5.051342062300376e-30,1.4678473785213595,3116
Harvey (2017),100,7.859719438877756,1.1447301808208688e-30,1.4678473785213595,3116
Harvey (2017),100,7.887775551102205,2.547589111511799e-31,1.4678473785213595,3116
Harvey (2017),100,7.915831663326653,5.567824375398258e-32,1.4678473785213595,3116
Harvey (2017),100,7.943887775551103,1.1950100621152914e-32,1.4678473785213595,3116
Harvey (2017),100,7.97194388777555,2.5187640381164873e-33,1.4678473785213595,3116
Harvey (2017),100,8.0,5.213546981875036e-34,1.4678473785213595,3116
Irma (2017),10,-6.0,1.0295848448979675e-35,3.249063059027617,4712
Irma (2017),10,-5.971943887775551,2.69823843569467e-35,3.249063059027617,4712
Irma (2017),10,-5.943887775551103,7.025698296474966e-35,3.249063059027617,4712
Irma (2017),10,-5.915831663326653,1.8175637667587817e-34,3.249063059027617,4712
Irma (2017),10,-5.887775551102204,4.6717630349045274e-34,3.249063059027617,4712
Irma (2017),10,-5.859719438877756,1.1930618127936439e-33,3.249063059027617,4712
Irma (2017),10,-5.831663326653307,3.0271648662078757e-33,3.249063059027617,4712
Irma (2017),10,-5.803607214428857,7.631329292664882e-33,3.249063059027617,4712
Irma (2017),10,-5.775551102204409,1.9114163840935622e-32,3.249063059027617,4712
Irma (2017),10,-5.74749498997996,4.756652296741428e-32,3.249063059027617,4712
Irma (2017),10,-5.719438877755511,1.1760844304004174e-31,3.249063059027617,4712
Irma (2017),10,-5.6913827655310625,2.8891266988073613e-31,3.249063059027617,4712
Irma (2017),10,-5.663326653306613,7.051567514132848e-31,3.249063059027617,4712
Irma (2017),10,-5.635270541082164,1.7099985553121897e-30,3.249063059027617,4712
Irma (2017),10,-5.6072144288577155,4.119996185912675e-30,3.249063059027617,4712
Irma (2017),10,-5.579158316633267,9.862542345200818e-30,3.249063059027617,4712
Irma (2017),10,-5.551102204408817,2.3456971775581008e-29,3.249063059027617,4712
Irma (2017),10,-5.5230460921843685,5.543014420516814e-29,3.249063059027617,4712
Irma (2017),10,-5.49498997995992,1.301400806967801e-28,3.249063059027617,4712
Irma (2017),10,-5.466933867735471,3.0357579187708316e-28,3.249063059027617,4712
Irma (2017),10,-5.438877755511022,7.035811647599434e-28,3.249063059027617,4712
Irma (2017),10,-5.410821643286573,1.6201390049593548e-27,3.249063059027617,4712
Irma (2017),10,-5.382765531062124,3.706648107657312e-27,3.249063059027617,4712
Irma (2017),10,-5.354709418837675,8.425611836519643e-27,3.249063059027617,4712
Irma (2017),10,-5.326653306613227,1.9028850264405578e-26,3.249063059027617,4712
Irma (2017),10,-5.298597194388778,4.2698701134035655e-26,3.249063059027617,4712
Irma (2017),10,-5.270541082164328,9.519361008503574e-26,3.249063059027617,4712
Irma (2017),10,-5.24248496993988,2.1085890679323718e-25,3.249063059027617,4712
Irma (2017),10,-5.214428857715431,4.64052512210574e-25,3.249063059027617,4712
Irma (2017),10,-5.186372745490982,1.0146898911827791e-24,3.249063059027617,4712
Irma (2017),10,-5.158316633266534,2.2044008599915293e-24,3.249063059027617,4712
Irma (2017),10,-5.130260521042084,4.7581578665854864e-24,3.249063059027617,4712
Irma (2017),10,-5.102204408817635,1.0204181263764492e-23,3.249063059027617,4712
Irma (2017),10,-5.074148296593187,2.1742452531967555e-23,3.249063059027617,4712
Irma (2017),10,-5.046092184368737,4.6028831632385695e-23,3.249063059027617,4712
Irma (2017),10,-5.018036072144288,9.681495176718978e-23,3.249063059027617,4712
Irma (2017),10,-4.98997995991984,2.0232333967897249e-22,3.249063059027617,4712
Irma (2017),10,-4.961923847695391,4.2008832785975663e-22,3.249063059027617,4712
Irma (2017),10,-4.933867735470942,8.666152596696441e-22,3.249063059027617,4712
Irma (2017),10,-4.905811623246493,1.77624613896732e-21,3.249063059027617,4712
Irma (2017),10,-4.877755511022044,3.617187914049481e-21,3.249063059027617,4712
Irma (2017),10,-4.849699398797595,7.318635485983431e-21,3.249063059027617,4712
Irma (2017),10,-4.8216432865731464,1.4712290745022214e-20,3.249063059027617,4712
Irma (2017),10,-4.793587174348698,2.9384725067129004e-20,3.249063059027617,4712
Irma (2017),10,-4.765531062124248,5.831148913484603e-20,3.249063059027617,4712
Irma (2017),10,-4.7374749498997994,1.1496822322954766e-19,3.249063059027617,4712
Irma (2017),10,-4.709418837675351,2.2521261528398495e-19,3.249063059027617,4712
Irma (2017),10,-4.681362725450902,4.383276203032979e-19,3.249063059027617,4712
Irma (2017),10,-4.653306613226453,8.476102813205345e-19,3.249063059027617,4712
Irma (2017),10,-4.625250501002004,1.6284891754136888e-18,3.249063059027617,4712
Irma (2017),10,-4.597194388777555,3.1086000415222648e-18,3.249063059027617,4712
Irma (2017),10,-4.569138276553106,5.8957107207086554e-18,3.249063059027617,4712
Irma (2017),10,-4.541082164328657,1.1109611351201401e-17,3.249063059027617,4712
Irma (2017),10,-4.513026052104209,2.0799504493837994e-17,3.249063059027617,4712
Irma (2017),10,-4.484969939879759,3.8689986562177186e-17,3.249063059027617,4712
Irma (2017),10,-4.456913827655311,7.150488053368958e-17,3.249063059027617,4712
Irma (2017),10,-4.428857715430862,1.3129989012398475e-16,3.249063059027617,4712
Irma (2017),10,-4.400801603206412,2.3954365426748573e-16,3.249063059027617,4712
Irma (2017),10,-4.372745490981964,4.3420685423509097e-16,3.249063059027617,4712
Irma (2017),10,-4.344689378757515,7.819886475119381e-16,3.249063059027617,4712
Irma (2017),10,-4.316633266533066,1.3992524338893016e-15,3.249063059027617,4712
Irma (2017),10,-4.2885771543086175,2.4876176605661568e-15,3.249063059027617,4712
Irma (2017),10,-4.260521042084168,4.394032115381183e-15,3.249063059027617,4712
Irma (2017),10,-4.232464929859719,7.7114307812174e-15,3.249063059027617,4712
Irma (2017),10,-4.2044088176352705,1.3446181321091394e-14,3.249063059027617,4712
Irma (2017),10,-4.176352705410822,2.3294605159398016e-14,3.249063059027617,4712
Irma (2017),10,-4.148296593186373,4.009629820836196e-14,3.249063059027617,4712
Irma (2017),10,-4.1202404809619235,6.857185518553287e-14,3.249063059027617,4712
Irma (2017),10,-4.092184368737475,1.1651461077524013e-13,3.249063059027617,4712
Irma (2017),10,-4.064128256513026,1.9670162181980714e-13,3.249063059027617,4712
Irma (2017),10,-4.036072144288577,3.2993528848456365e-13,3.249063059027617,4712
Irma (2017),10,-4.008016032064129,5.49848578318961e-13,3.249063059027617,4712
Irma (2017),10,-3.979959919839679,9.10439757248686e-13,3.249063059027617,4712
Irma (2017),10,-3.9519038076152304,1.497798452824119e-12,3.249063059027617,4712
Irma (2017),10,-3.9238476953907817,2.448217013768402e-12,3.249063059027617,4712
Irma (2017),10,-3.8957915831663326,3.975952289342102e-12,3.249063059027617,4712
Irma (2017),10,-3.867735470941884,6.415455826591089e-12,3.249063059027617,4712
Irma (2017),10,-3.8396793587174347,1.0285120848776636e-11,3.249063059027617,4712
Irma (2017),10,-3.811623246492986,1.638276761638333e-11,3.249063059027617,4712
Irma (2017),10,-3.783567134268537,2.5927560125203044e-11,3.249063059027617,4712
Irma (2017),10,-3.755511022044088,4.076928587036215e-11,3.249063059027617,4712
Irma (2017),10,-3.7274549098196395,6.369454804747866e-11,3.249063059027617,4712
Irma (2017),10,-3.6993987975951903,9.887120105356592e-11,3.249063059027617,4712
Irma (2017),10,-3.6713426853707416,1.5248829747363532e-10,3.249063059027617,4712
Irma (2017),10,-3.6432865731462925,2.3367014022551506e-10,3.249063059027617,4712
Irma (2017),10,-3.6152304609218437,3.5577124967025493e-10,3.249063059027617,4712
Irma (2017),10,-3.5871743486973946,5.381959562407324e-10,3.249063059027617,4712
Irma (2017),10,-3.559118236472946,8.08934006068361e-10,3.249063059027617,4712
Irma (2017),10,-3.531062124248497,1.2080643916727792e-09,3.249063059027617,4712
Irma (2017),10,-3.503006012024048,1.7925561912659592e-09,3.249063059027617,4712
Irma (2017),10,-3.4749498997995993,2.642790246752992e-09,3.249063059027617,4712
Irma (2017),10,-3.44689378757515,3.87134173009806e-09,3.249063059027617,4712
Irma (2017),10,-3.4188376753507015,5.634703475504508e-09,3.249063059027617,4712
Irma (2017),10,-3.3907815631262523,8.148795244596897e-09,3.249063059027617,4712
Irma (2017),10,-3.3627254509018036,1.1709295703082938e-08,3.249063059027617,4712
Irma (2017),10,-3.3346693386773545,1.6718051176522097e-08,3.249063059027617,4712
Irma (2017),10,-3.306613226452906,2.3717055474758864e-08,3.249063059027617,4712
Irma (2017),10,-3.278557114228457,3.343175271662974e-08,3.249063059027617,4712
Irma (2017),10,-3.250501002004008,4.68256811712502e-08,3.249063059027617,4712
Irma (2017),10,-3.2224448897795592,6.516873754642257e-08,3.249063059027617,4712
Irma (2017),10,-3.19438877755511,9.012158008363541e-08,3.249063059027617,4712
Irma (2017),10,-3.1663326653306614,1.2383888238515972e-07,3.249063059027617,4712
Irma (2017),10,-3.1382765531062122,1.6909427012409739e-07,3.249063059027617,4712
Irma (2017),10,-3.1102204408817635,2.2942978701178922e-07,3.249063059027617,4712
Irma (2017),10,-3.0821643286573144,3.093326082775283e-07,3.249063059027617,4712
Irma (2017),10,-3.0541082164328657,4.1444141113944214e-07,3.249063059027617,4712
Irma (2017),10,-3.026052104208417,5.51784284523489e-07,3.249063059027617,4712
Irma (2017),10,-2.997995991983968,7.30049280669402e-07,3.249063059027617,4712
Irma (2017),10,-2.969939879759519,9.59887653216008e-07,3.249063059027617,4712
Irma (2017),10,-2.94188376753507,1.2542484764588569e-06,3.249063059027617,4712
Irma (2017),10,-2.9138276553106213,1.6287417029209826e-06,3.249063059027617,4712
Irma (2017),10,-2.885771543086172,2.102024817938804e-06,3.249063059027617,4712
Irma (2017),10,-2.8577154308617234,2.696206144290692e-06,3.249063059027617,4712
Irma (2017),10,-2.8296593186372747,3.437255620581646e-06,3.249063059027617,4712
Irma (2017),10,-2.8016032064128256,4.355411638776373e-06,3.249063059027617,4712
Irma (2017),10,-2.773547094188377,5.485570423033707e-06,3.249063059027617,4712
Irma (2017),10,-2.7454909819639277,6.8676426325170354e-06,3.249063059027617,4712
Irma (2017),10,-2.717434869739479,8.54686055983123e-06,3.249063059027617,4712
Irma (2017),10,-2.68937875751503,1.0574018662464863e-05,3.249063059027617,4712
Irma (2017),10,-2.661322645290581,1.3005630383032236e-05,3.249063059027617,4712
Irma (2017),10,-2.6332665330661325,1.5903985430046787e-05,3.249063059027617,4712
Irma (2017),10,-2.6052104208416833,1.9337093997896656e-05,3.249063059027617,4712
Irma (2017),10,-2.5771543086172346,2.337850782489171e-05,3.249063059027617,4712
Irma (2017),10,-2.5490981963927855,2.8107012455421887e-05,3.249063059027617,4712
Irma (2017),10,-2.5210420841683367,3.360619041944407e-05,3.249063059027617,4712
Irma (2017),10,-2.4929859719438876,3.996386099764926e-05,3.249063059027617,4712
Irma (2017),10,-2.464929859719439,4.7271408432231214e-05,3.249063059027617,4712
Irma (2017),10,-2.4368737474949898,5.562301641768124e-05,3.249063059027617,4712
Irma (2017),10,-2.408817635270541,6.511483195785025e-05,3.249063059027617,4712
Irma (2017),10,-2.3807615230460923,7.584408568894917e-05,3.249063059027617,4712
Irma (2017),10,-2.352705410821643,8.790819806912576e-05,3.249063059027617,4712
Irma (2017),10,-2.3246492985971945,0.00010140390104947823,3.249063059027617,4712
Irma (2017),10,-2.2965931863727453,0.00011642640275326695,3.249063059027617,4712
Irma (2017),10,-2.2685370741482966,0.00013306861829638113,3.249063059027617,4712
Irma (2017),10,-2.2404809619238475,0.00015142048343279766,3.249063059027617,4712
Irma (2017),10,-2.212424849699399,0.00017156835972802299,3.249063059027617,4712
Irma (2017),10,-2.1843687374749496,0.0001935945312450997,3.249063059027617,4712
Irma (2017),10,-2.156312625250501,0.00021757678429915636,3.249063059027617,4712
Irma (2017),10,-2.1282565130260522,0.00024358805489143104,3.249063059027617,4712
Irma (2017),10,-2.100200400801603,0.00027169612423317104,3.249063059027617,4712
Irma (2017),10,-2.0721442885771544,0.0003019633425182032,3.249063059027617,4712
Irma (2017),10,-2.0440881763527052,0.0003344463658074041,3.249063059027617,4712
Irma (2017),10,-2.0160320641282565,0.00036919590121427276,3.249063059027617,4712
Irma (2017),10,-1.9879759519038078,0.0004062564717191854,3.249063059027617,4712
Irma (2017),10,-1.9599198396793582,0.0004456662335001395,3.249063059027617,4712
Irma (2017),10,-1.9318637274549095,0.00048745690461497255,3.249063059027617,4712
Irma (2017),10,-1.9038076152304608,0.0005316538925159436,3.249063059027617,4712
Irma (2017),10,-1.8757515030060121,0.0005782767369373414,3.249063059027617,4712
Irma (2017),10,-1.8476953907815634,0.0006273400114122423,3.249063059027617,4712
Irma (2017),10,-1.8196392785571138,0.0006788548480011616,3.249063059027617,4712
Irma (2017),10,-1.7915831663326651,0.0007328312626623322,3.249063059027617,4712
Irma (2017),10,-1.7635270541082164,0.0007892814601991563,3.249063059027617,4712
Irma (2017),10,-1.7354709418837677,0.0008482242855394227,3.249063059027617,4712
Irma (2017),10,-1.707414829659319,0.0009096909606784408,3.249063059027617,4712
Irma (2017),10,-1.6793587174348694,0.0009737322034209465,3.249063059027617,4712
Irma (2017),10,-1.6513026052104207,0.0010404267657390502,3.249063059027617,4712
Irma (2017),10,-1.623246492985972,0.0011098913580446094,3.249063059027617,4712
Irma (2017),10,-1.5951903807615233,0.0011822918441146742,3.249063059027617,4712
Irma (2017),10,-1.5671342685370737,0.0012578555040791198,3.249063059027617,4712
Irma (2017),10,-1.539078156312625,0.0013368840749327189,3.249063059027617,4712
Irma (2017),10,-1.5110220440881763,0.001419767195184074,3.249063059027617,4712
Irma (2017),10,-1.4829659318637276,0.001506995808398996,3.249063059027617,4712
Irma (2017),10,-1.454909819639279,0.0015991750252018614,3.249063059027617,4712
Irma (2017),10,-1.4268537074148293,0.0016970359097816597,3.249063059027617,4712
Irma (2017),10,-1.3987975951903806,0.001801445649095813,3.249063059027617,4712
Irma (2017),10,-1.370741482965932,0.001913415583402724,3.249063059027617,4712
Irma (2017),10,-1.3426853707414832,0.0020341066265223574,3.249063059027617,4712
Irma (2017),10,-1.3146292585170336,0.002164831682637234,3.249063059027617,4712
Irma (2017),10,-1.286573146292585,0.002307054771074899,3.249063059027617,4712
Irma (2017),10,-1.2585170340681362,0.002462386697276816,3.249063059027617,4712
Irma (2017),10,-1.2304609218436875,0.002632577251520818,3.249063059027617,4712
Irma (2017),10,-1.2024048096192388,0.002819504070218631,3.249063059027617,4712
Irma (2017),10,-1.1743486973947892,0.0030251584502327634,3.249063059027617,4712
Irma (2017),10,-1.1462925851703405,0.0032516285567122487,3.249063059027617,4712
Irma (2017),10,-1.1182364729458918,0.0035010806015115894,3.249063059027617,4712
Irma (2017),10,-1.090180360721443,0.0037757386848504587,3.249063059027617,4712
Irma (2017),10,-1.0621242484969944,0.004077864080867426,3.249063059027617,4712
Irma (2017),10,-1.0340681362725448,0.004409734802716871,3.249063059027617,4712
Irma (2017),10,-1.006012024048096,0.004773626300997768,3.249063059027617,4712
Irma (2017),10,-0.9779559118236474,0.005171794128516462,3.249063059027617,4712
Irma (2017),10,-0.9498997995991987,0.005606459344554039,3.249063059027617,4712
Irma (2017),10,-0.9218436873747491,0.006079797334823422,3.249063059027617,4712
Irma (2017),10,-0.8937875751503004,0.006593930593011941,3.249063059027617,4712
Irma (2017),10,-0.8657314629258517,0.007150925851865161,3.249063059027617,4712
Irma (2017),10,-0.837675350701403,0.0077527957733376065,3.249063059027617,4712
Irma (2017),10,-0.8096192384769543,0.008401505216710663,3.249063059027617,4712
Irma (2017),10,-0.7815631262525047,0.00909898190968436,3.249063059027617,4712
Irma (2017),10,-0.753507014028056,0.009847131159304528,3.249063059027617,4712
Irma (2017),10,-0.7254509018036073,0.010647854065716125,3.249063059027617,4712
Irma (2017),10,-0.6973947895791586,0.011503068549586645,3.249063059027617,4712
Irma (2017),10,-0.669338677354709,0.012414732379527147,3.249063059027617,4712
Irma (2017),10,-0.6412825651302603,0.01338486729288422,3.249063059027617,4712
Irma (2017),10,-0.6132264529058116,0.014415583243672613,3.249063059027617,4712
Irma (2017),10,-0.5851703406813629,0.015509101784734754,3.249063059027617,4712
Irma (2017),10,-0.5571142284569142,0.01666777759503823,3.249063059027617,4712
Irma (2017),10,-0.5290581162324646,0.01789411719330921,3.249063059027617,4712
Irma (2017),10,-0.5010020040080159,0.019190793930888243,3.249063059027617,4712
Irma (2017),10,-0.47294589178356716,0.02056065842435847,3.249063059027617,4712
Irma (2017),10,-0.44488977955911846,0.02200674366710464,3.249063059027617,4712
Irma (2017),10,-0.41683366733466887,0.023532264144580387,3.249063059027617,4712
Irma (2017),10,-0.38877755511022016,0.025140608368380973,3.249063059027617,4712
Irma (2017),10,-0.36072144288577146,0.026835324338929805,3.249063059027617,4712
Irma (2017),10,-0.33266533066132276,0.028620097547422153,3.249063059027617,4712
Irma (2017),10,-0.30460921843687405,0.030498721238136087,3.249063059027617,4712
Irma (2017),10,-0.27655310621242446,0.03247505877703986,3.249063059027617,4712
Irma (2017),10,-0.24849699398797576,0.034552998116863805,3.249063059027617,4712
Irma (2017),10,-0.22044088176352705,0.03673639851685684,3.249063059027617,4712
Irma (2017),10,-0.19238476953907835,0.039029029869884234,3.249063059027617,4712
Irma (2017),10,-0.16432865731462876,0.0414345052100816,3.249063059027617,4712
Irma (2017),10,-0.13627254509018005,0.043956207216984934,3.249063059027617,4712
Irma (2017),10,-0.10821643286573135,0.04659720978876146,3.249063059027617,4712
Irma (2017),10,-0.08016032064128265,0.04936019601547747,3.249063059027617,4712
Irma (2017),10,-0.05210420841683394,0.052247374127162495,3.249063059027617,4712
Irma (2017),10,-0.02404809619238435,0.05526039320193273,3.249063059027617,4712
Irma (2017),10,0.004008016032064354,0.058400260576652256,3.249063059027617,4712
Irma (2017),10,0.03206412825651306,0.061667262987248575,3.249063059027617,4712
Irma (2017),10,0.06012024048096176,0.06506089346145576,3.249063059027617,4712
Irma (2017),10,0.08817635270541047,0.06857978588201287,3.249063059027617,4712
Irma (2017),10,0.11623246492986006,0.07222165892861458,3.249063059027617,4712
Irma (2017),10,0.14428857715430876,0.0759832707960465,3.249063059027617,4712
Irma (2017),10,0.17234468937875747,0.07986038568687849,3.249063059027617,4712
Irma (2017),10,0.20040080160320617,0.08384775261192741,3.249063059027617,4712
Irma (2017),10,0.22845691382765576,0.08793909653076895,3.249063059027617,4712
Irma (2017),10,0.25651302605210446,0.09212712136451727,3.249063059027617,4712
Irma (2017),10,0.28456913827655317,0.09640352395428387,3.249063059027617,4712
Irma (2017),10,0.3126252505010019,0.10075901766185902,3.249063059027617,4712
Irma (2017),10,0.3406813627254506,0.10518336405159844,3.249063059027617,4712
Irma (2017),10,0.36873747494990017,0.1096654109843766,3.249063059027617,4712
Irma (2017),10,0.39679358717434887,0.11419313551521379,3.249063059027617,4712
Irma (2017),10,0.4248496993987976,0.11875369022170242,3.249063059027617,4712
Irma (2017),10,0.4529058116232463,0.12333345199094502,3.249063059027617,4712
Irma (2017),10,0.48096192384769587,0.1279180728326246,3.249063059027617,4712
Irma (2017),10,0.5090180360721446,0.1324925329239088,3.249063059027617,4712
Irma (2017),10,0.5370741482965933,0.13704119677380167,3.249063059027617,4712
Irma (2017),10,0.565130260521042,0.1415478740565919,3.249063059027617,4712
Irma (2017),10,0.5931863727454907,0.14599588723770296,3.249063059027617,4712
Irma (2017),10,0.6212424849699403,0.1503681485330994,3.249063059027617,4712
Irma (2017),10,0.649298597194389,0.15464724894500542,3.249063059027617,4712
Irma (2017),10,0.6773547094188377,0.15881556205451672,3.249063059027617,4712
Irma (2017),10,0.7054108216432864,0.16285536489638602,3.249063059027617,4712
Irma (2017),10,0.7334669338677351,0.16674897758571106,3.249063059027617,4712
Irma (2017),10,0.7615230460921847,0.17047892242787507,3.249063059027617,4712
Irma (2017),10,0.7895791583166334,0.17402810206451053,3.249063059027617,4712
Irma (2017),10,0.8176352705410821,0.17737999485550907,3.249063059027617,4712
Irma (2017),10,0.8456913827655308,0.18051886425592412,3.249063059027617,4712
Irma (2017),10,0.8737474949899804,0.18342997751710485,3.249063059027617,4712
Irma (2017),10,0.9018036072144291,0.1860998277304558,3.249063059027617,4712
Irma (2017),10,0.9298597194388778,0.1885163521460377,3.249063059027617,4712
Irma (2017),10,0.9579158316633265,0.19066913893353288,3.249063059027617,4712
Irma (2017),10,0.9859719438877752,0.19254961418939132,3.249063059027617,4712
Irma (2017),10,1.0140280561122248,0.1941512010864414,3.249063059027617,4712
Irma (2017),10,1.0420841683366735,0.19546944363672533,3.249063059027617,4712
Irma (2017),10,1.0701402805611222,0.19650208858778992,3.249063059027617,4712
Irma (2017),10,1.098196392785571,0.19724912045700427,3.249063059027617,4712
Irma (2017),10,1.1262525050100205,0.19771274655597865,3.249063059027617,4712
Irma (2017),10,1.1543086172344692,0.19789733096905962,3.249063059027617,4712
Irma (2017),10,1.182364729458918,0.19780927870666434,3.249063059027617,4712
Irma (2017),10,1.2104208416833666,0.19745687352379254,3.249063059027617,4712
Irma (2017),10,1.2384769539078153,0.19685007504083826,3.249063059027617,4712
Irma (2017),10,1.266533066132265,0.1960002826979289,3.249063059027617,4712
Irma (2017),10,1.2945891783567136,0.19492007560058391,3.249063059027617,4712
Irma (2017),10,1.3226452905811623,0.1936229383810714,3.249063059027617,4712
Irma (2017),10,1.350701402805611,0.1921229837430174,3.249063059027617,4712
Irma (2017),10,1.3787575150300606,0.19043468234574773,3.249063059027617,4712
Irma (2017),10,1.4068136272545093,0.18857261012335041,3.249063059027617,4712
Irma (2017),10,1.434869739478958,0.18655122205872696,3.249063059027617,4712
Irma (2017),10,1.4629258517034067,0.1843846599128954,3.249063059027617,4712
Irma (2017),10,1.4909819639278554,0.18208659953749434,3.249063059027617,4712
Irma (2017),10,1.519038076152305,0.17967014128572056,3.249063059027617,4712
Irma (2017),10,1.5470941883767537,0.17714774480643103,3.249063059027617,4712
Irma (2017),10,1.5751503006012024,0.17453120728341806,3.249063059027617,4712
Irma (2017),10,1.6032064128256511,0.171831682087518,3.249063059027617,4712
Irma (2017),10,1.6312625250501007,0.16905973295153406,3.249063059027617,4712
Irma (2017),10,1.6593186372745494,0.16622541724722092,3.249063059027617,4712
Irma (2017),10,1.6873747494989981,0.16333839080767304,3.249063059027617,4712
Irma (2017),10,1.7154308617234468,0.1604080260398724,3.249063059027617,4712
Irma (2017),10,1.7434869739478955,0.15744353482767812,3.249063059027617,4712
Irma (2017),10,1.7715430861723451,0.15445408792629042,3.249063059027617,4712
Irma (2017),10,1.7995991983967938,0.15144892316363417,3.249063059027617,4712
Irma (2017),10,1.8276553106212425,0.1484374357405247,3.249063059027617,4712
Irma (2017),10,1.8557114228456912,0.14542924519307662,3.249063059027617,4712
Irma (2017),10,1.88376753507014,0.1424342350695614,3.249063059027617,4712
Irma (2017),10,1.9118236472945895,0.1394625629957882,3.249063059027617,4712
Irma (2017),10,1.9398797595190382,0.13652464047223967,3.249063059027617,4712
Irma (2017),10,1.967935871743487,0.1336310833793944,3.249063059027617,4712
Irma (2017),10,1.9959919839679356,0.13079263568748858,3.249063059027617,4712
Irma (2017),10,2.0240480961923843,0.12802007020511688,3.249063059027617,4712
Irma (2017),10,2.052104208416834,0.12532407130024484,3.249063059027617,4712
Irma (2017),10,2.0801603206412835,0.1227151053431464,3.249063059027617,4712
Irma (2017),10,2.1082164328657313,0.12020328512315227,3.249063059027617,4712
Irma (2017),10,2.136272545090181,0.11779823466431531,3.249063059027617,4712
Irma (2017),10,2.1643286573146288,0.11550896070859393,3.249063059027617,4712
Irma (2017),10,2.1923847695390783,0.11334373666304565,3.249063059027617,4712
Irma (2017),10,2.220440881763528,0.11131000404857098,3.249063059027617,4712
Irma (2017),10,2.2484969939879758,0.10941429548370486,3.249063059027617,4712
Irma (2017),10,2.2765531062124253,0.10766218204184701,3.249063059027617,4712
Irma (2017),10,2.304609218436873,0.10605824649780515,3.249063059027617,4712
Irma (2017),10,2.3326653306613228,0.10460608260071796,3.249063059027617,4712
Irma (2017),10,2.3607214428857723,0.10330831915036194,3.249063059027617,4712
Irma (2017),10,2.38877755511022,0.10216666638805154,3.249063059027617,4712
Irma (2017),10,2.4168336673346698,0.10118198111341346,3.249063059027617,4712
Irma (2017),10,2.4448897795591176,0.10035434606796542,3.249063059027617,4712
Irma (2017),10,2.472945891783567,0.0996831585369748,3.249063059027617,4712
Irma (2017),10,2.5010020040080168,0.09916722284808374,3.249063059027617,4712
Irma (2017),10,2.5290581162324646,0.09880484150512647,3.249063059027617,4712
Irma (2017),10,2.557114228456914,0.09859390008433472,3.249063059027617,4712
Irma (2017),10,2.585170340681362,0.09853194171212463,3.249063059027617,4712
Irma (2017),10,2.6132264529058116,0.09861622789307581,3.249063059027617,4712
Irma (2017),10,2.641282565130261,0.09884378359986244,3.249063059027617,4712
Irma (2017),10,2.669338677354709,0.09921142579613496,3.249063059027617,4712
Irma (2017),10,2.6973947895791586,0.09971577585242382,3.249063059027617,4712
Irma (2017),10,2.725450901803608,0.10035325754491262,3.249063059027617,4712
Irma (2017),10,2.753507014028056,0.10112008341211505,3.249063059027617,4712
Irma (2017),10,2.7815631262525056,0.10201223310960336,3.249063059027617,4712
Irma (2017),10,2.8096192384769534,0.10302542798834126,3.249063059027617,4712
Irma (2017),10,2.837675350701403,0.10415510638821864,3.249063059027617,4712
Irma (2017),10,2.8657314629258526,0.10539640406886436,3.249063059027617,4712
Irma (2017),10,2.8937875751503004,0.10674414380287907,3.249063059027617,4712
Irma (2017),10,2.92184368737475,0.10819283746432606,3.249063059027617,4712
Irma (2017),10,2.949899799599198,0.10973670301103061,3.249063059027617,4712
Irma (2017),10,2.9779559118236474,0.11136969765342622,3.249063059027617,4712
Irma (2017),10,3.006012024048097,0.11308556730746407,3.249063059027617,4712
Irma (2017),10,3.034068136272545,0.1148779112318104,3.249063059027617,4712
Irma (2017),10,3.0621242484969944,0.11674025963601654,3.249063059027617,4712
Irma (2017),10,3.090180360721442,0.11866616109440899,3.249063059027617,4712
Irma (2017),10,3.118236472945892,0.12064927587418244,3.249063059027617,4712
Irma (2017),10,3.1462925851703414,0.12268347083114045,3.249063059027617,4712
Irma (2017),10,3.174348697394789,0.12476291136708956,3.249063059027617,4712
Irma (2017),10,3.202404809619239,0.1268821460802859,3.249063059027617,4712
Irma (2017),10,3.2304609218436866,0.1290361801539688,3.249063059027617,4712
Irma (2017),10,3.258517034068136,0.13122053417704266,3.249063059027617,4712
Irma (2017),10,3.286573146292586,0.13343128591859513,3.249063059027617,4712
Irma (2017),10,3.3146292585170336,0.13566509351622616,3.249063059027617,4712
Irma (2017),10,3.342685370741483,0.13791919951384857,3.249063059027617,4712
Irma (2017),10,3.370741482965933,0.1401914161253151,3.249063059027617,4712
Irma (2017),10,3.3987975951903806,0.1424800929401897,3.249063059027617,4712
Irma (2017),10,3.42685370741483,0.1447840689733624,3.249063059027617,4712
Irma (2017),10,3.454909819639278,0.1471026114531487,3.249063059027617,4712
Irma (2017),10,3.4829659318637276,0.14943534402376973,3.249063059027617,4712
Irma (2017),10,3.511022044088177,0.15178216710791637,3.249063059027617,4712
Irma (2017),10,3.539078156312625,0.1541431730526541,3.249063059027617,4712
Irma (2017),10,3.5671342685370746,0.156518558402547,3.249063059027617,4712
Irma (2017),10,3.5951903807615224,0.15890853525554738,3.249063059027617,4712
Irma (2017),10,3.623246492985972,0.16131324321523244,3.249063059027617,4712
Irma (2017),10,3.6513026052104216,0.16373266301445485,3.249063059027617,4712
Irma (2017),10,3.6793587174348694,0.16616653250368166,3.249063059027617,4712
Irma (2017),10,3.707414829659319,0.16861426541593327,3.249063059027617,4712
Irma (2017),10,3.735470941883767,0.17107487316956224,3.249063059027617,4712
Irma (2017),10,3.7635270541082164,0.17354688996336978,3.249063059027617,4712
Irma (2017),10,3.791583166332666,0.17602830155122387,3.249063059027617,4712
Irma (2017),10,3.819639278557114,0.17851647833325598,3.249063059027617,4712
Irma (2017),10,3.8476953907815634,0.1810081137307662,3.249063059027617,4712
Irma (2017),10,3.8757515030060112,0.18349916917411008,3.249063059027617,4712
Irma (2017),10,3.903807615230461,0.18598482737330316,3.249063059027617,4712
Irma (2017),10,3.9318637274549104,0.1884594558063196,3.249063059027617,4712
Irma (2017),10,3.9599198396793582,0.19091658250307272,3.249063059027617,4712
Irma (2017),10,3.987975951903808,0.19334888618837448,3.249063059027617,4712
Irma (2017),10,4.016032064128257,0.19574820265556536,3.249063059027617,4712
Irma (2017),10,4.044088176352705,0.19810554887326493,3.249063059027617,4712
Irma (2017),10,4.072144288577155,0.20041116579937135,3.249063059027617,4712
Irma (2017),10,4.100200400801603,0.20265458022508082,3.249063059027617,4712
Irma (2017),10,4.128256513026052,0.20482468524764333,3.249063059027617,4712
Irma (2017),10,4.156312625250502,0.2069098382328246,3.249063059027617,4712
Irma (2017),10,4.18436873747495,0.20889797443864636,3.249063059027617,4712
Irma (2017),10,4.212424849699399,0.21077673388862153,3.249063059027617,4712
Irma (2017),10,4.240480961923847,0.212533598653255,3.249063059027617,4712
Irma (2017),10,4.268537074148297,0.2141560374551101,3.249063059027617,4712
Irma (2017),10,4.296593186372746,0.21563165446841254,3.249063059027617,4712
Irma (2017),10,4.324649298597194,0.21694833933156485,3.249063059027617,4712
Irma (2017),10,4.352705410821644,0.2180944157027135,3.249063059027617,4712
Irma (2017),10,4.3807615230460915,0.21905878612062768,3.249063059027617,4712
Irma (2017),10,4.408817635270541,0.21983107142948813,3.249063059027617,4712
Irma (2017),10,4.436873747494991,0.22040174352489372,3.249063059027617,4712
Irma (2017),10,4.4649298597194385,0.22076225061893565,3.249063059027617,4712
Irma (2017),10,4.492985971943888,0.22090513455184074,3.249063059027617,4712
Irma (2017),10,4.521042084168338,0.22082413985802402,3.249063059027617,4712
Irma (2017),10,4.5490981963927855,0.22051431430530594,3.249063059027617,4712
Irma (2017),10,4.577154308617235,0.21997210046862034,3.249063059027617,4712
Irma (2017),10,4.605210420841683,0.21919541759616817,3.249063059027617,4712
Irma (2017),10,4.6332665330661325,0.21818373261806745,3.249063059027617,4712
Irma (2017),10,4.661322645290582,0.2169381186919267,3.249063059027617,4712
Irma (2017),10,4.68937875751503,0.21546129924196017,3.249063059027617,4712
Irma (2017),10,4.7174348697394795,0.21375767509686525,3.249063059027617,4712
Irma (2017),10,4.745490981963927,0.21183333212970995,3.249063059027617,4712
Irma (2017),10,4.773547094188377,0.2096960268026587,3.249063059027617,4712
Irma (2017),10,4.8016032064128265,0.20735514725484228,3.249063059027617,4712
Irma (2017),10,4.829659318637274,0.20482164805625694,3.249063059027617,4712
Irma (2017),10,4.857715430861724,0.20210795747412205,3.249063059027617,4712
Irma (2017),10,4.885771543086172,0.19922785702720097,3.249063059027617,4712
Irma (2017),10,4.913827655310621,0.19619633418399424,3.249063059027617,4712
Irma (2017),10,4.941883767535071,0.19302941022187983,3.249063059027617,4712
Irma (2017),10,4.969939879759519,0.1897439464247127,3.249063059027617,4712
Irma (2017),10,4.997995991983968,0.18635743287100068,3.249063059027617,4712
Irma (2017),10,5.026052104208416,0.1828877649716297,3.249063059027617,4712
Irma (2017),10,5.054108216432866,0.17935301358351974,3.249063059027617,4712
Irma (2017),10,5.082164328657315,0.1757711948982052,3.249063059027617,4712
Irma (2017),10,5.110220440881763,0.17216004634769058,3.249063059027617,4712
Irma (2017),10,5.138276553106213,0.16853681447362906,3.249063059027617,4712
Irma (2017),10,5.166332665330662,0.1649180600843802,3.249063059027617,4712
Irma (2017),10,5.19438877755511,0.1613194851165045,3.249063059027617,4712
Irma (2017),10,5.22244488977956,0.15775578448252547,3.249063059027617,4712
Irma (2017),10,5.2505010020040075,0.15424052490192253,3.249063059027617,4712
Irma (2017),10,5.278557114228457,0.1507860513648969,3.249063059027617,4712
Irma (2017),10,5.306613226452907,0.14740342056048455,3.249063059027617,4712
Irma (2017),10,5.3346693386773545,0.1441023594016871,3.249063059027617,4712
Irma (2017),10,5.362725450901804,0.1408912457808405,3.249063059027617,4712
Irma (2017),10,5.390781563126252,0.13777710795390988,3.249063059027617,4712
Irma (2017),10,5.4188376753507015,0.134765638528093,3.249063059027617,4712
Irma (2017),10,5.446893787575151,0.1318612189352029,3.249063059027617,4712
Irma (2017),10,5.474949899799599,0.12906695051089392,3.249063059027617,4712
Irma (2017),10,5.5030060120240485,0.12638468883932139,3.249063059027617,4712
Irma (2017),10,5.531062124248496,0.12381507881391207,3.249063059027617,4712
Irma (2017),10,5.559118236472946,0.12135758883838291,3.249063059027617,4712
Irma (2017),10,5.5871743486973955,0.11901054366475863,3.249063059027617,4712
Irma (2017),10,5.615230460921843,0.11677115644627503,3.249063059027617,4712
Irma (2017),10,5.643286573146293,0.11463556158119535,3.249063059027617,4712
Irma (2017),10,5.6713426853707425,0.11259885075338902,3.249063059027617,4712
Irma (2017),10,5.69939879759519,0.11065511516443031,3.249063059027617,4712
Irma (2017),10,5.72745490981964,0.1087974972457254,3.249063059027617,4712
Irma (2017),10,5.755511022044088,0.10701825510618365,3.249063059027617,4712
Irma (2017),10,5.783567134268537,0.10530884260496562,3.249063059027617,4712
Irma (2017),10,5.811623246492987,0.10366000725967774,3.249063059027617,4712
Irma (2017),10,5.839679358717435,0.10206190725259309,3.249063059027617,4712
Irma (2017),10,5.867735470941884,0.10050424764731818,3.249063059027617,4712
Irma (2017),10,5.895791583166332,0.09897643465867166,3.249063059027617,4712
Irma (2017),10,5.923847695390782,0.09746774552286594,3.249063059027617,4712
Irma (2017),10,5.951903807615231,0.09596751029008725,3.249063059027617,4712
Irma (2017),10,5.979959919839679,0.09446530080004918,3.249063059027617,4712
Irma (2017),10,6.008016032064129,0.09295112128436059,3.249063059027617,4712
Irma (2017),10,6.0360721442885765,0.09141559453155787,3.249063059027617,4712
Irma (2017),10,6.064128256513026,0.08985013739260049,3.249063059027617,4712
Irma (2017),10,6.092184368737476,0.08824711961212853,3.249063059027617,4712
Irma (2017),10,6.1202404809619235,0.08660000053255945,3.249063059027617,4712
Irma (2017),10,6.148296593186373,0.08490343909704533,3.249063059027617,4712
Irma (2017),10,6.176352705410821,0.08315337371376481,3.249063059027617,4712
Irma (2017),10,6.2044088176352705,0.08134706986042656,3.249063059027617,4712
Irma (2017),10,6.23246492985972,0.07948313471537521,3.249063059027617,4712
Irma (2017),10,6.260521042084168,0.07756149950711456,3.249063059027617,4712
Irma (2017),10,6.2885771543086175,0.07558337158732638,3.249063059027617,4712
Irma (2017),10,6.316633266533067,0.07355115937358415,3.249063059027617,4712
Irma (2017),10,6.344689378757515,0.07146837421288017,3.249063059027617,4712
Irma (2017),10,6.3727454909819645,0.06933951384224914,3.249063059027617,4712
Irma (2017),10,6.400801603206412,0.06716993244756596,3.249063059027617,4712
Irma (2017),10,6.428857715430862,0.06496570234889766,3.249063059027617,4712
Irma (2017),10,6.4569138276553115,0.06273347209556908,3.249063059027617,4712
Irma (2017),10,6.484969939879759,0.06048032527986484,3.249063059027617,4712
Irma (2017),10,6.513026052104209,0.05821364373257444,3.249063059027617,4712
Irma (2017),10,6.541082164328657,0.055940978011956424,3.249063059027617,4712
Irma (2017),10,6.569138276553106,0.053669927307758485,3.249063059027617,4712
Irma (2017),10,6.597194388777556,0.05140803011728491,3.249063059027617,4712
Irma (2017),10,6.625250501002004,0.04916266636552387,3.249063059027617,4712
Irma (2017),10,6.653306613226453,0.04694097107714823,3.249063059027617,4712
Irma (2017),10,6.681362725450901,0.04474975929000883,3.249063059027617,4712
Irma (2017),10,6.709418837675351,0.04259546163605813,3.249063059027617,4712
Irma (2017),10,6.7374749498998,0.040484069898945145,3.249063059027617,4712
Irma (2017),10,6.765531062124248,0.03842109186647127,3.249063059027617,4712
Irma (2017),10,6.793587174348698,0.036411514898984414,3.249063059027617,4712
Irma (2017),10,6.821643286573146,0.03445977779361576,3.249063059027617,4712
Irma (2017),10,6.849699398797595,0.03256975069930521,3.249063059027617,4712
Irma (2017),10,6.877755511022045,0.030744722991667583,3.249063059027617,4712
Irma (2017),10,6.905811623246493,0.028987399119107863,3.249063059027617,4712
Irma (2017),10,6.933867735470942,0.027299902460643632,3.249063059027617,4712
Irma (2017),10,6.961923847695392,0.025683787181046264,3.249063059027617,4712
Irma (2017),10,6.98997995991984,0.02414005793106313,3.249063059027617,4712
Irma (2017),10,7.018036072144289,0.022669197031339728,3.249063059027617,4712
Irma (2017),10,7.046092184368737,0.021271198518923746,3.249063059027617,4712
Irma (2017),10,7.074148296593187,0.019945608152047083,3.249063059027617,4712
Irma (2017),10,7.102204408817636,0.018691568192688836,3.249063059027617,4712
Irma (2017),10,7.130260521042084,0.01750786554763644,3.249063059027617,4712
Irma (2017),10,7.158316633266534,0.01639298167463555,3.249063059027617,4712
Irma (2017),10,7.186372745490981,0.015345142572097235,3.249063059027617,4712
Irma (2017),10,7.214428857715431,0.014362367182133516,3.249063059027617,4712
Irma (2017),10,7.242484969939881,0.013442512651747745,3.249063059027617,4712
Irma (2017),10,7.270541082164328,0.012583315110734728,3.249063059027617,4712
Irma (2017),10,7.298597194388778,0.011782424923451568,3.249063059027617,4712
Irma (2017),10,7.326653306613226,0.011037435733932234,3.249063059027617,4712
Irma (2017),10,7.354709418837675,0.01034590702336845,3.249063059027617,4712
Irma (2017),10,7.382765531062125,0.009705380306402002,3.249063059027617,4712
Irma (2017),10,7.410821643286573,0.00911338947829088,3.249063059027617,4712
Irma (2017),10,7.438877755511022,0.008567466161349511,3.249063059027617,4712
Irma (2017),10,7.46693386773547,0.00806514116304188,3.249063059027617,4712
Irma (2017),10,7.49498997995992,0.007603943332785285,3.249063059027617,4712
Irma (2017),10,7.523046092184369,0.007181397180239516,3.249063059027617,4712
Irma (2017),10,7.551102204408817,0.0067950205927095365,3.249063059027617,4712
Irma (2017),10,7.579158316633267,0.00644232386897974,3.249063059027617,4712
Irma (2017),10,7.607214428857716,0.006120811083942547,3.249063059027617,4712
Irma (2017),10,7.635270541082164,0.005827984530861706,3.249063059027617,4712
Irma (2017),10,7.663326653306614,0.0055613526780266195,3.249063059027617,4712
Irma (2017),10,7.691382765531062,0.005318441747985703,3.249063059027617,4712
Irma (2017),10,7.719438877755511,0.005096810704767324,3.249063059027617,4712
Irma (2017),10,7.747494989979961,0.004894069140170545,3.249063059027617,4712
Irma (2017),10,7.775551102204409,0.0047078973038225955,3.249063059027617,4712
Irma (2017),10,7.803607214428858,0.0045360673383506665,3.249063059027617,4712
Irma (2017),10,7.831663326653306,0.004376464670545902,3.249063059027617,4712
Irma (2017),10,7.859719438877756,0.00422710847601906,3.249063059027617,4712
Irma (2017),10,7.887775551102205,0.004086170177154298,3.249063059027617,4712
Irma (2017),10,7.915831663326653,0.003951989045563542,3.249063059027617,4712
Irma (2017),10,7.943887775551103,0.003823084149711434,3.249063059027617,4712
Irma (2017),10,7.97194388777555,0.0036981621015017667,3.249063059027617,4712
Irma (2017),10,8.0,0.003576120295778902,3.249063059027617,4712
Irma (2017),50,-6.0,5.472044069401258e-82,1.4745952825122475,2092
Irma (2017),50,-5.971943887775551,6.040679556112802e-81,1.4745952825122475,2092
Irma (2017),50,-5.943887775551103,6.561760066821871e-80,1.4745952825122475,2092
Irma (2017),50,-5.915831663326653,7.013797627831014e-79,1.4745952825122475,2092
Irma (2017),50,-5.887775551102204,7.377079300091692e-78,1.4745952825122475,2092
Irma (2017),50,-5.859719438877756,7.635087341302657e-77,1.4745952825122475,2092
Irma (2017),50,-5.831663326653307,7.775743098307894e-76,1.4745952825122475,2092
Irma (2017),50,-5.803607214428857,7.792344313298959e-75,1.4745952825122475,2092
Irma (2017),50,-5.775551102204409,7.68409456764727e-74,1.4745952825122475,2092
Irma (2017),50,-5.74749498997996,7.456166620811897e-73,1.4745952825122475,2092
Irma (2017),50,-5.719438877755511,7.119292629527982e-72,1.4745952825122475,2092
Irma (2017),50,-5.6913827655310625,6.688926453863778e-71,1.4745952825122475,2092
Irma (2017),50,-5.663326653306613,6.184069099896533e-70,1.4745952825122475,2092
Irma (2017),50,-5.635270541082164,5.625881536132167e-69,1.4745952825122475,2092
Irma (2017),50,-5.6072144288577155,5.0362255132780035e-68,1.4745952825122475,2092
Irma (2017),50,-5.579158316633267,4.436271233888096e-67,1.4745952825122475,2092
Irma (2017),50,-5.551102204408817,3.845292224904031e-66,1.4745952825122475,2092
Irma (2017),50,-5.5230460921843685,3.2797364389917196e-65,1.4745952825122475,2092
Irma (2017),50,-5.49498997995992,2.7526239020943704e-64,1.4745952825122475,2092
Irma (2017),50,-5.466933867735471,2.2732811189047008e-63,1.4745952825122475,2092
Irma (2017),50,-5.438877755511022,1.8473864312018737e-62,1.4745952825122475,2092
Irma (2017),50,-5.410821643286573,1.4772727626302789e-61,1.4745952825122475,2092
Irma (2017),50,-5.382765531062124,1.1624170410673348e-60,1.4745952825122475,2092
Irma (2017),50,-5.354709418837675,9.000395257134459e-60,1.4745952825122475,2092
Irma (2017),50,-5.326653306613227,6.857400781998864e-59,1.4745952825122475,2092
Irma (2017),50,-5.298597194388778,5.141097255258706e-58,1.4745952825122475,2092
Irma (2017),50,-5.270541082164328,3.792717041285223e-57,1.4745952825122475,2092
Irma (2017),50,-5.24248496993988,2.753235767828442e-56,1.4745952825122475,2092
Irma (2017),50,-5.214428857715431,1.966684519457426e-55,1.4745952825122475,2092
Irma (2017),50,-5.186372745490982,1.3823701015306951e-54,1.4745952825122475,2092
Irma (2017),50,-5.158316633266534,9.561197768527273e-54,1.4745952825122475,2092
Irma (2017),50,-5.130260521042084,6.507266708862039e-53,1.4745952825122475,2092
Irma (2017),50,-5.102204408817635,4.357960098007661e-52,1.4745952825122475,2092
Irma (2017),50,-5.074148296593187,2.871879596717431e-51,1.4745952825122475,2092
Irma (2017),50,-5.046092184368737,1.8622909955089465e-50,1.4745952825122475,2092
Irma (2017),50,-5.018036072144288,1.18830300408876e-49,1.4745952825122475,2092
Irma (2017),50,-4.98997995991984,7.461139897805378e-49,1.4745952825122475,2092
Irma (2017),50,-4.961923847695391,4.609793888159183e-48,1.4745952825122475,2092
Irma (2017),50,-4.933867735470942,2.8025680642234856e-47,1.4745952825122475,2092
Irma (2017),50,-4.905811623246493,1.6765988594029566e-46,1.4745952825122475,2092
Irma (2017),50,-4.877755511022044,9.869621558656249e-46,1.4745952825122475,2092
Irma (2017),50,-4.849699398797595,5.717026046594045e-45,1.4745952825122475,2092
Irma (2017),50,-4.8216432865731464,3.2586534579090077e-44,1.4745952825122475,2092
Irma (2017),50,-4.793587174348698,1.8276983560702e-43,1.4745952825122475,2092
Irma (2017),50,-4.765531062124248,1.008716677147763e-42,1.4745952825122475,2092
Irma (2017),50,-4.7374749498997994,5.478128527749639e-42,1.4745952825122475,2092
Irma (2017),50,-4.709418837675351,2.9274775297380256e-41,1.4745952825122475,2092
Irma (2017),50,-4.681362725450902,1.5394062999655442e-40,1.4745952825122475,2092
Irma (2017),50,-4.653306613226453,7.965467781164967e-40,1.4745952825122475,2092
Irma (2017),50,-4.625250501002004,4.0557170410246707e-39,1.4745952825122475,2092
Irma (2017),50,-4.597194388777555,2.0319936491497643e-38,1.4745952825122475,2092
Irma (2017),50,-4.569138276553106,1.0017869764639393e-37,1.4745952825122475,2092
Irma (2017),50,-4.541082164328657,4.859893509627895e-37,1.4745952825122475,2092
Irma (2017),50,-4.513026052104209,2.3199384412015225e-36,1.4745952825122475,2092
Irma (2017),50,-4.484969939879759,1.0897440482856214e-35,1.4745952825122475,2092
Irma (2017),50,-4.456913827655311,5.036987659170263e-35,1.4745952825122475,2092
Irma (2017),50,-4.428857715430862,2.290949965876264e-34,1.4745952825122475,2092
Irma (2017),50,-4.400801603206412,1.0253181809133718e-33,1.4745952825122475,2092
Irma (2017),50,-4.372745490981964,4.515439718742814e-33,1.4745952825122475,2092
Irma (2017),50,-4.344689378757515,1.9567699745100464e-32,1.4745952825122475,2092
Irma (2017),50,-4.316633266533066,8.344068085431078e-32,1.4745952825122475,2092
Irma (2017),50,-4.2885771543086175,3.5011783884247825e-31,1.4745952825122475,2092
Irma (2017),50,-4.260521042084168,1.4456027822784734e-30,1.4745952825122475,2092
Irma (2017),50,-4.232464929859719,5.873298156629643e-30,1.4745952825122475,2092
Irma (2017),50,-4.2044088176352705,2.3480830719354639e-29,1.4745952825122475,2092
Irma (2017),50,-4.176352705410822,9.237260756485102e-29,1.4745952825122475,2092
Irma (2017),50,-4.148296593186373,3.5757840733571865e-28,1.4745952825122475,2092
Irma (2017),50,-4.1202404809619235,1.3620645958953401e-27,1.4745952825122475,2092
Irma (2017),50,-4.092184368737475,5.105314016835491e-27,1.4745952825122475,2092
Irma (2017),50,-4.064128256513026,1.882979325149672e-26,1.4745952825122475,2092
Irma (2017),50,-4.036072144288577,6.833874199086673e-26,1.4745952825122475,2092
Irma (2017),50,-4.008016032064129,2.440544577868446e-25,1.4745952825122475,2092
Irma (2017),50,-3.979959919839679,8.576396404243062e-25,1.4745952825122475,2092
Irma (2017),50,-3.9519038076152304,2.9656594839564952e-24,1.4745952825122475,2092
Irma (2017),50,-3.9238476953907817,1.0091043040412236e-23,1.4745952825122475,2092
Irma (2017),50,-3.8957915831663326,3.3786964047982584e-23,1.4745952825122475,2092
Irma (2017),50,-3.867735470941884,1.1131677545096184e-22,1.4745952825122475,2092
Irma (2017),50,-3.8396793587174347,3.608863052984095e-22,1.4745952825122475,2092
Irma (2017),50,-3.811623246492986,1.1512735401146896e-21,1.4745952825122475,2092
Irma (2017),50,-3.783567134268537,3.613973647986505e-21,1.4745952825122475,2092
Irma (2017),50,-3.755511022044088,1.1163227529046336e-20,1.4745952825122475,2092
Irma (2017),50,-3.7274549098196395,3.393070699331316e-20,1.4745952825122475,2092
Irma (2017),50,-3.6993987975951903,1.0148325264830851e-19,1.4745952825122475,2092
Irma (2017),50,-3.6713426853707416,2.9867177666910105e-19,1.4745952825122475,2092
Irma (2017),50,-3.6432865731462925,8.649526431925408e-19,1.4745952825122475,2092
Irma (2017),50,-3.6152304609218437,2.4648404532726355e-18,1.4745952825122475,2092
Irma (2017),50,-3.5871743486973946,6.911680186948278e-18,1.4745952825122475,2092
Irma (2017),50,-3.559118236472946,1.9071146184375716e-17,1.4745952825122475,2092
Irma (2017),50,-3.531062124248497,5.178074511648966e-17,1.4745952825122475,2092
Irma (2017),50,-3.503006012024048,1.3834330184409048e-16,1.4745952825122475,2092
Irma (2017),50,-3.4749498997995993,3.6370252816916503e-16,1.4745952825122475,2092
Irma (2017),50,-3.44689378757515,9.408769875949135e-16,1.4745952825122475,2092
Irma (2017),50,-3.4188376753507015,2.39506728334775e-15,1.4745952825122475,2092
Irma (2017),50,-3.3907815631262523,5.999304946705655e-15,1.4745952825122475,2092
Irma (2017),50,-3.3627254509018036,1.4787082913785336e-14,1.4745952825122475,2092
Irma (2017),50,-3.3346693386773545,3.5864306121777694e-14,1.4745952825122475,2092
Irma (2017),50,-3.306613226452906,8.559348651772547e-14,1.4745952825122475,2092
Irma (2017),50,-3.278557114228457,2.010098627176802e-13,1.4745952825122475,2092
Irma (2017),50,-3.250501002004008,4.645071362732301e-13,1.4745952825122475,2092
Irma (2017),50,-3.2224448897795592,1.0562477521102532e-12,1.4745952825122475,2092
Irma (2017),50,-3.19438877755511,2.3634020145892956e-12,1.4745952825122475,2092
Irma (2017),50,-3.1663326653306614,5.203646882700412e-12,1.4745952825122475,2092
Irma (2017),50,-3.1382765531062122,1.1273959433320396e-11,1.4745952825122475,2092
Irma (2017),50,-3.1102204408817635,2.4034969620422035e-11,1.4745952825122475,2092
Irma (2017),50,-3.0821643286573144,5.0420735969096355e-11,1.4745952825122475,2092
Irma (2017),50,-3.0541082164328657,1.0408144656319728e-10,1.4745952825122475,2092
Irma (2017),50,-3.026052104208417,2.114151223082649e-10,1.4745952825122475,2092
Irma (2017),50,-2.997995991983968,4.225688086063894e-10,1.4745952825122475,2092
Irma (2017),50,-2.969939879759519,8.311082094147605e-10,1.4745952825122475,2092
Irma (2017),50,-2.94188376753507,1.6084833358411702e-09,1.4745952825122475,2092
Irma (2017),50,-2.9138276553106213,3.0631944070190686e-09,1.4745952825122475,2092
Irma (2017),50,-2.885771543086172,5.740262282479619e-09,1.4745952825122475,2092
Irma (2017),50,-2.8577154308617234,1.0584938148242638e-08,1.4745952825122475,2092
Irma (2017),50,-2.8296593186372747,1.920634022975758e-08,1.4745952825122475,2092
Irma (2017),50,-2.8016032064128256,3.429264547186941e-08,1.4745952825122475,2092
Irma (2017),50,-2.773547094188377,6.025011985511671e-08,1.4745952825122475,2092
Irma (2017),50,-2.7454909819639277,1.0416360451202807e-07,1.4745952825122475,2092
Irma (2017),50,-2.717434869739479,1.7720501764078091e-07,1.4745952825122475,2092
Irma (2017),50,-2.68937875751503,2.9664630447522163e-07,1.4745952825122475,2092
Irma (2017),50,-2.661322645290581,4.886591480761109e-07,1.4745952825122475,2092
Irma (2017),50,-2.6332665330661325,7.920979376261399e-07,1.4745952825122475,2092
Irma (2017),50,-2.6052104208416833,1.2634542508655456e-06,1.4745952825122475,2092
Irma (2017),50,-2.5771543086172346,1.9831270464390377e-06,1.4745952825122475,2092
Irma (2017),50,-2.5490981963927855,3.0630580829251964e-06,1.4745952825122475,2092
Irma (2017),50,-2.5210420841683367,4.655623055881973e-06,1.4745952825122475,2092
Irma (2017),50,-2.4929859719438876,6.963436713680577e-06,1.4745952825122475,2092
Irma (2017),50,-2.464929859719439,1.0249425756034189e-05,1.4745952825122475,2092
Irma (2017),50,-2.4368737474949898,1.4846162992113899e-05,1.4745952825122475,2092
Irma (2017),50,-2.408817635270541,2.116307677171446e-05,1.4745952825122475,2092
Irma (2017),50,-2.3807615230460923,2.9689811074720783e-05,1.4745952825122475,2092
Irma (2017),50,-2.352705410821643,4.0993795886307676e-05,1.4745952825122475,2092
Irma (2017),50,-2.3246492985971945,5.5710091689945465e-05,1.4745952825122475,2092
Irma (2017),50,-2.2965931863727453,7.452189425214574e-05,1.4745952825122475,2092
Irma (2017),50,-2.2685370741482966,9.813080484303137e-05,1.4745952825122475,2092
Irma (2017),50,-2.2404809619238475,0.00012721711993540687,1.4745952825122475,2092
Irma (2017),50,-2.212424849699399,0.000162391935310148,1.4745952825122475,2092
Irma (2017),50,-2.1843687374749496,0.0002041446626925884,1.4745952825122475,2092
Irma (2017),50,-2.156312625250501,0.0002527913933396467,1.4745952825122475,2092
Irma (2017),50,-2.1282565130260522,0.0003084310951472077,1.4745952825122475,2092
Irma (2017),50,-2.100200400801603,0.0003709175275917957,1.4745952825122475,2092
Irma (2017),50,-2.0721442885771544,0.0004398546372210509,1.4745952825122475,2092
Irma (2017),50,-2.0440881763527052,0.0005146217715715284,1.4745952825122475,2092
Irma (2017),50,-2.0160320641282565,0.000594432199645232,1.4745952825122475,2092
Irma (2017),50,-1.9879759519038078,0.0006784242628959363,1.4745952825122475,2092
Irma (2017),50,-1.9599198396793582,0.000765779384818944,1.4745952825122475,2092
Irma (2017),50,-1.9318637274549095,0.0008558557886544406,1.4745952825122475,2092
Irma (2017),50,-1.9038076152304608,0.0009483219644957851,1.4745952825122475,2092
Irma (2017),50,-1.8757515030060121,0.001043270629124829,1.4745952825122475,2092
Irma (2017),50,-1.8476953907815634,0.0011412930013492573,1.4745952825122475,2092
Irma (2017),50,-1.8196392785571138,0.0012434952902549742,1.4745952825122475,2092
Irma (2017),50,-1.7915831663326651,0.0013514445713587026,1.4745952825122475,2092
Irma (2017),50,-1.7635270541082164,0.001467039394908089,1.4745952825122475,2092
Irma (2017),50,-1.7354709418837677,0.0015923106742404007,1.4745952825122475,2092
Irma (2017),50,-1.707414829659319,0.0017291693094169357,1.4745952825122475,2092
Irma (2017),50,-1.6793587174348694,0.0018791269798202285,1.4745952825122475,2092
Irma (2017),50,-1.6513026052104207,0.002043023904980059,1.4745952825122475,2092
Irma (2017),50,-1.623246492985972,0.0022208006792878232,1.4745952825122475,2092
Irma (2017),50,-1.5951903807615233,0.0024113496020295704,1.4745952825122475,2092
Irma (2017),50,-1.5671342685370737,0.002612474043317413,1.4745952825122475,2092
Irma (2017),50,-1.539078156312625,0.0028209729263584224,1.4745952825122475,2092
Irma (2017),50,-1.5110220440881763,0.0030328527650902363,1.4745952825122475,2092
Irma (2017),50,-1.4829659318637276,0.003243653866739789,1.4745952825122475,2092
Irma (2017),50,-1.454909819639279,0.0034488625769006974,1.4745952825122475,2092
Irma (2017),50,-1.4268537074148293,0.0036443700180435,1.4745952825122475,2092
Irma (2017),50,-1.3987975951903806,0.0038269314089361835,1.4745952825122475,2092
Irma (2017),50,-1.370741482965932,0.003994579755029952,1.4745952825122475,2092
Irma (2017),50,-1.3426853707414832,0.004146953534803038,1.4745952825122475,2092
Irma (2017),50,-1.3146292585170336,0.004285509082063896,1.4745952825122475,2092
Irma (2017),50,-1.286573146292585,0.004413602970190183,1.4745952825122475,2092
Irma (2017),50,-1.2585170340681362,0.004536445595618329,1.4745952825122475,2092
Irma (2017),50,-1.2304609218436875,0.004660941920865578,1.4745952825122475,2092
Irma (2017),50,-1.2024048096192388,0.004795446781906655,1.4745952825122475,2092
Irma (2017),50,-1.1743486973947892,0.004949468673739926,1.4745952825122475,2092
Irma (2017),50,-1.1462925851703405,0.005133356708824088,1.4745952825122475,2092
Irma (2017),50,-1.1182364729458918,0.005358000645274099,1.4745952825122475,2092
Irma (2017),50,-1.090180360721443,0.005634564567831235,1.4745952825122475,2092
Irma (2017),50,-1.0621242484969944,0.005974262783143572,1.4745952825122475,2092
Irma (2017),50,-1.0340681362725448,0.0063881740376290404,1.4745952825122475,2092
Irma (2017),50,-1.006012024048096,0.006887079672695046,1.4745952825122475,2092
Irma (2017),50,-0.9779559118236474,0.0074813049261102564,1.4745952825122475,2092
Irma (2017),50,-0.9498997995991987,0.008180541774303426,1.4745952825122475,2092
Irma (2017),50,-0.9218436873747491,0.008993637077810757,1.4745952825122475,2092
Irma (2017),50,-0.8937875751503004,0.00992834083708128,1.4745952825122475,2092
Irma (2017),50,-0.8657314629258517,0.010991024464094053,1.4745952825122475,2092
Irma (2017),50,-0.837675350701403,0.012186395532455208,1.4745952825122475,2092
Irma (2017),50,-0.8096192384769543,0.01351725025353554,1.4745952825122475,2092
Irma (2017),50,-0.7815631262525047,0.014984314563283167,1.4745952825122475,2092
Irma (2017),50,-0.753507014028056,0.016586226270841022,1.4745952825122475,2092
Irma (2017),50,-0.7254509018036073,0.018319702359228317,1.4745952825122475,2092
Irma (2017),50,-0.6973947895791586,0.02017991696771058,1.4745952825122475,2092
Irma (2017),50,-0.669338677354709,0.022161088443609388,1.4745952825122475,2092
Irma (2017),50,-0.6412825651302603,0.0242572416328626,1.4745952825122475,2092
Irma (2017),50,-0.6132264529058116,0.02646307930299206,1.4745952825122475,2092
Irma (2017),50,-0.5851703406813629,0.02877487006546003,1.4745952825122475,2092
Irma (2017),50,-0.5571142284569142,0.031191244983625722,1.4745952825122475,2092
Irma (2017),50,-0.5290581162324646,0.033713795501695905,1.4745952825122475,2092
Irma (2017),50,-0.5010020040080159,0.03634738338050221,1.4745952825122475,2092
Irma (2017),50,-0.47294589178356716,0.039100107961720997,1.4745952825122475,2092
Irma (2017),50,-0.44488977955911846,0.041982923134962435,1.4745952825122475,2092
Irma (2017),50,-0.41683366733466887,0.04500894897339405,1.4745952825122475,2092
Irma (2017),50,-0.38877755511022016,0.04819257257171602,1.4745952825122475,2092
Irma (2017),50,-0.36072144288577146,0.05154847038189583,1.4745952825122475,2092
Irma (2017),50,-0.33266533066132276,0.05509070292443046,1.4745952825122475,2092
Irma (2017),50,-0.30460921843687405,0.05883202767622619,1.4745952825122475,2092
Irma (2017),50,-0.27655310621242446,0.06278354662946764,1.4745952825122475,2092
Irma (2017),50,-0.24849699398797576,0.0669547551306842,1.4745952825122475,2092
Irma (2017),50,-0.22044088176352705,0.07135399553315017,1.4745952825122475,2092
Irma (2017),50,-0.19238476953907835,0.07598925283319592,1.4745952825122475,2092
Irma (2017),50,-0.16432865731462876,0.08086917050796084,1.4745952825122475,2092
Irma (2017),50,-0.13627254509018005,0.08600412282070594,1.4745952825122475,2092
Irma (2017),50,-0.10821643286573135,0.0914071617087582,1.4745952825122475,2092
Irma (2017),50,-0.08016032064128265,0.09709466487057203,1.4745952825122475,2092
Irma (2017),50,-0.05210420841683394,0.1030865453272022,1.4745952825122475,2092
Irma (2017),50,-0.02404809619238435,0.10940593611621434,1.4745952825122475,2092
Irma (2017),50,0.004008016032064354,0.1160783286180055,1.4745952825122475,2092
Irma (2017),50,0.03206412825651306,0.12313020977965747,1.4745952825122475,2092
Irma (2017),50,0.06012024048096176,0.13058730306757646,1.4745952825122475,2092
Irma (2017),50,0.08817635270541047,0.13847256311709522,1.4745952825122475,2092
Irma (2017),50,0.11623246492986006,0.14680410041472744,1.4745952825122475,2092
Irma (2017),50,0.14428857715430876,0.1555932188552197,1.4745952825122475,2092
Irma (2017),50,0.17234468937875747,0.16484273751612688,1.4745952825122475,2092
Irma (2017),50,0.20040080160320617,0.17454574244246754,1.4745952825122475,2092
Irma (2017),50,0.22845691382765576,0.18468487951932386,1.4745952825122475,2092
Irma (2017),50,0.25651302605210446,0.19523226023998036,1.4745952825122475,2092
Irma (2017),50,0.28456913827655317,0.20615001172035705,1.4745952825122475,2092
Irma (2017),50,0.3126252505010019,0.21739146230596595,1.4745952825122475,2092
Irma (2017),50,0.3406813627254506,0.22890291457619513,1.4745952825122475,2092
Irma (2017),50,0.36873747494990017,0.24062591752841034,1.4745952825122475,2092
Irma (2017),50,0.39679358717434887,0.2524999083992048,1.4745952825122475,2092
Irma (2017),50,0.4248496993987976,0.2644650524428889,1.4745952825122475,2092
Irma (2017),50,0.4529058116232463,0.2764650687920053,1.4745952825122475,2092
Irma (2017),50,0.48096192384769587,0.2884497976596452,1.4745952825122475,2092
Irma (2017),50,0.5090180360721446,0.3003772461924129,1.4745952825122475,2092
Irma (2017),50,0.5370741482965933,0.31221485572866287,1.4745952825122475,2092
Irma (2017),50,0.565130260521042,0.3239397694681541,1.4745952825122475,2092
Irma (2017),50,0.5931863727454907,0.3355379506995533,1.4745952825122475,2092
Irma (2017),50,0.6212424849699403,0.3470021065272058,1.4745952825122475,2092
Irma (2017),50,0.649298597194389,0.35832850276950573,1.4745952825122475,2092
Irma (2017),50,0.6773547094188377,0.3695128982585451,1.4745952825122475,2092
Irma (2017),50,0.7054108216432864,0.3805459621928607,1.4745952825122475,2092
Irma (2017),50,0.7334669338677351,0.39140864550282817,1.4745952825122475,2092
Irma (2017),50,0.7615230460921847,0.40206803703099003,1.4745952825122475,2092
Irma (2017),50,0.7895791583166334,0.4124742337241672,1.4745952825122475,2092
Irma (2017),50,0.8176352705410821,0.42255868539056435,1.4745952825122475,2092
Irma (2017),50,0.8456913827655308,0.43223434331515936,1.4745952825122475,2092
Irma (2017),50,0.8737474949899804,0.44139776238695255,1.4745952825122475,2092
Irma (2017),50,0.9018036072144291,0.44993310038724676,1.4745952825122475,2092
Irma (2017),50,0.9298597194388778,0.45771775201968834,1.4745952825122475,2092
Irma (2017),50,0.9579158316633265,0.46462917546547516,1.4745952825122475,2092
Irma (2017),50,0.9859719438877752,0.47055233792739326,1.4745952825122475,2092
Irma (2017),50,1.0140280561122248,0.4753871385919313,1.4745952825122475,2092
Irma (2017),50,1.0420841683366735,0.47905516829748757,1.4745952825122475,2092
Irma (2017),50,1.0701402805611222,0.4815052312552034,1.4745952825122475,2092
Irma (2017),50,1.098196392785571,0.4827171738930497,1.4745952825122475,2092
Irma (2017),50,1.1262525050100205,0.48270372247539406,1.4745952825122475,2092
Irma (2017),50,1.1543086172344692,0.4815102055539198,1.4745952825122475,2092
Irma (2017),50,1.182364729458918,0.4792122111475112,1.4745952825122475,2092
Irma (2017),50,1.2104208416833666,0.47591138629800706,1.4745952825122475,2092
Irma (2017),50,1.2384769539078153,0.47172971687964765,1.4745952825122475,2092
Irma (2017),50,1.266533066132265,0.4668027212217248,1.4745952825122475,2092
Irma (2017),50,1.2945891783567136,0.46127204914193565,1.4745952825122475,2092
Irma (2017),50,1.3226452905811623,0.4552779983551223,1.4745952825122475,2092
Irma (2017),50,1.350701402805611,0.4489524450293009,1.4745952825122475,2092
Irma (2017),50,1.3787575150300606,0.4424126380298134,1.4745952825122475,2092
Irma (2017),50,1.4068136272545093,0.43575623164736293,1.4745952825122475,2092
Irma (2017),50,1.434869739478958,0.42905783475314874,1.4745952825122475,2092
Irma (2017),50,1.4629258517034067,0.4223672416828689,1.4745952825122475,2092
Irma (2017),50,1.4909819639278554,0.41570938895763077,1.4745952825122475,2092
Irma (2017),50,1.519038076152305,0.4090859602044563,1.4745952825122475,2092
Irma (2017),50,1.5470941883767537,0.4024784477284607,1.4745952825122475,2092
Irma (2017),50,1.5751503006012024,0.39585238131389133,1.4745952825122475,2092
Irma (2017),50,1.6032064128256511,0.3891623603313886,1.4745952825122475,2092
Irma (2017),50,1.6312625250501007,0.38235747991282637,1.4745952825122475,2092
Irma (2017),50,1.6593186372745494,0.37538672953263325,1.4745952825122475,2092
Irma (2017),50,1.6873747494989981,0.3682039639976392,1.4745952825122475,2092
Irma (2017),50,1.7154308617234468,0.3607721010221483,1.4745952825122475,2092
Irma (2017),50,1.7434869739478955,0.35306628183481437,1.4745952825122475,2092
Irma (2017),50,1.7715430861723451,0.3450758344885149,1.4745952825122475,2092
Irma (2017),50,1.7995991983967938,0.33680499421699767,1.4745952825122475,2092
Irma (2017),50,1.8276553106212425,0.32827245009085015,1.4745952825122475,2092
Irma (2017),50,1.8557114228456912,0.3195098904565562,1.4745952825122475,2092
Irma (2017),50,1.88376753507014,0.3105597999032776,1.4745952825122475,2092
Irma (2017),50,1.9118236472945895,0.3014728086354149,1.4745952825122475,2092
Irma (2017),50,1.9398797595190382,0.29230490559331745,1.4745952825122475,2092
Irma (2017),50,1.967935871743487,0.28311479868041317,1.4745952825122475,2092
Irma (2017),50,1.9959919839679356,0.27396164352422187,1.4745952825122475,2092
Irma (2017),50,2.0240480961923843,0.26490327578398154,1.4745952825122475,2092
Irma (2017),50,2.052104208416834,0.2559949843320379,1.4745952825122475,2092
Irma (2017),50,2.0801603206412835,0.24728876868253416,1.4745952825122475,2092
Irma (2017),50,2.1082164328657313,0.23883294822211068,1.4745952825122475,2092
Irma (2017),50,2.136272545090181,0.2306719445348746,1.4745952825122475,2092
Irma (2017),50,2.1643286573146288,0.2228460479294395,1.4745952825122475,2092
Irma (2017),50,2.1923847695390783,0.2153910057106765,1.4745952825122475,2092
Irma (2017),50,2.220440881763528,0.20833732731461607,1.4745952825122475,2092
Irma (2017),50,2.2484969939879758,0.20170927964648877,1.4745952825122475,2092
Irma (2017),50,2.2765531062124253,0.19552363115569746,1.4745952825122475,2092
Irma (2017),50,2.304609218436873,0.18978828081739577,1.4745952825122475,2092
Irma (2017),50,2.3326653306613228,0.18450096525978038,1.4745952825122475,2092
Irma (2017),50,2.3607214428857723,0.17964826431835632,1.4745952825122475,2092
Irma (2017),50,2.38877755511022,0.17520511775477074,1.4745952825122475,2092
Irma (2017),50,2.4168336673346698,0.17113502459859378,1.4745952825122475,2092
Irma (2017),50,2.4448897795591176,0.16739102745147016,1.4745952825122475,2092
Irma (2017),50,2.472945891783567,0.16391749696777005,1.4745952825122475,2092
Irma (2017),50,2.5010020040080168,0.16065263874247374,1.4745952825122475,2092
Irma (2017),50,2.5290581162324646,0.15753155860861673,1.4745952825122475,2092
Irma (2017),50,2.557114228456914,0.15448965416641242,1.4745952825122475,2092
Irma (2017),50,2.585170340681362,0.15146605873610125,1.4745952825122475,2092
Irma (2017),50,2.6132264529058116,0.14840685357689312,1.4745952825122475,2092
Irma (2017),50,2.641282565130261,0.14526778569786722,1.4745952825122475,2092
Irma (2017),50,2.669338677354709,0.14201627844539788,1.4745952825122475,2092
Irma (2017),50,2.6973947895791586,0.13863259347795123,1.4745952825122475,2092
Irma (2017),50,2.725450901803608,0.1351100866030858,1.4745952825122475,2092
Irma (2017),50,2.753507014028056,0.13145458604126534,1.4745952825122475,2092
Irma (2017),50,2.7815631262525056,0.12768299999937857,1.4745952825122475,2092
Irma (2017),50,2.8096192384769534,0.12382132240949877,1.4745952825122475,2092
Irma (2017),50,2.837675350701403,0.11990224516124831,1.4745952825122475,2092
Irma (2017),50,2.8657314629258526,0.11596259907833632,1.4745952825122475,2092
Irma (2017),50,2.8937875751503004,0.11204083460935287,1.4745952825122475,2092
Irma (2017),50,2.92184368737475,0.1081747203289743,1.4745952825122475,2092
Irma (2017),50,2.949899799599198,0.10439938917521102,1.4745952825122475,2092
Irma (2017),50,2.9779559118236474,0.1007458069059948,1.4745952825122475,2092
Irma (2017),50,3.006012024048097,0.09723968306159353,1.4745952825122475,2092
Irma (2017),50,3.034068136272545,0.0939007994382913,1.4745952825122475,2092
Irma (2017),50,3.0621242484969944,0.09074270030651883,1.4745952825122475,2092
Irma (2017),50,3.090180360721442,0.08777267495952593,1.4745952825122475,2092
Irma (2017),50,3.118236472945892,0.08499196591516063,1.4745952825122475,2092
Irma (2017),50,3.1462925851703414,0.08239615135266054,1.4745952825122475,2092
Irma (2017),50,3.174348697394789,0.07997567201483043,1.4745952825122475,2092
Irma (2017),50,3.202404809619239,0.07771649374861961,1.4745952825122475,2092
Irma (2017),50,3.2304609218436866,0.07560091056433134,1.4745952825122475,2092
Irma (2017),50,3.258517034068136,0.07360849503161467,1.4745952825122475,2092
Irma (2017),50,3.286573146292586,0.07171719148727669,1.4745952825122475,2092
Irma (2017),50,3.3146292585170336,0.06990452480656374,1.4745952825122475,2092
Irma (2017),50,3.342685370741483,0.06814886835123078,1.4745952825122475,2092
Irma (2017),50,3.370741482965933,0.06643068615386208,1.4745952825122475,2092
Irma (2017),50,3.3987975951903806,0.06473364395523204,1.4745952825122475,2092
Irma (2017),50,3.42685370741483,0.06304547776548015,1.4745952825122475,2092
Irma (2017),50,3.454909819639278,0.06135852093946207,1.4745952825122475,2092
Irma (2017),50,3.4829659318637276,0.05966982153270516,1.4745952825122475,2092
Irma (2017),50,3.511022044088177,0.05798082731649232,1.4745952825122475,2092
Irma (2017),50,3.539078156312625,0.05629666940612461,1.4745952825122475,2092
Irma (2017),50,3.5671342685370746,0.05462512811997914,1.4745952825122475,2092
Irma (2017),50,3.5951903807615224,0.052975407253168925,1.4745952825122475,2092
Irma (2017),50,3.623246492985972,0.051356867718283954,1.4745952825122475,2092
Irma (2017),50,3.6513026052104216,0.0497778737953903,1.4745952825122475,2092
Irma (2017),50,3.6793587174348694,0.048244884339851996,1.4745952825122475,2092
Irma (2017),50,3.707414829659319,0.04676188067904432,1.4745952825122475,2092
Irma (2017),50,3.735470941883767,0.04533016958467805,1.4745952825122475,2092
Irma (2017),50,3.7635270541082164,0.043948542856072415,1.4745952825122475,2092
Irma (2017),50,3.791583166332666,0.04261372439352123,1.4745952825122475,2092
Irma (2017),50,3.819639278557114,0.04132099954574913,1.4745952825122475,2092
Irma (2017),50,3.8476953907815634,0.040064905474692596,1.4745952825122475,2092
Irma (2017),50,3.8757515030060112,0.038839866960479086,1.4745952825122475,2092
Irma (2017),50,3.903807615230461,0.03764068711264985,1.4745952825122475,2092
Irma (2017),50,3.9318637274549104,0.036462841065362794,1.4745952825122475,2092
Irma (2017),50,3.9599198396793582,0.035302564910391,1.4745952825122475,2092
Irma (2017),50,3.987975951903808,0.03415677326060863,1.4745952825122475,2092
Irma (2017),50,4.016032064128257,0.033022869403149475,1.4745952825122475,2092
Irma (2017),50,4.044088176352705,0.03189852691387368,1.4745952825122475,2092
Irma (2017),50,4.072144288577155,0.030781519084098857,1.4745952825122475,2092
Irma (2017),50,4.100200400801603,0.029669654248284792,1.4745952825122475,2092
Irma (2017),50,4.128256513026052,0.028560845745560344,1.4745952825122475,2092
Irma (2017),50,4.156312625250502,0.027453311341081404,1.4745952825122475,2092
Irma (2017),50,4.18436873747495,0.02634586553779953,1.4745952825122475,2092
Irma (2017),50,4.212424849699399,0.02523824550706251,1.4745952825122475,2092
Irma (2017),50,4.240480961923847,0.024131401505891544,1.4745952825122475,2092
Irma (2017),50,4.268537074148297,0.023027687051829154,1.4745952825122475,2092
Irma (2017),50,4.296593186372746,0.02193090136440115,1.4745952825122475,2092
Irma (2017),50,4.324649298597194,0.020846162811835354,1.4745952825122475,2092
Irma (2017),50,4.352705410821644,0.019779621941011082,1.4745952825122475,2092
Irma (2017),50,4.3807615230460915,0.01873805031897587,1.4745952825122475,2092
Irma (2017),50,4.408817635270541,0.017728361792327386,1.4745952825122475,2092
Irma (2017),50,4.436873747494991,0.01675713243156302,1.4745952825122475,2092
Irma (2017),50,4.4649298597194385,0.015830183115288884,1.4745952825122475,2092
Irma (2017),50,4.492985971943888,0.014952275454456213,1.4745952825122475,2092
Irma (2017),50,4.521042084168338,0.014126950535352619,1.4745952825122475,2092
Irma (2017),50,4.5490981963927855,0.013356515012126197,1.4745952825122475,2092
Irma (2017),50,4.577154308617235,0.012642155044912015,1.4745952825122475,2092
Irma (2017),50,4.605210420841683,0.011984139626270996,1.4745952825122475,2092
Irma (2017),50,4.6332665330661325,0.011382063947861303,1.4745952825122475,2092
Irma (2017),50,4.661322645290582,0.010835081983077694,1.4745952825122475,2092
Irma (2017),50,4.68937875751503,0.01034208500765511,1.4745952825122475,2092
Irma (2017),50,4.7174348697394795,0.009901797413895113,1.4745952825122475,2092
Irma (2017),50,4.745490981963927,0.009512779868705022,1.4745952825122475,2092
Irma (2017),50,4.773547094188377,0.00917334910268174,1.4745952825122475,2092
Irma (2017),50,4.8016032064128265,0.008881440019627151,1.4745952825122475,2092
Irma (2017),50,4.829659318637274,0.008634446705450358,1.4745952825122475,2092
Irma (2017),50,4.857715430861724,0.008429082715646156,1.4745952825122475,2092
Irma (2017),50,4.885771543086172,0.008261297448758928,1.4745952825122475,2092
Irma (2017),50,4.913827655310621,0.00812627545103294,1.4745952825122475,2092
Irma (2017),50,4.941883767535071,0.008018531156792602,1.4745952825122475,2092
Irma (2017),50,4.969939879759519,0.007932095501710862,1.4745952825122475,2092
Irma (2017),50,4.997995991983968,0.007860775864201714,1.4745952825122475,2092
Irma (2017),50,5.026052104208416,0.007798459378304482,1.4745952825122475,2092
Irma (2017),50,5.054108216432866,0.007739423560567457,1.4745952825122475,2092
Irma (2017),50,5.082164328657315,0.007678618126879861,1.4745952825122475,2092
Irma (2017),50,5.110220440881763,0.0076118874639723964,1.4745952825122475,2092
Irma (2017),50,5.138276553106213,0.007536113103020582,1.4745952825122475,2092
Irma (2017),50,5.166332665330662,0.007449267677335735,1.4745952825122475,2092
Irma (2017),50,5.19438877755511,0.0073503839345433,1.4745952825122475,2092
Irma (2017),50,5.22244488977956,0.007239452324602367,1.4745952825122475,2092
Irma (2017),50,5.2505010020040075,0.007117267018206688,1.4745952825122475,2092
Irma (2017),50,5.278557114228457,0.00698524231683202,1.4745952825122475,2092
Irma (2017),50,5.306613226452907,0.0068452196202988085,1.4745952825122475,2092
Irma (2017),50,5.3346693386773545,0.006699280529032906,1.4745952825122475,2092
Irma (2017),50,5.362725450901804,0.006549575849238954,1.4745952825122475,2092
Irma (2017),50,5.390781563126252,0.006398174864536681,1.4745952825122475,2092
Irma (2017),50,5.4188376753507015,0.0062469355107154555,1.4745952825122475,2092
Irma (2017),50,5.446893787575151,0.006097394670195925,1.4745952825122475,2092
Irma (2017),50,5.474949899799599,0.00595067856155798,1.4745952825122475,2092
Irma (2017),50,5.5030060120240485,0.0058074353441963785,1.4745952825122475,2092
Irma (2017),50,5.531062124248496,0.005667794398138262,1.4745952825122475,2092
Irma (2017),50,5.559118236472946,0.005531358052303081,1.4745952825122475,2092
Irma (2017),50,5.5871743486973955,0.005397230931940603,1.4745952825122475,2092
Irma (2017),50,5.615230460921843,0.005264089284277238,1.4745952825122475,2092
Irma (2017),50,5.643286573146293,0.005130288013993427,1.4745952825122475,2092
Irma (2017),50,5.6713426853707425,0.004993997694814512,1.4745952825122475,2092
Irma (2017),50,5.69939879759519,0.004853358817712609,1.4745952825122475,2092
Irma (2017),50,5.72745490981964,0.00470663725587152,1.4745952825122475,2092
Irma (2017),50,5.755511022044088,0.004552364265283503,1.4745952825122475,2092
Irma (2017),50,5.783567134268537,0.004389446580933678,1.4745952825122475,2092
Irma (2017),50,5.811623246492987,0.004217236910830916,1.4745952825122475,2092
Irma (2017),50,5.839679358717435,0.004035561392761523,1.4745952825122475,2092
Irma (2017),50,5.867735470941884,0.003844707050913854,1.4745952825122475,2092
Irma (2017),50,5.895791583166332,0.003645377655513679,1.4745952825122475,2092
Irma (2017),50,5.923847695390782,0.003438629639242692,1.4745952825122475,2092
Irma (2017),50,5.951903807615231,0.003225800378292959,1.4745952825122475,2092
Irma (2017),50,5.979959919839679,0.0030084393298844283,1.4745952825122475,2092
Irma (2017),50,6.008016032064129,0.002788248894151855,1.4745952825122475,2092
Irma (2017),50,6.0360721442885765,0.0025670374399566582,1.4745952825122475,2092
Irma (2017),50,6.064128256513026,0.00234668278659395,1.4745952825122475,2092
Irma (2017),50,6.092184368737476,0.0021291014776124296,1.4745952825122475,2092
Irma (2017),50,6.1202404809619235,0.0019162179649970547,1.4745952825122475,2092
Irma (2017),50,6.148296593186373,0.0017099284355345705,1.4745952825122475,2092
Irma (2017),50,6.176352705410821,0.00151205612411617,1.4745952825122475,2092
Irma (2017),50,6.2044088176352705,0.0013242979336547092,1.4745952825122475,2092
Irma (2017),50,6.23246492985972,0.0011481652515854522,1.4745952825122475,2092
Irma (2017),50,6.260521042084168,0.0009849243065932739,1.4745952825122475,2092
Irma (2017),50,6.2885771543086175,0.0008355427378554938,1.4745952825122475,2092
Irma (2017),50,6.316633266533067,0.0007006490329922701,1.4745952825122475,2092
Irma (2017),50,6.344689378757515,0.0005805102103527603,1.4745952825122475,2092
Irma (2017),50,6.3727454909819645,0.00047503090220204233,1.4745952825122475,2092
Irma (2017),50,6.400801603206412,0.00038377431129949495,1.4745952825122475,2092
Irma (2017),50,6.428857715430862,0.0003060028712173076,1.4745952825122475,2092
Irma (2017),50,6.4569138276553115,0.00024073427775242977,1.4745952825122475,2092
Irma (2017),50,6.484969939879759,0.00018680716987082145,1.4745952825122475,2092
Irma (2017),50,6.513026052104209,0.00014295024412514816,1.4745952825122475,2092
Irma (2017),50,6.541082164328657,0.0001078489392625263,1.4745952825122475,2092
Irma (2017),50,6.569138276553106,8.020485080194061e-05,1.4745952825122475,2092
Irma (2017),50,6.597194388777556,5.878447652436837e-05,1.4745952825122475,2092
Irma (2017),50,6.625250501002004,4.2455483158215116e-05,1.4745952825122475,2092
Irma (2017),50,6.653306613226453,3.0210182997351312e-05,1.4745952825122475,2092
Irma (2017),50,6.681362725450901,2.1177141015977396e-05,1.4745952825122475,2092
Irma (2017),50,6.709418837675351,1.4622699777928425e-05,1.4745952825122475,2092
Irma (2017),50,6.7374749498998,9.94468720813149e-06,1.4745952825122475,2092
Irma (2017),50,6.765531062124248,6.6606971562471895e-06,1.4745952825122475,2092
Irma (2017),50,6.793587174348698,4.3931797163890704e-06,1.4745952825122475,2092
Irma (2017),50,6.821643286573146,2.8532398489540845e-06,1.4745952825122475,2092
Irma (2017),50,6.849699398797595,1.8246101681367182e-06,1.4745952825122475,2092
Irma (2017),50,6.877755511022045,1.148813851117418e-06,1.4745952825122475,2092
Irma (2017),50,6.905811623246493,7.121225424219337e-07,1.4745952825122475,2092
Irma (2017),50,6.933867735470942,4.3457548990425893e-07,1.4745952825122475,2092
Irma (2017),50,6.961923847695392,2.610736362164134e-07,1.4745952825122475,2092
Irma (2017),50,6.98997995991984,1.5439445642144835e-07,1.4745952825122475,2092
Irma (2017),50,7.018036072144289,8.987862602596192e-08,1.4745952825122475,2092
Irma (2017),50,7.046092184368737,5.1501953567826564e-08,1.4745952825122475,2092
Irma (2017),50,7.074148296593187,2.9048338013734988e-08,1.4745952825122475,2092
Irma (2017),50,7.102204408817636,1.6126422816147956e-08,1.4745952825122475,2092
Irma (2017),50,7.130260521042084,8.811783409927427e-09,1.4745952825122475,2092
Irma (2017),50,7.158316633266534,4.739028846482961e-09,1.4745952825122475,2092
Irma (2017),50,7.186372745490981,2.5084544221107914e-09,1.4745952825122475,2092
Irma (2017),50,7.214428857715431,1.306792665794524e-09,1.4745952825122475,2092
Irma (2017),50,7.242484969939881,6.700137641921576e-10,1.4745952825122475,2092
Irma (2017),50,7.270541082164328,3.3808887040591583e-10,1.4745952825122475,2092
Irma (2017),50,7.298597194388778,1.678967290806929e-10,1.4745952825122475,2092
Irma (2017),50,7.326653306613226,8.205638912336431e-11,1.4745952825122475,2092
Irma (2017),50,7.354709418837675,3.9467209519530143e-11,1.4745952825122475,2092
Irma (2017),50,7.382765531062125,1.8681414343172507e-11,1.4745952825122475,2092
Irma (2017),50,7.410821643286573,8.702183440879652e-12,1.4745952825122475,2092
Irma (2017),50,7.438877755511022,3.989220528210529e-12,1.4745952825122475,2092
Irma (2017),50,7.46693386773547,1.7996401876590064e-12,1.4745952825122475,2092
Irma (2017),50,7.49498997995992,7.989469272585475e-13,1.4745952825122475,2092
Irma (2017),50,7.523046092184369,3.4904533429129547e-13,1.4745952825122475,2092
Irma (2017),50,7.551102204408817,1.5006336870284058e-13,1.4745952825122475,2092
Irma (2017),50,7.579158316633267,6.34883448450502e-14,1.4745952825122475,2092
Irma (2017),50,7.607214428857716,2.6432454433471353e-14,1.4745952825122475,2092
Irma (2017),50,7.635270541082164,1.0829366543123159e-14,1.4745952825122475,2092
Irma (2017),50,7.663326653306614,4.366050562410767e-15,1.4745952825122475,2092
Irma (2017),50,7.691382765531062,1.7321792932575774e-15,1.4745952825122475,2092
Irma (2017),50,7.719438877755511,6.762599554885611e-16,1.4745952825122475,2092
Irma (2017),50,7.747494989979961,2.5980634457615445e-16,1.4745952825122475,2092
Irma (2017),50,7.775551102204409,9.821995070434928e-17,1.4745952825122475,2092
Irma (2017),50,7.803607214428858,3.653947368159084e-17,1.4745952825122475,2092
Irma (2017),50,7.831663326653306,1.3376309834145691e-17,1.4745952825122475,2092
Irma (2017),50,7.859719438877756,4.818598523608302e-18,1.4745952825122475,2092
Irma (2017),50,7.887775551102205,1.708105058803588e-18,1.4745952825122475,2092
Irma (2017),50,7.915831663326653,5.95822538186122e-19,1.4745952825122475,2092
Irma (2017),50,7.943887775551103,2.0451584537309987e-19,1.4745952825122475,2092
Irma (2017),50,7.97194388777555,6.907866291153905e-20,1.4745952825122475,2092
Irma (2017),50,8.0,2.29597477661727e-20,1.4745952825122475,2092
Irma (2017),100,-6.0,9.780072697291276e-146,1.147692418722083,1682
Irma (2017),100,-5.971943887775551,7.699926843552317e-144,1.147692418722083,1682
Irma (2017),100,-5.943887775551103,5.887101317058695e-142,1.147692418722083,1682
Irma (2017),100,-5.915831663326653,4.371060486636407e-140,1.147692418722083,1682
Irma (2017),100,-5.887775551102204,3.151682916046287e-138,1.147692418722083,1682
Irma (2017),100,-5.859719438877756,2.2068286524511734e-136,1.147692418722083,1682
Irma (2017),100,-5.831663326653307,1.5006005645973169e-134,1.147692418722083,1682
Irma (2017),100,-5.803607214428857,9.909049368317665e-133,1.147692418722083,1682
Irma (2017),100,-5.775551102204409,6.354322809044733e-131,1.147692418722083,1682
Irma (2017),100,-5.74749498997996,3.9570993185390935e-129,1.147692418722083,1682
Irma (2017),100,-5.719438877755511,2.393067907271571e-127,1.147692418722083,1682
Irma (2017),100,-5.6913827655310625,1.4054114571271795e-125,1.147692418722083,1682
Irma (2017),100,-5.663326653306613,8.015347428878337e-124,1.147692418722083,1682
Irma (2017),100,-5.635270541082164,4.439270501511665e-122,1.147692418722083,1682
Irma (2017),100,-5.6072144288577155,2.3876532792374075e-120,1.147692418722083,1682
Irma (2017),100,-5.579158316633267,1.2471000850254914e-118,1.147692418722083,1682
Irma (2017),100,-5.551102204408817,6.3256003729179236e-117,1.147692418722083,1682
Irma (2017),100,-5.5230460921843685,3.1158216385918384e-115,1.147692418722083,1682
Irma (2017),100,-5.49498997995992,1.490437681108793e-113,1.147692418722083,1682
Irma (2017),100,-5.466933867735471,6.923496064741415e-112,1.147692418722083,1682
Irma (2017),100,-5.438877755511022,3.1232552068140345e-110,1.147692418722083,1682
Irma (2017),100,-5.410821643286573,1.3682324641409097e-108,1.147692418722083,1682
Irma (2017),100,-5.382765531062124,5.820800355770502e-107,1.147692418722083,1682
Irma (2017),100,-5.354709418837675,2.4047831057376685e-105,1.147692418722083,1682
Irma (2017),100,-5.326653306613227,9.648049336209632e-104,1.147692418722083,1682
Irma (2017),100,-5.298597194388778,3.75901028602685e-102,1.147692418722083,1682
Irma (2017),100,-5.270541082164328,1.42225643596594e-100,1.147692418722083,1682
Irma (2017),100,-5.24248496993988,5.225798939520868e-99,1.147692418722083,1682
Irma (2017),100,-5.214428857715431,1.864652381654645e-97,1.147692418722083,1682
Irma (2017),100,-5.186372745490982,6.46120408732718e-96,1.147692418722083,1682
Irma (2017),100,-5.158316633266534,2.174199708358522e-94,1.147692418722083,1682
Irma (2017),100,-5.130260521042084,7.104864541768044e-93,1.147692418722083,1682
Irma (2017),100,-5.102204408817635,2.2546678207264148e-91,1.147692418722083,1682
Irma (2017),100,-5.074148296593187,6.948318631588276e-90,1.147692418722083,1682
Irma (2017),100,-5.046092184368737,2.0794442445757438e-88,1.147692418722083,1682
Irma (2017),100,-5.018036072144288,6.043454125269204e-87,1.147692418722083,1682
Irma (2017),100,-4.98997995991984,1.7056643581183826e-85,1.147692418722083,1682
Irma (2017),100,-4.961923847695391,4.674899879587735e-84,1.147692418722083,1682
Irma (2017),100,-4.933867735470942,1.244289536475085e-82,1.147692418722083,1682
Irma (2017),100,-4.905811623246493,3.216184680955377e-81,1.147692418722083,1682
Irma (2017),100,-4.877755511022044,8.072924745398695e-80,1.147692418722083,1682
Irma (2017),100,-4.849699398797595,1.9678465251600403e-78,1.147692418722083,1682
Irma (2017),100,-4.8216432865731464,4.658240849357486e-77,1.147692418722083,1682
Irma (2017),100,-4.793587174348698,1.0708362139125126e-75,1.147692418722083,1682
Irma (2017),100,-4.765531062124248,2.390531965688642e-74,1.147692418722083,1682
Irma (2017),100,-4.7374749498997994,5.1824659331542863e-73,1.147692418722083,1682
Irma (2017),100,-4.709418837675351,1.0910602951868558e-71,1.147692418722083,1682
Irma (2017),100,-4.681362725450902,2.2306500500691267e-70,1.147692418722083,1682
Irma (2017),100,-4.653306613226453,4.428784294411159e-69,1.147692418722083,1682
Irma (2017),100,-4.625250501002004,8.539019578624238e-68,1.147692418722083,1682
Irma (2017),100,-4.597194388777555,1.5988285155946892e-66,1.147692418722083,1682
Irma (2017),100,-4.569138276553106,2.907141405190514e-65,1.147692418722083,1682
Irma (2017),100,-4.541082164328657,5.1333493711086545e-64,1.147692418722083,1682
Irma (2017),100,-4.513026052104209,8.802496972532533e-63,1.147692418722083,1682
Irma (2017),100,-4.484969939879759,1.465822355473662e-61,1.147692418722083,1682
Irma (2017),100,-4.456913827655311,2.3704303144756625e-60,1.147692418722083,1682
Irma (2017),100,-4.428857715430862,3.7225748531088797e-59,1.147692418722083,1682
Irma (2017),100,-4.400801603206412,5.6771462340885405e-58,1.147692418722083,1682
Irma (2017),100,-4.372745490981964,8.407891874566005e-57,1.147692418722083,1682
Irma (2017),100,-4.344689378757515,1.2092456953684368e-55,1.147692418722083,1682
Irma (2017),100,-4.316633266533066,1.6889328280403956e-54,1.147692418722083,1682
Irma (2017),100,-4.2885771543086175,2.2907653189010116e-53,1.147692418722083,1682
Irma (2017),100,-4.260521042084168,3.0173050305723575e-52,1.147692418722083,1682
Irma (2017),100,-4.232464929859719,3.859474975065627e-51,1.147692418722083,1682
Irma (2017),100,-4.2044088176352705,4.794106050783224e-50,1.147692418722083,1682
Irma (2017),100,-4.176352705410822,5.7830565557819896e-49,1.147692418722083,1682
Irma (2017),100,-4.148296593186373,6.774506086687272e-48,1.147692418722083,1682
Irma (2017),100,-4.1202404809619235,7.706696037989029e-47,1.147692418722083,1682
Irma (2017),100,-4.092184368737475,8.513913199534343e-46,1.147692418722083,1682
Irma (2017),100,-4.064128256513026,9.133991460909359e-45,1.147692418722083,1682
Irma (2017),100,-4.036072144288577,9.516174111543226e-44,1.147692418722083,1682
Irma (2017),100,-4.008016032064129,9.627966106518737e-43,1.147692418722083,1682
Irma (2017),100,-3.979959919839679,9.459694718405672e-42,1.147692418722083,1682
Irma (2017),100,-3.9519038076152304,9.025891002992109e-41,1.147692418722083,1682
Irma (2017),100,-3.9238476953907817,8.363218496641785e-40,1.147692418722083,1682
Irma (2017),100,-3.8957915831663326,7.525358550278952e-39,1.147692418722083,1682
Irma (2017),100,-3.867735470941884,6.575841637912207e-38,1.147692418722083,1682
Irma (2017),100,-3.8396793587174347,5.580150210224872e-37,1.147692418722083,1682
Irma (2017),100,-3.811623246492986,4.5984432244236234e-36,1.147692418722083,1682
Irma (2017),100,-3.783567134268537,3.6799859696742695e-35,1.147692418722083,1682
Irma (2017),100,-3.755511022044088,2.859906877411171e-34,1.147692418722083,1682
Irma (2017),100,-3.7274549098196395,2.1583805386216325e-33,1.147692418722083,1682
Irma (2017),100,-3.6993987975951903,1.5818836449122823e-32,1.147692418722083,1682
Irma (2017),100,-3.6713426853707416,1.1258783045744265e-31,1.147692418722083,1682
Irma (2017),100,-3.6432865731462925,7.781776622040285e-31,1.147692418722083,1682
Irma (2017),100,-3.6152304609218437,5.223197706117219e-30,1.147692418722083,1682
Irma (2017),100,-3.5871743486973946,3.4045880051264743e-29,1.147692418722083,1682
Irma (2017),100,-3.559118236472946,2.1550783286979254e-28,1.147692418722083,1682
Irma (2017),100,-3.531062124248497,1.3247439651412567e-27,1.147692418722083,1682
Irma (2017),100,-3.503006012024048,7.908083293152702e-27,1.147692418722083,1682
Irma (2017),100,-3.4749498997995993,4.584383230434942e-26,1.147692418722083,1682
Irma (2017),100,-3.44689378757515,2.5808394619124463e-25,1.147692418722083,1682
Irma (2017),100,-3.4188376753507015,1.4109494711285046e-24,1.147692418722083,1682
Irma (2017),100,-3.3907815631262523,7.490871146969115e-24,1.147692418722083,1682
Irma (2017),100,-3.3627254509018036,3.8621006470568703e-23,1.147692418722083,1682
Irma (2017),100,-3.3346693386773545,1.9336828399253417e-22,1.147692418722083,1682
Irma (2017),100,-3.306613226452906,9.40193607625134e-22,1.147692418722083,1682
Irma (2017),100,-3.278557114228457,4.4393536164745205e-21,1.147692418722083,1682
Irma (2017),100,-3.250501002004008,2.0356006516216637e-20,1.147692418722083,1682
Irma (2017),100,-3.2224448897795592,9.064332278909333e-20,1.147692418722083,1682
Irma (2017),100,-3.19438877755511,3.919669492789623e-19,1.147692418722083,1682
Irma (2017),100,-3.1663326653306614,1.6460138123095506e-18,1.147692418722083,1682
Irma (2017),100,-3.1382765531062122,6.7125556121837654e-18,1.147692418722083,1682
Irma (2017),100,-3.1102204408817635,2.6583533884920255e-17,1.147692418722083,1682
Irma (2017),100,-3.0821643286573144,1.0223695950104473e-16,1.147692418722083,1682
Irma (2017),100,-3.0541082164328657,3.8183306368960444e-16,1.147692418722083,1682
Irma (2017),100,-3.026052104208417,1.384871679769851e-15,1.147692418722083,1682
Irma (2017),100,-2.997995991983968,4.8777094969863386e-15,1.147692418722083,1682
Irma (2017),100,-2.969939879759519,1.668371351527937e-14,1.147692418722083,1682
Irma (2017),100,-2.94188376753507,5.541660440926402e-14,1.147692418722083,1682
Irma (2017),100,-2.9138276553106213,1.787547101736695e-13,1.147692418722083,1682
Irma (2017),100,-2.885771543086172,5.59945130941608e-13,1.147692418722083,1682
Irma (2017),100,-2.8577154308617234,1.7033498099494781e-12,1.147692418722083,1682
Irma (2017),100,-2.8296593186372747,5.031907117958591e-12,1.147692418722083,1682
Irma (2017),100,-2.8016032064128256,1.4435498364096032e-11,1.147692418722083,1682
Irma (2017),100,-2.773547094188377,4.021622892668818e-11,1.147692418722083,1682
Irma (2017),100,-2.7454909819639277,1.0880310882213714e-10,1.147692418722083,1682
Irma (2017),100,-2.717434869739479,2.8585886420822674e-10,1.147692418722083,1682
Irma (2017),100,-2.68937875751503,7.293440161558686e-10,1.147692418722083,1682
Irma (2017),100,-2.661322645290581,1.8071058381415235e-09,1.147692418722083,1682
Irma (2017),100,-2.6332665330661325,4.348156463147835e-09,1.147692418722083,1682
Irma (2017),100,-2.6052104208416833,1.016008063922668e-08,1.147692418722083,1682
Irma (2017),100,-2.5771543086172346,2.305470534483604e-08,1.147692418722083,1682
Irma (2017),100,-2.5490981963927855,5.0803361049614466e-08,1.147692418722083,1682
Irma (2017),100,-2.5210420841683367,1.0871658244878413e-07,1.147692418722083,1682
Irma (2017),100,-2.4929859719438876,2.2592779305085308e-07,1.147692418722083,1682
Irma (2017),100,-2.464929859719439,4.559467446559485e-07,1.147692418722083,1682
Irma (2017),100,-2.4368737474949898,8.935714339880632e-07,1.147692418722083,1682
Irma (2017),100,-2.408817635270541,1.7006513866584658e-06,1.147692418722083,1682
Irma (2017),100,-2.3807615230460923,3.143203055697359e-06,1.147692418722083,1682
Irma (2017),100,-2.352705410821643,5.641584460965516e-06,1.147692418722083,1682
Irma (2017),100,-2.3246492985971945,9.833358669088332e-06,1.147692418722083,1682
Irma (2017),100,-2.2965931863727453,1.6644691316222233e-05,1.147692418722083,1682
Irma (2017),100,-2.2685370741482966,2.7360508279798078e-05,1.147692418722083,1682
Irma (2017),100,-2.2404809619238475,4.3676658645657715e-05,1.147692418722083,1682
Irma (2017),100,-2.212424849699399,6.77103429791393e-05,1.147692418722083,1682
Irma (2017),100,-2.1843687374749496,0.00010194042898397511,1.147692418722083,1682
Irma (2017),100,-2.156312625250501,0.0001490500833876997,1.147692418722083,1682
Irma (2017),100,-2.1282565130260522,0.00021165350946740114,1.147692418722083,1682
Irma (2017),100,-2.100200400801603,0.0002919084179032175,1.147692418722083,1682
Irma (2017),100,-2.0721442885771544,0.0003910455170678634,1.147692418722083,1682
Irma (2017),100,-2.0440881763527052,0.0005088814592828823,1.147692418722083,1682
Irma (2017),100,-2.0160320641282565,0.0006434141647358053,1.147692418722083,1682
Irma (2017),100,-1.9879759519038078,0.000790618539692602,1.147692418722083,1682
Irma (2017),100,-1.9599198396793582,0.0009445557563369792,1.147692418722083,1682
Irma (2017),100,-1.9318637274549095,0.0010978737275025797,1.147692418722083,1682
Irma (2017),100,-1.9038076152304608,0.0012427106543140257,1.147692418722083,1682
Irma (2017),100,-1.8757515030060121,0.0013719269723228328,1.147692418722083,1682
Irma (2017),100,-1.8476953907815634,0.001480501139456593,1.147692418722083,1682
Irma (2017),100,-1.8196392785571138,0.0015668532605509428,1.147692418722083,1682
Irma (2017),100,-1.7915831663326651,0.0016338279559323123,1.147692418722083,1682
Irma (2017),100,-1.7635270541082164,0.001689087500003727,1.147692418722083,1682
Irma (2017),100,-1.7354709418837677,0.0017447403756188787,1.147692418722083,1682
Irma (2017),100,-1.707414829659319,0.001816149290369188,1.147692418722083,1682
Irma (2017),100,-1.6793587174348694,0.0019200067269063456,1.147692418722083,1682
Irma (2017),100,-1.6513026052104207,0.0020719097812673254,1.147692418722083,1682
Irma (2017),100,-1.623246492985972,0.0022837828103030528,1.147692418722083,1682
Irma (2017),100,-1.5951903807615233,0.0025615628157635707,1.147692418722083,1682
Irma (2017),100,-1.5671342685370737,0.0029035616651327104,1.147692418722083,1682
Irma (2017),100,-1.539078156312625,0.0032998438673866163,1.147692418722083,1682
Irma (2017),100,-1.5110220440881763,0.0037328136355362896,1.147692418722083,1682
Irma (2017),100,-1.4829659318637276,0.004179009470790426,1.147692418722083,1682
Irma (2017),100,-1.454909819639279,0.004611891296165894,1.147692418722083,1682
Irma (2017),100,-1.4268537074148293,0.0050052164075799705,1.147692418722083,1682
Irma (2017),100,-1.3987975951903806,0.005336478952725667,1.147692418722083,1682
Irma (2017),100,-1.370741482965932,0.005589865082806889,1.147692418722083,1682
Irma (2017),100,-1.3426853707414832,0.005758262479311678,1.147692418722083,1682
Irma (2017),100,-1.3146292585170336,0.005844041697629418,1.147692418722083,1682
Irma (2017),100,-1.286573146292585,0.0058585566524825584,1.147692418722083,1682
Irma (2017),100,-1.2585170340681362,0.0058205387791048615,1.147692418722083,1682
Irma (2017),100,-1.2304609218436875,0.005753733400314907,1.147692418722083,1682
Irma (2017),100,-1.2024048096192388,0.005684215236990471,1.147692418722083,1682
Irma (2017),100,-1.1743486973947892,0.005637816625920051,1.147692418722083,1682
Irma (2017),100,-1.1462925851703405,0.005638025116497697,1.147692418722083,1682
Irma (2017),100,-1.1182364729458918,0.00570458918836411,1.147692418722083,1682
Irma (2017),100,-1.090180360721443,0.005852944645074673,1.147692418722083,1682
Irma (2017),100,-1.0621242484969944,0.0060944614088938665,1.147692418722083,1682
Irma (2017),100,-1.0340681362725448,0.006437417089757222,1.147692418722083,1682
Irma (2017),100,-1.006012024048096,0.006888524380715316,1.147692418722083,1682
Irma (2017),100,-0.9779559118236474,0.007454766428183119,1.147692418722083,1682
Irma (2017),100,-0.9498997995991987,0.008145227715915348,1.147692418722083,1682
Irma (2017),100,-0.9218436873747491,0.008972559901916555,1.147692418722083,1682
Irma (2017),100,-0.8937875751503004,0.009953714500200031,1.147692418722083,1682
Irma (2017),100,-0.8657314629258517,0.011109630399152701,1.147692418722083,1682
Irma (2017),100,-0.837675350701403,0.01246369706594269,1.147692418722083,1682
Irma (2017),100,-0.8096192384769543,0.014039018571653853,1.147692418722083,1682
Irma (2017),100,-0.7815631262525047,0.015854752978964878,1.147692418722083,1682
Irma (2017),100,-0.753507014028056,0.01792205277431544,1.147692418722083,1682
Irma (2017),100,-0.7254509018036073,0.02024033270946977,1.147692418722083,1682
Irma (2017),100,-0.6973947895791586,0.022794690372152336,1.147692418722083,1682
Irma (2017),100,-0.669338677354709,0.025555260812342995,1.147692418722083,1682
Irma (2017),100,-0.6412825651302603,0.02847907669189148,1.147692418722083,1682
Irma (2017),100,-0.6132264529058116,0.031514633098349294,1.147692418722083,1682
Irma (2017),100,-0.5851703406813629,0.03460885859732086,1.147692418722083,1682
Irma (2017),100,-0.5571142284569142,0.03771564667778851,1.147692418722083,1682
Irma (2017),100,-0.5290581162324646,0.04080461428120555,1.147692418722083,1682
Irma (2017),100,-0.5010020040080159,0.04386845436000524,1.147692418722083,1682
Irma (2017),100,-0.47294589178356716,0.04692725301965103,1.147692418722083,1682
Irma (2017),100,-0.44488977955911846,0.05002851422457931,1.147692418722083,1682
Irma (2017),100,-0.41683366733466887,0.05324235761107811,1.147692418722083,1682
Irma (2017),100,-0.38877755511022016,0.05665230958166346,1.147692418722083,1682
Irma (2017),100,-0.36072144288577146,0.06034309166407017,1.147692418722083,1682
Irma (2017),100,-0.33266533066132276,0.06438758124727112,1.147692418722083,1682
Irma (2017),100,-0.30460921843687405,0.06883546383431144,1.147692418722083,1682
Irma (2017),100,-0.27655310621242446,0.07370589227820407,1.147692418722083,1682
Irma (2017),100,-0.24849699398797576,0.07898573352176885,1.147692418722083,1682
Irma (2017),100,-0.22044088176352705,0.08463387389356417,1.147692418722083,1682
Irma (2017),100,-0.19238476953907835,0.09059082726664063,1.147692418722083,1682
Irma (2017),100,-0.16432865731462876,0.09679183332199869,1.147692418722083,1682
Irma (2017),100,-0.13627254509018005,0.10318098375808825,1.147692418722083,1682
Irma (2017),100,-0.10821643286573135,0.10972380018038669,1.147692418722083,1682
Irma (2017),100,-0.08016032064128265,0.11641609978748292,1.147692418722083,1682
Irma (2017),100,-0.05210420841683394,0.12328779272417847,1.147692418722083,1682
Irma (2017),100,-0.02404809619238435,0.13040125042480208,1.147692418722083,1682
Irma (2017),100,0.004008016032064354,0.1378448432904399,1.147692418722083,1682
Irma (2017),100,0.03206412825651306,0.14572298349662322,1.147692418722083,1682
Irma (2017),100,0.06012024048096176,0.15414441489365435,1.147692418722083,1682
Irma (2017),100,0.08817635270541047,0.16321054353659578,1.147692418722083,1682
Irma (2017),100,0.11623246492986006,0.17300534991141905,1.147692418722083,1682
Irma (2017),100,0.14428857715430876,0.1835879637904514,1.147692418722083,1682
Irma (2017),100,0.17234468937875747,0.1949884249400573,1.147692418722083,1682
Irma (2017),100,0.20040080160320617,0.20720659615671205,1.147692418722083,1682
Irma (2017),100,0.22845691382765576,0.22021371502490233,1.147692418722083,1682
Irma (2017),100,0.25651302605210446,0.233955723127603,1.147692418722083,1682
Irma (2017),100,0.28456913827655317,0.24835734180508293,1.147692418722083,1682
Irma (2017),100,0.3126252505010019,0.2633259122511279,1.147692418722083,1682
Irma (2017),100,0.3406813627254506,0.278754309649322,1.147692418722083,1682
Irma (2017),100,0.36873747494990017,0.29452275974831815,1.147692418722083,1682
Irma (2017),100,0.39679358717434887,0.31050004417840205,1.147692418722083,1682
Irma (2017),100,0.4248496993987976,0.32654520677821514,1.147692418722083,1682
Irma (2017),100,0.4529058116232463,0.3425112374722554,1.147692418722083,1682
Irma (2017),100,0.48096192384769587,0.3582520923971528,1.147692418722083,1682
Irma (2017),100,0.5090180360721446,0.37363369187741113,1.147692418722083,1682
Irma (2017),100,0.5370741482965933,0.3885482906314572,1.147692418722083,1682
Irma (2017),100,0.565130260521042,0.40293012223158037,1.147692418722083,1682
Irma (2017),100,0.5931863727454907,0.4167689316929695,1.147692418722083,1682
Irma (2017),100,0.6212424849699403,0.4301174108070669,1.147692418722083,1682
Irma (2017),100,0.649298597194389,0.4430889922523541,1.147692418722083,1682
Irma (2017),100,0.6773547094188377,0.4558440129215654,1.147692418722083,1682
Irma (2017),100,0.7054108216432864,0.46856465177194334,1.147692418722083,1682
Irma (2017),100,0.7334669338677351,0.48142171469675193,1.147692418722083,1682
Irma (2017),100,0.7615230460921847,0.4945385702258826,1.147692418722083,1682
Irma (2017),100,0.7895791583166334,0.5079587001003147,1.147692418722083,1682
Irma (2017),100,0.8176352705410821,0.5216230544486951,1.147692418722083,1682
Irma (2017),100,0.8456913827655308,0.5353617165901502,1.147692418722083,1682
Irma (2017),100,0.8737474949899804,0.5489016930474065,1.147692418722083,1682
Irma (2017),100,0.9018036072144291,0.5618896130065706,1.147692418722083,1682
Irma (2017),100,0.9298597194388778,0.5739254705654758,1.147692418722083,1682
Irma (2017),100,0.9579158316633265,0.5846018513721336,1.147692418722083,1682
Irma (2017),100,0.9859719438877752,0.5935426437901533,1.147692418722083,1682
Irma (2017),100,1.0140280561122248,0.6004360010477621,1.147692418722083,1682
Irma (2017),100,1.0420841683366735,0.6050579719397734,1.147692418722083,1682
Irma (2017),100,1.0701402805611222,0.6072852709821419,1.147692418722083,1682
Irma (2017),100,1.098196392785571,0.6070976140989225,1.147692418722083,1682
Irma (2017),100,1.1262525050100205,0.6045715050070045,1.147692418722083,1682
Irma (2017),100,1.1543086172344692,0.5998680989971136,1.147692418722083,1682
Irma (2017),100,1.182364729458918,0.5932177728439494,1.147692418722083,1682
Irma (2017),100,1.2104208416833666,0.5849034490359087,1.147692418722083,1682
Irma (2017),100,1.2384769539078153,0.5752438412798967,1.147692418722083,1682
Irma (2017),100,1.266533066132265,0.5645769354936329,1.147692418722083,1682
Irma (2017),100,1.2945891783567136,0.5532434828923648,1.147692418722083,1682
Irma (2017),100,1.3226452905811623,0.5415702201133377,1.147692418722083,1682
Irma (2017),100,1.350701402805611,0.5298529294587051,1.147692418722083,1682
Irma (2017),100,1.3787575150300606,0.518340121775625,1.147692418722083,1682
Irma (2017),100,1.4068136272545093,0.5072187716968422,1.147692418722083,1682
Irma (2017),100,1.434869739478958,0.49660387209910084,1.147692418722083,1682
Irma (2017),100,1.4629258517034067,0.4865334311758489,1.147692418722083,1682
Irma (2017),100,1.4909819639278554,0.4769699227477306,1.147692418722083,1682
Irma (2017),100,1.519038076152305,0.4678082992693506,1.147692418722083,1682
Irma (2017),100,1.5470941883767537,0.45888975478698846,1.147692418722083,1682
Irma (2017),100,1.5751503006012024,0.45001972119607386,1.147692418722083,1682
Irma (2017),100,1.6032064128256511,0.4409882157315906,1.147692418722083,1682
Irma (2017),100,1.6312625250501007,0.43159060557421525,1.147692418722083,1682
Irma (2017),100,1.6593186372745494,0.42164699277591466,1.147692418722083,1682
Irma (2017),100,1.6873747494989981,0.41101861624129665,1.147692418722083,1682
Irma (2017),100,1.7154308617234468,0.3996198576957063,1.147692418722083,1682
Irma (2017),100,1.7434869739478955,0.38742467079087,1.147692418722083,1682
Irma (2017),100,1.7715430861723451,0.37446664064577595,1.147692418722083,1682
Irma (2017),100,1.7995991983967938,0.3608325233497766,1.147692418722083,1682
Irma (2017),100,1.8276553106212425,0.3466500066481397,1.147692418722083,1682
Irma (2017),100,1.8557114228456912,0.3320714247885922,1.147692418722083,1682
Irma (2017),100,1.88376753507014,0.31725598789504467,1.147692418722083,1682
Irma (2017),100,1.9118236472945895,0.3023534636656356,1.147692418722083,1682
Irma (2017),100,1.9398797595190382,0.2874919889337198,1.147692418722083,1682
Irma (2017),100,1.967935871743487,0.272771792004594,1.147692418722083,1682
Irma (2017),100,1.9959919839679356,0.25826528468709053,1.147692418722083,1682
Irma (2017),100,2.0240480961923843,0.24402259336362067,1.147692418722083,1682
Irma (2017),100,2.052104208416834,0.2300805227759891,1.147692418722083,1682
Irma (2017),100,2.0801603206412835,0.2164724560986163,1.147692418722083,1682
Irma (2017),100,2.1082164328657313,0.20323686245721487,1.147692418722083,1682
Irma (2017),100,2.136272545090181,0.19042277021500428,1.147692418722083,1682
Irma (2017),100,2.1643286573146288,0.17809149181874673,1.147692418722083,1682
Irma (2017),100,2.1923847695390783,0.16631474953350112,1.147692418722083,1682
Irma (2017),100,2.220440881763528,0.15516993444206886,1.147692418722083,1682
Irma (2017),100,2.2484969939879758,0.1447334683247966,1.147692418722083,1682
Irma (2017),100,2.2765531062124253,0.13507320885311633,1.147692418722083,1682
Irma (2017),100,2.304609218436873,0.12624070125803982,1.147692418722083,1682
Irma (2017),100,2.3326653306613228,0.11826398190116547,1.147692418722083,1682
Irma (2017),100,2.3607214428857723,0.11114164650450475,1.147692418722083,1682
Irma (2017),100,2.38877755511022,0.10483896832482649,1.147692418722083,1682
Irma (2017),100,2.4168336673346698,0.09928687456461609,1.147692418722083,1682
Irma (2017),100,2.4448897795591176,0.09438443889081051,1.147692418722083,1682
Irma (2017),100,2.472945891783567,0.09000515934383159,1.147692418722083,1682
Irma (2017),100,2.5010020040080168,0.08600669868988686,1.147692418722083,1682
Irma (2017),100,2.5290581162324646,0.08224309789863249,1.147692418722083,1682
Irma (2017),100,2.557114228456914,0.0785779127377585,1.147692418722083,1682
Irma (2017),100,2.585170340681362,0.07489643409385395,1.147692418722083,1682
Irma (2017),100,2.6132264529058116,0.07111522829608655,1.147692418722083,1682
Irma (2017),100,2.641282565130261,0.06718766669805828,1.147692418722083,1682
Irma (2017),100,2.669338677354709,0.06310480140941029,1.147692418722083,1682
Irma (2017),100,2.6973947895791586,0.058891725051358326,1.147692418722083,1682
Irma (2017),100,2.725450901803608,0.05460025655142093,1.147692418722083,1682
Irma (2017),100,2.753507014028056,0.050299288420994,1.147692418722083,1682
Irma (2017),100,2.7815631262525056,0.04606434368525314,1.147692418722083,1682
Irma (2017),100,2.8096192384769534,0.04196782200137472,1.147692418722083,1682
Irma (2017),100,2.837675350701403,0.03807112002187368,1.147692418722083,1682
Irma (2017),100,2.8657314629258526,0.03441937878833077,1.147692418722083,1682
Irma (2017),100,2.8937875751503004,0.031039136192819863,1.147692418722083,1682
Irma (2017),100,2.92184368737475,0.02793872758186538,1.147692418722083,1682
Irma (2017),100,2.949899799599198,0.025110939510009818,1.147692418722083,1682
Irma (2017),100,2.9779559118236474,0.02253720878646239,1.147692418722083,1682
Irma (2017),100,3.006012024048097,0.020192573853868436,1.147692418722083,1682
Irma (2017),100,3.034068136272545,0.01805061207749009,1.147692418722083,1682
Irma (2017),100,3.0621242484969944,0.016087708328753694,1.147692418722083,1682
Irma (2017),100,3.090180360721442,0.014286168190560522,1.147692418722083,1682
Irma (2017),100,3.118236472945892,0.012635886509903556,1.147692418722083,1682
Irma (2017),100,3.1462925851703414,0.011134487032697886,1.147692418722083,1682
Irma (2017),100,3.174348697394789,0.009786044418450787,1.147692418722083,1682
Irma (2017),100,3.202404809619239,0.0085986722168461,1.147692418722083,1682
Irma (2017),100,3.2304609218436866,0.007581396903436488,1.147692418722083,1682
Irma (2017),100,3.258517034068136,0.006740826532645436,1.147692418722083,1682
Irma (2017),100,3.286573146292586,0.006078151233172785,1.147692418722083,1682
Irma (2017),100,3.3146292585170336,0.005586972473602585,1.147692418722083,1682
Irma (2017),100,3.342685370741483,0.00525234551462563,1.147692418722083,1682
Irma (2017),100,3.370741482965933,0.005051241161582756,1.147692418722083,1682
Irma (2017),100,3.3987975951903806,0.004954407735561054,1.147692418722083,1682
Irma (2017),100,3.42685370741483,0.004929373837816198,1.147692418722083,1682
Irma (2017),100,3.454909819639278,0.004944118370175639,1.147692418722083,1682
Irma (2017),100,3.4829659318637276,0.0049707903310273705,1.147692418722083,1682
Irma (2017),100,3.511022044088177,0.004988823677021283,1.147692418722083,1682
Irma (2017),100,3.539078156312625,0.004986880653765736,1.147692418722083,1682
Irma (2017),100,3.5671342685370746,0.00496326323175087,1.147692418722083,1682
Irma (2017),100,3.5951903807615224,0.004924721283453088,1.147692418722083,1682
Irma (2017),100,3.623246492985972,0.004883899645885217,1.147692418722083,1682
Irma (2017),100,3.6513026052104216,0.004855935485481298,1.147692418722083,1682
Irma (2017),100,3.6793587174348694,0.004854880053217535,1.147692418722083,1682
Irma (2017),100,3.707414829659319,0.004890635711961773,1.147692418722083,1682
Irma (2017),100,3.735470941883767,0.004966965333986715,1.147692418722083,1682
Irma (2017),100,3.7635270541082164,0.005080879088674066,1.147692418722083,1682
Irma (2017),100,3.791583166332666,0.00522339469237583,1.147692418722083,1682
Irma (2017),100,3.819639278557114,0.005381375865234923,1.147692418722083,1682
Irma (2017),100,3.8476953907815634,0.005539947966303411,1.147692418722083,1682
Irma (2017),100,3.8757515030060112,0.0056849135276116685,1.147692418722083,1682
Irma (2017),100,3.903807615230461,0.005804653441604542,1.147692418722083,1682
Irma (2017),100,3.9318637274549104,0.005891176868467913,1.147692418722083,1682
Irma (2017),100,3.9599198396793582,0.005940223321264132,1.147692418722083,1682
Irma (2017),100,3.987975951903808,0.0059505610348899295,1.147692418722083,1682
Irma (2017),100,4.016032064128257,0.0059228083256970855,1.147692418722083,1682
Irma (2017),100,4.044088176352705,0.005858188955498935,1.147692418722083,1682
Irma (2017),100,4.072144288577155,0.005757604457381263,1.147692418722083,1682
Irma (2017),100,4.100200400801603,0.005621279690583609,1.147692418722083,1682
Irma (2017),100,4.128256513026052,0.005449049598275923,1.147692418722083,1682
Irma (2017),100,4.156312625250502,0.005241156275570122,1.147692418722083,1682
Irma (2017),100,4.18436873747495,0.004999268805070294,1.147692418722083,1682
Irma (2017),100,4.212424849699399,0.004727365560682891,1.147692418722083,1682
Irma (2017),100,4.240480961923847,0.0044321495930579585,1.147692418722083,1682
Irma (2017),100,4.268537074148297,0.0041227942765741914,1.147692418722083,1682
Irma (2017),100,4.296593186372746,0.0038100039890916386,1.147692418722083,1682
Irma (2017),100,4.324649298597194,0.0035045707448077804,1.147692418722083,1682
Irma (2017),100,4.352705410821644,0.00321575666543397,1.147692418722083,1682
Irma (2017),100,4.3807615230460915,0.002949891250509366,1.147692418722083,1682
Irma (2017),100,4.408817635270541,0.002709524858661355,1.147692418722083,1682
Irma (2017),100,4.436873747494991,0.002493340019551179,1.147692418722083,1682
Irma (2017),100,4.4649298597194385,0.002296831080583572,1.147692418722083,1682
Irma (2017),100,4.492985971943888,0.0021135748102537595,1.147692418722083,1682
Irma (2017),100,4.521042084168338,0.0019367812328817892,1.147692418722083,1682
Irma (2017),100,4.5490981963927855,0.001760767990482139,1.147692418722083,1682
Irma (2017),100,4.577154308617235,0.0015820486719772438,1.147692418722083,1682
Irma (2017),100,4.605210420841683,0.0013998449153374403,1.147692418722083,1682
Irma (2017),100,4.6332665330661325,0.0012159847536367075,1.147692418722083,1682
Irma (2017),100,4.661322645290582,0.0010342920292651249,1.147692418722083,1682
Irma (2017),100,4.68937875751503,0.000859668672194065,1.147692418722083,1682
Irma (2017),100,4.7174348697394795,0.0006971056151775481,1.147692418722083,1682
Irma (2017),100,4.745490981963927,0.0005508312793833426,1.147692418722083,1682
Irma (2017),100,4.773547094188377,0.0004237368829860209,1.147692418722083,1682
Irma (2017),100,4.8016032064128265,0.00031713106296823844,1.147692418722083,1682
Irma (2017),100,4.829659318637274,0.0002307972254960721,1.147692418722083,1682
Irma (2017),100,4.857715430861724,0.00016327278500516418,1.147692418722083,1682
Irma (2017),100,4.885771543086172,0.00011224660866553813,1.147692418722083,1682
Irma (2017),100,4.913827655310621,7.497647185169026e-05,1.147692418722083,1682
Irma (2017),100,4.941883767535071,4.8652836406174864e-05,1.147692418722083,1682
Irma (2017),100,4.969939879759519,3.066750691217213e-05,1.147692418722083,1682
Irma (2017),100,4.997995991983968,1.8776032220140555e-05,1.147692418722083,1682
Irma (2017),100,5.026052104208416,1.1165056780649387e-05,1.147692418722083,1682
Irma (2017),100,5.054108216432866,6.448117430507567e-06,1.147692418722083,1682
Irma (2017),100,5.082164328657315,3.6166592605151325e-06,1.147692418722083,1682
Irma (2017),100,5.110220440881763,1.9700444990932146e-06,1.147692418722083,1682
Irma (2017),100,5.138276553106213,1.0421538449832774e-06,1.147692418722083,1682
Irma (2017),100,5.166332665330662,5.353900933265437e-07,1.147692418722083,1682
Irma (2017),100,5.19438877755511,2.6710876791934705e-07,1.147692418722083,1682
Irma (2017),100,5.22244488977956,1.294144659719054e-07,1.147692418722083,1682
Irma (2017),100,5.2505010020040075,6.089092835106788e-08,1.147692418722083,1682
Irma (2017),100,5.278557114228457,2.782250107989526e-08,1.147692418722083,1682
Irma (2017),100,5.306613226452907,1.2345611533896282e-08,1.147692418722083,1682
Irma (2017),100,5.3346693386773545,5.319872644466717e-09,1.147692418722083,1682
Irma (2017),100,5.362725450901804,2.2261865813159325e-09,1.147692418722083,1682
Irma (2017),100,5.390781563126252,9.046763258724565e-10,1.147692418722083,1682
Irma (2017),100,5.4188376753507015,3.5702281619046443e-10,1.147692418722083,1682
Irma (2017),100,5.446893787575151,1.3682630849257419e-10,1.147692418722083,1682
Irma (2017),100,5.474949899799599,5.0923002829124194e-11,1.147692418722083,1682
Irma (2017),100,5.5030060120240485,1.8404713352852533e-11,1.147692418722083,1682
Irma (2017),100,5.531062124248496,6.459734909390716e-12,1.147692418722083,1682
Irma (2017),100,5.559118236472946,2.201764512893211e-12,1.147692418722083,1682
Irma (2017),100,5.5871743486973955,7.287818275804174e-13,1.147692418722083,1682
Irma (2017),100,5.615230460921843,2.3425812884795655e-13,1.147692418722083,1682
Irma (2017),100,5.643286573146293,7.312438949850224e-14,1.147692418722083,1682
Irma (2017),100,5.6713426853707425,2.216666051663211e-14,1.147692418722083,1682
Irma (2017),100,5.69939879759519,6.525423610015469e-15,1.147692418722083,1682
Irma (2017),100,5.72745490981964,1.8654669760543423e-15,1.147692418722083,1682
Irma (2017),100,5.755511022044088,5.178891713228625e-16,1.147692418722083,1682
Irma (2017),100,5.783567134268537,1.396228508441308e-16,1.147692418722083,1682
Irma (2017),100,5.811623246492987,3.655498205726328e-17,1.147692418722083,1682
Irma (2017),100,5.839679358717435,9.29409376537002e-18,1.147692418722083,1682
Irma (2017),100,5.867735470941884,2.2947634468139335e-18,1.147692418722083,1682
Irma (2017),100,5.895791583166332,5.502235761915867e-19,1.147692418722083,1682
Irma (2017),100,5.923847695390782,1.281182106202116e-19,1.147692418722083,1682
Irma (2017),100,5.951903807615231,2.8970295842995437e-20,1.147692418722083,1682
Irma (2017),100,5.979959919839679,6.3615858484314915e-21,1.147692418722083,1682
Irma (2017),100,6.008016032064129,1.3565888720632542e-21,1.147692418722083,1682
Irma (2017),100,6.0360721442885765,2.8093218951493315e-22,1.147692418722083,1682
Irma (2017),100,6.064128256513026,5.649696954789482e-23,1.147692418722083,1682
Irma (2017),100,6.092184368737476,1.1033649857455581e-23,1.147692418722083,1682
Irma (2017),100,6.1202404809619235,2.0925875538477727e-24,1.147692418722083,1682
Irma (2017),100,6.148296593186373,3.8540600154422537e-25,1.147692418722083,1682
Irma (2017),100,6.176352705410821,6.893244829193267e-26,1.147692418722083,1682
Irma (2017),100,6.2044088176352705,1.197289928923656e-26,1.147692418722083,1682
Irma (2017),100,6.23246492985972,2.0195069416057254e-27,1.147692418722083,1682
Irma (2017),100,6.260521042084168,3.3079715541948386e-28,1.147692418722083,1682
Irma (2017),100,6.2885771543086175,5.261972541604798e-29,1.147692418722083,1682
Irma (2017),100,6.316633266533067,8.128413412311556e-30,1.147692418722083,1682
Irma (2017),100,6.344689378757515,1.2193640456407364e-30,1.147692418722083,1682
Irma (2017),100,6.3727454909819645,1.7763616219631799e-31,1.147692418722083,1682
Irma (2017),100,6.400801603206412,2.5130421530269143e-32,1.147692418722083,1682
Irma (2017),100,6.428857715430862,3.452538738104443e-33,1.147692418722083,1682
Irma (2017),100,6.4569138276553115,4.606252511625231e-34,1.147692418722083,1682
Irma (2017),100,6.484969939879759,5.967979449412314e-35,1.147692418722083,1682
Irma (2017),100,6.513026052104209,7.508916778670366e-36,1.147692418722083,1682
Irma (2017),100,6.541082164328657,9.174822231658006e-37,1.147692418722083,1682
Irma (2017),100,6.569138276553106,1.0886503600770858e-37,1.147692418722083,1682
Irma (2017),100,6.597194388777556,1.2544390877088167e-38,1.147692418722083,1682
Irma (2017),100,6.625250501002004,1.4037220774563087e-39,1.147692418722083,1682
Irma (2017),100,6.653306613226453,1.5253976678608e-40,1.147692418722083,1682
Irma (2017),100,6.681362725450901,1.6097388321820799e-41,1.147692418722083,1682
Irma (2017),100,6.709418837675351,1.649674109903868e-42,1.147692418722083,1682
Irma (2017),100,6.7374749498998,1.6417661288757e-43,1.147692418722083,1682
Irma (2017),100,6.765531062124248,1.5866999920505177e-44,1.147692418722083,1682
Irma (2017),100,6.793587174348698,1.489185307281475e-45,1.147692418722083,1682
Irma (2017),100,6.821643286573146,1.357291286201977e-46,1.147692418722083,1682
Irma (2017),100,6.849699398797595,1.201345080468388e-47,1.147692418722083,1682
Irma (2017),100,6.877755511022045,1.032601811803595e-48,1.147692418722083,1682
Irma (2017),100,6.905811623246493,8.619228342252455e-50,1.147692418722083,1682
Irma (2017),100,6.933867735470942,6.986735220873036e-51,1.147692418722083,1682
Irma (2017),100,6.961923847695392,5.499846628312748e-52,1.147692418722083,1682
Irma (2017),100,6.98997995991984,4.204334558404835e-53,1.147692418722083,1682
Irma (2017),100,7.018036072144289,3.121147919525041e-54,1.147692418722083,1682
Irma (2017),100,7.046092184368737,2.250100056686042e-55,1.147692418722083,1682
Irma (2017),100,7.074148296593187,1.575287057152559e-56,1.147692418722083,1682
Irma (2017),100,7.102204408817636,1.0709963088653456e-57,1.147692418722083,1682
Irma (2017),100,7.130260521042084,7.071094453377275e-59,1.147692418722083,1682
Irma (2017),100,7.158316633266534,4.533730471674688e-60,1.147692418722083,1682
Irma (2017),100,7.186372745490981,2.8228977822523374e-61,1.147692418722083,1682
Irma (2017),100,7.214428857715431,1.7068879098512007e-62,1.147692418722083,1682
Irma (2017),100,7.242484969939881,1.0022711903941146e-63,1.147692418722083,1682
Irma (2017),100,7.270541082164328,5.715258614714325e-65,1.147692418722083,1682
Irma (2017),100,7.298597194388778,3.164877624730061e-66,1.147692418722083,1682
Irma (2017),100,7.326653306613226,1.7019560933713126e-67,1.147692418722083,1682
Irma (2017),100,7.354709418837675,8.888125481547232e-69,1.147692418722083,1682
Irma (2017),100,7.382765531062125,4.5075691471400054e-70,1.147692418722083,1682
Irma (2017),100,7.410821643286573,2.219959303782895e-71,1.147692418722083,1682
Irma (2017),100,7.438877755511022,1.0617396193726878e-72,1.147692418722083,1682
Irma (2017),100,7.46693386773547,4.931300059062265e-74,1.147692418722083,1682
Irma (2017),100,7.49498997995992,2.2242071369803675e-75,1.147692418722083,1682
Irma (2017),100,7.523046092184369,9.742253495478894e-77,1.147692418722083,1682
Irma (2017),100,7.551102204408817,4.143945325497943e-78,1.147692418722083,1682
Irma (2017),100,7.579158316633267,1.7117447432376004e-79,1.147692418722083,1682
Irma (2017),100,7.607214428857716,6.866483550436034e-81,1.147692418722083,1682
Irma (2017),100,7.635270541082164,2.674854480956937e-82,1.147692418722083,1682
Irma (2017),100,7.663326653306614,1.0118970542278692e-83,1.147692418722083,1682
Irma (2017),100,7.691382765531062,3.7174308446713274e-85,1.147692418722083,1682
Irma (2017),100,7.719438877755511,1.3262330904707784e-86,1.147692418722083,1682
Irma (2017),100,7.747494989979961,4.594806389834264e-88,1.147692418722083,1682
Irma (2017),100,7.775551102204409,1.5459127111203375e-89,1.147692418722083,1682
Irma (2017),100,7.803607214428858,5.0509505307415e-91,1.147692418722083,1682
Irma (2017),100,7.831663326653306,1.6026240546970805e-92,1.147692418722083,1682
Irma (2017),100,7.859719438877756,4.938108114752045e-94,1.147692418722083,1682
Irma (2017),100,7.887775551102205,1.477610356293021e-95,1.147692418722083,1682
Irma (2017),100,7.915831663326653,4.2936797972761284e-97,1.147692418722083,1682
Irma (2017),100,7.943887775551103,1.2116293251629863e-98,1.147692418722083,1682
Irma (2017),100,7.97194388777555,3.3203226924844967e-100,1.147692418722083,1682
Irma (2017),100,8.0,8.836111881234872e-102,1.147692418722083,1682
Florence (2018),10,-6.0,1.7974348886736625e-17,3.238894964721805,13279
Florence (2018),10,-5.971943887775551,3.5201992114474206e-17,3.238894964721805,13279
Florence (2018),10,-5.943887775551103,6.841815509813464e-17,3.238894964721805,13279
Florence (2018),10,-5.915831663326653,1.3196698738007914e-16,3.238894964721805,13279
Florence (2018),10,-5.887775551102204,2.526091237333839e-16,3.238894964721805,13279
Florence (2018),10,-5.859719438877756,4.798688420666599e-16,3.238894964721805,13279
Florence (2018),10,-5.831663326653307,9.046610158956981e-16,3.238894964721805,13279
Florence (2018),10,-5.803607214428857,1.692540315786248e-15,3.238894964721805,13279
Florence (2018),10,-5.775551102204409,3.1425486691000797e-15,3.238894964721805,13279
Florence (2018),10,-5.74749498997996,5.7904840592350245e-15,3.238894964721805,13279
Florence (2018),10,-5.719438877755511,1.0588577587537269e-14,3.238894964721805,13279
Florence (2018),10,-5.6913827655310625,1.9215438582660717e-14,3.238894964721805,13279
Florence (2018),10,-5.663326653306613,3.460612238221822e-14,3.238894964721805,13279
Florence (2018),10,-5.635270541082164,6.185083617449439e-14,3.238894964721805,13279
Florence (2018),10,-5.6072144288577155,1.0970546256744398e-13,3.238894964721805,13279
Florence (2018),10,-5.579158316633267,1.9310833577473378e-13,3.238894964721805,13279
Florence (2018),10,-5.551102204408817,3.373369661382083e-13,3.238894964721805,13279
Florence (2018),10,-5.5230460921843685,5.848130510214242e-13,3.238894964721805,13279
Florence (2018),10,-5.49498997995992,1.0061447253121111e-12,3.238894964721805,13279
Florence (2018),10,-5.466933867735471,1.7178854831815183e-12,3.238894964721805,13279
Florence (2018),10,-5.438877755511022,2.9108405060965453e-12,3.238894964721805,13279
Florence (2018),10,-5.410821643286573,4.894779753237405e-12,3.238894964721805,13279
Florence (2018),10,-5.382765531062124,8.168429371441567e-12,3.238894964721805,13279
Florence (2018),10,-5.354709418837675,1.3528035900175795e-11,3.238894964721805,13279
Florence (2018),10,-5.326653306613227,2.2234218298092934e-11,3.238894964721805,13279
Florence (2018),10,-5.298597194388778,3.626603490293748e-11,3.238894964721805,13279
Florence (2018),10,-5.270541082164328,5.870425218661709e-11,3.238894964721805,13279
Florence (2018),10,-5.24248496993988,9.430408966693965e-11,3.238894964721805,13279
Florence (2018),10,-5.214428857715431,1.5034299936248202e-10,3.238894964721805,13279
Florence (2018),10,-5.186372745490982,2.378635377923036e-10,3.238894964721805,13279
Florence (2018),10,-5.158316633266534,3.7347782186627254e-10,3.238894964721805,13279
Florence (2018),10,-5.130260521042084,5.819616662183522e-10,3.238894964721805,13279
Florence (2018),10,-5.102204408817635,8.999470146753362e-10,3.238894964721805,13279
Florence (2018),10,-5.074148296593187,1.3811248410559078e-09,3.238894964721805,13279
Florence (2018),10,-5.046092184368737,2.1035016503515312e-09,3.238894964721805,13279
Florence (2018),10,-5.018036072144288,3.1794152854829847e-09,3.238894964721805,13279
Florence (2018),10,-4.98997995991984,4.7692135436788e-09,3.238894964721805,13279
Florence (2018),10,-4.961923847695391,7.0997344196015505e-09,3.238894964721805,13279
Florence (2018),10,-4.933867735470942,1.0488999669842603e-08,3.238894964721805,13279
Florence (2018),10,-4.905811623246493,1.5378840493913696e-08,3.238894964721805,13279
Florence (2018),10,-4.877755511022044,2.237750735693674e-08,3.238894964721805,13279
Florence (2018),10,-4.849699398797595,3.231466098502215e-08,3.238894964721805,13279
Florence (2018),10,-4.8216432865731464,4.631147618577491e-08,3.238894964721805,13279
Florence (2018),10,-4.793587174348698,6.586888300430133e-08,3.238894964721805,13279
Florence (2018),10,-4.765531062124248,9.297717917676234e-08,3.238894964721805,13279
Florence (2018),10,-4.7374749498997994,1.3025032160649326e-07,3.238894964721805,13279
Florence (2018),10,-4.709418837675351,1.8108808038406243e-07,3.238894964721805,13279
Florence (2018),10,-4.681362725450902,2.4986884647304275e-07,3.238894964721805,13279
Florence (2018),10,-4.653306613226453,3.4217514921890004e-07,3.238894964721805,13279
Florence (2018),10,-4.625250501002004,4.6505278967774664e-07,3.238894964721805,13279
Florence (2018),10,-4.597194388777555,6.273028676132852e-07,3.238894964721805,13279
Florence (2018),10,-4.569138276553106,8.398038311888226e-07,3.238894964721805,13279
Florence (2018),10,-4.541082164328657,1.115857998376166e-06,3.238894964721805,13279
Florence (2018),10,-4.513026052104209,1.4715538227143243e-06,3.238894964721805,13279
Florence (2018),10,-4.484969939879759,1.9261315964365446e-06,3.238894964721805,13279
Florence (2018),10,-4.456913827655311,2.5023364640435344e-06,3.238894964721805,13279
Florence (2018),10,-4.428857715430862,3.2267387995591372e-06,3.238894964721805,13279
Florence (2018),10,-4.400801603206412,4.129998500890904e-06,3.238894964721805,13279
Florence (2018),10,-4.372745490981964,5.247046968371867e-06,3.238894964721805,13279
Florence (2018),10,-4.344689378757515,6.6171589126444065e-06,3.238894964721805,13279
Florence (2018),10,-4.316633266533066,8.283886160763317e-06,3.238894964721805,13279
Florence (2018),10,-4.2885771543086175,1.029482777116063e-05,3.238894964721805,13279
Florence (2018),10,-4.260521042084168,1.270121544173953e-05,3.238894964721805,13279
Florence (2018),10,-4.232464929859719,1.5557300697969803e-05,3.238894964721805,13279
Florence (2018),10,-4.2044088176352705,1.8919540797784612e-05,3.238894964721805,13279
Florence (2018),10,-4.176352705410822,2.284559356675809e-05,3.238894964721805,13279
Florence (2018),10,-4.148296593186373,2.739314707021969e-05,3.238894964721805,13279
Florence (2018),10,-4.1202404809619235,3.2618627405329606e-05,3.238894964721805,13279
Florence (2018),10,-4.092184368737475,3.8575845891707485e-05,3.238894964721805,13279
Florence (2018),10,-4.064128256513026,4.5314664184302846e-05,3.238894964721805,13279
Florence (2018),10,-4.036072144288577,5.287977071412402e-05,3.238894964721805,13279
Florence (2018),10,-4.008016032064129,6.130967262730052e-05,3.238894964721805,13279
Florence (2018),10,-3.979959919839679,7.063601228381182e-05,3.238894964721805,13279
Florence (2018),10,-3.9519038076152304,8.088331480123283e-05,3.238894964721805,13279
Florence (2018),10,-3.9238476953907817,9.206926184072165e-05,3.238894964721805,13279
Florence (2018),10,-3.8957915831663326,0.00010420556611743996,3.238894964721805,13279
Florence (2018),10,-3.867735470941884,0.00011729949095436339,3.238894964721805,13279
Florence (2018),10,-3.8396793587174347,0.00013135602038052304,3.238894964721805,13279
Florence (2018),10,-3.811623246492986,0.00014638063947100487,3.238894964721805,13279
Florence (2018),10,-3.783567134268537,0.00016238263436388605,3.238894964721805,13279
Florence (2018),10,-3.755511022044088,0.00017937876995084196,3.238894964721805,13279
Florence (2018),10,-3.7274549098196395,0.00019739715446838799,3.238894964721805,13279
Florence (2018),10,-3.6993987975951903,0.00021648105825165364,3.238894964721805,13279
Florence (2018),10,-3.6713426853707416,0.00023669242284621864,3.238894964721805,13279
Florence (2018),10,-3.6432865731462925,0.0002581147801907655,3.238894964721805,13279
Florence (2018),10,-3.6152304609218437,0.0002808553025934396,3.238894964721805,13279
Florence (2018),10,-3.5871743486973946,0.00030504572453318604,3.238894964721805,13279
Florence (2018),10,-3.559118236472946,0.00033084191737220165,3.238894964721805,13279
Florence (2018),10,-3.531062124248497,0.00035842195681254493,3.238894964721805,13279
Florence (2018),10,-3.503006012024048,0.0003879825977957681,3.238894964721805,13279
Florence (2018),10,-3.4749498997995993,0.0004197341585616987,3.238894964721805,13279
Florence (2018),10,-3.44689378757515,0.00045389390964835,3.238894964721805,13279
Florence (2018),10,-3.4188376753507015,0.0004906781588650336,3.238894964721805,13279
Florence (2018),10,-3.3907815631262523,0.0005302933135346595,3.238894964721805,13279
Florence (2018),10,-3.3627254509018036,0.0005729262805936996,3.238894964721805,13279
Florence (2018),10,-3.3346693386773545,0.0006187346281395819,3.238894964721805,13279
Florence (2018),10,-3.306613226452906,0.0006678369744869629,3.238894964721805,13279
Florence (2018),10,-3.278557114228457,0.0007203040898924338,3.238894964721805,13279
Florence (2018),10,-3.250501002004008,0.0007761511905563214,3.238894964721805,13279
Florence (2018),10,-3.2224448897795592,0.0008353318746275644,3.238894964721805,13279
Florence (2018),10,-3.19438877755511,0.0008977340975059867,3.238894964721805,13279
Florence (2018),10,-3.1663326653306614,0.0009631785117502457,3.238894964721805,13279
Florence (2018),10,-3.1382765531062122,0.0010314194092187496,3.238894964721805,13279
Florence (2018),10,-3.1102204408817635,0.0011021484040286901,3.238894964721805,13279
Florence (2018),10,-3.0821643286573144,0.0011750008889412098,3.238894964721805,13279
Florence (2018),10,-3.0541082164328657,0.0012495651890622288,3.238894964721805,13279
Florence (2018),10,-3.026052104208417,0.0013253942290248422,3.238894964721805,13279
Florence (2018),10,-2.997995991983968,0.0014020194262669618,3.238894964721805,13279
Florence (2018),10,-2.969939879759519,0.0014789664262808797,3.238894964721805,13279
Florence (2018),10,-2.94188376753507,0.0015557722080427358,3.238894964721805,13279
Florence (2018),10,-2.9138276553106213,0.001632003011308728,3.238894964721805,13279
Florence (2018),10,-2.885771543086172,0.0017072724742484648,3.238894964721805,13279
Florence (2018),10,-2.8577154308617234,0.0017812593224227505,3.238894964721805,13279
Florence (2018),10,-2.8296593186372747,0.0018537239212794538,3.238894964721805,13279
Florence (2018),10,-2.8016032064128256,0.0019245229974311597,3.238894964721805,13279
Florence (2018),10,-2.773547094188377,0.001993621852537477,3.238894964721805,13279
Florence (2018),10,-2.7454909819639277,0.002061103441093134,3.238894964721805,13279
Florence (2018),10,-2.717434869739479,0.002127173762682877,3.238894964721805,13279
Florence (2018),10,-2.68937875751503,0.0021921631319822424,3.238894964721805,13279
Florence (2018),10,-2.661322645290581,0.002256523035826136,3.238894964721805,13279
Florence (2018),10,-2.6332665330661325,0.0023208184635214093,3.238894964721805,13279
Florence (2018),10,-2.6052104208416833,0.0023857157989384233,3.238894964721805,13279
Florence (2018),10,-2.5771543086172346,0.002451966582501204,3.238894964721805,13279
Florence (2018),10,-2.5490981963927855,0.002520387676881956,3.238894964721805,13279
Florence (2018),10,-2.5210420841683367,0.00259183858849521,3.238894964721805,13279
Florence (2018),10,-2.4929859719438876,0.0026671968927132455,3.238894964721805,13279
Florence (2018),10,-2.464929859719439,0.002747332868561397,3.238894964721805,13279
Florence (2018),10,-2.4368737474949898,0.0028330845538285373,3.238894964721805,13279
Florence (2018),10,-2.408817635270541,0.002925234471645774,3.238894964721805,13279
Florence (2018),10,-2.3807615230460923,0.003024489245881659,3.238894964721805,13279
Florence (2018),10,-2.352705410821643,0.0031314632112256512,3.238894964721805,13279
Florence (2018),10,-2.3246492985971945,0.0032466669362812266,3.238894964721805,13279
Florence (2018),10,-2.2965931863727453,0.003370501322103604,3.238894964721805,13279
Florence (2018),10,-2.2685370741482966,0.0035032576280301453,3.238894964721805,13279
Florence (2018),10,-2.2404809619238475,0.0036451234302104026,3.238894964721805,13279
Florence (2018),10,-2.212424849699399,0.0037961941587820592,3.238894964721805,13279
Florence (2018),10,-2.1843687374749496,0.003956489512339788,3.238894964721805,13279
Florence (2018),10,-2.156312625250501,0.004125973738761044,3.238894964721805,13279
Florence (2018),10,-2.1282565130260522,0.004304578523433088,3.238894964721805,13279
Florence (2018),10,-2.100200400801603,0.004492227059555974,3.238894964721805,13279
Florence (2018),10,-2.0721442885771544,0.0046888578050154435,3.238894964721805,13279
Florence (2018),10,-2.0440881763527052,0.004894446463927226,3.238894964721805,13279
Florence (2018),10,-2.0160320641282565,0.005109024868185614,3.238894964721805,13279
Florence (2018),10,-1.9879759519038078,0.005332695667080925,3.238894964721805,13279
Florence (2018),10,-1.9599198396793582,0.005565642045660853,3.238894964721805,13279
Florence (2018),10,-1.9318637274549095,0.005808132062995247,3.238894964721805,13279
Florence (2018),10,-1.9038076152304608,0.006060517603090908,3.238894964721805,13279
Florence (2018),10,-1.8757515030060121,0.00632322833440976,3.238894964721805,13279
Florence (2018),10,-1.8476953907815634,0.006596761448821202,3.238894964721805,13279
Florence (2018),10,-1.8196392785571138,0.0068816682692551786,3.238894964721805,13279
Florence (2018),10,-1.7915831663326651,0.007178539053182045,3.238894964721805,13279
Florence (2018),10,-1.7635270541082164,0.007487987457978361,3.238894964721805,13279
Florence (2018),10,-1.7354709418837677,0.007810636163035353,3.238894964721805,13279
Florence (2018),10,-1.707414829659319,0.008147105058844126,3.238894964721805,13279
Florence (2018),10,-1.6793587174348694,0.00849800322006897,3.238894964721805,13279
Florence (2018),10,-1.6513026052104207,0.008863925590304763,3.238894964721805,13279
Florence (2018),10,-1.623246492985972,0.009245454940031197,3.238894964721805,13279
Florence (2018),10,-1.5951903807615233,0.009643169240739878,3.238894964721805,13279
Florence (2018),10,-1.5671342685370737,0.010057654155374377,3.238894964721805,13279
Florence (2018),10,-1.539078156312625,0.010489519907727814,3.238894964721805,13279
Florence (2018),10,-1.5110220440881763,0.010939421390533298,3.238894964721805,13279
Florence (2018),10,-1.4829659318637276,0.011408080030615326,3.238894964721805,13279
Florence (2018),10,-1.454909819639279,0.011896305672662822,3.238894964721805,13279
Florence (2018),10,-1.4268537074148293,0.01240501658865891,3.238894964721805,13279
Florence (2018),10,-1.3987975951903806,0.01293525567927463,3.238894964721805,13279
Florence (2018),10,-1.370741482965932,0.013488201011364621,3.238894964721805,13279
Florence (2018),10,-1.3426853707414832,0.01406516903004579,3.238894964721805,13279
Florence (2018),10,-1.3146292585170336,0.014667609086131827,3.238894964721805,13279
Florence (2018),10,-1.286573146292585,0.015297088315525842,3.238894964721805,13279
Florence (2018),10,-1.2585170340681362,0.015955266377194518,3.238894964721805,13279
Florence (2018),10,-1.2304609218436875,0.016643860077408392,3.238894964721805,13279
Florence (2018),10,-1.2024048096192388,0.017364598454267816,3.238894964721805,13279
Florence (2018),10,-1.1743486973947892,0.01811916944104776,3.238894964721805,13279
Florence (2018),10,-1.1462925851703405,0.01890915974235878,3.238894964721805,13279
Florence (2018),10,-1.1182364729458918,0.019735990017366842,3.238894964721805,13279
Florence (2018),10,-1.090180360721443,0.02060084784528078,3.238894964721805,13279
Florence (2018),10,-1.0621242484969944,0.02150462122906188,3.238894964721805,13279
Florence (2018),10,-1.0340681362725448,0.022447835556864904,3.238894964721805,13279
Florence (2018),10,-1.006012024048096,0.02343059697487687,3.238894964721805,13279
Florence (2018),10,-0.9779559118236474,0.02445254502323574,3.238894964721805,13279
Florence (2018),10,-0.9498997995991987,0.025512817147783525,3.238894964721805,13279
Florence (2018),10,-0.9218436873747491,0.026610027330149555,3.238894964721805,13279
Florence (2018),10,-0.8937875751503004,0.027742260589156548,3.238894964721805,13279
Florence (2018),10,-0.8657314629258517,0.028907084516356266,3.238894964721805,13279
Florence (2018),10,-0.837675350701403,0.030101578342116683,3.238894964721805,13279
Florence (2018),10,-0.8096192384769543,0.031322379315805095,3.238894964721805,13279
Florence (2018),10,-0.7815631262525047,0.032565745457864725,3.238894964721805,13279
Florence (2018),10,-0.753507014028056,0.0338276330389823,3.238894964721805,13279
Florence (2018),10,-0.7254509018036073,0.035103786498577906,3.238894964721805,13279
Florence (2018),10,-0.6973947895791586,0.036389837966315744,3.238894964721805,13279
Florence (2018),10,-0.669338677354709,0.03768141312719656,3.238894964721805,13279
Florence (2018),10,-0.6412825651302603,0.03897423989794168,3.238894964721805,13279
Florence (2018),10,-0.6132264529058116,0.04026425627687778,3.238894964721805,13279
Florence (2018),10,-0.5851703406813629,0.04154771379903611,3.238894964721805,13279
Florence (2018),10,-0.5571142284569142,0.04282127327014046,3.238894964721805,13279
Florence (2018),10,-0.5290581162324646,0.04408208985458311,3.238894964721805,13279
Florence (2018),10,-0.5010020040080159,0.04532788513040939,3.238894964721805,13279
Florence (2018),10,-0.47294589178356716,0.04655700436712931,3.238894964721805,13279
Florence (2018),10,-0.44488977955911846,0.04776845799135975,3.238894964721805,13279
Florence (2018),10,-0.41683366733466887,0.04896194693798714,3.238894964721805,13279
Florence (2018),10,-0.38877755511022016,0.05013787229622428,3.238894964721805,13279
Florence (2018),10,-0.36072144288577146,0.05129733030739193,3.238894964721805,13279
Florence (2018),10,-0.33266533066132276,0.05244209431552436,3.238894964721805,13279
Florence (2018),10,-0.30460921843687405,0.053574585680935,3.238894964721805,13279
Florence (2018),10,-0.27655310621242446,0.05469783591774738,3.238894964721805,13279
Florence (2018),10,-0.24849699398797576,0.055815442397032164,3.238894964721805,13279
Florence (2018),10,-0.22044088176352705,0.05693151986722397,3.238894964721805,13279
Florence (2018),10,-0.19238476953907835,0.05805064979444798,3.238894964721805,13279
Florence (2018),10,-0.16432865731462876,0.05917782913998516,3.238894964721805,13279
Florence (2018),10,-0.13627254509018005,0.06031841970279089,3.238894964721805,13279
Florence (2018),10,-0.10821643286573135,0.06147809860175632,3.238894964721805,13279
Florence (2018),10,-0.08016032064128265,0.06266280989997966,3.238894964721805,13279
Florence (2018),10,-0.05210420841683394,0.06387871682817306,3.238894964721805,13279
Florence (2018),10,-0.02404809619238435,0.06513215359111406,3.238894964721805,13279
Florence (2018),10,0.004008016032064354,0.06642957537955563,3.238894964721805,13279
Florence (2018),10,0.03206412825651306,0.06777750499209248,3.238894964721805,13279
Florence (2018),10,0.06012024048096176,0.06918247441868018,3.238894964721805,13279
Florence (2018),10,0.08817635270541047,0.07065095985931066,3.238894964721805,13279
Florence (2018),10,0.11623246492986006,0.07218930894449181,3.238894964721805,13279
Florence (2018),10,0.14428857715430876,0.07380365937258596,3.238894964721805,13279
Florence (2018),10,0.17234468937875747,0.07549984875509984,3.238894964721805,13279
Florence (2018),10,0.20040080160320617,0.0772833161273429,3.238894964721805,13279
Florence (2018),10,0.22845691382765576,0.07915899629403189,3.238894964721805,13279
Florence (2018),10,0.25651302605210446,0.08113120888929815,3.238894964721805,13279
Florence (2018),10,0.28456913827655317,0.08320354468933269,3.238894964721805,13279
Florence (2018),10,0.3126252505010019,0.08537875227801599,3.238894964721805,13279
Florence (2018),10,0.3406813627254506,0.08765862859170363,3.238894964721805,13279
Florence (2018),10,0.36873747494990017,0.09004391712810045,3.238894964721805,13279
Florence (2018),10,0.39679358717434887,0.09253421767576286,3.238894964721805,13279
Florence (2018),10,0.4248496993987976,0.09512791129693292,3.238894964721805,13279
Florence (2018),10,0.4529058116232463,0.0978221039808815,3.238894964721805,13279
Florence (2018),10,0.48096192384769587,0.10061259189296912,3.238894964721805,13279
Florence (2018),10,0.5090180360721446,0.1034938505014358,3.238894964721805,13279
Florence (2018),10,0.5370741482965933,0.10645904910285726,3.238894964721805,13279
Florence (2018),10,0.565130260521042,0.10950009142712074,3.238894964721805,13279
Florence (2018),10,0.5931863727454907,0.11260768212547861,3.238894964721805,13279
Florence (2018),10,0.6212424849699403,0.11577141807270773,3.238894964721805,13279
Florence (2018),10,0.649298597194389,0.11897990258623478,3.238894964721805,13279
Florence (2018),10,0.6773547094188377,0.12222087991645841,3.238894964721805,13279
Florence (2018),10,0.7054108216432864,0.12548138672228182,3.238894964721805,13279
Florence (2018),10,0.7334669338677351,0.12874791673590427,3.238894964721805,13279
Florence (2018),10,0.7615230460921847,0.13200659445528437,3.238894964721805,13279
Florence (2018),10,0.7895791583166334,0.135243353488024,3.238894964721805,13279
Florence (2018),10,0.8176352705410821,0.13844411510674953,3.238894964721805,13279
Florence (2018),10,0.8456913827655308,0.14159496265763832,3.238894964721805,13279
Florence (2018),10,0.8737474949899804,0.14468230768065848,3.238894964721805,13279
Florence (2018),10,0.9018036072144291,0.14769304393943994,3.238894964721805,13279
Florence (2018),10,0.9298597194388778,0.1506146860061059,3.238894964721805,13279
Florence (2018),10,0.9579158316633265,0.15343548958662306,3.238894964721805,13279
Florence (2018),10,0.9859719438877752,0.1561445513900668,3.238894964721805,13279
Florence (2018),10,1.0140280561122248,0.15873188702537142,3.238894964721805,13279
Florence (2018),10,1.0420841683366735,0.16118848613602835,3.238894964721805,13279
Florence (2018),10,1.0701402805611222,0.1635063447401539,3.238894964721805,13279
Florence (2018),10,1.098196392785571,0.165678475511851,3.238894964721805,13279
Florence (2018),10,1.1262525050100205,0.16769889749859138,3.238894964721805,13279
Florence (2018),10,1.1543086172344692,0.16956260749385094,3.238894964721805,13279
Florence (2018),10,1.182364729458918,0.1712655359463768,3.238894964721805,13279
Florence (2018),10,1.2104208416833666,0.17280449085634325,3.238894964721805,13279
Florence (2018),10,1.2384769539078153,0.17417709355154495,3.238894964721805,13279
Florence (2018),10,1.266533066132265,0.17538171052126708,3.238894964721805,13279
Florence (2018),10,1.2945891783567136,0.1764173855822669,3.238894964721805,13279
Florence (2018),10,1.3226452905811623,0.17728377653671024,3.238894964721805,13279
Florence (2018),10,1.350701402805611,0.1779811001418679,3.238894964721805,13279
Florence (2018),10,1.3787575150300606,0.178510088643608,3.238894964721805,13279
Florence (2018),10,1.4068136272545093,0.17887196034266056,3.238894964721805,13279
Florence (2018),10,1.434869739478958,0.17906840569247673,3.238894964721805,13279
Florence (2018),10,1.4629258517034067,0.17910158931466919,3.238894964721805,13279
Florence (2018),10,1.4909819639278554,0.17897416712146497,3.238894964721805,13279
Florence (2018),10,1.519038076152305,0.17868931652526243,3.238894964721805,13279
Florence (2018),10,1.5470941883767537,0.17825077657216745,3.238894964721805,13279
Florence (2018),10,1.5751503006012024,0.17766289384024564,3.238894964721805,13279
Florence (2018),10,1.6032064128256511,0.17693066917179204,3.238894964721805,13279
Florence (2018),10,1.6312625250501007,0.17605979982964076,3.238894964721805,13279
Florence (2018),10,1.6593186372745494,0.1750567115318448,3.238894964721805,13279
Florence (2018),10,1.6873747494989981,0.17392857505707404,3.238894964721805,13279
Florence (2018),10,1.7154308617234468,0.1726833027300611,3.238894964721805,13279
Florence (2018),10,1.7434869739478955,0.17132952107009172,3.238894964721805,13279
Florence (2018),10,1.7715430861723451,0.16987651716716445,3.238894964721805,13279
Florence (2018),10,1.7995991983967938,0.16833415786613673,3.238894964721805,13279
Florence (2018),10,1.8276553106212425,0.16671278249499014,3.238894964721805,13279
Florence (2018),10,1.8557114228456912,0.16502307156153717,3.238894964721805,13279
Florence (2018),10,1.88376753507014,0.16327589544912766,3.238894964721805,13279
Florence (2018),10,1.9118236472945895,0.16148214855470802,3.238894964721805,13279
Florence (2018),10,1.9398797595190382,0.15965257543107858,3.238894964721805,13279
Florence (2018),10,1.967935871743487,0.15779759623768863,3.238894964721805,13279
Florence (2018),10,1.9959919839679356,0.15592713911491224,3.238894964721805,13279
Florence (2018),10,2.0240480961923843,0.15405048694968354,3.238894964721805,13279
Florence (2018),10,2.052104208416834,0.1521761454026005,3.238894964721805,13279
Florence (2018),10,2.0801603206412835,0.15031173805738213,3.238894964721805,13279
Florence (2018),10,2.1082164328657313,0.1484639332007396,3.238894964721805,13279
Florence (2018),10,2.136272545090181,0.14663840513618276,3.238894964721805,13279
Florence (2018),10,2.1643286573146288,0.14483983118643312,3.238894964721805,13279
Florence (2018),10,2.1923847695390783,0.14307192376086492,3.238894964721805,13279
Florence (2018),10,2.220440881763528,0.14133749516975827,3.238894964721805,13279
Florence (2018),10,2.2484969939879758,0.13963855135832487,3.238894964721805,13279
Florence (2018),10,2.2765531062124253,0.13797640949469575,3.238894964721805,13279
Florence (2018),10,2.304609218436873,0.13635183343755722,3.238894964721805,13279
Florence (2018),10,2.3326653306613228,0.13476518056427286,3.238894964721805,13279
Florence (2018),10,2.3607214428857723,0.1332165532645605,3.238894964721805,13279
Florence (2018),10,2.38877755511022,0.13170594857787724,3.238894964721805,13279
Florence (2018),10,2.4168336673346698,0.1302333999322819,3.238894964721805,13279
Florence (2018),10,2.4448897795591176,0.12879910567059455,3.238894964721805,13279
Florence (2018),10,2.472945891783567,0.12740353995808465,3.238894964721805,13279
Florence (2018),10,2.5010020040080168,0.12604754268468088,3.238894964721805,13279
Florence (2018),10,2.5290581162324646,0.12473238603674035,3.238894964721805,13279
Florence (2018),10,2.557114228456914,0.12345981646117866,3.238894964721805,13279
Florence (2018),10,2.585170340681362,0.12223207173238226,3.238894964721805,13279
Florence (2018),10,2.6132264529058116,0.12105187372829869,3.238894964721805,13279
Florence (2018),10,2.641282565130261,0.11992239830813409,3.238894964721805,13279
Florence (2018),10,2.669338677354709,0.11884722435395749,3.238894964721805,13279
Florence (2018),10,2.6973947895791586,0.11783026459439405,3.238894964721805,13279
Florence (2018),10,2.725450901803608,0.11687568127769711,3.238894964721805,13279
Florence (2018),10,2.753507014028056,0.11598779011221418,3.238894964721805,13279
Florence (2018),10,2.7815631262525056,0.11517095615074852,3.238894964721805,13279
Florence (2018),10,2.8096192384769534,0.1144294854634912,3.238894964721805,13279
Florence (2018),10,2.837675350701403,0.11376751651854738,3.238894964721805,13279
Florence (2018),10,2.8657314629258526,0.11318891516123337,3.238894964721805,13279
Florence (2018),10,2.8937875751503004,0.11269717694158612,3.238894964721805,13279
Florence (2018),10,2.92184368737475,0.11229534027206296,3.238894964721805,13279
Florence (2018),10,2.949899799599198,0.11198591349487624,3.238894964721805,13279
Florence (2018),10,2.9779559118236474,0.11177081839831284,3.238894964721805,13279
Florence (2018),10,3.006012024048097,0.11165135205010886,3.238894964721805,13279
Florence (2018),10,3.034068136272545,0.11162816803160076,3.238894964721805,13279
Florence (2018),10,3.0621242484969944,0.1117012772889195,3.238894964721805,13279
Florence (2018),10,3.090180360721442,0.11187006790833572,3.238894964721805,13279
Florence (2018),10,3.118236472945892,0.11213334222215604,3.238894964721805,13279
Florence (2018),10,3.1462925851703414,0.11248936881481823,3.238894964721805,13279
Florence (2018),10,3.174348697394789,0.11293594628187517,3.238894964721805,13279
Florence (2018),10,3.202404809619239,0.11347047504852148,3.238894964721805,13279
Florence (2018),10,3.2304609218436866,0.11409003322042599,3.238894964721805,13279
Florence (2018),10,3.258517034068136,0.11479145234482437,3.238894964721805,13279
Florence (2018),10,3.286573146292586,0.11557138911355658,3.238894964721805,13279
Florence (2018),10,3.3146292585170336,0.11642638943243949,3.238894964721805,13279
Florence (2018),10,3.342685370741483,0.11735294188498796,3.238894964721805,13279
Florence (2018),10,3.370741482965933,0.11834751838858737,3.238894964721805,13279
Florence (2018),10,3.3987975951903806,0.1194066007210443,3.238894964721805,13279
Florence (2018),10,3.42685370741483,0.120526692521196,3.238894964721805,13279
Florence (2018),10,3.454909819639278,0.12170431727392,3.238894964721805,13279
Florence (2018),10,3.4829659318637276,0.12293600361721373,3.238894964721805,13279
Florence (2018),10,3.511022044088177,0.1242182600066587,3.238894964721805,13279
Florence (2018),10,3.539078156312625,0.12554754130425652,3.238894964721805,13279
Florence (2018),10,3.5671342685370746,0.1269202102040693,3.238894964721805,13279
Florence (2018),10,3.5951903807615224,0.12833249656270987,3.238894964721805,13279
Florence (2018),10,3.623246492985972,0.12978045767981164,3.238894964721805,13279
Florence (2018),10,3.6513026052104216,0.13125994239527553,3.238894964721805,13279
Florence (2018),10,3.6793587174348694,0.1327665615671069,3.238894964721805,13279
Florence (2018),10,3.707414829659319,0.1342956670994538,3.238894964721805,13279
Florence (2018),10,3.735470941883767,0.13584234123706773,3.238894964721805,13279
Florence (2018),10,3.7635270541082164,0.1374013973563442,3.238894964721805,13279
Florence (2018),10,3.791583166332666,0.1389673929835797,3.238894964721805,13279
Florence (2018),10,3.819639278557114,0.14053465526903855,3.238894964721805,13279
Florence (2018),10,3.8476953907815634,0.14209731864510977,3.238894964721805,13279
Florence (2018),10,3.8757515030060112,0.14364937389772836,3.238894964721805,13279
Florence (2018),10,3.903807615230461,0.14518472738145474,3.238894964721805,13279
Florence (2018),10,3.9318637274549104,0.1466972686118163,3.238894964721805,13279
Florence (2018),10,3.9599198396793582,0.14818094398242637,3.238894964721805,13279
Florence (2018),10,3.987975951903808,0.14962983389621087,3.238894964721805,13279
Florence (2018),10,4.016032064128257,0.15103823019732898,3.238894964721805,13279
Florence (2018),10,4.044088176352705,0.1524007104788432,3.238894964721805,13279
Florence (2018),10,4.072144288577155,0.15371220566288984,3.238894964721805,13279
Florence (2018),10,4.100200400801603,0.15496805724772447,3.238894964721805,13279
Florence (2018),10,4.128256513026052,0.15616406082772621,3.238894964721805,13279
Florence (2018),10,4.156312625250502,0.15729649294548811,3.238894964721805,13279
Florence (2018),10,4.18436873747495,0.15836211903978276,3.238894964721805,13279
Florence (2018),10,4.212424849699399,0.15935818119889555,3.238894964721805,13279
Florence (2018),10,4.240480961923847,0.16028236558070114,3.238894964721805,13279
Florence (2018),10,4.268537074148297,0.16113275066086277,3.238894964721805,13279
Florence (2018),10,4.296593186372746,0.16190773883846782,3.238894964721805,13279
Florence (2018),10,4.324649298597194,0.1626059752689211,3.238894964721805,13279
Florence (2018),10,4.352705410821644,0.16322625900172158,3.238894964721805,13279
Florence (2018),10,4.3807615230460915,0.16376745247153407,3.238894964721805,13279
Florence (2018),10,4.408817635270541,0.16422839602866213,3.238894964721805,13279
Florence (2018),10,4.436873747494991,0.16460783442277083,3.238894964721805,13279
Florence (2018),10,4.4649298597194385,0.16490436192021027,3.238894964721805,13279
Florence (2018),10,4.492985971943888,0.16511639202179032,3.238894964721805,13279
Florence (2018),10,4.521042084168338,0.16524215657060212,3.238894964721805,13279
Florence (2018),10,4.5490981963927855,0.16527973745077743,3.238894964721805,13279
Florence (2018),10,4.577154308617235,0.1652271321630117,3.238894964721805,13279
Florence (2018),10,4.605210420841683,0.16508235243434782,3.238894964721805,13279
Florence (2018),10,4.6332665330661325,0.16484355281096535,3.238894964721805,13279
Florence (2018),10,4.661322645290582,0.16450918403744444,3.238894964721805,13279
Florence (2018),10,4.68937875751503,0.1640781640879543,3.238894964721805,13279
Florence (2018),10,4.7174348697394795,0.16355005811871148,3.238894964721805,13279
Florence (2018),10,4.745490981963927,0.16292525747126474,3.238894964721805,13279
Florence (2018),10,4.773547094188377,0.1622051472600859,3.238894964721805,13279
Florence (2018),10,4.8016032064128265,0.16139225207894184,3.238894964721805,13279
Florence (2018),10,4.829659318637274,0.16049034997435752,3.238894964721805,13279
Florence (2018),10,4.857715430861724,0.15950454603843717,3.238894964721805,13279
Florence (2018),10,4.885771543086172,0.15844129870729615,3.238894964721805,13279
Florence (2018),10,4.913827655310621,0.1573083940220621,3.238894964721805,13279
Florence (2018),10,4.941883767535071,0.15611486559620916,3.238894964721805,13279
Florence (2018),10,4.969939879759519,0.15487086069576977,3.238894964721805,13279
Florence (2018),10,4.997995991983968,0.1535874555267587,3.238894964721805,13279
Florence (2018),10,5.026052104208416,0.15227642538486333,3.238894964721805,13279
Florence (2018),10,5.054108216432866,0.15094997761171972,3.238894964721805,13279
Florence (2018),10,5.082164328657315,0.149620457192558,3.238894964721805,13279
Florence (2018),10,5.110220440881763,0.14830003621856033,3.238894964721805,13279
Florence (2018),10,5.138276553106213,0.14700039925111416,3.238894964721805,13279
Florence (2018),10,5.166332665330662,0.14573243682624357,3.238894964721805,13279
Florence (2018),10,5.19438877755511,0.14450595892390927,3.238894964721805,13279
Florence (2018),10,5.22244488977956,0.1433294392332368,3.238894964721805,13279
Florence (2018),10,5.2505010020040075,0.14220979953877214,3.238894964721805,13279
Florence (2018),10,5.278557114228457,0.14115224163119552,3.238894964721805,13279
Florence (2018),10,5.306613226452907,0.1401601319274037,3.238894964721805,13279
Florence (2018),10,5.3346693386773545,0.13923494160188823,3.238894964721805,13279
Florence (2018),10,5.362725450901804,0.13837624262174972,3.238894964721805,13279
Florence (2018),10,5.390781563126252,0.13758175777458242,3.238894964721805,13279
Florence (2018),10,5.4188376753507015,0.13684746070214218,3.238894964721805,13279
Florence (2018),10,5.446893787575151,0.13616772020209617,3.238894964721805,13279
Florence (2018),10,5.474949899799599,0.13553548170761992,3.238894964721805,13279
Florence (2018),10,5.5030060120240485,0.13494247794151107,3.238894964721805,13279
Florence (2018),10,5.531062124248496,0.13437946027742978,3.238894964721805,13279
Florence (2018),10,5.559118236472946,0.13383644230504307,3.238894964721805,13279
Florence (2018),10,5.5871743486973955,0.1333029474410029,3.238894964721805,13279
Florence (2018),10,5.615230460921843,0.1327682530864143,3.238894964721805,13279
Florence (2018),10,5.643286573146293,0.13222162472335422,3.238894964721805,13279
Florence (2018),10,5.6713426853707425,0.13165253438337207,3.238894964721805,13279
Florence (2018),10,5.69939879759519,0.13105085902825656,3.238894964721805,13279
Florence (2018),10,5.72745490981964,0.13040705548650383,3.238894964721805,13279
Florence (2018),10,5.755511022044088,0.12971230963225708,3.238894964721805,13279
Florence (2018),10,5.783567134268537,0.1289586584397295,3.238894964721805,13279
Florence (2018),10,5.811623246492987,0.12813908437681554,3.238894964721805,13279
Florence (2018),10,5.839679358717435,0.12724758231553387,3.238894964721805,13279
Florence (2018),10,5.867735470941884,0.1262791997459333,3.238894964721805,13279
Florence (2018),10,5.895791583166332,0.12523005160427939,3.238894964721805,13279
Florence (2018),10,5.923847695390782,0.12409731148812764,3.238894964721805,13279
Florence (2018),10,5.951903807615231,0.12287918144985993,3.238894964721805,13279
Florence (2018),10,5.979959919839679,0.12157484294825403,3.238894964721805,13279
Florence (2018),10,6.008016032064129,0.12018439189656233,3.238894964721805,13279
Florence (2018),10,6.0360721442885765,0.11870876106564948,3.238894964721805,13279
Florence (2018),10,6.064128256513026,0.11714963336234642,3.238894964721805,13279
Florence (2018),10,6.092184368737476,0.11550934967940989,3.238894964721805,13279
Florence (2018),10,6.1202404809619235,0.11379081507433297,3.238894964721805,13279
Florence (2018),10,6.148296593186373,0.11199740695204283,3.238894964721805,13279
Florence (2018),10,6.176352705410821,0.11013288868047509,3.238894964721805,13279
Florence (2018),10,6.2044088176352705,0.10820133164908831,3.238894964721805,13279
Florence (2018),10,6.23246492985972,0.10620704819398263,3.238894964721805,13279
Florence (2018),10,6.260521042084168,0.10415453708088511,3.238894964721805,13279
Florence (2018),10,6.2885771543086175,0.10204844239576216,3.238894964721805,13279
Florence (2018),10,6.316633266533067,0.09989352579197648,3.238894964721805,13279
Florence (2018),10,6.344689378757515,0.09769465114144214,3.238894964721805,13279
Florence (2018),10,6.3727454909819645,0.09545677979751022,3.238894964721805,13279
Florence (2018),10,6.400801603206412,0.09318497395955198,3.238894964721805,13279
Florence (2018),10,6.428857715430862,0.09088440508597419,3.238894964721805,13279
Florence (2018),10,6.4569138276553115,0.08856036397358004,3.238894964721805,13279
Florence (2018),10,6.484969939879759,0.0862182690304279,3.238894964721805,13279
Florence (2018),10,6.513026052104209,0.0838636694220633,3.238894964721805,13279
Florence (2018),10,6.541082164328657,0.08150224015421759,3.238894964721805,13279
Florence (2018),10,6.569138276553106,0.07913976673882994,3.238894964721805,13279
Florence (2018),10,6.597194388777556,0.07678211783089181,3.238894964721805,13279
Florence (2018),10,6.625250501002004,0.07443520506780164,3.238894964721805,13279
Florence (2018),10,6.653306613226453,0.07210493023243014,3.238894964721805,13279
Florence (2018),10,6.681362725450901,0.06979712073790371,3.238894964721805,13279
Florence (2018),10,6.709418837675351,0.06751745524249012,3.238894964721805,13279
Florence (2018),10,6.7374749498998,0.06527138190153937,3.238894964721805,13279
Florence (2018),10,6.765531062124248,0.06306403231519798,3.238894964721805,13279
Florence (2018),10,6.793587174348698,0.06090013461264507,3.238894964721805,13279
Florence (2018),10,6.821643286573146,0.05878392931462334,3.238894964721805,13279
Florence (2018),10,6.849699398797595,0.056719091635762976,3.238894964721805,13279
Florence (2018),10,6.877755511022045,0.054708663735234066,3.238894964721805,13279
Florence (2018),10,6.905811623246493,0.052755000114135614,3.238894964721805,13279
Florence (2018),10,6.933867735470942,0.050859728910726675,3.238894964721805,13279
Florence (2018),10,6.961923847695392,0.04902373128271171,3.238894964721805,13279
Florence (2018),10,6.98997995991984,0.047247140412902615,3.238894964721805,13279
Florence (2018),10,7.018036072144289,0.04552936095437539,3.238894964721805,13279
Florence (2018),10,7.046092184368737,0.04386910896736508,3.238894964721805,13279
Florence (2018),10,7.074148296593187,0.042264471616202656,3.238894964721805,13279
Florence (2018),10,7.102204408817636,0.040712985114990545,3.238894964721805,13279
Florence (2018),10,7.130260521042084,0.0392117286610116,3.238894964721805,13279
Florence (2018),10,7.158316633266534,0.03775743140238759,3.238894964721805,13279
Florence (2018),10,7.186372745490981,0.03634658888016599,3.238894964721805,13279
Florence (2018),10,7.214428857715431,0.0349755848947476,3.238894964721805,13279
Florence (2018),10,7.242484969939881,0.033640814401905125,3.238894964721805,13279
Florence (2018),10,7.270541082164328,0.03233880287177879,3.238894964721805,13279
Florence (2018),10,7.298597194388778,0.03106631756749992,3.238894964721805,13279
Florence (2018),10,7.326653306613226,0.02982046643325874,3.238894964721805,13279
Florence (2018),10,7.354709418837675,0.028598780729271554,3.238894964721805,13279
Florence (2018),10,7.382765531062125,0.0273992782054458,3.238894964721805,13279
Florence (2018),10,7.410821643286573,0.026220504445081606,3.238894964721805,13279
Florence (2018),10,7.438877755511022,0.025061550999175095,3.238894964721805,13279
Florence (2018),10,7.46693386773547,0.023922050022319098,3.238894964721805,13279
Florence (2018),10,7.49498997995992,0.022802146253620804,3.238894964721805,13279
Florence (2018),10,7.523046092184369,0.02170244829427238,3.238894964721805,13279
Florence (2018),10,7.551102204408817,0.020623962148621208,3.238894964721805,13279
Florence (2018),10,7.579158316633267,0.019568010851824844,3.238894964721805,13279
Florence (2018),10,7.607214428857716,0.018536144646550925,3.238894964721805,13279
Florence (2018),10,7.635270541082164,0.01753004654901593,3.238894964721805,13279
Florence (2018),10,7.663326653306614,0.016551438233666036,3.238894964721805,13279
Florence (2018),10,7.691382765531062,0.015601990958914397,3.238894964721805,13279
Florence (2018),10,7.719438877755511,0.014683245767974657,3.238894964721805,13279
Florence (2018),10,7.747494989979961,0.01379654646415513,3.238894964721805,13279
Florence (2018),10,7.775551102204409,0.012942987932508507,3.238894964721805,13279
Florence (2018),10,7.803607214428858,0.012123381327084034,3.238894964721805,13279
Florence (2018),10,7.831663326653306,0.011338236541495973,3.238894964721805,13279
Florence (2018),10,7.859719438877756,0.01058776130874885,3.238894964721805,13279
Florence (2018),10,7.887775551102205,0.009871875308804592,3.238894964721805,13279
Florence (2018),10,7.915831663326653,0.00919023686356614,3.238894964721805,13279
Florence (2018),10,7.943887775551103,0.008542279217829652,3.238894964721805,13279
Florence (2018),10,7.97194388777555,0.007927253071411143,3.238894964721805,13279
Florence (2018),10,8.0,0.007344271951345965,3.238894964721805,13279
Florence (2018),50,-6.0,6.210636153344582e-31,1.5433368657908364,6886
Florence (2018),50,-5.971943887775551,2.49380574557839e-30,1.5433368657908364,6886
Florence (2018),50,-5.943887775551103,9.856955399262401e-30,1.5433368657908364,6886
Florence (2018),50,-5.915831663326653,3.835099163551711e-29,1.5433368657908364,6886
Florence (2018),50,-5.887775551102204,1.4688046560308342e-28,1.5433368657908364,6886
Florence (2018),50,-5.859719438877756,5.5373900930927345e-28,1.5433368657908364,6886
Florence (2018),50,-5.831663326653307,2.0549432578178572e-27,1.5433368657908364,6886
Florence (2018),50,-5.803607214428857,7.506684888079066e-27,1.5433368657908364,6886
Florence (2018),50,-5.775551102204409,2.6992938990946334e-26,1.5433368657908364,6886
Florence (2018),50,-5.74749498997996,9.554452304843786e-26,1.5433368657908364,6886
Florence (2018),50,-5.719438877755511,3.329009670401511e-25,1.5433368657908364,6886
Florence (2018),50,-5.6913827655310625,1.1417682259084867e-24,1.5433368657908364,6886
Florence (2018),50,-5.663326653306613,3.85473462942416e-24,1.5433368657908364,6886
Florence (2018),50,-5.635270541082164,1.281045791731896e-23,1.5433368657908364,6886
Florence (2018),50,-5.6072144288577155,4.1907182096875147e-23,1.5433368657908364,6886
Florence (2018),50,-5.579158316633267,1.3494782851186538e-22,1.5433368657908364,6886
Florence (2018),50,-5.551102204408817,4.277568552894906e-22,1.5433368657908364,6886
Florence (2018),50,-5.5230460921843685,1.3346939518797714e-21,1.5433368657908364,6886
Florence (2018),50,-5.49498997995992,4.099397605216369e-21,1.5433368657908364,6886
Florence (2018),50,-5.466933867735471,1.2394015363441432e-20,1.5433368657908364,6886
Florence (2018),50,-5.438877755511022,3.6885668073058113e-20,1.5433368657908364,6886
Florence (2018),50,-5.410821643286573,1.0805799726036038e-19,1.5433368657908364,6886
Florence (2018),50,-5.382765531062124,3.1160886977030445e-19,1.5433368657908364,6886
Florence (2018),50,-5.354709418837675,8.845376944164724e-19,1.5433368657908364,6886
Florence (2018),50,-5.326653306613227,2.4715904925433412e-18,1.5433368657908364,6886
Florence (2018),50,-5.298597194388778,6.7981434429822165e-18,1.5433368657908364,6886
Florence (2018),50,-5.270541082164328,1.840593015657979e-17,1.5433368657908364,6886
Florence (2018),50,-5.24248496993988,4.9054499965347325e-17,1.5433368657908364,6886
Florence (2018),50,-5.214428857715431,1.2869259987665287e-16,1.5433368657908364,6886
Florence (2018),50,-5.186372745490982,3.323394791622465e-16,1.5433368657908364,6886
Florence (2018),50,-5.158316633266534,8.448195093187234e-16,1.5433368657908364,6886
Florence (2018),50,-5.130260521042084,2.1139736709986025e-15,1.5433368657908364,6886
Florence (2018),50,-5.102204408817635,5.2070153094439525e-15,1.5433368657908364,6886
Florence (2018),50,-5.074148296593187,1.2625011355953648e-14,1.5433368657908364,6886
Florence (2018),50,-5.046092184368737,3.0132026736073124e-14,1.5433368657908364,6886
Florence (2018),50,-5.018036072144288,7.079108301935778e-14,1.5433368657908364,6886
Florence (2018),50,-4.98997995991984,1.6371271741672644e-13,1.5433368657908364,6886
Florence (2018),50,-4.961923847695391,3.7268329741635227e-13,1.5433368657908364,6886
Florence (2018),50,-4.933867735470942,8.351242539280712e-13,1.5433368657908364,6886
Florence (2018),50,-4.905811623246493,1.842111545317853e-12,1.5433368657908364,6886
Florence (2018),50,-4.877755511022044,3.9997644748010975e-12,1.5433368657908364,6886
Florence (2018),50,-4.849699398797595,8.548828162550641e-12,1.5433368657908364,6886
Florence (2018),50,-4.8216432865731464,1.7985911034634345e-11,1.5433368657908364,6886
Florence (2018),50,-4.793587174348698,3.724877472539209e-11,1.5433368657908364,6886
Florence (2018),50,-4.765531062124248,7.593556966555103e-11,1.5433368657908364,6886
Florence (2018),50,-4.7374749498997994,1.523815029759137e-10,1.5433368657908364,6886
Florence (2018),50,-4.709418837675351,3.0100451470345663e-10,1.5433368657908364,6886
Florence (2018),50,-4.681362725450902,5.852852211757573e-10,1.5433368657908364,6886
Florence (2018),50,-4.653306613226453,1.1202525457363895e-09,1.5433368657908364,6886
Florence (2018),50,-4.625250501002004,2.1106596421743587e-09,1.5433368657908364,6886
Florence (2018),50,-4.597194388777555,3.914483113554207e-09,1.5433368657908364,6886
Florence (2018),50,-4.569138276553106,7.146356490241409e-09,1.5433368657908364,6886
Florence (2018),50,-4.541082164328657,1.2842485119190649e-08,1.5433368657908364,6886
Florence (2018),50,-4.513026052104209,2.271787689904531e-08,1.5433368657908364,6886
Florence (2018),50,-4.484969939879759,3.955859518804028e-08,1.5433368657908364,6886
Florence (2018),50,-4.456913827655311,6.7806081073599e-08,1.5433368657908364,6886
Florence (2018),50,-4.428857715430862,1.1440667690891108e-07,1.5433368657908364,6886
Florence (2018),50,-4.400801603206412,1.9001565904425978e-07,1.5433368657908364,6886
Florence (2018),50,-4.372745490981964,3.106584394948395e-07,1.5433368657908364,6886
Florence (2018),50,-4.344689378757515,4.999576687481751e-07,1.5433368657908364,6886
Florence (2018),50,-4.316633266533066,7.920276697097157e-07,1.5433368657908364,6886
Florence (2018),50,-4.2885771543086175,1.235109448598897e-06,1.5433368657908364,6886
Florence (2018),50,-4.260521042084168,1.8959622671028433e-06,1.5433368657908364,6886
Florence (2018),50,-4.232464929859719,2.8649338993797864e-06,1.5433368657908364,6886
Florence (2018),50,-4.2044088176352705,4.261496445552244e-06,1.5433368657908364,6886
Florence (2018),50,-4.176352705410822,6.239858522181802e-06,1.5433368657908364,6886
Florence (2018),50,-4.148296593186373,8.994056710057258e-06,1.5433368657908364,6886
Florence (2018),50,-4.1202404809619235,1.2761709176295196e-05,1.5433368657908364,6886
Florence (2018),50,-4.092184368737475,1.7825414748380086e-05,1.5433368657908364,6886
Florence (2018),50,-4.064128256513026,2.4510645692623037e-05,1.5433368657908364,6886
Florence (2018),50,-4.036072144288577,3.3178964778608626e-05,1.5433368657908364,6886
Florence (2018),50,-4.008016032064129,4.4215551082157524e-05,1.5433368657908364,6886
Florence (2018),50,-3.979959919839679,5.801038961161857e-05,1.5433368657908364,6886
Florence (2018),50,-3.9519038076152304,7.493309066440419e-05,1.5433368657908364,6886
Florence (2018),50,-3.9238476953907817,9.530214427159684e-05,1.5433368657908364,6886
Florence (2018),50,-3.8957915831663326,0.00011935042596636525,1.5433368657908364,6886
Florence (2018),50,-3.867735470941884,0.00014718984484705884,1.5433368657908364,6886
Florence (2018),50,-3.8396793587174347,0.0001787790098633857,1.5433368657908364,6886
Florence (2018),50,-3.811623246492986,0.00021389850100272977,1.5433368657908364,6886
Florence (2018),50,-3.783567134268537,0.000252138579497088,1.5433368657908364,6886
Florence (2018),50,-3.755511022044088,0.0002929037958249751,1.5433368657908364,6886
Florence (2018),50,-3.7274549098196395,0.00033543786333718316,1.5433368657908364,6886
Florence (2018),50,-3.6993987975951903,0.000378870365163945,1.5433368657908364,6886
Florence (2018),50,-3.6713426853707416,0.0004222844782172183,1.5433368657908364,6886
Florence (2018),50,-3.6432865731462925,0.0004648021760345173,1.5433368657908364,6886
Florence (2018),50,-3.6152304609218437,0.0005056806550037165,1.5433368657908364,6886
Florence (2018),50,-3.5871743486973946,0.0005444114124370734,1.5433368657908364,6886
Florence (2018),50,-3.559118236472946,0.0005808118786738527,1.5433368657908364,6886
Florence (2018),50,-3.531062124248497,0.0006150990828395195,1.5433368657908364,6886
Florence (2018),50,-3.503006012024048,0.0006479356916571864,1.5433368657908364,6886
Florence (2018),50,-3.4749498997995993,0.0006804409041574254,1.5433368657908364,6886
Florence (2018),50,-3.44689378757515,0.0007141619228513671,1.5433368657908364,6886
Florence (2018),50,-3.4188376753507015,0.000751005692586693,1.5433368657908364,6886
Florence (2018),50,-3.3907815631262523,0.0007931348176163657,1.5433368657908364,6886
Florence (2018),50,-3.3627254509018036,0.0008428354988477956,1.5433368657908364,6886
Florence (2018),50,-3.3346693386773545,0.0009023684678274113,1.5433368657908364,6886
Florence (2018),50,-3.306613226452906,0.0009738158251228186,1.5433368657908364,6886
Florence (2018),50,-3.278557114228457,0.0010589371714038718,1.5433368657908364,6886
Florence (2018),50,-3.250501002004008,0.0011590473936980079,1.5433368657908364,6886
Florence (2018),50,-3.2224448897795592,0.0012749260743999897,1.5433368657908364,6886
Florence (2018),50,-3.19438877755511,0.0014067650332344544,1.5433368657908364,6886
Florence (2018),50,-3.1663326653306614,0.0015541564238344217,1.5433368657908364,6886
Florence (2018),50,-3.1382765531062122,0.0017161195866723382,1.5433368657908364,6886
Florence (2018),50,-3.1102204408817635,0.001891161016947742,1.5433368657908364,6886
Florence (2018),50,-3.0821643286573144,0.002077358799160221,1.5433368657908364,6886
Florence (2018),50,-3.0541082164328657,0.0022724610502456656,1.5433368657908364,6886
Florence (2018),50,-3.026052104208417,0.002473987522137398,1.5433368657908364,6886
Florence (2018),50,-2.997995991983968,0.002679324596504204,1.5433368657908364,6886
Florence (2018),50,-2.969939879759519,0.002885806330405482,1.5433368657908364,6886
Florence (2018),50,-2.94188376753507,0.003090777671504222,1.5433368657908364,6886
Florence (2018),50,-2.9138276553106213,0.003291639985421091,1.5433368657908364,6886
Florence (2018),50,-2.885771543086172,0.003485883040798803,1.5433368657908364,6886
Florence (2018),50,-2.8577154308617234,0.003671110946912441,1.5433368657908364,6886
Florence (2018),50,-2.8296593186372747,0.0038450716393275634,1.5433368657908364,6886
Florence (2018),50,-2.8016032064128256,0.00400569989824269,1.5433368657908364,6886
Florence (2018),50,-2.773547094188377,0.004151182318774661,1.5433368657908364,6886
Florence (2018),50,-2.7454909819639277,0.004280049174593168,1.5433368657908364,6886
Florence (2018),50,-2.717434869739479,0.004391293079524167,1.5433368657908364,6886
Florence (2018),50,-2.68937875751503,0.004484508398437392,1.5433368657908364,6886
Florence (2018),50,-2.661322645290581,0.004560039346362294,1.5433368657908364,6886
Florence (2018),50,-2.6332665330661325,0.0046191195986570776,1.5433368657908364,6886
Florence (2018),50,-2.6052104208416833,0.004663982925037761,1.5433368657908364,6886
Florence (2018),50,-2.5771543086172346,0.0046979235747277035,1.5433368657908364,6886
Florence (2018),50,-2.5490981963927855,0.004725287282316306,1.5433368657908364,6886
Florence (2018),50,-2.5210420841683367,0.004751378843375374,1.5433368657908364,6886
Florence (2018),50,-2.4929859719438876,0.004782279819756912,1.5433368657908364,6886
Florence (2018),50,-2.464929859719439,0.004824579297210565,1.5433368657908364,6886
Florence (2018),50,-2.4368737474949898,0.004885030675101049,1.5433368657908364,6886
Florence (2018),50,-2.408817635270541,0.004970157019438241,1.5433368657908364,6886
Florence (2018),50,-2.3807615230460923,0.005085835366522173,1.5433368657908364,6886
Florence (2018),50,-2.352705410821643,0.005236895495451391,1.5433368657908364,6886
Florence (2018),50,-2.3246492985971945,0.00542677034975886,1.5433368657908364,6886
Florence (2018),50,-2.2965931863727453,0.0056572331128432775,1.5433368657908364,6886
Florence (2018),50,-2.2685370741482966,0.005928249979535097,1.5433368657908364,6886
Florence (2018),50,-2.2404809619238475,0.00623796838576659,1.5433368657908364,6886
Florence (2018),50,-2.212424849699399,0.006582848701534759,1.5433368657908364,6886
Florence (2018),50,-2.1843687374749496,0.006957934291855856,1.5433368657908364,6886
Florence (2018),50,-2.156312625250501,0.007357241718913504,1.5433368657908364,6886
Florence (2018),50,-2.1282565130260522,0.007774241057419614,1.5433368657908364,6886
Florence (2018),50,-2.100200400801603,0.00820238709258886,1.5433368657908364,6886
Florence (2018),50,-2.0721442885771544,0.00863565660092051,1.5433368657908364,6886
Florence (2018),50,-2.0440881763527052,0.009069045654305436,1.5433368657908364,6886
Florence (2018),50,-2.0160320641282565,0.009498984160266143,1.5433368657908364,6886
Florence (2018),50,-1.9879759519038078,0.009923632375067309,1.5433368657908364,6886
Florence (2018),50,-1.9599198396793582,0.010343035128760456,1.5433368657908364,6886
Florence (2018),50,-1.9318637274549095,0.01075912279159456,1.5433368657908364,6886
Florence (2018),50,-1.9038076152304608,0.011175562121501467,1.5433368657908364,6886
Florence (2018),50,-1.8757515030060121,0.011597473505389547,1.5433368657908364,6886
Florence (2018),50,-1.8476953907815634,0.012031042308923053,1.5433368657908364,6886
Florence (2018),50,-1.8196392785571138,0.012483059971385211,1.5433368657908364,6886
Florence (2018),50,-1.7915831663326651,0.012960434493786564,1.5433368657908364,6886
Florence (2018),50,-1.7635270541082164,0.013469709992098188,1.5433368657908364,6886
Florence (2018),50,-1.7354709418837677,0.014016631475415748,1.5433368657908364,6886
Florence (2018),50,-1.707414829659319,0.014605784823383861,1.5433368657908364,6886
Florence (2018),50,-1.6793587174348694,0.015240334159224735,1.5433368657908364,6886
Florence (2018),50,-1.6513026052104207,0.015921870520720655,1.5433368657908364,6886
Florence (2018),50,-1.623246492985972,0.016650377790562217,1.5433368657908364,6886
Florence (2018),50,-1.5951903807615233,0.017424314786284725,1.5433368657908364,6886
Florence (2018),50,-1.5671342685370737,0.01824080637844115,1.5433368657908364,6886
Florence (2018),50,-1.539078156312625,0.0190959313498433,1.5433368657908364,6886
Florence (2018),50,-1.5110220440881763,0.01998509012936594,1.5433368657908364,6886
Florence (2018),50,-1.4829659318637276,0.020903431282735942,1.5433368657908364,6886
Florence (2018),50,-1.454909819639279,0.021846311696846643,1.5433368657908364,6886
Florence (2018),50,-1.4268537074148293,0.022809762050097354,1.5433368657908364,6886
Florence (2018),50,-1.3987975951903806,0.023790927013375852,1.5433368657908364,6886
Florence (2018),50,-1.370741482965932,0.024788449423566974,1.5433368657908364,6886
Florence (2018),50,-1.3426853707414832,0.02580277008595911,1.5433368657908364,6886
Florence (2018),50,-1.3146292585170336,0.026836320231561937,1.5433368657908364,6886
Florence (2018),50,-1.286573146292585,0.02789359177858716,1.5433368657908364,6886
Florence (2018),50,-1.2585170340681362,0.028981080600687763,1.5433368657908364,6886
Florence (2018),50,-1.2304609218436875,0.030107108625680022,1.5433368657908364,6886
Florence (2018),50,-1.2024048096192388,0.03128154012441778,1.5433368657908364,6886
Florence (2018),50,-1.1743486973947892,0.03251541442144328,1.5433368657908364,6886
Florence (2018),50,-1.1462925851703405,0.033820520356981,1.5433368657908364,6886
Florence (2018),50,-1.1182364729458918,0.035208936831887395,1.5433368657908364,6886
Florence (2018),50,-1.090180360721443,0.03669255928842153,1.5433368657908364,6886
Florence (2018),50,-1.0621242484969944,0.03828262549209805,1.5433368657908364,6886
Florence (2018),50,-1.0340681362725448,0.03998924750128892,1.5433368657908364,6886
Florence (2018),50,-1.006012024048096,0.04182095232364642,1.5433368657908364,6886
Florence (2018),50,-0.9779559118236474,0.043784233066591974,1.5433368657908364,6886
Florence (2018),50,-0.9498997995991987,0.04588311605599441,1.5433368657908364,6886
Florence (2018),50,-0.9218436873747491,0.04811875688342985,1.5433368657908364,6886
Florence (2018),50,-0.8937875751503004,0.050489087933881766,1.5433368657908364,6886
Florence (2018),50,-0.8657314629258517,0.05298854908333473,1.5433368657908364,6886
Florence (2018),50,-0.837675350701403,0.055607939105687496,1.5433368657908364,6886
Florence (2018),50,-0.8096192384769543,0.0583344254646846,1.5433368657908364,6886
Florence (2018),50,-0.7815631262525047,0.06115174320098082,1.5433368657908364,6886
Florence (2018),50,-0.753507014028056,0.06404059962562211,1.5433368657908364,6886
Florence (2018),50,-0.7254509018036073,0.06697928211827003,1.5433368657908364,6886
Florence (2018),50,-0.6973947895791586,0.0699444444031291,1.5433368657908364,6886
Florence (2018),50,-0.669338677354709,0.0729120258450792,1.5433368657908364,6886
Florence (2018),50,-0.6412825651302603,0.07585824213020093,1.5433368657908364,6886
Florence (2018),50,-0.6132264529058116,0.07876057691933265,1.5433368657908364,6886
Florence (2018),50,-0.5851703406813629,0.08159870405714545,1.5433368657908364,6886
Florence (2018),50,-0.5571142284569142,0.08435527840389694,1.5433368657908364,6886
Florence (2018),50,-0.5290581162324646,0.08701654852364855,1.5433368657908364,6886
Florence (2018),50,-0.5010020040080159,0.08957276342856689,1.5433368657908364,6886
Florence (2018),50,-0.47294589178356716,0.09201836506832098,1.5433368657908364,6886
Florence (2018),50,-0.44488977955911846,0.09435197533216487,1.5433368657908364,6886
Florence (2018),50,-0.41683366733466887,0.09657619901195758,1.5433368657908364,6886
Florence (2018),50,-0.38877755511022016,0.09869727175320447,1.5433368657908364,6886
Florence (2018),50,-0.36072144288577146,0.10072458506972258,1.5433368657908364,6886
Florence (2018),50,-0.33266533066132276,0.10267012053210262,1.5433368657908364,6886
Florence (2018),50,-0.30460921843687405,0.10454782416747915,1.5433368657908364,6886
Florence (2018),50,-0.27655310621242446,0.10637295160361665,1.5433368657908364,6886
Florence (2018),50,-0.24849699398797576,0.10816141547745517,1.5433368657908364,6886
Florence (2018),50,-0.22044088176352705,0.1099291689970253,1.5433368657908364,6886
Florence (2018),50,-0.19238476953907835,0.11169166218152561,1.5433368657908364,6886
Florence (2018),50,-0.16432865731462876,0.1134634084167086,1.5433368657908364,6886
Florence (2018),50,-0.13627254509018005,0.11525769662085661,1.5433368657908364,6886
Florence (2018),50,-0.10821643286573135,0.11708647705031375,1.5433368657908364,6886
Florence (2018),50,-0.08016032064128265,0.1189604360763808,1.5433368657908364,6886
Florence (2018),50,-0.05210420841683394,0.12088925786841455,1.5433368657908364,6886
Florence (2018),50,-0.02404809619238435,0.12288205075886405,1.5433368657908364,6886
Florence (2018),50,0.004008016032064354,0.12494789595903247,1.5433368657908364,6886
Florence (2018),50,0.03206412825651306,0.12709645938060252,1.5433368657908364,6886
Florence (2018),50,0.06012024048096176,0.1293385964278701,1.5433368657908364,6886
Florence (2018),50,0.08817635270541047,0.13168687670443038,1.5433368657908364,6886
Florence (2018),50,0.11623246492986006,0.1341559613033802,1.5433368657908364,6886
Florence (2018),50,0.14428857715430876,0.13676277901911166,1.5433368657908364,6886
Florence (2018),50,0.17234468937875747,0.13952646751607156,1.5433368657908364,6886
Florence (2018),50,0.20040080160320617,0.14246806848018564,1.5433368657908364,6886
Florence (2018),50,0.22845691382765576,0.14560998902538294,1.5433368657908364,6886
Florence (2018),50,0.25651302605210446,0.148975262317709,1.5433368657908364,6886
Florence (2018),50,0.28456913827655317,0.15258665635063498,1.5433368657908364,6886
Florence (2018),50,0.3126252505010019,0.15646568980379677,1.5433368657908364,6886
Florence (2018),50,0.3406813627254506,0.16063161766372006,1.5433368657908364,6886
Florence (2018),50,0.36873747494990017,0.16510044736098814,1.5433368657908364,6886
Florence (2018),50,0.39679358717434887,0.16988403978950956,1.5433368657908364,6886
Florence (2018),50,0.4248496993987976,0.17498934024521198,1.5433368657908364,6886
Florence (2018),50,0.4529058116232463,0.18041777359353262,1.5433368657908364,6886
Florence (2018),50,0.48096192384769587,0.18616482714406626,1.5433368657908364,6886
Florence (2018),50,0.5090180360721446,0.19221983465754766,1.5433368657908364,6886
Florence (2018),50,0.5370741482965933,0.19856596603106827,1.5433368657908364,6886
Florence (2018),50,0.565130260521042,0.2051804194517309,1.5433368657908364,6886
Florence (2018),50,0.5931863727454907,0.21203480581632309,1.5433368657908364,6886
Florence (2018),50,0.6212424849699403,0.21909570851823543,1.5433368657908364,6886
Florence (2018),50,0.649298597194389,0.22632539496169976,1.5433368657908364,6886
Florence (2018),50,0.6773547094188377,0.2336826493652628,1.5433368657908364,6886
Florence (2018),50,0.7054108216432864,0.24112368999725228,1.5433368657908364,6886
Florence (2018),50,0.7334669338677351,0.24860312882075894,1.5433368657908364,6886
Florence (2018),50,0.7615230460921847,0.2560749287702994,1.5433368657908364,6886
Florence (2018),50,0.7895791583166334,0.263493314690308,1.5433368657908364,6886
Florence (2018),50,0.8176352705410821,0.2708135991334984,1.5433368657908364,6886
Florence (2018),50,0.8456913827655308,0.2779928938527685,1.5433368657908364,6886
Florence (2018),50,0.8737474949899804,0.28499069112699554,1.5433368657908364,6886
Florence (2018),50,0.9018036072144291,0.2917693143202358,1.5433368657908364,6886
Florence (2018),50,0.9298597194388778,0.29829425186066794,1.5433368657908364,6886
Florence (2018),50,0.9579158316633265,0.30453440043675484,1.5433368657908364,6886
Florence (2018),50,0.9859719438877752,0.3104622492215882,1.5433368657908364,6886
Florence (2018),50,1.0140280561122248,0.316054035780883,1.5433368657908364,6886
Florence (2018),50,1.0420841683366735,0.32128989572082756,1.5433368657908364,6886
Florence (2018),50,1.0701402805611222,0.3261540133153653,1.5433368657908364,6886
Florence (2018),50,1.098196392785571,0.33063476194593083,1.5433368657908364,6886
Florence (2018),50,1.1262525050100205,0.3347248048124816,1.5433368657908364,6886
Florence (2018),50,1.1543086172344692,0.3384211120058981,1.5433368657908364,6886
Florence (2018),50,1.182364729458918,0.34172484323232105,1.5433368657908364,6886
Florence (2018),50,1.2104208416833666,0.34464104867666223,1.5433368657908364,6886
Florence (2018),50,1.2384769539078153,0.34717815442803274,1.5433368657908364,6886
Florence (2018),50,1.266533066132265,0.34934722236936244,1.5433368657908364,6886
Florence (2018),50,1.2945891783567136,0.35116100442528225,1.5433368657908364,6886
Florence (2018),50,1.3226452905811623,0.3526328431482007,1.5433368657908364,6886
Florence (2018),50,1.350701402805611,0.3537754997222711,1.5433368657908364,6886
Florence (2018),50,1.3787575150300606,0.3546000117100815,1.5433368657908364,6886
Florence (2018),50,1.4068136272545093,0.3551146924603038,1.5433368657908364,6886
Florence (2018),50,1.434869739478958,0.35532437999213007,1.5433368657908364,6886
Florence (2018),50,1.4629258517034067,0.355230025448644,1.5433368657908364,6886
Florence (2018),50,1.4909819639278554,0.354828682031137,1.5433368657908364,6886
Florence (2018),50,1.519038076152305,0.35411391852265545,1.5433368657908364,6886
Florence (2018),50,1.5470941883767537,0.3530766418533585,1.5433368657908364,6886
Florence (2018),50,1.5751503006012024,0.3517062754835162,1.5433368657908364,6886
Florence (2018),50,1.6032064128256511,0.34999220873832876,1.5433368657908364,6886
Florence (2018),50,1.6312625250501007,0.34792540930343907,1.5433368657908364,6886
Florence (2018),50,1.6593186372745494,0.3455000779516489,1.5433368657908364,6886
Florence (2018),50,1.6873747494989981,0.34271522084499745,1.5433368657908364,6886
Florence (2018),50,1.7154308617234468,0.33957601911739194,1.5433368657908364,6886
Florence (2018),50,1.7434869739478955,0.33609488627926964,1.5433368657908364,6886
Florence (2018),50,1.7715430861723451,0.33229212001277025,1.5433368657908364,6886
Florence (2018),50,1.7995991983967938,0.3281960755592171,1.5433368657908364,6886
Florence (2018),50,1.8276553106212425,0.323842813256101,1.5433368657908364,6886
Florence (2018),50,1.8557114228456912,0.31927520329616366,1.5433368657908364,6886
Florence (2018),50,1.88376753507014,0.3145415065730978,1.5433368657908364,6886
Florence (2018),50,1.9118236472945895,0.3096934906436384,1.5433368657908364,6886
Florence (2018),50,1.9398797595190382,0.30478418194502044,1.5433368657908364,6886
Florence (2018),50,1.967935871743487,0.2998653953964446,1.5433368657908364,6886
Florence (2018),50,1.9959919839679356,0.29498521508212405,1.5433368657908364,6886
Florence (2018),50,2.0240480961923843,0.29018561918721725,1.5433368657908364,6886
Florence (2018),50,2.052104208416834,0.285500443848031,1.5433368657908364,6886
Florence (2018),50,2.0801603206412835,0.28095386116548926,1.5433368657908364,6886
Florence (2018),50,2.1082164328657313,0.2765595062825972,1.5433368657908364,6886
Florence (2018),50,2.136272545090181,0.2723203303960419,1.5433368657908364,6886
Florence (2018),50,2.1643286573146288,0.2682291871619465,1.5433368657908364,6886
Florence (2018),50,2.1923847695390783,0.26427008765982885,1.5433368657908364,6886
Florence (2018),50,2.220440881763528,0.2604199932622766,1.5433368657908364,6886
Florence (2018),50,2.2484969939879758,0.25665096513916075,1.5433368657908364,6886
Florence (2018),50,2.2765531062124253,0.252932460353535,1.5433368657908364,6886
Florence (2018),50,2.304609218436873,0.2492335611027793,1.5433368657908364,6886
Florence (2018),50,2.3326653306613228,0.24552494550100287,1.5433368657908364,6886
Florence (2018),50,2.3607214428857723,0.24178045171884702,1.5433368657908364,6886
Florence (2018),50,2.38877755511022,0.2379781457372255,1.5433368657908364,6886
Florence (2018),50,2.4168336673346698,0.23410086806048522,1.5433368657908364,6886
Florence (2018),50,2.4448897795591176,0.23013629757750564,1.5433368657908364,6886
Florence (2018),50,2.472945891783567,0.22607662323174313,1.5433368657908364,6886
Florence (2018),50,2.5010020040080168,0.22191795001084158,1.5433368657908364,6886
Florence (2018),50,2.5290581162324646,0.2176595813796788,1.5433368657908364,6886
Florence (2018),50,2.557114228456914,0.21330331503259256,1.5433368657908364,6886
Florence (2018),50,2.585170340681362,0.20885286500831796,1.5433368657908364,6886
Florence (2018),50,2.6132264529058116,0.20431348549325754,1.5433368657908364,6886
Florence (2018),50,2.641282565130261,0.19969182636746388,1.5433368657908364,6886
Florence (2018),50,2.669338677354709,0.19499600471738646,1.5433368657908364,6886
Florence (2018),50,2.6973947895791586,0.19023583679308081,1.5433368657908364,6886
Florence (2018),50,2.725450901803608,0.18542314660230652,1.5433368657908364,6886
Florence (2018),50,2.753507014028056,0.18057205393196998,1.5433368657908364,6886
Florence (2018),50,2.7815631262525056,0.1756991471622939,1.5433368657908364,6886
Florence (2018),50,2.8096192384769534,0.17082346353913924,1.5433368657908364,6886
Florence (2018),50,2.837675350701403,0.1659662283247875,1.5433368657908364,6886
Florence (2018),50,2.8657314629258526,0.16115033977025237,1.5433368657908364,6886
Florence (2018),50,2.8937875751503004,0.15639962380628564,1.5433368657908364,6886
Florence (2018),50,2.92184368737475,0.15173791555016794,1.5433368657908364,6886
Florence (2018),50,2.949899799599198,0.14718804984296494,1.5433368657908364,6886
Florence (2018),50,2.9779559118236474,0.14277085710689544,1.5433368657908364,6886
Florence (2018),50,3.006012024048097,0.1385042625127888,1.5433368657908364,6886
Florence (2018),50,3.034068136272545,0.13440257607302208,1.5433368657908364,6886
Florence (2018),50,3.0621242484969944,0.1304760405486156,1.5433368657908364,6886
Florence (2018),50,3.090180360721442,0.12673067577316924,1.5433368657908364,6886
Florence (2018),50,3.118236472945892,0.12316842560007785,1.5433368657908364,6886
Florence (2018),50,3.1462925851703414,0.11978758087037988,1.5433368657908364,6886
Florence (2018),50,3.174348697394789,0.11658342216403006,1.5433368657908364,6886
Florence (2018),50,3.202404809619239,0.11354900282083462,1.5433368657908364,6886
Florence (2018),50,3.2304609218436866,0.1106759783396309,1.5433368657908364,6886
Florence (2018),50,3.258517034068136,0.10795538448496776,1.5433368657908364,6886
Florence (2018),50,3.286573146292586,0.1053782739380914,1.5433368657908364,6886
Florence (2018),50,3.3146292585170336,0.10293613966979116,1.5433368657908364,6886
Florence (2018),50,3.342685370741483,0.10062108072622075,1.5433368657908364,6886
Florence (2018),50,3.370741482965933,0.09842569998068,1.5433368657908364,6886
Florence (2018),50,3.3987975951903806,0.09634275981517713,1.5433368657908364,6886
Florence (2018),50,3.42685370741483,0.0943646562347074,1.5433368657908364,6886
Florence (2018),50,3.454909819639278,0.09248280004621223,1.5433368657908364,6886
Florence (2018),50,3.4829659318637276,0.09068701139685019,1.5433368657908364,6886
Florence (2018),50,3.511022044088177,0.08896503819836087,1.5433368657908364,6886
Florence (2018),50,3.539078156312625,0.08730229841098469,1.5433368657908364,6886
Florence (2018),50,3.5671342685370746,0.0856819214011042,1.5433368657908364,6886
Florence (2018),50,3.5951903807615224,0.0840851271955169,1.5433368657908364,6886
Florence (2018),50,3.623246492985972,0.08249193876428725,1.5433368657908364,6886
Florence (2018),50,3.6513026052104216,0.08088217704889886,1.5433368657908364,6886
Florence (2018),50,3.6793587174348694,0.07923664740277914,1.5433368657908364,6886
Florence (2018),50,3.707414829659319,0.0775383951903704,1.5433368657908364,6886
Florence (2018),50,3.735470941883767,0.07577389210315646,1.5433368657908364,6886
Florence (2018),50,3.7635270541082164,0.07393401604252602,1.5433368657908364,6886
Florence (2018),50,3.791583166332666,0.07201470661800882,1.5433368657908364,6886
Florence (2018),50,3.819639278557114,0.07001721338105937,1.5433368657908364,6886
Florence (2018),50,3.8476953907815634,0.06794790056799553,1.5433368657908364,6886
Florence (2018),50,3.8757515030060112,0.06581762435145397,1.5433368657908364,6886
Florence (2018),50,3.903807615230461,0.06364074947732222,1.5433368657908364,6886
Florence (2018),50,3.9318637274549104,0.06143391482893912,1.5433368657908364,6886
Florence (2018),50,3.9599198396793582,0.059214686091372995,1.5433368657908364,6886
Florence (2018),50,3.987975951903808,0.05700024436740291,1.5433368657908364,6886
Florence (2018),50,4.016032064128257,0.054806250901276235,1.5433368657908364,6886
Florence (2018),50,4.044088176352705,0.0526460012996063,1.5433368657908364,6886
Florence (2018),50,4.072144288577155,0.05052994165014135,1.5433368657908364,6886
Florence (2018),50,4.100200400801603,0.04846556955941072,1.5433368657908364,6886
Florence (2018),50,4.128256513026052,0.046457692308778144,1.5433368657908364,6886
Florence (2018),50,4.156312625250502,0.04450896910797631,1.5433368657908364,6886
Florence (2018),50,4.18436873747495,0.04262063091676453,1.5433368657908364,6886
Florence (2018),50,4.212424849699399,0.04079325382161339,1.5433368657908364,6886
Florence (2018),50,4.240480961923847,0.03902746243000866,1.5433368657908364,6886
Florence (2018),50,4.268537074148297,0.03732445752226089,1.5433368657908364,6886
Florence (2018),50,4.296593186372746,0.035686294197525364,1.5433368657908364,6886
Florence (2018),50,4.324649298597194,0.0341158779712684,1.5433368657908364,6886
Florence (2018),50,4.352705410821644,0.03261669058119516,1.5433368657908364,6886
Florence (2018),50,4.3807615230460915,0.031192298245428213,1.5433368657908364,6886
Florence (2018),50,4.408817635270541,0.029845727057354395,1.5433368657908364,6886
Florence (2018),50,4.436873747494991,0.028578808810694942,1.5433368657908364,6886
Florence (2018),50,4.4649298597194385,0.02739160355560928,1.5433368657908364,6886
Florence (2018),50,4.492985971943888,0.026281992610369634,1.5433368657908364,6886
Florence (2018),50,4.521042084168338,0.025245509847470603,1.5433368657908364,6886
Florence (2018),50,4.5490981963927855,0.024275443957713853,1.5433368657908364,6886
Florence (2018),50,4.577154308617235,0.023363205421007286,1.5433368657908364,6886
Florence (2018),50,4.605210420841683,0.02249891484891273,1.5433368657908364,6886
Florence (2018),50,4.6332665330661325,0.021672139536530535,1.5433368657908364,6886
Florence (2018),50,4.661322645290582,0.02087268655950398,1.5433368657908364,6886
Florence (2018),50,4.68937875751503,0.020091355838802612,1.5433368657908364,6886
Florence (2018),50,4.7174348697394795,0.01932056541317264,1.5433368657908364,6886
Florence (2018),50,4.745490981963927,0.01855478177564844,1.5433368657908364,6886
Florence (2018),50,4.773547094188377,0.017790716924670182,1.5433368657908364,6886
Florence (2018),50,4.8016032064128265,0.017027286086190835,1.5433368657908364,6886
Florence (2018),50,4.829659318637274,0.016265350963498314,1.5433368657908364,6886
Florence (2018),50,4.857715430861724,0.015507298495447245,1.5433368657908364,6886
Florence (2018),50,4.885771543086172,0.01475652128807985,1.5433368657908364,6886
Florence (2018),50,4.913827655310621,0.014016871588517634,1.5433368657908364,6886
Florence (2018),50,4.941883767535071,0.013292156085246584,1.5433368657908364,6886
Florence (2018),50,4.969939879759519,0.012585725676628764,1.5433368657908364,6886
Florence (2018),50,4.997995991983968,0.011900195484312554,1.5433368657908364,6886
Florence (2018),50,5.026052104208416,0.011237309161061823,1.5433368657908364,6886
Florence (2018),50,5.054108216432866,0.01059794124101701,1.5433368657908364,6886
Florence (2018),50,5.082164328657315,0.009982214608219755,1.5433368657908364,6886
Florence (2018),50,5.110220440881763,0.009389698894832208,1.5433368657908364,6886
Florence (2018),50,5.138276553106213,0.008819650482844782,1.5433368657908364,6886
Florence (2018),50,5.166332665330662,0.00827125549634304,1.5433368657908364,6886
Florence (2018),50,5.19438877755511,0.007743842683219608,1.5433368657908364,6886
Florence (2018),50,5.22244488977956,0.007237041871056232,1.5433368657908364,6886
Florence (2018),50,5.2505010020040075,0.006750874063778085,1.5433368657908364,6886
Florence (2018),50,5.278557114228457,0.006285769665007653,1.5433368657908364,6886
Florence (2018),50,5.306613226452907,0.0058425205207195754,1.5433368657908364,6886
Florence (2018),50,5.3346693386773545,0.005422178619401933,1.5433368657908364,6886
Florence (2018),50,5.362725450901804,0.005025918933468922,1.5433368657908364,6886
Florence (2018),50,5.390781563126252,0.0046548859489652285,1.5433368657908364,6886
Florence (2018),50,5.4188376753507015,0.004310043103506836,1.5433368657908364,6886
Florence (2018),50,5.446893787575151,0.003992042014121825,1.5433368657908364,6886
Florence (2018),50,5.474949899799599,0.0037011245199996337,1.5433368657908364,6886
Florence (2018),50,5.5030060120240485,0.003437065741463039,1.5433368657908364,6886
Florence (2018),50,5.531062124248496,0.0031991611357006975,1.5433368657908364,6886
Florence (2018),50,5.559118236472946,0.002986255467708764,1.5433368657908364,6886
Florence (2018),50,5.5871743486973955,0.002796807219468901,1.5433368657908364,6886
Florence (2018),50,5.615230460921843,0.002628978653759332,1.5433368657908364,6886
Florence (2018),50,5.643286573146293,0.0024807398271281286,1.5433368657908364,6886
Florence (2018),50,5.6713426853707425,0.0023499744440019397,1.5433368657908364,6886
Florence (2018),50,5.69939879759519,0.0022345765131963707,1.5433368657908364,6886
Florence (2018),50,5.72745490981964,0.0021325290821397535,1.5433368657908364,6886
Florence (2018),50,5.755511022044088,0.0020419595054046794,1.5433368657908364,6886
Florence (2018),50,5.783567134268537,0.0019611692784057607,1.5433368657908364,6886
Florence (2018),50,5.811623246492987,0.0018886399331714148,1.5433368657908364,6886
Florence (2018),50,5.839679358717435,0.0018230193963792642,1.5433368657908364,6886
Florence (2018),50,5.867735470941884,0.0017630952065693388,1.5433368657908364,6886
Florence (2018),50,5.895791583166332,0.0017077618882141252,1.5433368657908364,6886
Florence (2018),50,5.923847695390782,0.0016559895668195592,1.5433368657908364,6886
Florence (2018),50,5.951903807615231,0.001606799723146156,1.5433368657908364,6886
Florence (2018),50,5.979959919839679,0.0015592520930221283,1.5433368657908364,6886
Florence (2018),50,6.008016032064129,0.001512444464108299,1.5433368657908364,6886
Florence (2018),50,6.0360721442885765,0.0014655248626964051,1.5433368657908364,6886
Florence (2018),50,6.064128256513026,0.001417713686859501,1.5433368657908364,6886
Florence (2018),50,6.092184368737476,0.0013683319723250835,1.5433368657908364,6886
Florence (2018),50,6.1202404809619235,0.0013168313117830485,1.5433368657908364,6886
Florence (2018),50,6.148296593186373,0.0012628210060532962,1.5433368657908364,6886
Florence (2018),50,6.176352705410821,0.00120608871477707,1.5433368657908364,6886
Florence (2018),50,6.2044088176352705,0.00114661201574969,1.5433368657908364,6886
Florence (2018),50,6.23246492985972,0.001084559644310463,1.5433368657908364,6886
Florence (2018),50,6.260521042084168,0.0010202825255858422,1.5433368657908364,6886
Florence (2018),50,6.2885771543086175,0.0009542958218589549,1.5433368657908364,6886
Florence (2018),50,6.316633266533067,0.0008872539484931622,1.5433368657908364,6886
Florence (2018),50,6.344689378757515,0.0008199208034469439,1.5433368657908364,6886
Florence (2018),50,6.3727454909819645,0.0007531373354349039,1.5433368657908364,6886
Florence (2018),50,6.400801603206412,0.0006877881483743735,1.5433368657908364,6886
Florence (2018),50,6.428857715430862,0.0006247682584467953,1.5433368657908364,6886
Florence (2018),50,6.4569138276553115,0.0005649505530040935,1.5433368657908364,6886
Florence (2018),50,6.484969939879759,0.0005091540948855985,1.5433368657908364,6886
Florence (2018),50,6.513026052104209,0.000458113268868361,1.5433368657908364,6886
Florence (2018),50,6.541082164328657,0.00041244790937121096,1.5433368657908364,6886
Florence (2018),50,6.569138276553106,0.0003726349408029865,1.5433368657908364,6886
Florence (2018),50,6.597194388777556,0.0003389826057930203,1.5433368657908364,6886
Florence (2018),50,6.625250501002004,0.00031160891604483596,1.5433368657908364,6886
Florence (2018),50,6.653306613226453,0.00029042638911098295,1.5433368657908364,6886
Florence (2018),50,6.681362725450901,0.00027513530216214733,1.5433368657908364,6886
Florence (2018),50,6.709418837675351,0.0002652275112134796,1.5433368657908364,6886
Florence (2018),50,6.7374749498998,0.000260002318175174,1.5433368657908364,6886
Florence (2018),50,6.765531062124248,0.00025859494919794096,1.5433368657908364,6886
Florence (2018),50,6.793587174348698,0.00026001702832750503,1.5433368657908364,6886
Florence (2018),50,6.821643286573146,0.0002632071330038073,1.5433368657908364,6886
Florence (2018),50,6.849699398797595,0.0002670882763289269,1.5433368657908364,6886
Florence (2018),50,6.877755511022045,0.00027062815602126576,1.5433368657908364,6886
Florence (2018),50,6.905811623246493,0.00027289740207660744,1.5433368657908364,6886
Florence (2018),50,6.933867735470942,0.0002731209586934038,1.5433368657908364,6886
Florence (2018),50,6.961923847695392,0.0002707181984691626,1.5433368657908364,6886
Florence (2018),50,6.98997995991984,0.000265328357410128,1.5433368657908364,6886
Florence (2018),50,7.018036072144289,0.00025681928937699023,1.5433368657908364,6886
Florence (2018),50,7.046092184368737,0.0002452791955422599,1.5433368657908364,6886
Florence (2018),50,7.074148296593187,0.00023099267651181061,1.5433368657908364,6886
Florence (2018),50,7.102204408817636,0.0002144039637194576,1.5433368657908364,6886
Florence (2018),50,7.130260521042084,0.00019607132214435628,1.5433368657908364,6886
Florence (2018),50,7.158316633266534,0.00017661724550778498,1.5433368657908364,6886
Florence (2018),50,7.186372745490981,0.00015667913213253013,1.5433368657908364,6886
Florence (2018),50,7.214428857715431,0.0001368646616426249,1.5433368657908364,6886
Florence (2018),50,7.242484969939881,0.00011771519074557322,1.5433368657908364,6886
Florence (2018),50,7.270541082164328,9.967930471077258e-05,1.5433368657908364,6886
Florence (2018),50,7.298597194388778,8.30973787544376e-05,1.5433368657908364,6886
Florence (2018),50,7.326653306613226,6.819679382248605e-05,1.5433368657908364,6886
Florence (2018),50,7.354709418837675,5.509645612189302e-05,1.5433368657908364,6886
Florence (2018),50,7.382765531062125,4.381858178649578e-05,1.5433368657908364,6886
Florence (2018),50,7.410821643286573,3.430536343153126e-05,1.5433368657908364,6886
Florence (2018),50,7.438877755511022,2.6438117044289527e-05,1.5433368657908364,6886
Florence (2018),50,7.46693386773547,2.005675703748758e-05,1.5433368657908364,6886
Florence (2018),50,7.49498997995992,1.49778804569827e-05,1.5433368657908364,6886
Florence (2018),50,7.523046092184369,1.101026655752097e-05,1.5433368657908364,6886
Florence (2018),50,7.551102204408817,7.967130904064578e-06,1.5433368657908364,6886
Florence (2018),50,7.579158316633267,5.67494767795077e-06,1.5433368657908364,6886
Florence (2018),50,7.607214428857716,3.979027472076766e-06,1.5433368657908364,6886
Florence (2018),50,7.635270541082164,2.746292105810131e-06,1.5433368657908364,6886
Florence (2018),50,7.663326653306614,1.8658249927762642e-06,1.5433368657908364,6886
Florence (2018),50,7.691382765531062,1.2478122129660874e-06,1.5433368657908364,6886
Florence (2018),50,7.719438877755511,8.214507540158197e-07,1.5433368657908364,6886
Florence (2018),50,7.747494989979961,5.323137470493318e-07,1.5433368657908364,6886
Florence (2018),50,7.775551102204409,3.395530131035008e-07,1.5433368657908364,6886
Florence (2018),50,7.803607214428858,2.1320686575446913e-07,1.5433368657908364,6886
Florence (2018),50,7.831663326653306,1.3177967292144835e-07,1.5433368657908364,6886
Florence (2018),50,7.859719438877756,8.017690207363181e-08,1.5433368657908364,6886
Florence (2018),50,7.887775551102205,4.801795933279276e-08,1.5433368657908364,6886
Florence (2018),50,7.915831663326653,2.8308163153887765e-08,1.5433368657908364,6886
Florence (2018),50,7.943887775551103,1.6427566341314153e-08,1.5433368657908364,6886
Florence (2018),50,7.97194388777555,9.384006692000969e-09,1.5433368657908364,6886
Florence (2018),50,8.0,5.2766333752245225e-09,1.5433368657908364,6886
Florence (2018),100,-6.0,3.5497682251983585e-38,1.1866888409749594,5585
Florence (2018),100,-5.971943887775551,2.087237090379447e-37,1.1866888409749594,5585
Florence (2018),100,-5.943887775551103,1.2028701828420871e-36,1.1866888409749594,5585
Florence (2018),100,-5.915831663326653,6.794240652308102e-36,1.1866888409749594,5585
Florence (2018),100,-5.887775551102204,3.7613026633306203e-35,1.1866888409749594,5585
Florence (2018),100,-5.859719438877756,2.0408487862722992e-34,1.1866888409749594,5585
Florence (2018),100,-5.831663326653307,1.0853218926826478e-33,1.1866888409749594,5585
Florence (2018),100,-5.803607214428857,5.65693892079072e-33,1.1866888409749594,5585
Florence (2018),100,-5.775551102204409,2.889878644851879e-32,1.1866888409749594,5585
Florence (2018),100,-5.74749498997996,1.4469479604216692e-31,1.1866888409749594,5585
Florence (2018),100,-5.719438877755511,7.100703988160247e-31,1.1866888409749594,5585
Florence (2018),100,-5.6913827655310625,3.415270404787945e-30,1.1866888409749594,5585
Florence (2018),100,-5.663326653306613,1.6099929388994535e-29,1.1866888409749594,5585
Florence (2018),100,-5.635270541082164,7.438717023649458e-29,1.1866888409749594,5585
Florence (2018),100,-5.6072144288577155,3.368583328037272e-28,1.1866888409749594,5585
Florence (2018),100,-5.579158316633267,1.4951051653985997e-27,1.1866888409749594,5585
Florence (2018),100,-5.551102204408817,6.503862919346219e-27,1.1866888409749594,5585
Florence (2018),100,-5.5230460921843685,2.772976611479545e-26,1.1866888409749594,5585
Florence (2018),100,-5.49498997995992,1.1587672816443765e-25,1.1866888409749594,5585
Florence (2018),100,-5.466933867735471,4.745931133596417e-25,1.1866888409749594,5585
Florence (2018),100,-5.438877755511022,1.9051177797012475e-24,1.1866888409749594,5585
Florence (2018),100,-5.410821643286573,7.495444943715665e-24,1.1866888409749594,5585
Florence (2018),100,-5.382765531062124,2.8903351009584665e-23,1.1866888409749594,5585
Florence (2018),100,-5.354709418837675,1.092381071025933e-22,1.1866888409749594,5585
Florence (2018),100,-5.326653306613227,4.0464606850756485e-22,1.1866888409749594,5585
Florence (2018),100,-5.298597194388778,1.469101068833148e-21,1.1866888409749594,5585
Florence (2018),100,-5.270541082164328,5.2276104150775944e-21,1.1866888409749594,5585
Florence (2018),100,-5.24248496993988,1.8231816652786358e-20,1.1866888409749594,5585
Florence (2018),100,-5.214428857715431,6.232063435148731e-20,1.1866888409749594,5585
Florence (2018),100,-5.186372745490982,2.0878965480228255e-19,1.1866888409749594,5585
Florence (2018),100,-5.158316633266534,6.8558495359663895e-19,1.1866888409749594,5585
Florence (2018),100,-5.130260521042084,2.2064229669481914e-18,1.1866888409749594,5585
Florence (2018),100,-5.102204408817635,6.959714938995214e-18,1.1866888409749594,5585
Florence (2018),100,-5.074148296593187,2.1516385895363016e-17,1.1866888409749594,5585
Florence (2018),100,-5.046092184368737,6.519621574796765e-17,1.1866888409749594,5585
Florence (2018),100,-5.018036072144288,1.936201902356441e-16,1.1866888409749594,5585
Florence (2018),100,-4.98997995991984,5.635780727109154e-16,1.1866888409749594,5585
Florence (2018),100,-4.961923847695391,1.607802588708473e-15,1.1866888409749594,5585
Florence (2018),100,-4.933867735470942,4.495588491581955e-15,1.1866888409749594,5585
Florence (2018),100,-4.905811623246493,1.2320137913149269e-14,1.1866888409749594,5585
Florence (2018),100,-4.877755511022044,3.3091753437513435e-14,1.1866888409749594,5585
Florence (2018),100,-4.849699398797595,8.711625198021825e-14,1.1866888409749594,5585
Florence (2018),100,-4.8216432865731464,2.2477798715319617e-13,1.1866888409749594,5585
Florence (2018),100,-4.793587174348698,5.684386076122943e-13,1.1866888409749594,5585
Florence (2018),100,-4.765531062124248,1.4089271914385e-12,1.1866888409749594,5585
Florence (2018),100,-4.7374749498997994,3.4226991807109954e-12,1.1866888409749594,5585
Florence (2018),100,-4.709418837675351,8.14937136838961e-12,1.1866888409749594,5585
Florence (2018),100,-4.681362725450902,1.901755531776466e-11,1.1866888409749594,5585
Florence (2018),100,-4.653306613226453,4.3497116884602186e-11,1.1866888409749594,5585
Florence (2018),100,-4.625250501002004,9.750827290127572e-11,1.1866888409749594,5585
Florence (2018),100,-4.597194388777555,2.142385755937169e-10,1.1866888409749594,5585
Florence (2018),100,-4.569138276553106,4.613484909139976e-10,1.1866888409749594,5585
Florence (2018),100,-4.541082164328657,9.737237707633089e-10,1.1866888409749594,5585
Florence (2018),100,-4.513026052104209,2.0142700318790986e-09,1.1866888409749594,5585
Florence (2018),100,-4.484969939879759,4.083897964902279e-09,1.1866888409749594,5585
Florence (2018),100,-4.456913827655311,8.11535224070583e-09,1.1866888409749594,5585
Florence (2018),100,-4.428857715430862,1.5805753530479434e-08,1.1866888409749594,5585
Florence (2018),100,-4.400801603206412,3.017160588035452e-08,1.1866888409749594,5585
Florence (2018),100,-4.372745490981964,5.6449110910824415e-08,1.1866888409749594,5585
Florence (2018),100,-4.344689378757515,1.0351215232451593e-07,1.1866888409749594,5585
Florence (2018),100,-4.316633266533066,1.8603782399174242e-07,1.1866888409749594,5585
Florence (2018),100,-4.2885771543086175,3.277079771994792e-07,1.1866888409749594,5585
Florence (2018),100,-4.260521042084168,5.657816480701966e-07,1.1866888409749594,5585
Florence (2018),100,-4.232464929859719,9.57386045101455e-07,1.1866888409749594,5585
Florence (2018),100,-4.2044088176352705,1.5878232099130739e-06,1.1866888409749594,5585
Florence (2018),100,-4.176352705410822,2.581039131133202e-06,1.1866888409749594,5585
Florence (2018),100,-4.148296593186373,4.112114507894288e-06,1.1866888409749594,5585
Florence (2018),100,-4.1202404809619235,6.421182808668852e-06,1.1866888409749594,5585
Florence (2018),100,-4.092184368737475,9.82755600963614e-06,1.1866888409749594,5585
Florence (2018),100,-4.064128256513026,1.474207552857973e-05,1.1866888409749594,5585
Florence (2018),100,-4.036072144288577,2.167489516189035e-05,1.1866888409749594,5585
Florence (2018),100,-4.008016032064129,3.123519871591361e-05,1.1866888409749594,5585
Florence (2018),100,-3.979959919839679,4.411897186634511e-05,1.1866888409749594,5585
Florence (2018),100,-3.9519038076152304,6.108113513991214e-05,1.1866888409749594,5585
Florence (2018),100,-3.9238476953907817,8.288933978065526e-05,1.1866888409749594,5585
Florence (2018),100,-3.8957915831663326,0.00011025868732753922,1.1866888409749594,5585
Florence (2018),100,-3.867735470941884,0.0001437695567495438,1.1866888409749594,5585
Florence (2018),100,-3.8396793587174347,0.0001837743862708898,1.1866888409749594,5585
Florence (2018),100,-3.811623246492986,0.0002303031809674098,1.1866888409749594,5585
Florence (2018),100,-3.783567134268537,0.00028298099064201124,1.1866888409749594,5585
Florence (2018),100,-3.755511022044088,0.0003409727772954994,1.1866888409749594,5585
Florence (2018),100,-3.7274549098196395,0.0004029711441688516,1.1866888409749594,5585
Florence (2018),100,-3.6993987975951903,0.00046723973318478756,1.1866888409749594,5585
Florence (2018),100,-3.6713426853707416,0.0005317195471136327,1.1866888409749594,5585
Florence (2018),100,-3.6432865731462925,0.0005941974187687708,1.1866888409749594,5585
Florence (2018),100,-3.6152304609218437,0.0006525263335290568,1.1866888409749594,5585
Florence (2018),100,-3.5871743486973946,0.0007048778031167183,1.1866888409749594,5585
Florence (2018),100,-3.559118236472946,0.000749998716000132,1.1866888409749594,5585
Florence (2018),100,-3.531062124248497,0.0007874406759681919,1.1866888409749594,5585
Florence (2018),100,-3.503006012024048,0.0008177299413583551,1.1866888409749594,5585
Florence (2018),100,-3.4749498997995993,0.0008424510929984566,1.1866888409749594,5585
Florence (2018),100,-3.44689378757515,0.0008642269950589963,1.1866888409749594,5585
Florence (2018),100,-3.4188376753507015,0.0008865901387529441,1.1866888409749594,5585
Florence (2018),100,-3.3907815631262523,0.0009137541516620293,1.1866888409749594,5585
Florence (2018),100,-3.3627254509018036,0.0009503069779631404,1.1866888409749594,5585
Florence (2018),100,-3.3346693386773545,0.001000857050680885,1.1866888409749594,5585
Florence (2018),100,-3.306613226452906,0.0010696693063648225,1.1866888409749594,5585
Florence (2018),100,-3.278557114228457,0.0011603285256708172,1.1866888409749594,5585
Florence (2018),100,-3.250501002004008,0.0012754634153164654,1.1866888409749594,5585
Florence (2018),100,-3.2224448897795592,0.0014165569444908675,1.1866888409749594,5585
Florence (2018),100,-3.19438877755511,0.0015838580050262846,1.1866888409749594,5585
Florence (2018),100,-3.1663326653306614,0.001776397919762066,1.1866888409749594,5585
Florence (2018),100,-3.1382765531062122,0.0019921040285024103,1.1866888409749594,5585
Florence (2018),100,-3.1102204408817635,0.002227992653708162,1.1866888409749594,5585
Florence (2018),100,-3.0821643286573144,0.0024804160341687937,1.1866888409749594,5585
Florence (2018),100,-3.0541082164328657,0.0027453329254113735,1.1866888409749594,5585
Florence (2018),100,-3.026052104208417,0.0030185709386892708,1.1866888409749594,5585
Florence (2018),100,-2.997995991983968,0.0032960506198406936,1.1866888409749594,5585
Florence (2018),100,-2.969939879759519,0.003573946861880037,1.1866888409749594,5585
Florence (2018),100,-2.94188376753507,0.003848772305135623,1.1866888409749594,5585
Florence (2018),100,-2.9138276553106213,0.00411737925859937,1.1866888409749594,5585
Florence (2018),100,-2.885771543086172,0.004376890163333563,1.1866888409749594,5585
Florence (2018),100,-2.8577154308617234,0.004624579934942221,1.1866888409749594,5585
Florence (2018),100,-2.8296593186372747,0.004857744489997315,1.1866888409749594,5585
Florence (2018),100,-2.8016032064128256,0.0050735961462524135,1.1866888409749594,5585
Florence (2018),100,-2.773547094188377,0.005269226559796112,1.1866888409749594,5585
Florence (2018),100,-2.7454909819639277,0.005441670480940786,1.1866888409749594,5585
Florence (2018),100,-2.717434869739479,0.005588089181447344,1.1866888409749594,5585
Florence (2018),100,-2.68937875751503,0.0057060726154845405,1.1866888409749594,5585
Florence (2018),100,-2.661322645290581,0.005794037121315252,1.1866888409749594,5585
Florence (2018),100,-2.6332665330661325,0.005851674393150497,1.1866888409749594,5585
Florence (2018),100,-2.6052104208416833,0.005880391281100584,1.1866888409749594,5585
Florence (2018),100,-2.5771543086172346,0.00588367181017726,1.1866888409749594,5585
Florence (2018),100,-2.5490981963927855,0.0058672945126032215,1.1866888409749594,5585
Florence (2018),100,-2.5210420841683367,0.005839350018377617,1.1866888409749594,5585
Florence (2018),100,-2.4929859719438876,0.005810024497291953,1.1866888409749594,5585
Florence (2018),100,-2.464929859719439,0.005791141283988067,1.1866888409749594,5585
Florence (2018),100,-2.4368737474949898,0.0057954822773299474,1.1866888409749594,5585
Florence (2018),100,-2.408817635270541,0.005835938655217053,1.1866888409749594,5585
Florence (2018),100,-2.3807615230460923,0.005924563566010414,1.1866888409749594,5585
Florence (2018),100,-2.352705410821643,0.006071614985402926,1.1866888409749594,5585
Florence (2018),100,-2.3246492985971945,0.006284683123604046,1.1866888409749594,5585
Florence (2018),100,-2.2965931863727453,0.00656799299930605,1.1866888409749594,5585
Florence (2018),100,-2.2685370741482966,0.006921959474655131,1.1866888409749594,5585
Florence (2018),100,-2.2404809619238475,0.00734305047047772,1.1866888409749594,5585
Florence (2018),100,-2.212424849699399,0.007823986256904211,1.1866888409749594,5585
Florence (2018),100,-2.1843687374749496,0.008354271162192057,1.1866888409749594,5585
Florence (2018),100,-2.156312625250501,0.008921021631395151,1.1866888409749594,5585
Florence (2018),100,-2.1282565130260522,0.009510024352193147,1.1866888409749594,5585
Florence (2018),100,-2.100200400801603,0.010106933208233316,1.1866888409749594,5585
Florence (2018),100,-2.0721442885771544,0.010698496957628098,1.1866888409749594,5585
Florence (2018),100,-2.0440881763527052,0.011273703086972725,1.1866888409749594,5585
Florence (2018),100,-2.0160320641282565,0.011824728719463095,1.1866888409749594,5585
Florence (2018),100,-1.9879759519038078,0.012347607004807526,1.1866888409749594,5585
Florence (2018),100,-1.9599198396793582,0.01284254583758128,1.1866888409749594,5585
Florence (2018),100,-1.9318637274549095,0.013313872183062325,1.1866888409749594,5585
Florence (2018),100,-1.9038076152304608,0.013769615433310926,1.1866888409749594,5585
Florence (2018),100,-1.8757515030060121,0.014220781807012051,1.1866888409749594,5585
Florence (2018),100,-1.8476953907815634,0.01468040340644676,1.1866888409749594,5585
Florence (2018),100,-1.8196392785571138,0.015162465523951889,1.1866888409749594,5585
Florence (2018),100,-1.7915831663326651,0.01568082130285185,1.1866888409749594,5585
Florence (2018),100,-1.7635270541082164,0.016248193567458304,1.1866888409749594,5585
Florence (2018),100,-1.7354709418837677,0.016875341957260672,1.1866888409749594,5585
Florence (2018),100,-1.707414829659319,0.017570444215027698,1.1866888409749594,5585
Florence (2018),100,-1.6793587174348694,0.018338709746843863,1.1866888409749594,5585
Florence (2018),100,-1.6513026052104207,0.01918221751424921,1.1866888409749594,5585
Florence (2018),100,-1.623246492985972,0.02009995351305619,1.1866888409749594,5585
Florence (2018),100,-1.5951903807615233,0.02108801739423699,1.1866888409749594,5585
Florence (2018),100,-1.5671342685370737,0.022139971817630374,1.1866888409749594,5585
Florence (2018),100,-1.539078156312625,0.023247317680930146,1.1866888409749594,5585
Florence (2018),100,-1.5110220440881763,0.024400087592256668,1.1866888409749594,5585
Florence (2018),100,-1.4829659318637276,0.025587553160600705,1.1866888409749594,5585
Florence (2018),100,-1.454909819639279,0.026799035158956732,1.1866888409749594,5585
Florence (2018),100,-1.4268537074148293,0.028024789017174378,1.1866888409749594,5585
Florence (2018),100,-1.3987975951903806,0.029256914867276548,1.1866888409749594,5585
Florence (2018),100,-1.370741482965932,0.0304902180412411,1.1866888409749594,5585
Florence (2018),100,-1.3426853707414832,0.03172293045615794,1.1866888409749594,5585
Florence (2018),100,-1.3146292585170336,0.032957202751607274,1.1866888409749594,5585
Florence (2018),100,-1.286573146292585,0.034199295221631315,1.1866888409749594,5585
Florence (2018),100,-1.2585170340681362,0.03545943160199226,1.1866888409749594,5585
Florence (2018),100,-1.2304609218436875,0.03675132761441399,1.1866888409749594,5585
Florence (2018),100,-1.2024048096192388,0.038091455787117305,1.1866888409749594,5585
Florence (2018),100,-1.1743486973947892,0.039498147731259696,1.1866888409749594,5585
Florence (2018),100,-1.1462925851703405,0.040990654383712605,1.1866888409749594,5585
Florence (2018),100,-1.1182364729458918,0.04258827768529117,1.1866888409749594,5585
Florence (2018),100,-1.090180360721443,0.04430965408992071,1.1866888409749594,5585
Florence (2018),100,-1.0621242484969944,0.04617221840748105,1.1866888409749594,5585
Florence (2018),100,-1.0340681362725448,0.04819181851835675,1.1866888409749594,5585
Florence (2018),100,-1.006012024048096,0.05038240278720768,1.1866888409749594,5585
Florence (2018),100,-0.9779559118236474,0.05275567655765135,1.1866888409749594,5585
Florence (2018),100,-0.9498997995991987,0.05532063077435908,1.1866888409749594,5585
Florence (2018),100,-0.9218436873747491,0.058082885479496305,1.1866888409749594,5585
Florence (2018),100,-0.8937875751503004,0.0610438558296959,1.1866888409749594,5585
Florence (2018),100,-0.8657314629258517,0.06419982321129784,1.1866888409749594,5585
Florence (2018),100,-0.837675350701403,0.06754105996574797,1.1866888409749594,5585
Florence (2018),100,-0.8096192384769543,0.07105119497745055,1.1866888409749594,5585
Florence (2018),100,-0.7815631262525047,0.07470700630285747,1.1866888409749594,5585
Florence (2018),100,-0.753507014028056,0.07847878262057568,1.1866888409749594,5585
Florence (2018),100,-0.7254509018036073,0.08233131448741142,1.1866888409749594,5585
Florence (2018),100,-0.6973947895791586,0.08622547525913074,1.1866888409749594,5585
Florence (2018),100,-0.669338677354709,0.09012025158649238,1.1866888409749594,5585
Florence (2018),100,-0.6412825651302603,0.09397500640698891,1.1866888409749594,5585
Florence (2018),100,-0.6132264529058116,0.09775172003758496,1.1866888409749594,5585
Florence (2018),100,-0.5851703406813629,0.1014169648817846,1.1866888409749594,5585
Florence (2018),100,-0.5571142284569142,0.10494342298046659,1.1866888409749594,5585
Florence (2018),100,-0.5290581162324646,0.1083108397683136,1.1866888409749594,5585
Florence (2018),100,-0.5010020040080159,0.11150640207798225,1.1866888409749594,5585
Florence (2018),100,-0.47294589178356716,0.11452461239355242,1.1866888409749594,5585
Florence (2018),100,-0.44488977955911846,0.11736678723185455,1.1866888409749594,5585
Florence (2018),100,-0.41683366733466887,0.12004032602711447,1.1866888409749594,5585
Florence (2018),100,-0.38877755511022016,0.12255787873085026,1.1866888409749594,5585
Florence (2018),100,-0.36072144288577146,0.12493649556078813,1.1866888409749594,5585
Florence (2018),100,-0.33266533066132276,0.12719678723332456,1.1866888409749594,5585
Florence (2018),100,-0.30460921843687405,0.1293620765420321,1.1866888409749594,5585
Florence (2018),100,-0.27655310621242446,0.13145749702991,1.1866888409749594,5585
Florence (2018),100,-0.24849699398797576,0.13350899936966595,1.1866888409749594,5585
Florence (2018),100,-0.22044088176352705,0.13554225950941512,1.1866888409749594,5585
Florence (2018),100,-0.19238476953907835,0.13758153471955364,1.1866888409749594,5585
Florence (2018),100,-0.16432865731462876,0.1396485686536747,1.1866888409749594,5585
Florence (2018),100,-0.13627254509018005,0.1417616871324883,1.1866888409749594,5585
Florence (2018),100,-0.10821643286573135,0.1439352384049363,1.1866888409749594,5585
Florence (2018),100,-0.08016032064128265,0.14617950791848885,1.1866888409749594,5585
Florence (2018),100,-0.05210420841683394,0.14850117991248168,1.1866888409749594,5585
Florence (2018),100,-0.02404809619238435,0.15090433688959776,1.1866888409749594,5585
Florence (2018),100,0.004008016032064354,0.15339189979983717,1.1866888409749594,5585
Florence (2018),100,0.03206412825651306,0.15596733516684616,1.1866888409749594,5585
Florence (2018),100,0.06012024048096176,0.15863640639874305,1.1866888409749594,5585
Florence (2018),100,0.08817635270541047,0.1614087347796312,1.1866888409749594,5585
Florence (2018),100,0.11623246492986006,0.16429896235623598,1.1866888409749594,5585
Florence (2018),100,0.14428857715430876,0.1673273671497573,1.1866888409749594,5585
Florence (2018),100,0.17234468937875747,0.17051985794273575,1.1866888409749594,5585
Florence (2018),100,0.20040080160320617,0.17390735604123775,1.1866888409749594,5585
Florence (2018),100,0.22845691382765576,0.17752464098310225,1.1866888409749594,5585
Florence (2018),100,0.25651302605210446,0.18140878650184034,1.1866888409749594,5585
Florence (2018),100,0.28456913827655317,0.1855973381439947,1.1866888409749594,5585
Florence (2018),100,0.3126252505010019,0.19012638611324326,1.1866888409749594,5585
Florence (2018),100,0.3406813627254506,0.1950286713430587,1.1866888409749594,5585
Florence (2018),100,0.36873747494990017,0.20033183640377006,1.1866888409749594,5585
Florence (2018),100,0.39679358717434887,0.2060569024228802,1.1866888409749594,5585
Florence (2018),100,0.4248496993987976,0.21221702417891572,1.1866888409749594,5585
Florence (2018),100,0.4529058116232463,0.2188165515433886,1.1866888409749594,5585
Florence (2018),100,0.48096192384769587,0.22585040837982007,1.1866888409749594,5585
Florence (2018),100,0.5090180360721446,0.23330379026766698,1.1866888409749594,5585
Florence (2018),100,0.5370741482965933,0.2411521790786716,1.1866888409749594,5585
Florence (2018),100,0.565130260521042,0.2493616732545635,1.1866888409749594,5585
Florence (2018),100,0.5931863727454907,0.2578896341347717,1.1866888409749594,5585
Florence (2018),100,0.6212424849699403,0.26668564656089855,1.1866888409749594,5585
Florence (2018),100,0.649298597194389,0.2756927821014307,1.1866888409749594,5585
Florence (2018),100,0.6773547094188377,0.2848491330453072,1.1866888409749594,5585
Florence (2018),100,0.7054108216432864,0.294089555312556,1.1866888409749594,5585
Florence (2018),100,0.7334669338677351,0.3033475230723081,1.1866888409749594,5585
Florence (2018),100,0.7615230460921847,0.3125569652786837,1.1866888409749594,5585
Florence (2018),100,0.7895791583166334,0.3216539347233863,1.1866888409749594,5585
Florence (2018),100,0.8176352705410821,0.33057796305042175,1.1866888409749594,5585
Florence (2018),100,0.8456913827655308,0.33927298613152135,1.1866888409749594,5585
Florence (2018),100,0.8737474949899804,0.34768778253439436,1.1866888409749594,5585
Florence (2018),100,0.9018036072144291,0.35577594542940083,1.1866888409749594,5585
Florence (2018),100,0.9298597194388778,0.36349549074783694,1.1866888409749594,5585
Florence (2018),100,0.9579158316633265,0.37080827396625404,1.1866888409749594,5585
Florence (2018),100,0.9859719438877752,0.3776794276672628,1.1866888409749594,5585
Florence (2018),100,1.0140280561122248,0.3840770303324218,1.1866888409749594,5585
Florence (2018),100,1.0420841683366735,0.3899721703917469,1.1866888409749594,5585
Florence (2018),100,1.0701402805611222,0.3953394847987094,1.1866888409749594,5585
Florence (2018),100,1.098196392785571,0.4001581433687058,1.1866888409749594,5585
Florence (2018),100,1.1262525050100205,0.4044131394502136,1.1866888409749594,5585
Florence (2018),100,1.1543086172344692,0.4080966561445652,1.1866888409749594,5585
Florence (2018),100,1.182364729458918,0.41120922404664634,1.1866888409749594,5585
Florence (2018),100,1.2104208416833666,0.4137603832732068,1.1866888409749594,5585
Florence (2018),100,1.2384769539078153,0.4157686121990534,1.1866888409749594,5585
Florence (2018),100,1.266533066132265,0.4172603810772622,1.1866888409749594,5585
Florence (2018),100,1.2945891783567136,0.4182683154919829,1.1866888409749594,5585
Florence (2018),100,1.3226452905811623,0.4188285916067033,1.1866888409749594,5585
Florence (2018),100,1.350701402805611,0.4189778095182878,1.1866888409749594,5585
Florence (2018),100,1.3787575150300606,0.4187496815894852,1.1866888409749594,5585
Florence (2018),100,1.4068136272545093,0.41817191379613317,1.1866888409749594,5585
Florence (2018),100,1.434869739478958,0.4172636427015389,1.1866888409749594,5585
Florence (2018),100,1.4629258517034067,0.4160337214538723,1.1866888409749594,5585
Florence (2018),100,1.4909819639278554,0.41448003772835956,1.1866888409749594,5585
Florence (2018),100,1.519038076152305,0.4125899148544812,1.1866888409749594,5585
Florence (2018),100,1.5470941883767537,0.4103415180657992,1.1866888409749594,5585
Florence (2018),100,1.5751503006012024,0.4077060829901587,1.1866888409749594,5585
Florence (2018),100,1.6032064128256511,0.4046507188394686,1.1866888409749594,5585
Florence (2018),100,1.6312625250501007,0.4011415199404878,1.1866888409749594,5585
Florence (2018),100,1.6593186372745494,0.3971467408299355,1.1866888409749594,5585
Florence (2018),100,1.6873747494989981,0.3926398374062363,1.1866888409749594,5585
Florence (2018),100,1.7154308617234468,0.3876022300992055,1.1866888409749594,5585
Florence (2018),100,1.7434869739478955,0.38202568640961815,1.1866888409749594,5585
Florence (2018),100,1.7715430861723451,0.37591423815244973,1.1866888409749594,5585
Florence (2018),100,1.7995991983967938,0.3692855426250742,1.1866888409749594,5585
Florence (2018),100,1.8276553106212425,0.36217157704798336,1.1866888409749594,5585
Florence (2018),100,1.8557114228456912,0.35461854008916577,1.1866888409749594,5585
Florence (2018),100,1.88376753507014,0.3466858429102584,1.1866888409749594,5585
Florence (2018),100,1.9118236472945895,0.3384441194913217,1.1866888409749594,5585
Florence (2018),100,1.9398797595190382,0.3299722754268139,1.1866888409749594,5585
Florence (2018),100,1.967935871743487,0.32135371560590614,1.1866888409749594,5585
Florence (2018),100,1.9959919839679356,0.3126720216206215,1.1866888409749594,5585
Florence (2018),100,2.0240480961923843,0.30400645998426196,1.1866888409749594,5585
Florence (2018),100,2.052104208416834,0.29542776390377856,1.1866888409749594,5585
Florence (2018),100,2.0801603206412835,0.28699462504638373,1.1866888409749594,5585
Florence (2018),100,2.1082164328657313,0.2787512528683515,1.1866888409749594,5585
Florence (2018),100,2.136272545090181,0.2707262196659468,1.1866888409749594,5585
Florence (2018),100,2.1643286573146288,0.26293263561531727,1.1866888409749594,5585
Florence (2018),100,2.1923847695390783,0.25536952340871377,1.1866888409749594,5585
Florence (2018),100,2.220440881763528,0.24802411979366448,1.1866888409749594,5585
Florence (2018),100,2.2484969939879758,0.24087474603231418,1.1866888409749594,5585
Florence (2018),100,2.2765531062124253,0.23389387180997642,1.1866888409749594,5585
Florence (2018),100,2.304609218436873,0.2270510427648008,1.1866888409749594,5585
Florence (2018),100,2.3326653306613228,0.2203154328363809,1.1866888409749594,5585
Florence (2018),100,2.3607214428857723,0.21365789366322555,1.1866888409749594,5585
Florence (2018),100,2.38877755511022,0.2070524781332083,1.1866888409749594,5585
Florence (2018),100,2.4168336673346698,0.2004774932843972,1.1866888409749594,5585
Florence (2018),100,2.4448897795591176,0.19391617820876011,1.1866888409749594,5585
Florence (2018),100,2.472945891783567,0.18735710558826585,1.1866888409749594,5585
Florence (2018),100,2.5010020040080168,0.1807943804609848,1.1866888409749594,5585
Florence (2018),100,2.5290581162324646,0.17422767168216677,1.1866888409749594,5585
Florence (2018),100,2.557114228456914,0.16766207590229598,1.1866888409749594,5585
Florence (2018),100,2.585170340681362,0.16110779271759806,1.1866888409749594,5585
Florence (2018),100,2.6132264529058116,0.15457958859300885,1.1866888409749594,5585
Florence (2018),100,2.641282565130261,0.1480960448172588,1.1866888409749594,5585
Florence (2018),100,2.669338677354709,0.14167861401205628,1.1866888409749594,5585
Florence (2018),100,2.6973947895791586,0.13535054047375902,1.1866888409749594,5585
Florence (2018),100,2.725450901803608,0.12913572201310913,1.1866888409749594,5585
Florence (2018),100,2.753507014028056,0.12305759820384882,1.1866888409749594,5585
Florence (2018),100,2.7815631262525056,0.11713814010719006,1.1866888409749594,5585
Florence (2018),100,2.8096192384769534,0.11139699275162897,1.1866888409749594,5585
Florence (2018),100,2.837675350701403,0.10585079100703683,1.1866888409749594,5585
Florence (2018),100,2.8657314629258526,0.10051264087316301,1.1866888409749594,5585
Florence (2018),100,2.8937875751503004,0.09539173971460559,1.1866888409749594,5585
Florence (2018),100,2.92184368737475,0.09049310569405453,1.1866888409749594,5585
Florence (2018),100,2.949899799599198,0.08581739920898153,1.1866888409749594,5585
Florence (2018),100,2.9779559118236474,0.08136084345538143,1.1866888409749594,5585
Florence (2018),100,3.006012024048097,0.07711527953292127,1.1866888409749594,5585
Florence (2018),100,3.034068136272545,0.07306841418757912,1.1866888409749594,5585
Florence (2018),100,3.0621242484969944,0.06920432642551239,1.1866888409749594,5585
Florence (2018),100,3.090180360721442,0.06550428689488126,1.1866888409749594,5585
Florence (2018),100,3.118236472945892,0.06194790991668701,1.1866888409749594,5585
Florence (2018),100,3.1462925851703414,0.05851460653873004,1.1866888409749594,5585
Florence (2018),100,3.174348697394789,0.0551852469838939,1.1866888409749594,5585
Florence (2018),100,3.202404809619239,0.051943884425930925,1.1866888409749594,5585
Florence (2018),100,3.2304609218436866,0.04877935173273627,1.1866888409749594,5585
Florence (2018),100,3.258517034068136,0.045686528974979136,1.1866888409749594,5585
Florence (2018),100,3.286573146292586,0.042667097734693106,1.1866888409749594,5585
Florence (2018),100,3.3146292585170336,0.03972964806796744,1.1866888409749594,5585
Florence (2018),100,3.342685370741483,0.03688907863631837,1.1866888409749594,5585
Florence (2018),100,3.370741482965933,0.034165318294778424,1.1866888409749594,5585
Florence (2018),100,3.3987975951903806,0.03158148396512111,1.1866888409749594,5585
Florence (2018),100,3.42685370741483,0.029161660891860234,1.1866888409749594,5585
Florence (2018),100,3.454909819639278,0.026928536441266006,1.1866888409749594,5585
Florence (2018),100,3.4829659318637276,0.02490113163788177,1.1866888409749594,5585
Florence (2018),100,3.511022044088177,0.02309285571683539,1.1866888409749594,5585
Florence (2018),100,3.539078156312625,0.02151006352741226,1.1866888409749594,5585
Florence (2018),100,3.5671342685370746,0.020151232766127423,1.1866888409749594,5585
Florence (2018),100,3.5951903807615224,0.01900680829239925,1.1866888409749594,5585
Florence (2018),100,3.623246492985972,0.018059693939869243,1.1866888409749594,5585
Florence (2018),100,3.6513026052104216,0.017286315591579764,1.1866888409749594,5585
Florence (2018),100,3.6793587174348694,0.01665813696207928,1.1866888409749594,5585
Florence (2018),100,3.707414829659319,0.01614348265300658,1.1866888409749594,5585
Florence (2018),100,3.735470941883767,0.015709510626294287,1.1866888409749594,5585
Florence (2018),100,3.7635270541082164,0.015324176288496543,1.1866888409749594,5585
Florence (2018),100,3.791583166332666,0.014958040898746083,1.1866888409749594,5585
Florence (2018),100,3.819639278557114,0.014585796480724956,1.1866888409749594,5585
Florence (2018),100,3.8476953907815634,0.01418740674963503,1.1866888409749594,5585
Florence (2018),100,3.8757515030060112,0.013748797650556536,1.1866888409749594,5585
Florence (2018),100,3.903807615230461,0.01326207023252222,1.1866888409749594,5585
Florence (2018),100,3.9318637274549104,0.012725250035412342,1.1866888409749594,5585
Florence (2018),100,3.9599198396793582,0.012141627216827152,1.1866888409749594,5585
Florence (2018),100,3.987975951903808,0.011518775997401915,1.1866888409749594,5585
Florence (2018),100,4.016032064128257,0.01086736655559039,1.1866888409749594,5585
Florence (2018),100,4.044088176352705,0.01019989420237817,1.1866888409749594,5585
Florence (2018),100,4.072144288577155,0.009529448178736674,1.1866888409749594,5585
Florence (2018),100,4.100200400801603,0.00886862643935959,1.1866888409749594,5585
Florence (2018),100,4.128256513026052,0.008228675918122345,1.1866888409749594,5585
Florence (2018),100,4.156312625250502,0.00761890403516283,1.1866888409749594,5585
Florence (2018),100,4.18436873747495,0.007046371340419626,1.1866888409749594,5585
Florence (2018),100,4.212424849699399,0.006515841909458392,1.1866888409749594,5585
Florence (2018),100,4.240480961923847,0.006029941471882014,1.1866888409749594,5585
Florence (2018),100,4.268537074148297,0.005589456198749514,1.1866888409749594,5585
Florence (2018),100,4.296593186372746,0.0051936991431618396,1.1866888409749594,5585
Florence (2018),100,4.324649298597194,0.004840876536163017,1.1866888409749594,5585
Florence (2018),100,4.352705410821644,0.004528400997089479,1.1866888409749594,5585
Florence (2018),100,4.3807615230460915,0.004253120373848206,1.1866888409749594,5585
Florence (2018),100,4.408817635270541,0.004011455498172307,1.1866888409749594,5585
Florence (2018),100,4.436873747494991,0.00379946321866838,1.1866888409749594,5585
Florence (2018),100,4.4649298597194385,0.003612858432578241,1.1866888409749594,5585
Florence (2018),100,4.492985971943888,0.0034470372111850105,1.1866888409749594,5585
Florence (2018),100,4.521042084168338,0.0032971409208316688,1.1866888409749594,5585
Florence (2018),100,4.5490981963927855,0.0031581890371599987,1.1866888409749594,5585
Florence (2018),100,4.577154308617235,0.0030252888564660657,1.1866888409749594,5585
Florence (2018),100,4.605210420841683,0.002893907935951398,1.1866888409749594,5585
Florence (2018),100,4.6332665330661325,0.0027601750187498187,1.1866888409749594,5585
Florence (2018),100,4.661322645290582,0.0026211621810553662,1.1866888409749594,5585
Florence (2018),100,4.68937875751503,0.0024750981855234176,1.1866888409749594,5585
Florence (2018),100,4.7174348697394795,0.002321471393733398,1.1866888409749594,5585
Florence (2018),100,4.745490981963927,0.0021609983539056807,1.1866888409749594,5585
Florence (2018),100,4.773547094188377,0.0019954574397846032,1.1866888409749594,5585
Florence (2018),100,4.8016032064128265,0.001827410557023345,1.1866888409749594,5585
Florence (2018),100,4.829659318637274,0.0016598548664566348,1.1866888409749594,5585
Florence (2018),100,4.857715430861724,0.0014958568435495961,1.1866888409749594,5585
Florence (2018),100,4.885771543086172,0.0013382210295403427,1.1866888409749594,5585
Florence (2018),100,4.913827655310621,0.0011892361433592815,1.1866888409749594,5585
Florence (2018),100,4.941883767535071,0.0010505245022738622,1.1866888409749594,5585
Florence (2018),100,4.969939879759519,0.0009230009226663503,1.1866888409749594,5585
Florence (2018),100,4.997995991983968,0.000806928683291401,1.1866888409749594,5585
Florence (2018),100,5.026052104208416,0.000702046250247269,1.1866888409749594,5585
Florence (2018),100,5.054108216432866,0.000607731374612136,1.1866888409749594,5585
Florence (2018),100,5.082164328657315,0.0005231692591449105,1.1866888409749594,5585
Florence (2018),100,5.110220440881763,0.0004474975771790211,1.1866888409749594,5585
Florence (2018),100,5.138276553106213,0.0003799109879726832,1.1866888409749594,5585
Florence (2018),100,5.166332665330662,0.0003197188096479222,1.1866888409749594,5585
Florence (2018),100,5.19438877755511,0.00026635931372039035,1.1866888409749594,5585
Florence (2018),100,5.22244488977956,0.00021938104149961675,1.1866888409749594,5585
Florence (2018),100,5.2505010020040075,0.0001784048920750454,1.1866888409749594,5585
Florence (2018),100,5.278557114228457,0.0001430806664259662,1.1866888409749594,5585
Florence (2018),100,5.306613226452907,0.00011304910391078698,1.1866888409749594,5585
Florence (2018),100,5.3346693386773545,8.791637695443991e-05,1.1866888409749594,5585
Florence (2018),100,5.362725450901804,6.724368043997126e-05,1.1866888409749594,5585
Florence (2018),100,5.390781563126252,5.055088130775092e-05,1.1866888409749594,5585
Florence (2018),100,5.4188376753507015,3.733072121381636e-05,1.1866888409749594,5585
Florence (2018),100,5.446893787575151,2.706894053015884e-05,1.1866888409749594,5585
Florence (2018),100,5.474949899799599,1.926575148252639e-05,1.1866888409749594,5585
Florence (2018),100,5.5030060120240485,1.3454978132999633e-05,1.1866888409749594,5585
Florence (2018),100,5.531062124248496,9.218487453217685e-06,1.1866888409749594,5585
Florence (2018),100,5.559118236472946,6.194888958377274e-06,1.1866888409749594,5585
Florence (2018),100,5.5871743486973955,4.082616589085024e-06,1.1866888409749594,5585
Florence (2018),100,5.615230460921843,2.6382880773874173e-06,1.1866888409749594,5585
Florence (2018),100,5.643286573146293,1.671638721538933e-06,1.1866888409749594,5585
Florence (2018),100,5.6713426853707425,1.0384027624487506e-06,1.1866888409749594,5585
Florence (2018),100,5.69939879759519,6.32362228184129e-07,1.1866888409749594,5585
Florence (2018),100,5.72745490981964,3.775040499925354e-07,1.1866888409749594,5585
Florence (2018),100,5.755511022044088,2.2091042002921014e-07,1.1866888409749594,5585
Florence (2018),100,5.783567134268537,1.2671744915283402e-07,1.1866888409749594,5585
Florence (2018),100,5.811623246492987,7.12478503816464e-08,1.1866888409749594,5585
Florence (2018),100,5.839679358717435,3.926575043054449e-08,1.1866888409749594,5585
Florence (2018),100,5.867735470941884,2.1210759912355473e-08,1.1866888409749594,5585
Florence (2018),100,5.895791583166332,1.1230355729976845e-08,1.1866888409749594,5585
Florence (2018),100,5.923847695390782,5.82802776101397e-09,1.1866888409749594,5585
Florence (2018),100,5.951903807615231,2.9644029742340985e-09,1.1866888409749594,5585
Florence (2018),100,5.979959919839679,1.4778753205490355e-09,1.1866888409749594,5585
Florence (2018),100,6.008016032064129,7.22139697510297e-10,1.1866888409749594,5585
Florence (2018),100,6.0360721442885765,3.4584848352024246e-10,1.1866888409749594,5585
Florence (2018),100,6.064128256513026,1.623418424480303e-10,1.1866888409749594,5585
Florence (2018),100,6.092184368737476,7.468854147777172e-11,1.1866888409749594,5585
Florence (2018),100,6.1202404809619235,3.3678720761111575e-11,1.1866888409749594,5585
Florence (2018),100,6.148296593186373,1.4884513757686745e-11,1.1866888409749594,5585
Florence (2018),100,6.176352705410821,6.4474897780935435e-12,1.1866888409749594,5585
Florence (2018),100,6.2044088176352705,2.7373051449475758e-12,1.1866888409749594,5585
Florence (2018),100,6.23246492985972,1.1390216663167881e-12,1.1866888409749594,5585
Florence (2018),100,6.260521042084168,4.64533161778526e-13,1.1866888409749594,5585
Florence (2018),100,6.2885771543086175,1.8568517185077539e-13,1.1866888409749594,5585
Florence (2018),100,6.316633266533067,7.274670539097755e-14,1.1866888409749594,5585
Florence (2018),100,6.344689378757515,2.793347151234418e-14,1.1866888409749594,5585
Florence (2018),100,6.3727454909819645,1.051264191933872e-14,1.1866888409749594,5585
Florence (2018),100,6.400801603206412,3.877699299542954e-15,1.1866888409749594,5585
Florence (2018),100,6.428857715430862,1.4018825125462357e-15,1.1866888409749594,5585
Florence (2018),100,6.4569138276553115,4.967344627149323e-16,1.1866888409749594,5585
Florence (2018),100,6.484969939879759,1.725091394900749e-16,1.1866888409749594,5585
Florence (2018),100,6.513026052104209,5.871851151133132e-17,1.1866888409749594,5585
Florence (2018),100,6.541082164328657,1.9589035523591554e-17,1.1866888409749594,5585
Florence (2018),100,6.569138276553106,6.4051032762243344e-18,1.1866888409749594,5585
Florence (2018),100,6.597194388777556,2.0526470094220032e-18,1.1866888409749594,5585
Florence (2018),100,6.625250501002004,6.447293537823074e-19,1.1866888409749594,5585
Florence (2018),100,6.653306613226453,1.9847949443627057e-19,1.1866888409749594,5585
Florence (2018),100,6.681362725450901,5.988649108032178e-20,1.1866888409749594,5585
Florence (2018),100,6.709418837675351,1.770994057955607e-20,1.1866888409749594,5585
Florence (2018),100,6.7374749498998,5.133107391154498e-21,1.1866888409749594,5585
Florence (2018),100,6.765531062124248,1.4582050644545776e-21,1.1866888409749594,5585
Florence (2018),100,6.793587174348698,4.060054436601046e-22,1.1866888409749594,5585
Florence (2018),100,6.821643286573146,1.1079498699686623e-22,1.1866888409749594,5585
Florence (2018),100,6.849699398797595,2.963352826654024e-23,1.1866888409749594,5585
Florence (2018),100,6.877755511022045,7.768221703465271e-24,1.1866888409749594,5585
Florence (2018),100,6.905811623246493,1.995881972783145e-24,1.1866888409749594,5585
Florence (2018),100,6.933867735470942,5.026007050570304e-25,1.1866888409749594,5585
Florence (2018),100,6.961923847695392,1.2404701691275876e-25,1.1866888409749594,5585
Florence (2018),100,6.98997995991984,3.0007136154579494e-26,1.1866888409749594,5585
Florence (2018),100,7.018036072144289,7.114391577206348e-27,1.1866888409749594,5585
Florence (2018),100,7.046092184368737,1.6532021951613226e-27,1.1866888409749594,5585
Florence (2018),100,7.074148296593187,3.765209735426149e-28,1.1866888409749594,5585
Florence (2018),100,7.102204408817636,8.404799621195316e-29,1.1866888409749594,5585
Florence (2018),100,7.130260521042084,1.838825619368266e-29,1.1866888409749594,5585
Florence (2018),100,7.158316633266534,3.9430176297240435e-30,1.1866888409749594,5585
Florence (2018),100,7.186372745490981,8.28689588743864e-31,1.1866888409749594,5585
Florence (2018),100,7.214428857715431,1.7069863059329624e-31,1.1866888409749594,5585
Florence (2018),100,7.242484969939881,3.44622145701328e-32,1.1866888409749594,5585
Florence (2018),100,7.270541082164328,6.819166864887173e-33,1.1866888409749594,5585
Florence (2018),100,7.298597194388778,1.3224962336697654e-33,1.1866888409749594,5585
Florence (2018),100,7.326653306613226,2.513810642189562e-34,1.1866888409749594,5585
Florence (2018),100,7.354709418837675,4.683231945329222e-35,1.1866888409749594,5585
Florence (2018),100,7.382765531062125,8.55133194076691e-36,1.1866888409749594,5585
Florence (2018),100,7.410821643286573,1.530371441974268e-36,1.1866888409749594,5585
Florence (2018),100,7.438877755511022,2.684323979334152e-37,1.1866888409749594,5585
Florence (2018),100,7.46693386773547,4.614748098918868e-38,1.1866888409749594,5585
Florence (2018),100,7.49498997995992,7.775638447040705e-39,1.1866888409749594,5585
Florence (2018),100,7.523046092184369,1.2841007740150372e-39,1.1866888409749594,5585
Florence (2018),100,7.551102204408817,2.0784383510976912e-40,1.1866888409749594,5585
Florence (2018),100,7.579158316633267,3.297237095993257e-41,1.1866888409749594,5585
Florence (2018),100,7.607214428857716,5.1267034593338995e-42,1.1866888409749594,5585
Florence (2018),100,7.635270541082164,7.812701079044878e-43,1.1866888409749594,5585
Florence (2018),100,7.663326653306614,1.1669149638927497e-43,1.1866888409749594,5585
Florence (2018),100,7.691382765531062,1.7082530321371916e-44,1.1866888409749594,5585
Florence (2018),100,7.719438877755511,2.450982338635649e-45,1.1866888409749594,5585
Florence (2018),100,7.747494989979961,3.4466973771705446e-46,1.1866888409749594,5585
Florence (2018),100,7.775551102204409,4.750519617295374e-47,1.1866888409749594,5585
Florence (2018),100,7.803607214428858,6.417325502721874e-48,1.1866888409749594,5585
Florence (2018),100,7.831663326653306,8.496538138152209e-49,1.1866888409749594,5585
Florence (2018),100,7.859719438877756,1.102566884339984e-49,1.1866888409749594,5585
Florence (2018),100,7.887775551102205,1.402306243706461e-50,1.1866888409749594,5585
Florence (2018),100,7.915831663326653,1.7480577712915652e-51,1.1866888409749594,5585
Florence (2018),100,7.943887775551103,2.1357169062621164e-52,1.1866888409749594,5585
Florence (2018),100,7.97194388777555,2.557446632886803e-53,1.1866888409749594,5585
Florence (2018),100,8.0,3.001542275507085e-54,1.1866888409749594,5585
Michael (2018),10,-6.0,2.1453192562941e-18,3.2041196617061325,15995
Michael (2018),10,-5.971943887775551,4.300770099619552e-18,3.2041196617061325,15995
Michael (2018),10,-5.943887775551103,8.5546254745846e-18,3.2041196617061325,15995
Michael (2018),10,-5.915831663326653,1.688326173547257e-17,3.2041196617061325,15995
Michael (2018),10,-5.887775551102204,3.3060727087992697e-17,3.2041196617061325,15995
Michael (2018),10,-5.859719438877756,6.423463616706572e-17,3.2041196617061325,15995
Michael (2018),10,-5.831663326653307,1.2383034828314523e-16,3.2041196617061325,15995
Michael (2018),10,-5.803607214428857,2.36856892631826e-16,3.2041196617061325,15995
Michael (2018),10,-5.775551102204409,4.495171131331954e-16,3.2041196617061325,15995
Michael (2018),10,-5.74749498997996,8.464628046782424e-16,3.2041196617061325,15995
Michael (2018),10,-5.719438877755511,1.5815071771196853e-15,3.2041196617061325,15995
Michael (2018),10,-5.6913827655310625,2.9318132538578805e-15,3.2041196617061325,15995
Michael (2018),10,-5.663326653306613,5.392665933174799e-15,3.2041196617061325,15995
Michael (2018),10,-5.635270541082164,9.841766477497686e-15,3.2041196617061325,15995
Michael (2018),10,-5.6072144288577155,1.78215383943008e-14,3.2041196617061325,15995
Michael (2018),10,-5.579158316633267,3.201991802011089e-14,3.2041196617061325,15995
Michael (2018),10,-5.551102204408817,5.708190419422424e-14,3.2041196617061325,15995
Michael (2018),10,-5.5230460921843685,1.0096718547241157e-13,3.2041196617061325,15995
Michael (2018),10,-5.49498997995992,1.7720092733136266e-13,3.2041196617061325,15995
Michael (2018),10,-5.466933867735471,3.0857169628562693e-13,3.2041196617061325,15995
Michael (2018),10,-5.438877755511022,5.331519421352601e-13,3.2041196617061325,15995
Michael (2018),10,-5.410821643286573,9.140105457010506e-13,3.2041196617061325,15995
Michael (2018),10,-5.382765531062124,1.5547381625193623e-12,3.2041196617061325,15995
Michael (2018),10,-5.354709418837675,2.624035698261059e-12,3.2041196617061325,15995
Michael (2018),10,-5.326653306613227,4.394295790530917e-12,3.2041196617061325,15995
Michael (2018),10,-5.298597194388778,7.30157584526003e-12,3.2041196617061325,15995
Michael (2018),10,-5.270541082164328,1.2037947431648816e-11,3.2041196617061325,15995
Michael (2018),10,-5.24248496993988,1.9692354426964295e-11,3.2041196617061325,15995
Michael (2018),10,-5.214428857715431,3.196341051873424e-11,3.2041196617061325,15995
Michael (2018),10,-5.186372745490982,5.14777837738419e-11,3.2041196617061325,15995
Michael (2018),10,-5.158316633266534,8.226193362800256e-11,3.2041196617061325,15995
Michael (2018),10,-5.130260521042084,1.304342106931655e-10,3.2041196617061325,15995
Michael (2018),10,-5.102204408817635,2.0521019780886413e-10,3.2041196617061325,15995
Michael (2018),10,-5.074148296593187,3.2034843330045656e-10,3.2041196617061325,15995
Michael (2018),10,-5.046092184368737,4.962083420835901e-10,3.2041196617061325,15995
Michael (2018),10,-5.018036072144288,7.626495304272825e-10,3.2041196617061325,15995
Michael (2018),10,-4.98997995991984,1.1630738780592417e-09,3.2041196617061325,15995
Michael (2018),10,-4.961923847695391,1.7600012770257925e-09,3.2041196617061325,15995
Michael (2018),10,-4.933867735470942,2.642678216144355e-09,3.2041196617061325,15995
Michael (2018),10,-4.905811623246493,3.9373467061670215e-09,3.2041196617061325,15995
Michael (2018),10,-4.877755511022044,5.820949011587642e-09,3.2041196617061325,15995
Michael (2018),10,-4.849699398797595,8.539209127940467e-09,3.2041196617061325,15995
Michael (2018),10,-4.8216432865731464,1.243021013842172e-08,3.2041196617061325,15995
Michael (2018),10,-4.793587174348698,1.7954769353862185e-08,3.2041196617061325,15995
Michael (2018),10,-4.765531062124248,2.5735088229407677e-08,3.2041196617061325,15995
Michael (2018),10,-4.7374749498997994,3.6603304468619236e-08,3.2041196617061325,15995
Michael (2018),10,-4.709418837675351,5.1661677367742976e-08,3.2041196617061325,15995
Michael (2018),10,-4.681362725450902,7.23561671358623e-08,3.2041196617061325,15995
Michael (2018),10,-4.653306613226453,1.00565093007037e-07,3.2041196617061325,15995
Michael (2018),10,-4.625250501002004,1.3870433872654447e-07,3.2041196617061325,15995
Michael (2018),10,-4.597194388777555,1.898501819870504e-07,3.2041196617061325,15995
Michael (2018),10,-4.569138276553106,2.5788022376691225e-07,3.2041196617061325,15995
Michael (2018),10,-4.541082164328657,3.476320584594234e-07,3.2041196617061325,15995
Michael (2018),10,-4.513026052104209,4.6507824272355604e-07,3.2041196617061325,15995
Michael (2018),10,-4.484969939879759,6.175147950412272e-07,3.2041196617061325,15995
Michael (2018),10,-4.456913827655311,8.137589184734061e-07,3.2041196617061325,15995
Michael (2018),10,-4.428857715430862,1.0643499457100996e-06,3.2041196617061325,15995
Michael (2018),10,-4.400801603206412,1.381745752357979e-06,3.2041196617061325,15995
Michael (2018),10,-4.372745490981964,1.7805052021273888e-06,3.2041196617061325,15995
Michael (2018),10,-4.344689378757515,2.277445741842618e-06,3.2041196617061325,15995
Michael (2018),10,-4.316633266533066,2.891764249992673e-06,3.2041196617061325,15995
Michael (2018),10,-4.2885771543086175,3.645108873388686e-06,3.2041196617061325,15995
Michael (2018),10,-4.260521042084168,4.56159007834e-06,3.2041196617061325,15995
Michael (2018),10,-4.232464929859719,5.6677206927790866e-06,3.2041196617061325,15995
Michael (2018),10,-4.2044088176352705,6.992277477068279e-06,3.2041196617061325,15995
Michael (2018),10,-4.176352705410822,8.566080815216065e-06,3.2041196617061325,15995
Michael (2018),10,-4.148296593186373,1.042169444714846e-05,3.2041196617061325,15995
Michael (2018),10,-4.1202404809619235,1.2593053625443922e-05,3.2041196617061325,15995
Michael (2018),10,-4.092184368737475,1.5115037394958346e-05,3.2041196617061325,15995
Michael (2018),10,-4.064128256513026,1.8023008432322996e-05,3.2041196617061325,15995
Michael (2018),10,-4.036072144288577,2.1352351475748078e-05,3.2041196617061325,15995
Michael (2018),10,-4.008016032064129,2.5138048138792356e-05,3.2041196617061325,15995
Michael (2018),10,-3.979959919839679,2.941433107383609e-05,3.2041196617061325,15995
Michael (2018),10,-3.9519038076152304,3.421446325231306e-05,3.2041196617061325,15995
Michael (2018),10,-3.9238476953907817,3.957068783182995e-05,3.2041196617061325,15995
Michael (2018),10,-3.8957915831663326,4.551439008921033e-05,3.2041196617061325,15995
Michael (2018),10,-3.867735470941884,5.207650483032233e-05,3.2041196617061325,15995
Michael (2018),10,-3.8396793587174347,5.928819044732823e-05,3.2041196617061325,15995
Michael (2018),10,-3.811623246492986,6.718177463441085e-05,3.2041196617061325,15995
Michael (2018),10,-3.783567134268537,7.579195733011524e-05,3.2041196617061325,15995
Michael (2018),10,-3.755511022044088,8.515723475156366e-05,3.2041196617061325,15995
Michael (2018),10,-3.7274549098196395,9.532148580131838e-05,3.2041196617061325,15995
Michael (2018),10,-3.6993987975951903,0.00010633564032358229,3.2041196617061325,15995
Michael (2018),10,-3.6713426853707416,0.00011825932950052687,3.2041196617061325,15995
Michael (2018),10,-3.6432865731462925,0.0001311624039863987,3.2041196617061325,15995
Michael (2018),10,-3.6152304609218437,0.00014512619692790243,3.2041196617061325,15995
Michael (2018),10,-3.5871743486973946,0.0001602444082739554,3.2041196617061325,15995
Michael (2018),10,-3.559118236472946,0.00017662349474323736,3.2041196617061325,15995
Michael (2018),10,-3.531062124248497,0.00019438246691050215,3.2041196617061325,15995
Michael (2018),10,-3.503006012024048,0.0002136520208190132,3.2041196617061325,15995
Michael (2018),10,-3.4749498997995993,0.00023457296531604967,3.2041196617061325,15995
Michael (2018),10,-3.44689378757515,0.000257293946206962,3.2041196617061325,15995
Michael (2018),10,-3.4188376753507015,0.0002819685119519326,3.2041196617061325,15995
Michael (2018),10,-3.3907815631262523,0.0003087516101083452,3.2041196617061325,15995
Michael (2018),10,-3.3627254509018036,0.0003377956458688165,3.2041196617061325,15995
Michael (2018),10,-3.3346693386773545,0.0003692462706203825,3.2041196617061325,15995
Michael (2018),10,-3.306613226452906,0.0004032380964234131,3.2041196617061325,15995
Michael (2018),10,-3.278557114228457,0.0004398905491297256,3.2041196617061325,15995
Michael (2018),10,-3.250501002004008,0.0004793040767087458,3.2041196617061325,15995
Michael (2018),10,-3.2224448897795592,0.0005215569193452907,3.2041196617061325,15995
Michael (2018),10,-3.19438877755511,0.0005667026242032945,3.2041196617061325,15995
Michael (2018),10,-3.1663326653306614,0.0006147684517351475,3.2041196617061325,15995
Michael (2018),10,-3.1382765531062122,0.0006657547744599296,3.2041196617061325,15995
Michael (2018),10,-3.1102204408817635,0.000719635516581011,3.2041196617061325,15995
Michael (2018),10,-3.0821643286573144,0.0007763596277133006,3.2041196617061325,15995
Michael (2018),10,-3.0541082164328657,0.000835853530772656,3.2041196617061325,15995
Michael (2018),10,-3.026052104208417,0.0008980244371758976,3.2041196617061325,15995
Michael (2018),10,-2.997995991983968,0.0009627643859279129,3.2041196617061325,15995
Michael (2018),10,-2.969939879759519,0.0010299548401332451,3.2041196617061325,15995
Michael (2018),10,-2.94188376753507,0.0010994716669813305,3.2041196617061325,15995
Michael (2018),10,-2.9138276553106213,0.0011711903358723342,3.2041196617061325,15995
Michael (2018),10,-2.885771543086172,0.0012449911930026137,3.2041196617061325,15995
Michael (2018),10,-2.8577154308617234,0.0013207647066975675,3.2041196617061325,15995
Michael (2018),10,-2.8296593186372747,0.0013984166218466458,3.2041196617061325,15995
Michael (2018),10,-2.8016032064128256,0.0014778730085502974,3.2041196617061325,15995
Michael (2018),10,-2.773547094188377,0.0015590852333940996,3.2041196617061325,15995
Michael (2018),10,-2.7454909819639277,0.0016420349153432171,3.2041196617061325,15995
Michael (2018),10,-2.717434869739479,0.001726738946348872,3.2041196617061325,15995
Michael (2018),10,-2.68937875751503,0.0018132546548372621,3.2041196617061325,15995
Michael (2018),10,-2.661322645290581,0.001901685165614902,3.2041196617061325,15995
Michael (2018),10,-2.6332665330661325,0.001992184962035956,3.2041196617061325,15995
Michael (2018),10,-2.6052104208416833,0.0020849655878746615,3.2041196617061325,15995
Michael (2018),10,-2.5771543086172346,0.0021803013423142923,3.2041196617061325,15995
Michael (2018),10,-2.5490981963927855,0.0022785347294128778,3.2041196617061325,15995
Michael (2018),10,-2.5210420841683367,0.0023800813329552866,3.2041196617061325,15995
Michael (2018),10,-2.4929859719438876,0.002485433709583604,3.2041196617061325,15995
Michael (2018),10,-2.464929859719439,0.002595163838542505,3.2041196617061325,15995
Michael (2018),10,-2.4368737474949898,0.002709923645352704,3.2041196617061325,15995
Michael (2018),10,-2.408817635270541,0.0028304431371628026,3.2041196617061325,15995
Michael (2018),10,-2.3807615230460923,0.002957525754143555,3.2041196617061325,15995
Michael (2018),10,-2.352705410821643,0.0030920406547305943,3.2041196617061325,15995
Michael (2018),10,-2.3246492985971945,0.0032349118088918056,3.2041196617061325,15995
Michael (2018),10,-2.2965931863727453,0.0033871039643820064,3.2041196617061325,15995
Michael (2018),10,-2.2685370741482966,0.003549605763456309,3.2041196617061325,15995
Michael (2018),10,-2.2404809619238475,0.0037234105057764775,3.2041196617061325,15995
Michael (2018),10,-2.212424849699399,0.003909495259346382,3.2041196617061325,15995
Michael (2018),10,-2.1843687374749496,0.004108799197014741,3.2041196617061325,15995
Michael (2018),10,-2.156312625250501,0.0043222021645966426,3.2041196617061325,15995
Michael (2018),10,-2.1282565130260522,0.004550504554374318,3.2041196617061325,15995
Michael (2018),10,-2.100200400801603,0.004794409555678926,3.2041196617061325,15995
Michael (2018),10,-2.0721442885771544,0.005054508779189903,3.2041196617061325,15995
Michael (2018),10,-2.0440881763527052,0.0053312721065026224,3.2041196617061325,15995
Michael (2018),10,-2.0160320641282565,0.005625042410493092,3.2041196617061325,15995
Michael (2018),10,-1.9879759519038078,0.005936035539463822,3.2041196617061325,15995
Michael (2018),10,-1.9599198396793582,0.006264345677380147,3.2041196617061325,15995
Michael (2018),10,-1.9318637274549095,0.006609955904306571,3.2041196617061325,15995
Michael (2018),10,-1.9038076152304608,0.0069727535062379135,3.2041196617061325,15995
Michael (2018),10,-1.8757515030060121,0.007352549340898623,3.2041196617061325,15995
Michael (2018),10,-1.8476953907815634,0.007749100371209576,3.2041196617061325,15995
Michael (2018),10,-1.8196392785571138,0.008162134341553554,3.2041196617061325,15995
Michael (2018),10,-1.7915831663326651,0.008591375498670005,3.2041196617061325,15995
Michael (2018),10,-1.7635270541082164,0.009036570248282614,3.2041196617061325,15995
Michael (2018),10,-1.7354709418837677,0.00949751168467768,3.2041196617061325,15995
Michael (2018),10,-1.707414829659319,0.009974062023816697,3.2041196617061325,15995
Michael (2018),10,-1.6793587174348694,0.010466172099297096,3.2041196617061325,15995
Michael (2018),10,-1.6513026052104207,0.01097389723209047,3.2041196617061325,15995
Michael (2018),10,-1.623246492985972,0.011497408948056608,3.2041196617061325,15995
Michael (2018),10,-1.5951903807615233,0.012037002182643556,3.2041196617061325,15995
Michael (2018),10,-1.5671342685370737,0.012593097773949548,3.2041196617061325,15995
Michael (2018),10,-1.539078156312625,0.013166240200735894,3.2041196617061325,15995
Michael (2018),10,-1.5110220440881763,0.013757090671180531,3.2041196617061325,15995
Michael (2018),10,-1.4829659318637276,0.014366415813129578,3.2041196617061325,15995
Michael (2018),10,-1.454909819639279,0.014995072359855685,3.2041196617061325,15995
Michael (2018),10,-1.4268537074148293,0.015643988368406112,3.2041196617061325,15995
Michael (2018),10,-1.3987975951903806,0.016314141649803215,3.2041196617061325,15995
Michael (2018),10,-1.370741482965932,0.017006536227683798,3.2041196617061325,15995
Michael (2018),10,-1.3426853707414832,0.017722177766887774,3.2041196617061325,15995
Michael (2018),10,-1.3146292585170336,0.018462049015201595,3.2041196617061325,15995
Michael (2018),10,-1.286573146292585,0.019227086366818438,3.2041196617061325,15995
Michael (2018),10,-1.2585170340681362,0.020018158671333944,3.2041196617061325,15995
Michael (2018),10,-1.2304609218436875,0.020836049364751235,3.2041196617061325,15995
Michael (2018),10,-1.2024048096192388,0.021681442880004544,3.2041196617061325,15995
Michael (2018),10,-1.1743486973947892,0.022554916100186933,3.2041196617061325,15995
Michael (2018),10,-1.1462925851703405,0.0234569353511091,3.2041196617061325,15995
Michael (2018),10,-1.1182364729458918,0.024387859101683233,3.2041196617061325,15995
Michael (2018),10,-1.090180360721443,0.025347946169029776,3.2041196617061325,15995
Michael (2018),10,-1.0621242484969944,0.02633736883470314,3.2041196617061325,15995
Michael (2018),10,-1.0340681362725448,0.02735622989812918,3.2041196617061325,15995
Michael (2018),10,-1.006012024048096,0.028404582354406606,3.2041196617061325,15995
Michael (2018),10,-0.9779559118236474,0.02948245011632686,3.2041196617061325,15995
Michael (2018),10,-0.9498997995991987,0.030589848031250037,3.2041196617061325,15995
Michael (2018),10,-0.9218436873747491,0.031726799392154385,3.2041196617061325,15995
Michael (2018),10,-0.8937875751503004,0.0328933492198364,3.2041196617061325,15995
Michael (2018),10,-0.8657314629258517,0.03408957180082714,3.2041196617061325,15995
Michael (2018),10,-0.837675350701403,0.035315571293547635,3.2041196617061325,15995
Michael (2018),10,-0.8096192384769543,0.03657147464407678,3.2041196617061325,15995
Michael (2018),10,-0.7815631262525047,0.03785741655480197,3.2041196617061325,15995
Michael (2018),10,-0.753507014028056,0.03917351679026774,3.2041196617061325,15995
Michael (2018),10,-0.7254509018036073,0.04051985064760997,3.2041196617061325,15995
Michael (2018),10,-0.6973947895791586,0.04189641392678127,3.2041196617061325,15995
Michael (2018),10,-0.669338677354709,0.04330308417398906,3.2041196617061325,15995
Michael (2018),10,-0.6412825651302603,0.04473958031143506,3.2041196617061325,15995
Michael (2018),10,-0.6132264529058116,0.04620542298634238,3.2041196617061325,15995
Michael (2018),10,-0.5851703406813629,0.047699898059865305,3.2041196617061325,15995
Michael (2018),10,-0.5571142284569142,0.04922202560879457,3.2041196617061325,15995
Michael (2018),10,-0.5290581162324646,0.050770536635765286,3.2041196617061325,15995
Michael (2018),10,-0.5010020040080159,0.05234385939080555,3.2041196617061325,15995
Michael (2018),10,-0.47294589178356716,0.05394011681837235,3.2041196617061325,15995
Michael (2018),10,-0.44488977955911846,0.05555713618378855,3.2041196617061325,15995
Michael (2018),10,-0.41683366733466887,0.057192471427345334,3.2041196617061325,15995
Michael (2018),10,-0.38877755511022016,0.0588434382696414,3.2041196617061325,15995
Michael (2018),10,-0.36072144288577146,0.060507161572459,3.2041196617061325,15995
Michael (2018),10,-0.33266533066132276,0.06218063396727089,3.2041196617061325,15995
Michael (2018),10,-0.30460921843687405,0.06386078431596838,3.2041196617061325,15995
Michael (2018),10,-0.27655310621242446,0.06554455417925488,3.2041196617061325,15995
Michael (2018),10,-0.24849699398797576,0.06722898014691636,3.2041196617061325,15995
Michael (2018),10,-0.22044088176352705,0.06891127963693053,3.2041196617061325,15995
Michael (2018),10,-0.19238476953907835,0.07058893760028438,3.2041196617061325,15995
Michael (2018),10,-0.16432865731462876,0.07225979147641577,3.2041196617061325,15995
Michael (2018),10,-0.13627254509018005,0.07392211172973635,3.2041196617061325,15995
Michael (2018),10,-0.10821643286573135,0.0755746753589294,3.2041196617061325,15995
Michael (2018),10,-0.08016032064128265,0.07721682990470839,3.2041196617061325,15995
Michael (2018),10,-0.05210420841683394,0.07884854568454241,3.2041196617061325,15995
Michael (2018),10,-0.02404809619238435,0.08047045424911144,3.2041196617061325,15995
Michael (2018),10,0.004008016032064354,0.08208387137797847,3.2041196617061325,15995
Michael (2018),10,0.03206412825651306,0.08369080330229889,3.2041196617061325,15995
Michael (2018),10,0.06012024048096176,0.0852939352493689,3.2041196617061325,15995
Michael (2018),10,0.08817635270541047,0.08689660183491904,3.2041196617061325,15995
Michael (2018),10,0.11623246492986006,0.08850273927007289,3.2041196617061325,15995
Michael (2018),10,0.14428857715430876,0.09011681978638462,3.2041196617061325,15995
Michael (2018),10,0.17234468937875747,0.09174376910009818,3.2041196617061325,15995
Michael (2018),10,0.20040080160320617,0.09338886812315358,3.2041196617061325,15995
Michael (2018),10,0.22845691382765576,0.09505764047360626,3.2041196617061325,15995
Michael (2018),10,0.25651302605210446,0.09675572763564397,3.2041196617061325,15995
Michael (2018),10,0.28456913827655317,0.09848875386714696,3.2041196617061325,15995
Michael (2018),10,0.3126252505010019,0.1002621831528845,3.2041196617061325,15995
Michael (2018),10,0.3406813627254506,0.10208117066013477,3.2041196617061325,15995
Michael (2018),10,0.36873747494990017,0.10395041127980037,3.2041196617061325,15995
Michael (2018),10,0.39679358717434887,0.1058739879410033,3.2041196617061325,15995
Michael (2018),10,0.4248496993987976,0.10785522248134902,3.2041196617061325,15995
Michael (2018),10,0.4529058116232463,0.10989653194760449,3.2041196617061325,15995
Michael (2018),10,0.48096192384769587,0.11199929329770004,3.2041196617061325,15995
Michael (2018),10,0.5090180360721446,0.11416371957448783,3.2041196617061325,15995
Michael (2018),10,0.5370741482965933,0.11638875071819993,3.2041196617061325,15995
Michael (2018),10,0.565130260521042,0.11867196226427609,3.2041196617061325,15995
Michael (2018),10,0.5931863727454907,0.12100949521604554,3.2041196617061325,15995
Michael (2018),10,0.6212424849699403,0.12339601036151912,3.2041196617061325,15995
Michael (2018),10,0.649298597194389,0.1258246701906563,3.2041196617061325,15995
Michael (2018),10,0.6773547094188377,0.12828715133284413,3.2041196617061325,15995
Michael (2018),10,0.7054108216432864,0.13077369004502618,3.2041196617061325,15995
Michael (2018),10,0.7334669338677351,0.1332731627153625,3.2041196617061325,15995
Michael (2018),10,0.7615230460921847,0.13577320259070982,3.2041196617061325,15995
Michael (2018),10,0.7895791583166334,0.13826035298599304,3.2041196617061325,15995
Michael (2018),10,0.8176352705410821,0.1407202561015503,3.2041196617061325,15995
Michael (2018),10,0.8456913827655308,0.1431378752887708,3.2041196617061325,15995
Michael (2018),10,0.8737474949899804,0.14549774720960146,3.2041196617061325,15995
Michael (2018),10,0.9018036072144291,0.14778425889186114,3.2041196617061325,15995
Michael (2018),10,0.9298597194388778,0.1499819432636108,3.2041196617061325,15995
Michael (2018),10,0.9579158316633265,0.15207578543924774,3.2041196617061325,15995
Michael (2018),10,0.9859719438877752,0.15405153091586246,3.2041196617061325,15995
Michael (2018),10,1.0140280561122248,0.15589598600789872,3.2041196617061325,15995
Michael (2018),10,1.0420841683366735,0.1575973003816087,3.2041196617061325,15995
Michael (2018),10,1.0701402805611222,0.15914522151483934,3.2041196617061325,15995
Michael (2018),10,1.098196392785571,0.16053131134952542,3.2041196617061325,15995
Michael (2018),10,1.1262525050100205,0.1617491163463357,3.2041196617061325,15995
Michael (2018),10,1.1543086172344692,0.16279428358698525,3.2041196617061325,15995
Michael (2018),10,1.182364729458918,0.16366461746247016,3.2041196617061325,15995
Michael (2018),10,1.2104208416833666,0.16436007376611347,3.2041196617061325,15995
Michael (2018),10,1.2384769539078153,0.16488269058039548,3.2041196617061325,15995
Michael (2018),10,1.266533066132265,0.16523645808166784,3.2041196617061325,15995
Michael (2018),10,1.2945891783567136,0.16542713214320656,3.2041196617061325,15995
Michael (2018),10,1.3226452905811623,0.16546199923875832,3.2041196617061325,15995
Michael (2018),10,1.350701402805611,0.1653496024783184,3.2041196617061325,15995
Michael (2018),10,1.3787575150300606,0.16509944049606043,3.2041196617061325,15995
Michael (2018),10,1.4068136272545093,0.16472165222739818,3.2041196617061325,15995
Michael (2018),10,1.434869739478958,0.16422670125850927,3.2041196617061325,15995
Michael (2018),10,1.4629258517034067,0.1636250733461438,3.2041196617061325,15995
Michael (2018),10,1.4909819639278554,0.16292699987318338,3.2041196617061325,15995
Michael (2018),10,1.519038076152305,0.1621422184600983,3.2041196617061325,15995
Michael (2018),10,1.5470941883767537,0.16127977977782718,3.2041196617061325,15995
Michael (2018),10,1.5751503006012024,0.16034790693250195,3.2041196617061325,15995
Michael (2018),10,1.6032064128256511,0.15935391078323602,3.2041196617061325,15995
Michael (2018),10,1.6312625250501007,0.15830416140377862,3.2041196617061325,15995
Michael (2018),10,1.6593186372745494,0.15720411281145497,3.2041196617061325,15995
Michael (2018),10,1.6873747494989981,0.1560583752636582,3.2041196617061325,15995
Michael (2018),10,1.7154308617234468,0.15487082704453006,3.2041196617061325,15995
Michael (2018),10,1.7434869739478955,0.15364475587947365,3.2041196617061325,15995
Michael (2018),10,1.7715430861723451,0.15238301902406495,3.2041196617061325,15995
Michael (2018),10,1.7995991983967938,0.15108821072419676,3.2041196617061325,15995
Michael (2018),10,1.8276553106212425,0.14976282612619543,3.2041196617061325,15995
Michael (2018),10,1.8557114228456912,0.14840941176509648,3.2041196617061325,15995
Michael (2018),10,1.88376753507014,0.1470306943640401,3.2041196617061325,15995
Michael (2018),10,1.9118236472945895,0.14562968168948573,3.2041196617061325,15995
Michael (2018),10,1.9398797595190382,0.14420973145519786,3.2041196617061325,15995
Michael (2018),10,1.967935871743487,0.14277458657601633,3.2041196617061325,15995
Michael (2018),10,1.9959919839679356,0.1413283772732732,3.2041196617061325,15995
Michael (2018),10,2.0240480961923843,0.13987559248374976,3.2041196617061325,15995
Michael (2018),10,2.052104208416834,0.13842102461382544,3.2041196617061325,15995
Michael (2018),10,2.0801603206412835,0.1369696928415749,3.2041196617061325,15995
Michael (2018),10,2.1082164328657313,0.13552675087606453,3.2041196617061325,15995
Michael (2018),10,2.136272545090181,0.13409738534938562,3.2041196617061325,15995
Michael (2018),10,2.1643286573146288,0.1326867108912586,3.2041196617061325,15995
Michael (2018),10,2.1923847695390783,0.13129966749026437,3.2041196617061325,15995
Michael (2018),10,2.220440881763528,0.12994092506572694,3.2041196617061325,15995
Michael (2018),10,2.2484969939879758,0.12861479934760509,3.2041196617061325,15995
Michael (2018),10,2.2765531062124253,0.1273251822685483,3.2041196617061325,15995
Michael (2018),10,2.304609218436873,0.12607548917773445,3.2041196617061325,15995
Michael (2018),10,2.3326653306613228,0.12486862433574746,3.2041196617061325,15995
Michael (2018),10,2.3607214428857723,0.12370696536878402,3.2041196617061325,15995
Michael (2018),10,2.38877755511022,0.12259236665562902,3.2041196617061325,15995
Michael (2018),10,2.4168336673346698,0.12152618098496903,3.2041196617061325,15995
Michael (2018),10,2.4448897795591176,0.12050929823922024,3.2041196617061325,15995
Michael (2018),10,2.472945891783567,0.11954219931859177,3.2041196617061325,15995
Michael (2018),10,2.5010020040080168,0.11862502300557667,3.2041196617061325,15995
Michael (2018),10,2.5290581162324646,0.11775764298530877,3.2041196617061325,15995
Michael (2018),10,2.557114228456914,0.11693975179371109,3.2041196617061325,15995
Michael (2018),10,2.585170340681362,0.11617094808774649,3.2041196617061325,15995
Michael (2018),10,2.6132264529058116,0.1154508233548427,3.2041196617061325,15995
Michael (2018),10,2.641282565130261,0.11477904404127234,3.2041196617061325,15995
Michael (2018),10,2.669338677354709,0.11415542512038201,3.2041196617061325,15995
Michael (2018),10,2.6973947895791586,0.11357999137209375,3.2041196617061325,15995
Michael (2018),10,2.725450901803608,0.11305302312226401,3.2041196617061325,15995
Michael (2018),10,2.753507014028056,0.1125750838931206,3.2041196617061325,15995
Michael (2018),10,2.7815631262525056,0.11214702832174506,3.2041196617061325,15995
Michael (2018),10,2.8096192384769534,0.11176998976867905,3.2041196617061325,15995
Michael (2018),10,2.837675350701403,0.1114453482004294,3.2041196617061325,15995
Michael (2018),10,2.8657314629258526,0.11117468011075751,3.2041196617061325,15995
Michael (2018),10,2.8937875751503004,0.11095969336132751,3.2041196617061325,15995
Michael (2018),10,2.92184368737475,0.1108021507876476,3.2041196617061325,15995
Michael (2018),10,2.949899799599198,0.11070378715436706,3.2041196617061325,15995
Michael (2018),10,2.9779559118236474,0.1106662244932989,3.2041196617061325,15995
Michael (2018),10,3.006012024048097,0.11069089097784107,3.2041196617061325,15995
Michael (2018),10,3.034068136272545,0.11077894826384793,3.2041196617061325,15995
Michael (2018),10,3.0621242484969944,0.11093123167138075,3.2041196617061325,15995
Michael (2018),10,3.090180360721442,0.11114820673206006,3.2041196617061325,15995
Michael (2018),10,3.118236472945892,0.11142994454338866,3.2041196617061325,15995
Michael (2018),10,3.1462925851703414,0.11177611713224586,3.2041196617061325,15995
Michael (2018),10,3.174348697394789,0.11218601272332092,3.2041196617061325,15995
Michael (2018),10,3.202404809619239,0.1126585695265288,3.2041196617061325,15995
Michael (2018),10,3.2304609218436866,0.11319242548843682,3.2041196617061325,15995
Michael (2018),10,3.258517034068136,0.11378598047407594,3.2041196617061325,15995
Michael (2018),10,3.286573146292586,0.11443746661871755,3.2041196617061325,15995
Michael (2018),10,3.3146292585170336,0.11514502215617442,3.2041196617061325,15995
Michael (2018),10,3.342685370741483,0.1159067639107666,3.2041196617061325,15995
Michael (2018),10,3.370741482965933,0.11672085383218904,3.2041196617061325,15995
Michael (2018),10,3.3987975951903806,0.1175855554327888,3.2041196617061325,15995
Michael (2018),10,3.42685370741483,0.11849927671403804,3.2041196617061325,15995
Michael (2018),10,3.454909819639278,0.11946059708726786,3.2041196617061325,15995
Michael (2018),10,3.4829659318637276,0.12046827683704041,3.2041196617061325,15995
Michael (2018),10,3.511022044088177,0.12152124877235534,3.2041196617061325,15995
Michael (2018),10,3.539078156312625,0.12261859278906358,3.2041196617061325,15995
Michael (2018),10,3.5671342685370746,0.12375949505784857,3.2041196617061325,15995
Michael (2018),10,3.5951903807615224,0.12494319439553975,3.2041196617061325,15995
Michael (2018),10,3.623246492985972,0.12616891902408228,3.2041196617061325,15995
Michael (2018),10,3.6513026052104216,0.1274358173365407,3.2041196617061325,15995
Michael (2018),10,3.6793587174348694,0.12874288645457682,3.2041196617061325,15995
Michael (2018),10,3.707414829659319,0.13008890227600695,3.2041196617061325,15995
Michael (2018),10,3.735470941883767,0.13147235439121172,3.2041196617061325,15995
Michael (2018),10,3.7635270541082164,0.13289138872671136,3.2041196617061325,15995
Michael (2018),10,3.791583166332666,0.13434376010122764,3.2041196617061325,15995
Michael (2018),10,3.819639278557114,0.1358267961131251,3.2041196617061325,15995
Michael (2018),10,3.8476953907815634,0.13733737298411366,3.2041196617061325,15995
Michael (2018),10,3.8757515030060112,0.13887190322996493,3.2041196617061325,15995
Michael (2018),10,3.903807615230461,0.14042633437751595,3.2041196617061325,15995
Michael (2018),10,3.9318637274549104,0.14199615745154243,3.2041196617061325,15995
Michael (2018),10,3.9599198396793582,0.14357642365266418,3.2041196617061325,15995
Michael (2018),10,3.987975951903808,0.14516176755654955,3.2041196617061325,15995
Michael (2018),10,4.016032064128257,0.14674643528181694,3.2041196617061325,15995
Michael (2018),10,4.044088176352705,0.1483243163735108,3.2041196617061325,15995
Michael (2018),10,4.072144288577155,0.1498889785854027,3.2041196617061325,15995
Michael (2018),10,4.100200400801603,0.15143370525621885,3.2041196617061325,15995
Michael (2018),10,4.128256513026052,0.15295153549158264,3.2041196617061325,15995
Michael (2018),10,4.156312625250502,0.1544353078127253,3.2041196617061325,15995
Michael (2018),10,4.18436873747495,0.15587770824888622,3.2041196617061325,15995
Michael (2018),10,4.212424849699399,0.15727132398151522,3.2041196617061325,15995
Michael (2018),10,4.240480961923847,0.15860870356460582,3.2041196617061325,15995
Michael (2018),10,4.268537074148297,0.1598824244415709,3.2041196617061325,15995
Michael (2018),10,4.296593186372746,0.16108516797718395,3.2041196617061325,15995
Michael (2018),10,4.324649298597194,0.16220980157018197,3.2041196617061325,15995
Michael (2018),10,4.352705410821644,0.1632494666760864,3.2041196617061325,15995
Michael (2018),10,4.3807615230460915,0.16419767083136413,3.2041196617061325,15995
Michael (2018),10,4.408817635270541,0.1650483811142593,3.2041196617061325,15995
Michael (2018),10,4.436873747494991,0.16579611598310529,3.2041196617061325,15995
Michael (2018),10,4.4649298597194385,0.1664360321634901,3.2041196617061325,15995
Michael (2018),10,4.492985971943888,0.166964003250973,3.2041196617061325,15995
Michael (2018),10,4.521042084168338,0.16737668696805064,3.2041196617061325,15995
Michael (2018),10,4.5490981963927855,0.16767157854371315,3.2041196617061325,15995
Michael (2018),10,4.577154308617235,0.16784704842380604,3.2041196617061325,15995
Michael (2018),10,4.605210420841683,0.16790236339954262,3.2041196617061325,15995
Michael (2018),10,4.6332665330661325,0.16783769117340677,3.2041196617061325,15995
Michael (2018),10,4.661322645290582,0.16765408927471176,3.2041196617061325,15995
Michael (2018),10,4.68937875751503,0.1673534800041379,3.2041196617061325,15995
Michael (2018),10,4.7174348697394795,0.16693861365592338,3.2041196617061325,15995
Michael (2018),10,4.745490981963927,0.16641302258940052,3.2041196617061325,15995
Michael (2018),10,4.773547094188377,0.16578096877757467,3.2041196617061325,15995
Michael (2018),10,4.8016032064128265,0.16504738725906626,3.2041196617061325,15995
Michael (2018),10,4.829659318637274,0.16421782749912364,3.2041196617061325,15995
Michael (2018),10,4.857715430861724,0.16329839408626165,3.2041196617061325,15995
Michael (2018),10,4.885771543086172,0.16229568753008627,3.2041196617061325,15995
Michael (2018),10,4.913827655310621,0.1612167452654315,3.2041196617061325,15995
Michael (2018),10,4.941883767535071,0.16006898238662454,3.2041196617061325,15995
Michael (2018),10,4.969939879759519,0.15886013119971398,3.2041196617061325,15995
Michael (2018),10,4.997995991983968,0.15759817843567034,3.2041196617061325,15995
Michael (2018),10,5.026052104208416,0.15629129893580232,3.2041196617061325,15995
Michael (2018),10,5.054108216432866,0.15494778479797866,3.2041196617061325,15995
Michael (2018),10,5.082164328657315,0.15357596933087267,3.2041196617061325,15995
Michael (2018),10,5.110220440881763,0.15218414565635266,3.2041196617061325,15995
Michael (2018),10,5.138276553106213,0.15078048036748132,3.2041196617061325,15995
Michael (2018),10,5.166332665330662,0.1493729232267871,3.2041196617061325,15995
Michael (2018),10,5.19438877755511,0.1479691144148443,3.2041196617061325,15995
Michael (2018),10,5.22244488977956,0.14657629126102098,3.2041196617061325,15995
Michael (2018),10,5.2505010020040075,0.14520119667006112,3.2041196617061325,15995
Michael (2018),10,5.278557114228457,0.14384999158172196,3.2041196617061325,15995
Michael (2018),10,5.306613226452907,0.14252817376630192,3.2041196617061325,15995
Michael (2018),10,5.3346693386773545,0.14124050508379368,3.2041196617061325,15995
Michael (2018),10,5.362725450901804,0.13999094904839549,3.2041196617061325,15995
Michael (2018),10,5.390781563126252,0.1387826201807455,3.2041196617061325,15995
Michael (2018),10,5.4188376753507015,0.13761774623661538,3.2041196617061325,15995
Michael (2018),10,5.446893787575151,0.13649764400850023,3.2041196617061325,15995
Michael (2018),10,5.474949899799599,0.13542270903286274,3.2041196617061325,15995
Michael (2018),10,5.5030060120240485,0.13439241921731826,3.2041196617061325,15995
Michael (2018),10,5.531062124248496,0.13340535213354204,3.2041196617061325,15995
Michael (2018),10,5.559118236472946,0.13245921549742268,3.2041196617061325,15995
Michael (2018),10,5.5871743486973955,0.1315508901644997,3.2041196617061325,15995
Michael (2018),10,5.615230460921843,0.1306764847888153,3.2041196617061325,15995
Michael (2018),10,5.643286573146293,0.12983140111068878,3.2041196617061325,15995
Michael (2018),10,5.6713426853707425,0.12901040864233332,3.2041196617061325,15995
Michael (2018),10,5.69939879759519,0.12820772730714539,3.2041196617061325,15995
Michael (2018),10,5.72745490981964,0.12741711636671757,3.2041196617061325,15995
Michael (2018),10,5.755511022044088,0.12663196775746197,3.2041196617061325,15995
Michael (2018),10,5.783567134268537,0.12584540178315862,3.2041196617061325,15995
Michael (2018),10,5.811623246492987,0.1250503630028467,3.2041196617061325,15995
Michael (2018),10,5.839679358717435,0.12423971414722963,3.2041196617061325,15995
Michael (2018),10,5.867735470941884,0.12340632601824698,3.2041196617061325,15995
Michael (2018),10,5.895791583166332,0.12254316159179635,3.2041196617061325,15995
Michael (2018),10,5.923847695390782,0.1216433529542426,3.2041196617061325,15995
Michael (2018),10,5.951903807615231,0.12070027024311489,3.2041196617061325,15995
Michael (2018),10,5.979959919839679,0.11970758239699399,3.2041196617061325,15995
Michael (2018),10,6.008016032064129,0.11865931019838022,3.2041196617061325,15995
Michael (2018),10,6.0360721442885765,0.11754987275362797,3.2041196617061325,15995
Michael (2018),10,6.064128256513026,0.11637412912685408,3.2041196617061325,15995
Michael (2018),10,6.092184368737476,0.11512741726231933,3.2041196617061325,15995
Michael (2018),10,6.1202404809619235,0.1138055925332917,3.2041196617061325,15995
Michael (2018),10,6.148296593186373,0.1124050682022083,3.2041196617061325,15995
Michael (2018),10,6.176352705410821,0.11092285974658173,3.2041196617061325,15995
Michael (2018),10,6.2044088176352705,0.10935663440336452,3.2041196617061325,15995
Michael (2018),10,6.23246492985972,0.10770476644444398,3.2041196617061325,15995
Michael (2018),10,6.260521042084168,0.10596639767681099,3.2041196617061325,15995
Michael (2018),10,6.2885771543086175,0.10414150154341385,3.2041196617061325,15995
Michael (2018),10,6.316633266533067,0.1022309480805829,3.2041196617061325,15995
Michael (2018),10,6.344689378757515,0.10023656596756478,3.2041196617061325,15995
Michael (2018),10,6.3727454909819645,0.09816119708295253,3.2041196617061325,15995
Michael (2018),10,6.400801603206412,0.09600873844948225,3.2041196617061325,15995
Michael (2018),10,6.428857715430862,0.09378416627072435,3.2041196617061325,15995
Michael (2018),10,6.4569138276553115,0.09149353698179682,3.2041196617061325,15995
Michael (2018),10,6.484969939879759,0.08914396086208035,3.2041196617061325,15995
Michael (2018),10,6.513026052104209,0.086743544769565,3.2041196617061325,15995
Michael (2018),10,6.541082164328657,0.08430130190213594,3.2041196617061325,15995
Michael (2018),10,6.569138276553106,0.08182702809231056,3.2041196617061325,15995
Michael (2018),10,6.597194388777556,0.07933114590024436,3.2041196617061325,15995
Michael (2018),10,6.625250501002004,0.07682451957389017,3.2041196617061325,15995
Michael (2018),10,6.653306613226453,0.07431824567982584,3.2041196617061325,15995
Michael (2018),10,6.681362725450901,0.07182342576236987,3.2041196617061325,15995
Michael (2018),10,6.709418837675351,0.06935092866294618,3.2041196617061325,15995
Michael (2018),10,6.7374749498998,0.06691115104553612,3.2041196617061325,15995
Michael (2018),10,6.765531062124248,0.06451378516925602,3.2041196617061325,15995
Michael (2018),10,6.793587174348698,0.06216760299340538,3.2041196617061325,15995
Michael (2018),10,6.821643286573146,0.05988026528775525,3.2041196617061325,15995
Michael (2018),10,6.849699398797595,0.057658163570984244,3.2041196617061325,15995
Michael (2018),10,6.877755511022045,0.05550630145587633,3.2041196617061325,15995
Michael (2018),10,6.905811623246493,0.05342822040367974,3.2041196617061325,15995
Michael (2018),10,6.933867735470942,0.05142597306004336,3.2041196617061325,15995
Michael (2018),10,6.961923847695392,0.049500145350503934,3.2041196617061325,15995
Michael (2018),10,6.98997995991984,0.04764992645025955,3.2041196617061325,15995
Michael (2018),10,7.018036072144289,0.04587322370874327,3.2041196617061325,15995
Michael (2018),10,7.046092184368737,0.04416681769972098,3.2041196617061325,15995
Michael (2018),10,7.074148296593187,0.04252655087149861,3.2041196617061325,15995
Michael (2018),10,7.102204408817636,0.04094754186860804,3.2041196617061325,15995
Michael (2018),10,7.130260521042084,0.039424416552077624,3.2041196617061325,15995
Michael (2018),10,7.158316633266534,0.03795154610992884,3.2041196617061325,15995
Michael (2018),10,7.186372745490981,0.03652328245409937,3.2041196617061325,15995
Michael (2018),10,7.214428857715431,0.03513418135536511,3.2041196617061325,15995
Michael (2018),10,7.242484969939881,0.033779204463232584,3.2041196617061325,15995
Michael (2018),10,7.270541082164328,0.032453892460792846,3.2041196617061325,15995
Michael (2018),10,7.298597194388778,0.031154503062007736,3.2041196617061325,15995
Michael (2018),10,7.326653306613226,0.029878109299024805,3.2041196617061325,15995
Michael (2018),10,7.354709418837675,0.02862265548268634,3.2041196617061325,15995
Michael (2018),10,7.382765531062125,0.027386970252151838,3.2041196617061325,15995
Michael (2018),10,7.410821643286573,0.026170738155301264,3.2041196617061325,15995
Michael (2018),10,7.438877755511022,0.02497443311604162,3.2041196617061325,15995
Michael (2018),10,7.46693386773547,0.02379921884934447,3.2041196617061325,15995
Michael (2018),10,7.49498997995992,0.022646822692955194,3.2041196617061325,15995
Michael (2018),10,7.523046092184369,0.02151939036618195,3.2041196617061325,15995
Michael (2018),10,7.551102204408817,0.02041932979193855,3.2041196617061325,15995
Michael (2018),10,7.579158316633267,0.019349152303098145,3.2041196617061325,15995
Michael (2018),10,7.607214428857716,0.01831131929835289,3.2041196617061325,15995
Michael (2018),10,7.635270541082164,0.017308101741439767,3.2041196617061325,15995
Michael (2018),10,7.663326653306614,0.016341458859403604,3.2041196617061325,15995
Michael (2018),10,7.691382765531062,0.015412941059303846,3.2041196617061325,15995
Michael (2018),10,7.719438877755511,0.014523620532885964,3.2041196617061325,15995
Michael (2018),10,7.747494989979961,0.013674051350010784,3.2041196617061325,15995
Michael (2018),10,7.775551102204409,0.012864259153177664,3.2041196617061325,15995
Michael (2018),10,7.803607214428858,0.012093758954622143,3.2041196617061325,15995
Michael (2018),10,7.831663326653306,0.01136159809384537,3.2041196617061325,15995
Michael (2018),10,7.859719438877756,0.010666420213589151,3.2041196617061325,15995
Michael (2018),10,7.887775551102205,0.010006545215332587,3.2041196617061325,15995
Michael (2018),10,7.915831663326653,0.009380059599765959,3.2041196617061325,15995
Michael (2018),10,7.943887775551103,0.008784911399350661,3.2041196617061325,15995
Michael (2018),10,7.97194388777555,0.00821900406215441,3.2041196617061325,15995
Michael (2018),10,8.0,0.007680284120218057,3.2041196617061325,15995
Michael (2018),50,-6.0,4.6759481033515946e-32,1.451822701823072,8246
Michael (2018),50,-5.971943887775551,1.9318098313900624e-31,1.451822701823072,8246
Michael (2018),50,-5.943887775551103,7.854568142227918e-31,1.451822701823072,8246
Michael (2018),50,-5.915831663326653,3.1429936396772216e-30,1.451822701823072,8246
Michael (2018),50,-5.887775551102204,1.2377357740129434e-29,1.451822701823072,8246
Michael (2018),50,-5.859719438877756,4.797065362676093e-29,1.451822701823072,8246
Michael (2018),50,-5.831663326653307,1.8297281948581884e-28,1.451822701823072,8246
Michael (2018),50,-5.803607214428857,6.868482196721914e-28,1.451822701823072,8246
Michael (2018),50,-5.775551102204409,2.537454283036885e-27,1.451822701823072,8246
Michael (2018),50,-5.74749498997996,9.22569153145599e-27,1.451822701823072,8246
Michael (2018),50,-5.719438877755511,3.301131975284987e-26,1.451822701823072,8246
Michael (2018),50,-5.6913827655310625,1.1624923419514716e-25,1.451822701823072,8246
Michael (2018),50,-5.663326653306613,4.028845107419337e-25,1.451822701823072,8246
Michael (2018),50,-5.635270541082164,1.374150497797287e-24,1.451822701823072,8246
Michael (2018),50,-5.6072144288577155,4.612658348366217e-24,1.451822701823072,8246
Michael (2018),50,-5.579158316633267,1.5238125268772544e-23,1.451822701823072,8246
Michael (2018),50,-5.551102204408817,4.9542173439715354e-23,1.451822701823072,8246
Michael (2018),50,-5.5230460921843685,1.585191880019188e-22,1.451822701823072,8246
Michael (2018),50,-5.49498997995992,4.991739280314828e-22,1.451822701823072,8246
Michael (2018),50,-5.466933867735471,1.5469818712851275e-21,1.451822701823072,8246
Michael (2018),50,-5.438877755511022,4.7182596312612165e-21,1.451822701823072,8246
Michael (2018),50,-5.410821643286573,1.416255899986878e-20,1.451822701823072,8246
Michael (2018),50,-5.382765531062124,4.1837422640283533e-20,1.451822701823072,8246
Michael (2018),50,-5.354709418837675,1.216329987556728e-19,1.451822701823072,8246
Michael (2018),50,-5.326653306613227,3.4801760742490584e-19,1.451822701823072,8246
Michael (2018),50,-5.298597194388778,9.799735246630333e-19,1.451822701823072,8246
Michael (2018),50,-5.270541082164328,2.715756359662369e-18,1.451822701823072,8246
Michael (2018),50,-5.24248496993988,7.40680004641941e-18,1.451822701823072,8246
Michael (2018),50,-5.214428857715431,1.9880797801848748e-17,1.451822701823072,8246
Michael (2018),50,-5.186372745490982,5.251705828479303e-17,1.451822701823072,8246
Michael (2018),50,-5.158316633266534,1.3653072513459494e-16,1.451822701823072,8246
Michael (2018),50,-5.130260521042084,3.493203263008739e-16,1.451822701823072,8246
Michael (2018),50,-5.102204408817635,8.795910680922726e-16,1.451822701823072,8246
Michael (2018),50,-5.074148296593187,2.1797229790671334e-15,1.451822701823072,8246
Michael (2018),50,-5.046092184368737,5.3160050778450035e-15,1.451822701823072,8246
Michael (2018),50,-5.018036072144288,1.2759484478652694e-14,1.451822701823072,8246
Michael (2018),50,-4.98997995991984,3.0140093895889186e-14,1.451822701823072,8246
Michael (2018),50,-4.961923847695391,7.006802818928119e-14,1.451822701823072,8246
Michael (2018),50,-4.933867735470942,1.603094484116504e-13,1.451822701823072,8246
Michael (2018),50,-4.905811623246493,3.6096276008438355e-13,1.451822701823072,8246
Michael (2018),50,-4.877755511022044,7.998892919973832e-13,1.451822701823072,8246
Michael (2018),50,-4.849699398797595,1.7444629511556358e-12,1.451822701823072,8246
Michael (2018),50,-4.8216432865731464,3.744192870258282e-12,1.451822701823072,8246
Michael (2018),50,-4.793587174348698,7.908962532864881e-12,1.451822701823072,8246
Michael (2018),50,-4.765531062124248,1.644167146670859e-11,1.451822701823072,8246
Michael (2018),50,-4.7374749498997994,3.3638599621272105e-11,1.451822701823072,8246
Michael (2018),50,-4.709418837675351,6.773229036001764e-11,1.451822701823072,8246
Michael (2018),50,-4.681362725450902,1.3422086179474622e-10,1.451822701823072,8246
Michael (2018),50,-4.653306613226453,2.617648209962193e-10,1.451822701823072,8246
Michael (2018),50,-4.625250501002004,5.024238329252292e-10,1.451822701823072,8246
Michael (2018),50,-4.597194388777555,9.490688220771256e-10,1.451822701823072,8246
Michael (2018),50,-4.569138276553106,1.7643904002104561e-09,1.451822701823072,8246
Michael (2018),50,-4.541082164328657,3.2282141561058383e-09,1.451822701823072,8246
Michael (2018),50,-4.513026052104209,5.813023054821037e-09,1.451822701823072,8246
Michael (2018),50,-4.484969939879759,1.0301855477901113e-08,1.451822701823072,8246
Michael (2018),50,-4.456913827655311,1.7968197453588803e-08,1.451822701823072,8246
Michael (2018),50,-4.428857715430862,3.0844059865285346e-08,1.451822701823072,8246
Michael (2018),50,-4.400801603206412,5.210978507630476e-08,1.451822701823072,8246
Michael (2018),50,-4.372745490981964,8.664649768686273e-08,1.451822701823072,8246
Michael (2018),50,-4.344689378757515,1.4179816559434245e-07,1.451822701823072,8246
Michael (2018),50,-4.316633266533066,2.2839295011544342e-07,1.451822701823072,8246
Michael (2018),50,-4.2885771543086175,3.6207016675911885e-07,1.451822701823072,8246
Michael (2018),50,-4.260521042084168,5.649464403465991e-07,1.451822701823072,8246
Michael (2018),50,-4.232464929859719,8.67628989019409e-07,1.451822701823072,8246
Michael (2018),50,-4.2044088176352705,1.3115423075491932e-06,1.451822701823072,8246
Michael (2018),50,-4.176352705410822,1.9514751083677874e-06,1.451822701823072,8246
Michael (2018),50,-4.148296593186373,2.858178033822271e-06,1.451822701823072,8246
Michael (2018),50,-4.1202404809619235,4.120753980339652e-06,1.451822701823072,8246
Michael (2018),50,-4.092184368737475,5.848491295229852e-06,1.451822701823072,8246
Michael (2018),50,-4.064128256513026,8.171710289120684e-06,1.451822701823072,8246
Michael (2018),50,-4.036072144288577,1.1241144797890129e-05,1.451822701823072,8246
Michael (2018),50,-4.008016032064129,1.5225385029645781e-05,1.451822701823072,8246
Michael (2018),50,-3.979959919839679,2.030598708494517e-05,1.451822701823072,8246
Michael (2018),50,-3.9519038076152304,2.6670024391097676e-05,1.451822701823072,8246
Michael (2018),50,-3.9238476953907817,3.450012207411723e-05,1.451822701823072,8246
Michael (2018),50,-3.8957915831663326,4.39623663339503e-05,1.451822701823072,8246
Michael (2018),50,-3.867735470941884,5.519288723831314e-05,1.451822701823072,8246
Michael (2018),50,-3.8396793587174347,6.828432550000141e-05,1.451822701823072,8246
Michael (2018),50,-3.811623246492986,8.327374659545347e-05,1.451822701823072,8246
Michael (2018),50,-3.783567134268537,0.00010013378664753757,1.451822701823072,8246
Michael (2018),50,-3.755511022044088,0.00011876883649570365,1.451822701823072,8246
Michael (2018),50,-3.7274549098196395,0.00013901784518965878,1.451822701823072,8246
Michael (2018),50,-3.6993987975951903,0.00016066483612877313,1.451822701823072,8246
Michael (2018),50,-3.6713426853707416,0.00018345750414572207,1.451822701823072,8246
Michael (2018),50,-3.6432865731462925,0.00020713336945189139,1.451822701823072,8246
Michael (2018),50,-3.6152304609218437,0.00023145201073213403,1.451822701823072,8246
Michael (2018),50,-3.5871743486973946,0.00025623101250947793,1.451822701823072,8246
Michael (2018),50,-3.559118236472946,0.00028138256916706634,1.451822701823072,8246
Michael (2018),50,-3.531062124248497,0.0003069472950430864,1.451822701823072,8246
Michael (2018),50,-3.503006012024048,0.0003331217601553364,1.451822701823072,8246
Michael (2018),50,-3.4749498997995993,0.0003602766147192215,1.451822701823072,8246
Michael (2018),50,-3.44689378757515,0.00038896284020502173,1.451822701823072,8246
Michael (2018),50,-3.4188376753507015,0.0004199045861922463,1.451822701823072,8246
Michael (2018),50,-3.3907815631262523,0.00045397811441807865,1.451822701823072,8246
Michael (2018),50,-3.3627254509018036,0.000492177467438579,1.451822701823072,8246
Michael (2018),50,-3.3346693386773545,0.0005355685201184472,1.451822701823072,8246
Michael (2018),50,-3.306613226452906,0.0005852339955528457,1.451822701823072,8246
Michael (2018),50,-3.278557114228457,0.0006422127961065072,1.451822701823072,8246
Michael (2018),50,-3.250501002004008,0.0007074375925536427,1.451822701823072,8246
Michael (2018),50,-3.2224448897795592,0.000781675006776693,1.451822701823072,8246
Michael (2018),50,-3.19438877755511,0.0008654728803643554,1.451822701823072,8246
Michael (2018),50,-3.1663326653306614,0.0009591189912269247,1.451822701823072,8246
Michael (2018),50,-3.1382765531062122,0.001062615105184029,1.451822701823072,8246
Michael (2018),50,-3.1102204408817635,0.0011756693857622362,1.451822701823072,8246
Michael (2018),50,-3.0821643286573144,0.0012977089294757915,1.451822701823072,8246
Michael (2018),50,-3.0541082164328657,0.0014279126037525366,1.451822701823072,8246
Michael (2018),50,-3.026052104208417,0.0015652625692846548,1.451822701823072,8246
Michael (2018),50,-2.997995991983968,0.0017086110578100058,1.451822701823072,8246
Michael (2018),50,-2.969939879759519,0.0018567573723611644,1.451822701823072,8246
Michael (2018),50,-2.94188376753507,0.002008528893002843,1.451822701823072,8246
Michael (2018),50,-2.9138276553106213,0.002162859268240263,1.451822701823072,8246
Michael (2018),50,-2.885771543086172,0.002318857028245475,1.451822701823072,8246
Michael (2018),50,-2.8577154308617234,0.0024758585543049167,1.451822701823072,8246
Michael (2018),50,-2.8296593186372747,0.0026334605829216465,1.451822701823072,8246
Michael (2018),50,-2.8016032064128256,0.0027915290703428345,1.451822701823072,8246
Michael (2018),50,-2.773547094188377,0.0029501831475381305,1.451822701823072,8246
Michael (2018),50,-2.7454909819639277,0.003109754940951347,1.451822701823072,8246
Michael (2018),50,-2.717434869739479,0.0032707281483564314,1.451822701823072,8246
Michael (2018),50,-2.68937875751503,0.00343366039793234,1.451822701823072,8246
Michael (2018),50,-2.661322645290581,0.0035990965269368617,1.451822701823072,8246
Michael (2018),50,-2.6332665330661325,0.003767481877213786,1.451822701823072,8246
Michael (2018),50,-2.6052104208416833,0.003939086299903521,1.451822701823072,8246
Michael (2018),50,-2.5771543086172346,0.004113950463402162,1.451822701823072,8246
Michael (2018),50,-2.5490981963927855,0.004291865867623873,1.451822701823072,8246
Michael (2018),50,-2.5210420841683367,0.004472398298277623,1.451822701823072,8246
Michael (2018),50,-2.4929859719438876,0.004654961052111734,1.451822701823072,8246
Michael (2018),50,-2.464929859719439,0.004838939124233869,1.451822701823072,8246
Michael (2018),50,-2.4368737474949898,0.005023859008394149,1.451822701823072,8246
Michael (2018),50,-2.408817635270541,0.005209591522318069,1.451822701823072,8246
Michael (2018),50,-2.3807615230460923,0.005396568140302689,1.451822701823072,8246
Michael (2018),50,-2.352705410821643,0.005585985864427943,1.451822701823072,8246
Michael (2018),50,-2.3246492985971945,0.005779972822040031,1.451822701823072,8246
Michael (2018),50,-2.2965931863727453,0.0059816874015019145,1.451822701823072,8246
Michael (2018),50,-2.2685370741482966,0.006195328227196302,1.451822701823072,8246
Michael (2018),50,-2.2404809619238475,0.006426040437997041,1.451822701823072,8246
Michael (2018),50,-2.212424849699399,0.006679714775351111,1.451822701823072,8246
Michael (2018),50,-2.1843687374749496,0.006962688601042818,1.451822701823072,8246
Michael (2018),50,-2.156312625250501,0.007281370521380575,1.451822701823072,8246
Michael (2018),50,-2.1282565130260522,0.007641821087848706,1.451822701823072,8246
Michael (2018),50,-2.100200400801603,0.008049329546680086,1.451822701823072,8246
Michael (2018),50,-2.0721442885771544,0.008508029692145274,1.451822701823072,8246
Michael (2018),50,-2.0440881763527052,0.00902059596087315,1.451822701823072,8246
Michael (2018),50,-2.0160320641282565,0.009588054024634604,1.451822701823072,8246
Michael (2018),50,-1.9879759519038078,0.01020972893879999,1.451822701823072,8246
Michael (2018),50,-1.9599198396793582,0.010883339552490903,1.451822701823072,8246
Michael (2018),50,-1.9318637274549095,0.01160523195807937,1.451822701823072,8246
Michael (2018),50,-1.9038076152304608,0.012370729077388504,1.451822701823072,8246
Michael (2018),50,-1.8757515030060121,0.013174559951255448,1.451822701823072,8246
Michael (2018),50,-1.8476953907815634,0.014011322700480507,1.451822701823072,8246
Michael (2018),50,-1.8196392785571138,0.014875930909756814,1.451822701823072,8246
Michael (2018),50,-1.7915831663326651,0.01576399525004634,1.451822701823072,8246
Michael (2018),50,-1.7635270541082164,0.01667210064480125,1.451822701823072,8246
Michael (2018),50,-1.7354709418837677,0.017597953455363042,1.451822701823072,8246
Michael (2018),50,-1.707414829659319,0.018540391343245935,1.451822701823072,8246
Michael (2018),50,-1.6793587174348694,0.019499268195321627,1.451822701823072,8246
Michael (2018),50,-1.6513026052104207,0.020475244800497696,1.451822701823072,8246
Michael (2018),50,-1.623246492985972,0.021469529812423987,1.451822701823072,8246
Michael (2018),50,-1.5951903807615233,0.022483622367485728,1.451822701823072,8246
Michael (2018),50,-1.5671342685370737,0.02351910599825051,1.451822701823072,8246
Michael (2018),50,-1.539078156312625,0.024577533037669363,1.451822701823072,8246
Michael (2018),50,-1.5110220440881763,0.02566042096236358,1.451822701823072,8246
Michael (2018),50,-1.4829659318637276,0.026769359918308477,1.451822701823072,8246
Michael (2018),50,-1.454909819639279,0.027906207844143372,1.451822701823072,8246
Michael (2018),50,-1.4268537074148293,0.029073330305688164,1.451822701823072,8246
Michael (2018),50,-1.3987975951903806,0.030273830058913095,1.451822701823072,8246
Michael (2018),50,-1.370741482965932,0.031511708944877516,1.451822701823072,8246
Michael (2018),50,-1.3426853707414832,0.03279191274748586,1.451822701823072,8246
Michael (2018),50,-1.3146292585170336,0.03412022696742155,1.451822701823072,8246
Michael (2018),50,-1.286573146292585,0.03550301522549396,1.451822701823072,8246
Michael (2018),50,-1.2585170340681362,0.036946818169229775,1.451822701823072,8246
Michael (2018),50,-1.2304609218436875,0.03845785486313252,1.451822701823072,8246
Michael (2018),50,-1.2024048096192388,0.04004148664993151,1.451822701823072,8246
Michael (2018),50,-1.1743486973947892,0.041701712462705064,1.451822701823072,8246
Michael (2018),50,-1.1462925851703405,0.04344076323746768,1.451822701823072,8246
Michael (2018),50,-1.1182364729458918,0.04525885186712295,1.451822701823072,8246
Michael (2018),50,-1.090180360721443,0.04715411606027797,1.451822701823072,8246
Michael (2018),50,-1.0621242484969944,0.04912276763970945,1.451822701823072,8246
Michael (2018),50,-1.0340681362725448,0.051159436847396586,1.451822701823072,8246
Michael (2018),50,-1.006012024048096,0.05325767758945725,1.451822701823072,8246
Michael (2018),50,-0.9779559118236474,0.05541058205751682,1.451822701823072,8246
Michael (2018),50,-0.9498997995991987,0.057611442589207904,1.451822701823072,8246
Michael (2018),50,-0.9218436873747491,0.059854395625612754,1.451822701823072,8246
Michael (2018),50,-0.8937875751503004,0.06213498677612017,1.451822701823072,8246
Michael (2018),50,-0.8657314629258517,0.06445060607888715,1.451822701823072,8246
Michael (2018),50,-0.837675350701403,0.06680075681155027,1.451822701823072,8246
Michael (2018),50,-0.8096192384769543,0.06918713774611854,1.451822701823072,8246
Michael (2018),50,-0.7815631262525047,0.07161353573198678,1.451822701823072,8246
Michael (2018),50,-0.753507014028056,0.07408554139081153,1.451822701823072,8246
Michael (2018),50,-0.7254509018036073,0.07661011434946112,1.451822701823072,8246
Michael (2018),50,-0.6973947895791586,0.07919503503885685,1.451822701823072,8246
Michael (2018),50,-0.669338677354709,0.0818482872004853,1.451822701823072,8246
Michael (2018),50,-0.6412825651302603,0.08457741868611861,1.451822701823072,8246
Michael (2018),50,-0.6132264529058116,0.08738892792245098,1.451822701823072,8246
Michael (2018),50,-0.5851703406813629,0.09028771970393935,1.451822701823072,8246
Michael (2018),50,-0.5571142284569142,0.09327666707731011,1.451822701823072,8246
Michael (2018),50,-0.5290581162324646,0.09635630645467902,1.451822701823072,8246
Michael (2018),50,-0.5010020040080159,0.09952468140465506,1.451822701823072,8246
Michael (2018),50,-0.47294589178356716,0.1027773377223132,1.451822701823072,8246
Michael (2018),50,-0.44488977955911846,0.10610745950523404,1.451822701823072,8246
Michael (2018),50,-0.41683366733466887,0.10950612437907842,1.451822701823072,8246
Michael (2018),50,-0.38877755511022016,0.11296264708946695,1.451822701823072,8246
Michael (2018),50,-0.36072144288577146,0.11646497563161493,1.451822701823072,8246
Michael (2018),50,-0.33266533066132276,0.12000010377042127,1.451822701823072,8246
Michael (2018),50,-0.30460921843687405,0.12355446844611022,1.451822701823072,8246
Michael (2018),50,-0.27655310621242446,0.12711430962161194,1.451822701823072,8246
Michael (2018),50,-0.24849699398797576,0.13066598224644982,1.451822701823072,8246
Michael (2018),50,-0.22044088176352705,0.13419622313308194,1.451822701823072,8246
Michael (2018),50,-0.19238476953907835,0.13769238721825403,1.451822701823072,8246
Michael (2018),50,-0.16432865731462876,0.14114267551621498,1.451822701823072,8246
Michael (2018),50,-0.13627254509018005,0.14453637921889137,1.451822701823072,8246
Michael (2018),50,-0.10821643286573135,0.14786416002723535,1.451822701823072,8246
Michael (2018),50,-0.08016032064128265,0.15111837637838618,1.451822701823072,8246
Michael (2018),50,-0.05210420841683394,0.15429345057254726,1.451822701823072,8246
Michael (2018),50,-0.02404809619238435,0.1573862557787061,1.451822701823072,8246
Michael (2018),50,0.004008016032064354,0.16039648791405164,1.451822701823072,8246
Michael (2018),50,0.03206412825651306,0.16332697866440143,1.451822701823072,8246
Michael (2018),50,0.06012024048096176,0.1661839047357888,1.451822701823072,8246
Michael (2018),50,0.08817635270541047,0.16897685559627537,1.451822701823072,8246
Michael (2018),50,0.11623246492986006,0.1717187365167237,1.451822701823072,8246
Michael (2018),50,0.14428857715430876,0.17442550305969837,1.451822701823072,8246
Michael (2018),50,0.17234468937875747,0.17711574361033247,1.451822701823072,8246
Michael (2018),50,0.20040080160320617,0.17981014411920804,1.451822701823072,8246
Michael (2018),50,0.22845691382765576,0.1825308805799313,1.451822701823072,8246
Michael (2018),50,0.25651302605210446,0.18530098792898259,1.451822701823072,8246
Michael (2018),50,0.28456913827655317,0.18814374890186938,1.451822701823072,8246
Michael (2018),50,0.3126252505010019,0.19108213460192586,1.451822701823072,8246
Michael (2018),50,0.3406813627254506,0.1941383131889992,1.451822701823072,8246
Michael (2018),50,0.36873747494990017,0.19733322778273518,1.451822701823072,8246
Michael (2018),50,0.39679358717434887,0.2006862326318427,1.451822701823072,8246
Michael (2018),50,0.4248496993987976,0.20421476988230666,1.451822701823072,8246
Michael (2018),50,0.4529058116232463,0.20793406830981007,1.451822701823072,8246
Michael (2018),50,0.48096192384769587,0.21185684898363022,1.451822701823072,8246
Michael (2018),50,0.5090180360721446,0.2159930287045085,1.451822701823072,8246
Michael (2018),50,0.5370741482965933,0.22034941761042373,1.451822701823072,8246
Michael (2018),50,0.565130260521042,0.22492941056669524,1.451822701823072,8246
Michael (2018),50,0.5931863727454907,0.22973267213574342,1.451822701823072,8246
Michael (2018),50,0.6212424849699403,0.23475481290917888,1.451822701823072,8246
Michael (2018),50,0.649298597194389,0.2399870529521394,1.451822701823072,8246
Michael (2018),50,0.6773547094188377,0.2454158688265541,1.451822701823072,8246
Michael (2018),50,0.7054108216432864,0.2510226265003984,1.451822701823072,8246
Michael (2018),50,0.7334669338677351,0.2567832144233439,1.451822701823072,8246
Michael (2018),50,0.7615230460921847,0.26266770816295837,1.451822701823072,8246
Michael (2018),50,0.7895791583166334,0.2686401171782472,1.451822701823072,8246
Michael (2018),50,0.8176352705410821,0.2746582809668227,1.451822701823072,8246
Michael (2018),50,0.8456913827655308,0.28067399092770556,1.451822701823072,8246
Michael (2018),50,0.8737474949899804,0.28663341169946965,1.451822701823072,8246
Michael (2018),50,0.9018036072144291,0.2924778594478659,1.451822701823072,8246
Michael (2018),50,0.9298597194388778,0.29814496544651925,1.451822701823072,8246
Michael (2018),50,0.9579158316633265,0.30357021509858695,1.451822701823072,8246
Michael (2018),50,0.9859719438877752,0.3086888112721456,1.451822701823072,8246
Michael (2018),50,1.0140280561122248,0.31343777334012585,1.451822701823072,8246
Michael (2018),50,1.0420841683366735,0.3177581557942844,1.451822701823072,8246
Michael (2018),50,1.0701402805611222,0.32159725676079487,1.451822701823072,8246
Michael (2018),50,1.098196392785571,0.3249106881441216,1.451822701823072,8246
Michael (2018),50,1.1262525050100205,0.3276641932545758,1.451822701823072,8246
Michael (2018),50,1.1543086172344692,0.3298351199604068,1.451822701823072,8246
Michael (2018),50,1.182364729458918,0.3314134818719944,1.451822701823072,8246
Michael (2018),50,1.2104208416833666,0.33240256157328896,1.451822701823072,8246
Michael (2018),50,1.2384769539078153,0.3328190252351292,1.451822701823072,8246
Michael (2018),50,1.266533066132265,0.3326925267638689,1.451822701823072,8246
Michael (2018),50,1.2945891783567136,0.3320647846414719,1.451822701823072,8246
Michael (2018),50,1.3226452905811623,0.33098812069545136,1.451822701823072,8246
Michael (2018),50,1.350701402805611,0.32952346283913236,1.451822701823072,8246
Michael (2018),50,1.3787575150300606,0.327737837953136,1.451822701823072,8246
Michael (2018),50,1.4068136272545093,0.32570141847576634,1.451822701823072,8246
Michael (2018),50,1.434869739478958,0.3234842351270052,1.451822701823072,8246
Michael (2018),50,1.4629258517034067,0.32115272274590706,1.451822701823072,8246
Michael (2018),50,1.4909819639278554,0.31876631749843665,1.451822701823072,8246
Michael (2018),50,1.519038076152305,0.316374361102091,1.451822701823072,8246
Michael (2018),50,1.5470941883767537,0.31401358107163974,1.451822701823072,8246
Michael (2018),50,1.5751503006012024,0.31170639783671683,1.451822701823072,8246
Michael (2018),50,1.6032064128256511,0.3094602569309498,1.451822701823072,8246
Michael (2018),50,1.6312625250501007,0.3072680998933337,1.451822701823072,8246
Michael (2018),50,1.6593186372745494,0.30510997930391404,1.451822701823072,8246
Michael (2018),50,1.6873747494989981,0.3029557044357254,1.451822701823072,8246
Michael (2018),50,1.7154308617234468,0.30076829009839123,1.451822701823072,8246
Michael (2018),50,1.7434869739478955,0.2985078884825086,1.451822701823072,8246
Michael (2018),50,1.7715430861723451,0.2961358260198182,1.451822701823072,8246
Michael (2018),50,1.7995991983967938,0.2936183536832449,1.451822701823072,8246
Michael (2018),50,1.8276553106212425,0.290929752778501,1.451822701823072,8246
Michael (2018),50,1.8557114228456912,0.2880545153119706,1.451822701823072,8246
Michael (2018),50,1.88376753507014,0.28498842831455246,1.451822701823072,8246
Michael (2018),50,1.9118236472945895,0.28173852011301925,1.451822701823072,8246
Michael (2018),50,1.9398797595190382,0.2783219560171507,1.451822701823072,8246
Michael (2018),50,1.967935871743487,0.27476408394446805,1.451822701823072,8246
Michael (2018),50,1.9959919839679356,0.2710959126073837,1.451822701823072,8246
Michael (2018),50,2.0240480961923843,0.2673513463761625,1.451822701823072,8246
Michael (2018),50,2.052104208416834,0.26356449828457945,1.451822701823072,8246
Michael (2018),50,2.0801603206412835,0.25976735877470075,1.451822701823072,8246
Michael (2018),50,2.1082164328657313,0.25598802131762555,1.451822701823072,8246
Michael (2018),50,2.136272545090181,0.252249569817345,1.451822701823072,8246
Michael (2018),50,2.1643286573146288,0.24856963161653342,1.451822701823072,8246
Michael (2018),50,2.1923847695390783,0.24496050869095023,1.451822701823072,8246
Michael (2018),50,2.220440881763528,0.24142973062642498,1.451822701823072,8246
Michael (2018),50,2.2484969939879758,0.2379808345988751,1.451822701823072,8246
Michael (2018),50,2.2765531062124253,0.23461417320374844,1.451822701823072,8246
Michael (2018),50,2.304609218436873,0.2313275787726482,1.451822701823072,8246
Michael (2018),50,2.3326653306613228,0.22811676627202637,1.451822701823072,8246
Michael (2018),50,2.3607214428857723,0.22497542603170467,1.451822701823072,8246
Michael (2018),50,2.38877755511022,0.22189503059726626,1.451822701823072,8246
Michael (2018),50,2.4168336673346698,0.2188644451334438,1.451822701823072,8246
Michael (2018),50,2.4448897795591176,0.21586947796376796,1.451822701823072,8246
Michael (2018),50,2.472945891783567,0.21289253011925707,1.451822701823072,8246
Michael (2018),50,2.5010020040080168,0.20991249735372747,1.451822701823072,8246
Michael (2018),50,2.5290581162324646,0.20690504645709676,1.451822701823072,8246
Michael (2018),50,2.557114228456914,0.20384333527873522,1.451822701823072,8246
Michael (2018),50,2.585170340681362,0.2006991810337967,1.451822701823072,8246
Michael (2018),50,2.6132264529058116,0.1974446141544603,1.451822701823072,8246
Michael (2018),50,2.641282565130261,0.19405369512910053,1.451822701823072,8246
Michael (2018),50,2.669338677354709,0.1905044279339297,1.451822701823072,8246
Michael (2018),50,2.6973947895791586,0.18678058162647843,1.451822701823072,8246
Michael (2018),50,2.725450901803608,0.18287323387735577,1.451822701823072,8246
Michael (2018),50,2.753507014028056,0.1787818755649223,1.451822701823072,8246
Michael (2018),50,2.7815631262525056,0.17451495980078433,1.451822701823072,8246
Michael (2018),50,2.8096192384769534,0.17008983534840053,1.451822701823072,8246
Michael (2018),50,2.837675350701403,0.16553206562815134,1.451822701823072,8246
Michael (2018),50,2.8657314629258526,0.16087419268866185,1.451822701823072,8246
Michael (2018),50,2.8937875751503004,0.15615405409358757,1.451822701823072,8246
Michael (2018),50,2.92184368737475,0.15141279495144241,1.451822701823072,8246
Michael (2018),50,2.949899799599198,0.14669273493205148,1.451822701823072,8246
Michael (2018),50,2.9779559118236474,0.1420352510044757,1.451822701823072,8246
Michael (2018),50,3.006012024048097,0.13747882270594802,1.451822701823072,8246
Michael (2018),50,3.034068136272545,0.13305736131720636,1.451822701823072,8246
Michael (2018),50,3.0621242484969944,0.1287989114150872,1.451822701823072,8246
Michael (2018),50,3.090180360721442,0.12472477703036974,1.451822701823072,8246
Michael (2018),50,3.118236472945892,0.12084908877670607,1.451822701823072,8246
Michael (2018),50,3.1462925851703414,0.11717879581707911,1.451822701823072,8246
Michael (2018),50,3.174348697394789,0.11371403950396233,1.451822701823072,8246
Michael (2018),50,3.202404809619239,0.1104488452122611,1.451822701823072,8246
Michael (2018),50,3.2304609218436866,0.10737205576975041,1.451822701823072,8246
Michael (2018),50,3.258517034068136,0.1044684238595757,1.451822701823072,8246
Michael (2018),50,3.286573146292586,0.10171978123879931,1.451822701823072,8246
Michael (2018),50,3.3146292585170336,0.09910620865227432,1.451822701823072,8246
Michael (2018),50,3.342685370741483,0.09660714073378537,1.451822701823072,8246
Michael (2018),50,3.370741482965933,0.09420235361854637,1.451822701823072,8246
Michael (2018),50,3.3987975951903806,0.0918727980103218,1.451822701823072,8246
Michael (2018),50,3.42685370741483,0.08960125565675481,1.451822701823072,8246
Michael (2018),50,3.454909819639278,0.08737281135254463,1.451822701823072,8246
Michael (2018),50,3.4829659318637276,0.08517514475321833,1.451822701823072,8246
Michael (2018),50,3.511022044088177,0.08299865584498389,1.451822701823072,8246
Michael (2018),50,3.539078156312625,0.08083644467151063,1.451822701823072,8246
Michael (2018),50,3.5671342685370746,0.07868417001322658,1.451822701823072,8246
Michael (2018),50,3.5951903807615224,0.07653981355232185,1.451822701823072,8246
Michael (2018),50,3.623246492985972,0.07440337616285839,1.451822701823072,8246
Michael (2018),50,3.6513026052104216,0.07227653184948737,1.451822701823072,8246
Michael (2018),50,3.6793587174348694,0.0701622629051598,1.451822701823072,8246
Michael (2018),50,3.707414829659319,0.06806449727800921,1.451822701823072,8246
Michael (2018),50,3.735470941883767,0.06598776598301243,1.451822701823072,8246
Michael (2018),50,3.7635270541082164,0.06393689463705166,1.451822701823072,8246
Michael (2018),50,3.791583166332666,0.06191673883749259,1.451822701823072,8246
Michael (2018),50,3.819639278557114,0.05993196828096465,1.451822701823072,8246
Michael (2018),50,3.8476953907815634,0.057986899569682504,1.451822701823072,8246
Michael (2018),50,3.8757515030060112,0.056085373118261714,1.451822701823072,8246
Michael (2018),50,3.903807615230461,0.054230666119006475,1.451822701823072,8246
Michael (2018),50,3.9318637274549104,0.0524254317920258,1.451822701823072,8246
Michael (2018),50,3.9599198396793582,0.05067165558287679,1.451822701823072,8246
Michael (2018),50,3.987975951903808,0.048970621652782695,1.451822701823072,8246
Michael (2018),50,4.016032064128257,0.04732288753912389,1.451822701823072,8246
Michael (2018),50,4.044088176352705,0.04572827037097851,1.451822701823072,8246
Michael (2018),50,4.072144288577155,0.044185853263304875,1.451822701823072,8246
Michael (2018),50,4.100200400801603,0.04269402409865749,1.451822701823072,8246
Michael (2018),50,4.128256513026052,0.04125055960569638,1.451822701823072,8246
Michael (2018),50,4.156312625250502,0.039852764687799976,1.451822701823072,8246
Michael (2018),50,4.18436873747495,0.03849767027470877,1.451822701823072,8246
Michael (2018),50,4.212424849699399,0.037182283315455825,1.451822701823072,8246
Michael (2018),50,4.240480961923847,0.03590387141514585,1.451822701823072,8246
Michael (2018),50,4.268537074148297,0.03466025408822248,1.451822701823072,8246
Michael (2018),50,4.296593186372746,0.0334500648687905,1.451822701823072,8246
Michael (2018),50,4.324649298597194,0.032272945525370626,1.451822701823072,8246
Michael (2018),50,4.352705410821644,0.03112963662889951,1.451822701823072,8246
Michael (2018),50,4.3807615230460915,0.03002193798629836,1.451822701823072,8246
Michael (2018),50,4.408817635270541,0.02895252713267854,1.451822701823072,8246
Michael (2018),50,4.436873747494991,0.027924642302070448,1.451822701823072,8246
Michael (2018),50,4.4649298597194385,0.026941655455198218,1.451822701823072,8246
Michael (2018),50,4.492985971943888,0.02600657810372379,1.451822701823072,8246
Michael (2018),50,4.521042084168338,0.02512155508041072,1.451822701823072,8246
Michael (2018),50,4.5490981963927855,0.024287406951861937,1.451822701823072,8246
Michael (2018),50,4.577154308617235,0.023503279339251268,1.451822701823072,8246
Michael (2018),50,4.605210420841683,0.02276644706981427,1.451822701823072,8246
Michael (2018),50,4.6332665330661325,0.022072304068793413,1.451822701823072,8246
Michael (2018),50,4.661322645290582,0.021414548437992266,1.451822701823072,8246
Michael (2018),50,4.68937875751503,0.020785549109877798,1.451822701823072,8246
Michael (2018),50,4.7174348697394795,0.020176858880438183,1.451822701823072,8246
Michael (2018),50,4.745490981963927,0.019579821338203966,1.451822701823072,8246
Michael (2018),50,4.773547094188377,0.018986208419033684,1.451822701823072,8246
Michael (2018),50,4.8016032064128265,0.018388822306771285,1.451822701823072,8246
Michael (2018),50,4.829659318637274,0.017782000385988456,1.451822701823072,8246
Michael (2018),50,4.857715430861724,0.017161974098382108,1.451822701823072,8246
Michael (2018),50,4.885771543086172,0.016527050122807817,1.451822701823072,8246
Michael (2018),50,4.913827655310621,0.015877602923088673,1.451822701823072,8246
Michael (2018),50,4.941883767535071,0.015215888729491289,1.451822701823072,8246
Michael (2018),50,4.969939879759519,0.014545709851830733,1.451822701823072,8246
Michael (2018),50,4.997995991983968,0.013871972681696768,1.451822701823072,8246
Michael (2018),50,5.026052104208416,0.013200191312359265,1.451822701823072,8246
Michael (2018),50,5.054108216432866,0.012535990699221709,1.451822701823072,8246
Michael (2018),50,5.082164328657315,0.011884658883698017,1.451822701823072,8246
Michael (2018),50,5.110220440881763,0.011250787988255127,1.451822701823072,8246
Michael (2018),50,5.138276553106213,0.010638030060745358,1.451822701823072,8246
Michael (2018),50,5.166332665330662,0.010048978376180772,1.451822701823072,8246
Michael (2018),50,5.19438877755511,0.009485169557750514,1.451822701823072,8246
Michael (2018),50,5.22244488977956,0.008947188731019868,1.451822701823072,8246
Michael (2018),50,5.2505010020040075,0.008434850325559044,1.451822701823072,8246
Michael (2018),50,5.278557114228457,0.007947421948582016,1.451822701823072,8246
Michael (2018),50,5.306613226452907,0.007483858179244625,1.451822701823072,8246
Michael (2018),50,5.3346693386773545,0.007043014742219661,1.451822701823072,8246
Michael (2018),50,5.362725450901804,0.0066238203694682874,1.451822701823072,8246
Michael (2018),50,5.390781563126252,0.006225392465151509,1.451822701823072,8246
Michael (2018),50,5.4188376753507015,0.0058470920396632925,1.451822701823072,8246
Michael (2018),50,5.446893787575151,0.005488521951070798,1.451822701823072,8246
Michael (2018),50,5.474949899799599,0.005149479230300645,1.451822701823072,8246
Michael (2018),50,5.5030060120240485,0.004829876507492945,1.451822701823072,8246
Michael (2018),50,5.531062124248496,0.004529649084457675,1.451822701823072,8246
Michael (2018),50,5.559118236472946,0.0042486632214406095,1.451822701823072,8246
Michael (2018),50,5.5871743486973955,0.003986638276325655,1.451822701823072,8246
Michael (2018),50,5.615230460921843,0.003743091213855675,1.451822701823072,8246
Michael (2018),50,5.643286573146293,0.0035173075166235307,1.451822701823072,8246
Michael (2018),50,5.6713426853707425,0.0033083384226192934,1.451822701823072,8246
Michael (2018),50,5.69939879759519,0.0031150212360608236,1.451822701823072,8246
Michael (2018),50,5.72745490981964,0.0029360174990982497,1.451822701823072,8246
Michael (2018),50,5.755511022044088,0.002769863090552673,1.451822701823072,8246
Michael (2018),50,5.783567134268537,0.0026150246222735214,1.451822701823072,8246
Michael (2018),50,5.811623246492987,0.0024699574714308207,1.451822701823072,8246
Michael (2018),50,5.839679358717435,0.002333162004924544,1.451822701823072,8246
Michael (2018),50,5.867735470941884,0.002203235654470202,1.451822701823072,8246
Michael (2018),50,5.895791583166332,0.0020789192457317373,1.451822701823072,8246
Michael (2018),50,5.923847695390782,0.001959136293001775,1.451822701823072,8246
Michael (2018),50,5.951903807615231,0.0018430239232730087,1.451822701823072,8246
Michael (2018),50,5.979959919839679,0.0017299538895351305,1.451822701823072,8246
Michael (2018),50,6.008016032064129,0.0016195420229108426,1.451822701823072,8246
Michael (2018),50,6.0360721442885765,0.001511644681032261,1.451822701823072,8246
Michael (2018),50,6.064128256513026,0.0014063414075193516,1.451822701823072,8246
Michael (2018),50,6.092184368737476,0.0013039041227577695,1.451822701823072,8246
Michael (2018),50,6.1202404809619235,0.001204754578162958,1.451822701823072,8246
Michael (2018),50,6.148296593186373,0.0011094132738778237,1.451822701823072,8246
Michael (2018),50,6.176352705410821,0.001018444260711146,1.451822701823072,8246
Michael (2018),50,6.2044088176352705,0.0009324009385923187,1.451822701823072,8246
Michael (2018),50,6.23246492985972,0.0008517779325452465,1.451822701823072,8246
Michael (2018),50,6.260521042084168,0.000776973318730334,1.451822701823072,8246
Michael (2018),50,6.2885771543086175,0.0007082639909122895,1.451822701823072,8246
Michael (2018),50,6.316633266533067,0.0006457950468019275,1.451822701823072,8246
Michael (2018),50,6.344689378757515,0.0005895820726640921,1.451822701823072,8246
Michael (2018),50,6.3727454909819645,0.0005395234764008172,1.451822701823072,8246
Michael (2018),50,6.400801603206412,0.000495418876525679,1.451822701823072,8246
Michael (2018),50,6.428857715430862,0.0004569891946075879,1.451822701823072,8246
Michael (2018),50,6.4569138276553115,0.00042389456436027316,1.451822701823072,8246
Michael (2018),50,6.484969939879759,0.00039574734147506936,1.451822701823072,8246
Michael (2018),50,6.513026052104209,0.00037211911806705116,1.451822701823072,8246
Michael (2018),50,6.541082164328657,0.000352542375238372,1.451822701823072,8246
Michael (2018),50,6.569138276553106,0.00033650889487332384,1.451822701823072,8246
Michael (2018),50,6.597194388777556,0.0003234680031734385,1.451822701823072,8246
Michael (2018),50,6.625250501002004,0.0003128279541213378,1.451822701823072,8246
Michael (2018),50,6.653306613226453,0.00030396324845681597,1.451822701823072,8246
Michael (2018),50,6.681362725450901,0.0002962295389993841,1.451822701823072,8246
Michael (2018),50,6.709418837675351,0.00028898623330245296,1.451822701823072,8246
Michael (2018),50,6.7374749498998,0.0002816252770478401,1.451822701823072,8246
Michael (2018),50,6.765531062124248,0.00027360320179434174,1.451822701823072,8246
Michael (2018),50,6.793587174348698,0.0002644726114493838,1.451822701823072,8246
Michael (2018),50,6.821643286573146,0.00025390902557881573,1.451822701823072,8246
Michael (2018),50,6.849699398797595,0.00024172943084043236,1.451822701823072,8246
Michael (2018),50,6.877755511022045,0.00022789992478168916,1.451822701823072,8246
Michael (2018),50,6.905811623246493,0.00021253127714453357,1.451822701823072,8246
Michael (2018),50,6.933867735470942,0.00019586283011883396,1.451822701823072,8246
Michael (2018),50,6.961923847695392,0.00017823664710639014,1.451822701823072,8246
Michael (2018),50,6.98997995991984,0.0001600649725209156,1.451822701823072,8246
Michael (2018),50,7.018036072144289,0.00014179472911986812,1.451822701823072,8246
Michael (2018),50,7.046092184368737,0.00012387289317699517,1.451822701823072,8246
Michael (2018),50,7.074148296593187,0.0001067161835200933,1.451822701823072,8246
Michael (2018),50,7.102204408817636,9.068768700048163e-05,1.451822701823072,8246
Michael (2018),50,7.130260521042084,7.608197806088625e-05,1.451822701823072,8246
Michael (2018),50,7.158316633266534,6.311914745637968e-05,1.451822701823072,8246
Michael (2018),50,7.186372745490981,5.194709400401368e-05,1.451822701823072,8246
Michael (2018),50,7.214428857715431,4.265057525576906e-05,1.451822701823072,8246
Michael (2018),50,7.242484969939881,3.526493070692554e-05,1.451822701823072,8246
Michael (2018),50,7.270541082164328,2.9792107204125523e-05,1.451822701823072,8246
Michael (2018),50,7.298597194388778,2.6216611984014427e-05,1.451822701823072,8246
Michael (2018),50,7.326653306613226,2.451924848117512e-05,1.451822701823072,8246
Michael (2018),50,7.354709418837675,2.4686896075307922e-05,1.451822701823072,8246
Michael (2018),50,7.382765531062125,2.67171205312801e-05,1.451822701823072,8246
Michael (2018),50,7.410821643286573,3.0616998628661216e-05,1.451822701823072,8246
Michael (2018),50,7.438877755511022,3.639616990697123e-05,1.451822701823072,8246
Michael (2018),50,7.46693386773547,4.405475846848558e-05,1.451822701823072,8246
Michael (2018),50,7.49498997995992,5.3567406269321005e-05,1.451822701823072,8246
Michael (2018),50,7.523046092184369,6.486518790885336e-05,1.451822701823072,8246
Michael (2018),50,7.551102204408817,7.78175876987471e-05,1.451822701823072,8246
Michael (2018),50,7.579158316633267,9.221695715832398e-05,1.451822701823072,8246
Michael (2018),50,7.607214428857716,0.00010776787925990988,1.451822701823072,8246
Michael (2018),50,7.635270541082164,0.00012408360092860322,1.451822701823072,8246
Michael (2018),50,7.663326653306614,0.00014069113984458144,1.451822701823072,8246
Michael (2018),50,7.691382765531062,0.00015704584658883506,1.451822701823072,8246
Michael (2018),50,7.719438877755511,0.00017255517549148852,1.451822701823072,8246
Michael (2018),50,7.747494989979961,0.00018661029833785464,1.451822701823072,8246
Michael (2018),50,7.775551102204409,0.00019862312831721868,1.451822701823072,8246
Michael (2018),50,7.803607214428858,0.00020806546349860975,1.451822701823072,8246
Michael (2018),50,7.831663326653306,0.00021450645188325453,1.451822701823072,8246
Michael (2018),50,7.859719438877756,0.00021764452482390362,1.451822701823072,8246
Michael (2018),50,7.887775551102205,0.00021733038037432325,1.451822701823072,8246
Michael (2018),50,7.915831663326653,0.000213578486261689,1.451822701823072,8246
Michael (2018),50,7.943887775551103,0.00020656580411917717,1.451822701823072,8246
Michael (2018),50,7.97194388777555,0.00019661784581361045,1.451822701823072,8246
Michael (2018),50,8.0,0.0001841835627183781,1.451822701823072,8246
Michael (2018),100,-6.0,4.1801843402109535e-41,1.0819917707907893,6747
Michael (2018),100,-5.971943887775551,2.767612529712075e-40,1.0819917707907893,6747
Michael (2018),100,-5.943887775551103,1.793793021560772e-39,1.0819917707907893,6747
Michael (2018),100,-5.915831663326653,1.1381422882523605e-38,1.0819917707907893,6747
Michael (2018),100,-5.887775551102204,7.06932548606634e-38,1.0819917707907893,6747
Michael (2018),100,-5.859719438877756,4.298496561603394e-37,1.0819917707907893,6747
Michael (2018),100,-5.831663326653307,2.558658807445955e-36,1.0819917707907893,6747
Michael (2018),100,-5.803607214428857,1.4909578260621693e-35,1.0819917707907893,6747
Michael (2018),100,-5.775551102204409,8.505023707135329e-35,1.0819917707907893,6747
Michael (2018),100,-5.74749498997996,4.749445254089399e-34,1.0819917707907893,6747
Michael (2018),100,-5.719438877755511,2.596375076152582e-33,1.0819917707907893,6747
Michael (2018),100,-5.6913827655310625,1.389469969781137e-32,1.0819917707907893,6747
Michael (2018),100,-5.663326653306613,7.279274324856819e-32,1.0819917707907893,6747
Michael (2018),100,-5.635270541082164,3.7332252616423207e-31,1.0819917707907893,6747
Michael (2018),100,-5.6072144288577155,1.874293044438525e-30,1.0819917707907893,6747
Michael (2018),100,-5.579158316633267,9.21187379180561e-30,1.0819917707907893,6747
Michael (2018),100,-5.551102204408817,4.432162278154369e-29,1.0819917707907893,6747
Michael (2018),100,-5.5230460921843685,2.087567444202268e-28,1.0819917707907893,6747
Michael (2018),100,-5.49498997995992,9.625483767728274e-28,1.0819917707907893,6747
Michael (2018),100,-5.466933867735471,4.344720119232701e-27,1.0819917707907893,6747
Michael (2018),100,-5.438877755511022,1.919809926043289e-26,1.0819917707907893,6747
Michael (2018),100,-5.410821643286573,8.304468639377577e-26,1.0819917707907893,6747
Michael (2018),100,-5.382765531062124,3.5165974357472844e-25,1.0819917707907893,6747
Michael (2018),100,-5.354709418837675,1.4577755106653298e-24,1.0819917707907893,6747
Michael (2018),100,-5.326653306613227,5.9158320388857455e-24,1.0819917707907893,6747
Michael (2018),100,-5.298597194388778,2.3501642211396017e-23,1.0819917707907893,6747
Michael (2018),100,-5.270541082164328,9.139822811107889e-23,1.0819917707907893,6747
Michael (2018),100,-5.24248496993988,3.479641758875069e-22,1.0819917707907893,6747
Michael (2018),100,-5.214428857715431,1.296846231971573e-21,1.0819917707907893,6747
Michael (2018),100,-5.186372745490982,4.731508544792121e-21,1.0819917707907893,6747
Michael (2018),100,-5.158316633266534,1.6899270917086475e-20,1.0819917707907893,6747
Michael (2018),100,-5.130260521042084,5.908721290458102e-20,1.0819917707907893,6747
Michael (2018),100,-5.102204408817635,2.0224427728467175e-19,1.0819917707907893,6747
Michael (2018),100,-5.074148296593187,6.776667553937219e-19,1.0819917707907893,6747
Michael (2018),100,-5.046092184368737,2.2228662212651983e-18,1.0819917707907893,6747
Michael (2018),100,-5.018036072144288,7.13785437062235e-18,1.0819917707907893,6747
Michael (2018),100,-4.98997995991984,2.2437747521459352e-17,1.0819917707907893,6747
Michael (2018),100,-4.961923847695391,6.904751533799805e-17,1.0819917707907893,6747
Michael (2018),100,-4.933867735470942,2.0800514981351524e-16,1.0819917707907893,6747
Michael (2018),100,-4.905811623246493,6.134191999661789e-16,1.0819917707907893,6747
Michael (2018),100,-4.877755511022044,1.7709157621252056e-15,1.0819917707907893,6747
Michael (2018),100,-4.849699398797595,5.004903640690646e-15,1.0819917707907893,6747
Michael (2018),100,-4.8216432865731464,1.3846845277328528e-14,1.0819917707907893,6747
Michael (2018),100,-4.793587174348698,3.7502765101605914e-14,1.0819917707907893,6747
Michael (2018),100,-4.765531062124248,9.94335872429005e-14,1.0819917707907893,6747
Michael (2018),100,-4.7374749498997994,2.580835590755303e-13,1.0819917707907893,6747
Michael (2018),100,-4.709418837675351,6.557601809478303e-13,1.0819917707907893,6747
Michael (2018),100,-4.681362725450902,1.631125165242969e-12,1.0819917707907893,6747
Michael (2018),100,-4.653306613226453,3.971798144317704e-12,1.0819917707907893,6747
Michael (2018),100,-4.625250501002004,9.46770673571267e-12,1.0819917707907893,6747
Michael (2018),100,-4.597194388777555,2.2093286106825285e-11,1.0819917707907893,6747
Michael (2018),100,-4.569138276553106,5.0470069960954067e-11,1.0819917707907893,6747
Michael (2018),100,-4.541082164328657,1.1286669095644257e-10,1.0819917707907893,6747
Michael (2018),100,-4.513026052104209,2.470906186204851e-10,1.0819917707907893,6747
Michael (2018),100,-4.484969939879759,5.295483926607657e-10,1.0819917707907893,6747
Michael (2018),100,-4.456913827655311,1.1110009501519635e-09,1.0819917707907893,6747
Michael (2018),100,-4.428857715430862,2.2818292582256816e-09,1.0819917707907893,6747
Michael (2018),100,-4.400801603206412,4.58788473707814e-09,1.0819917707907893,6747
Michael (2018),100,-4.372745490981964,9.030324847965925e-09,1.0819917707907893,6747
Michael (2018),100,-4.344689378757515,1.7400305599302827e-08,1.0819917707907893,6747
Michael (2018),100,-4.316633266533066,3.2822706874316475e-08,1.0819917707907893,6747
Michael (2018),100,-4.2885771543086175,6.061186852615918e-08,1.0819917707907893,6747
Michael (2018),100,-4.260521042084168,1.0957434918419348e-07,1.0819917707907893,6747
Michael (2018),100,-4.232464929859719,1.9392367158314423e-07,1.0819917707907893,6747
Michael (2018),100,-4.2044088176352705,3.3599042426436325e-07,1.0819917707907893,6747
Michael (2018),100,-4.176352705410822,5.699036779468307e-07,1.0819917707907893,6747
Michael (2018),100,-4.148296593186373,9.463677845750186e-07,1.0819917707907893,6747
Michael (2018),100,-4.1202404809619235,1.538541456036113e-06,1.0819917707907893,6747
Michael (2018),100,-4.092184368737475,2.4488253578908035e-06,1.0819917707907893,6747
Michael (2018),100,-4.064128256513026,3.816072104990063e-06,1.0819917707907893,6747
Michael (2018),100,-4.036072144288577,5.822359762485196e-06,1.0819917707907893,6747
Michael (2018),100,-4.008016032064129,8.698056958731784e-06,1.0819917707907893,6747
Michael (2018),100,-3.979959919839679,1.2723530033325164e-05,1.0819917707907893,6747
Michael (2018),100,-3.9519038076152304,1.8225610057959552e-05,1.0819917707907893,6747
Michael (2018),100,-3.9238476953907817,2.5566981629046744e-05,1.0819917707907893,6747
Michael (2018),100,-3.8957915831663326,3.512710319113746e-05,1.0819917707907893,6747
Michael (2018),100,-3.867735470941884,4.727420473733399e-05,1.0819917707907893,6747
Michael (2018),100,-3.8396793587174347,6.23293309302947e-05,1.0819917707907893,6747
Michael (2018),100,-3.811623246492986,8.052517993298178e-05,1.0819917707907893,6747
Michael (2018),100,-3.783567134268537,0.00010196436470264952,1.0819917707907893,6747
Michael (2018),100,-3.755511022044088,0.00012658330850851733,1.0819917707907893,6747
Michael (2018),100,-3.7274549098196395,0.00015412883757949565,1.0819917707907893,6747
Michael (2018),100,-3.6993987975951903,0.00018415425356540135,1.0819917707907893,6747
Michael (2018),100,-3.6713426853707416,0.00021604002476385833,1.0819917707907893,6747
Michael (2018),100,-3.6432865731462925,0.0002490412677350798,1.0819917707907893,6747
Michael (2018),100,-3.6152304609218437,0.00028236026689118146,1.0819917707907893,6747
Michael (2018),100,-3.5871743486973946,0.0003152380648666871,1.0819917707907893,6747
Michael (2018),100,-3.559118236472946,0.000347055494149214,1.0819917707907893,6747
Michael (2018),100,-3.531062124248497,0.00037743173347834524,1.0819917707907893,6747
Michael (2018),100,-3.503006012024048,0.00040630813835938187,1.0819917707907893,6747
Michael (2018),100,-3.4749498997995993,0.00043400686025537395,1.0819917707907893,6747
Michael (2018),100,-3.44689378757515,0.0004612572700333362,1.0819917707907893,6747
Michael (2018),100,-3.4188376753507015,0.0004891876326557102,1.0819917707907893,6747
Michael (2018),100,-3.3907815631262523,0.000519283807640028,1.0819917707907893,6747
Michael (2018),100,-3.3627254509018036,0.0005533200139126175,1.0819917707907893,6747
Michael (2018),100,-3.3346693386773545,0.0005932683147384909,1.0819917707907893,6747
Michael (2018),100,-3.306613226452906,0.0006411934351182755,1.0819917707907893,6747
Michael (2018),100,-3.278557114228457,0.0006991383860392408,1.0819917707907893,6747
Michael (2018),100,-3.250501002004008,0.0007690050834474718,1.0819917707907893,6747
Michael (2018),100,-3.2224448897795592,0.0008524336878916337,1.0819917707907893,6747
Michael (2018),100,-3.19438877755511,0.0009506853591812951,1.0819917707907893,6747
Michael (2018),100,-3.1663326653306614,0.0010645354648237085,1.0819917707907893,6747
Michael (2018),100,-3.1382765531062122,0.001194187217076048,1.0819917707907893,6747
Michael (2018),100,-3.1102204408817635,0.0013392179306143009,1.0819917707907893,6747
Michael (2018),100,-3.0821643286573144,0.0014985701877615579,1.0819917707907893,6747
Michael (2018),100,-3.0541082164328657,0.001670597203259782,1.0819917707907893,6747
Michael (2018),100,-3.026052104208417,0.0018531655026280925,1.0819917707907893,6747
Michael (2018),100,-2.997995991983968,0.0020438096270275776,1.0819917707907893,6747
Michael (2018),100,-2.969939879759519,0.002239924789822659,1.0819917707907893,6747
Michael (2018),100,-2.94188376753507,0.0024389764443163956,1.0819917707907893,6747
Michael (2018),100,-2.9138276553106213,0.0026387024728648394,1.0819917707907893,6747
Michael (2018),100,-2.885771543086172,0.002837285113187287,1.0819917707907893,6747
Michael (2018),100,-2.8577154308617234,0.003033475413387607,1.0819917707907893,6747
Michael (2018),100,-2.8296593186372747,0.0032266613039630405,1.0819917707907893,6747
Michael (2018),100,-2.8016032064128256,0.0034168788777858886,1.0819917707907893,6747
Michael (2018),100,-2.773547094188377,0.0036047727923145738,1.0819917707907893,6747
Michael (2018),100,-2.7454909819639277,0.003791514332466169,1.0819917707907893,6747
Michael (2018),100,-2.717434869739479,0.003978684528091817,1.0819917707907893,6747
Michael (2018),100,-2.68937875751503,0.004168126293087738,1.0819917707907893,6747
Michael (2018),100,-2.661322645290581,0.004361766434099208,1.0819917707907893,6747
Michael (2018),100,-2.6332665330661325,0.004561408357542572,1.0819917707907893,6747
Michael (2018),100,-2.6052104208416833,0.004768501296096261,1.0819917707907893,6747
Michael (2018),100,-2.5771543086172346,0.0049839020057408905,1.0819917707907893,6747
Michael (2018),100,-2.5490981963927855,0.005207658091763409,1.0819917707907893,6747
Michael (2018),100,-2.5210420841683367,0.005438854460041249,1.0819917707907893,6747
Michael (2018),100,-2.4929859719438876,0.005675571007058978,1.0819917707907893,6747
Michael (2018),100,-2.464929859719439,0.005914996230826871,1.0819917707907893,6747
Michael (2018),100,-2.4368737474949898,0.006153725634442487,1.0819917707907893,6747
Michael (2018),100,-2.408817635270541,0.0063882463365642714,1.0819917707907893,6747
Michael (2018),100,-2.3807615230460923,0.006615574283974365,1.0819917707907893,6747
Michael (2018),100,-2.352705410821643,0.006833974670182273,1.0819917707907893,6747
Michael (2018),100,-2.3246492985971945,0.007043667610010785,1.0819917707907893,6747
Michael (2018),100,-2.2965931863727453,0.007247407074682629,1.0819917707907893,6747
Michael (2018),100,-2.2685370741482966,0.007450826182724519,1.0819917707907893,6747
Michael (2018),100,-2.2404809619238475,0.007662466840301944,1.0819917707907893,6747
Michael (2018),100,-2.212424849699399,0.00789345281890948,1.0819917707907893,6747
Michael (2018),100,-2.1843687374749496,0.008156815532023654,1.0819917707907893,6747
Michael (2018),100,-2.156312625250501,0.00846653208006269,1.0819917707907893,6747
Michael (2018),100,-2.1282565130260522,0.008836376900690494,1.0819917707907893,6747
Michael (2018),100,-2.100200400801603,0.009278715106396697,1.0819917707907893,6747
Michael (2018),100,-2.0721442885771544,0.009803374221707796,1.0819917707907893,6747
Michael (2018),100,-2.0440881763527052,0.010416722025809403,1.0819917707907893,6747
Michael (2018),100,-2.0160320641282565,0.011121054805056728,1.0819917707907893,6747
Michael (2018),100,-1.9879759519038078,0.011914367110260593,1.0819917707907893,6747
Michael (2018),100,-1.9599198396793582,0.012790535552527375,1.0819917707907893,6747
Michael (2018),100,-1.9318637274549095,0.013739908613412163,1.0819917707907893,6747
Michael (2018),100,-1.9038076152304608,0.014750254008029458,1.0819917707907893,6747
Michael (2018),100,-1.8757515030060121,0.015807976390206896,1.0819917707907893,6747
Michael (2018),100,-1.8476953907815634,0.016899483269649497,1.0819917707907893,6747
Michael (2018),100,-1.8196392785571138,0.01801254960449035,1.0819917707907893,6747
Michael (2018),100,-1.7915831663326651,0.019137517057085152,1.0819917707907893,6747
Michael (2018),100,-1.7635270541082164,0.020268168597080388,1.0819917707907893,6747
Michael (2018),100,-1.7354709418837677,0.021402148124424158,1.0819917707907893,6747
Michael (2018),100,-1.707414829659319,0.02254084963866156,1.0819917707907893,6747
Michael (2018),100,-1.6793587174348694,0.02368877716270543,1.0819917707907893,6747
Michael (2018),100,-1.6513026052104207,0.02485246468821808,1.0819917707907893,6747
Michael (2018),100,-1.623246492985972,0.02603912903510705,1.0819917707907893,6747
Michael (2018),100,-1.5951903807615233,0.027255289514294765,1.0819917707907893,6747
Michael (2018),100,-1.5671342685370737,0.02850561039112208,1.0819917707907893,6747
Michael (2018),100,-1.539078156312625,0.029792195605319535,1.0819917707907893,6747
Michael (2018),100,-1.5110220440881763,0.031114490227738413,1.0819917707907893,6747
Michael (2018),100,-1.4829659318637276,0.03246983115065126,1.0819917707907893,6747
Michael (2018),100,-1.454909819639279,0.03385456154016093,1.0819917707907893,6747
Michael (2018),100,-1.4268537074148293,0.035265505955803106,1.0819917707907893,6747
Michael (2018),100,-1.3987975951903806,0.03670152140430479,1.0819917707907893,6747
Michael (2018),100,-1.370741482965932,0.03816481270893016,1.0819917707907893,6747
Michael (2018),100,-1.3426853707414832,0.03966173561634162,1.0819917707907893,6747
Michael (2018),100,-1.3146292585170336,0.04120290165687231,1.0819917707907893,6747
Michael (2018),100,-1.286573146292585,0.042802526386534014,1.0819917707907893,6747
Michael (2018),100,-1.2585170340681362,0.04447710094412543,1.0819917707907893,6747
Michael (2018),100,-1.2304609218436875,0.0462435879313737,1.0819917707907893,6747
Michael (2018),100,-1.2024048096192388,0.0481174233208496,1.0819917707907893,6747
Michael (2018),100,-1.1743486973947892,0.050110632959135655,1.0819917707907893,6747
Michael (2018),100,-1.1462925851703405,0.05223034378801776,1.0819917707907893,6747
Michael (2018),100,-1.1182364729458918,0.05447789594568772,1.0819917707907893,6747
Michael (2018),100,-1.090180360721443,0.056848660209909835,1.0819917707907893,6747
Michael (2018),100,-1.0621242484969944,0.05933255681575462,1.0819917707907893,6747
Michael (2018),100,-1.0340681362725448,0.061915175897590116,1.0819917707907893,6747
Michael (2018),100,-1.006012024048096,0.0645793306441469,1.0819917707907893,6747
Michael (2018),100,-0.9779559118236474,0.06730683837895175,1.0819917707907893,6747
Michael (2018),100,-0.9498997995991987,0.07008032162104762,1.0819917707907893,6747
Michael (2018),100,-0.9218436873747491,0.07288484463018947,1.0819917707907893,6747
Michael (2018),100,-0.8937875751503004,0.07570924186771996,1.0819917707907893,6747
Michael (2018),100,-0.8657314629258517,0.07854704363357233,1.0819917707907893,6747
Michael (2018),100,-0.837675350701403,0.08139695282017052,1.0819917707907893,6747
Michael (2018),100,-0.8096192384769543,0.08426286977882334,1.0819917707907893,6747
Michael (2018),100,-0.7815631262525047,0.08715349696167618,1.0819917707907893,6747
Michael (2018),100,-0.753507014028056,0.09008158072232414,1.0819917707907893,6747
Michael (2018),100,-0.7254509018036073,0.09306286526460938,1.0819917707907893,6747
Michael (2018),100,-0.6973947895791586,0.0961148446656,1.0819917707907893,6747
Michael (2018),100,-0.669338677354709,0.09925540464433984,1.0819917707907893,6747
Michael (2018),100,-0.6412825651302603,0.10250144748567137,1.0819917707907893,6747
Michael (2018),100,-0.6132264529058116,0.10586759198372162,1.0819917707907893,6747
Michael (2018),100,-0.5851703406813629,0.10936503562408208,1.0819917707907893,6747
Michael (2018),100,-0.5571142284569142,0.11300065806298977,1.0819917707907893,6747
Michael (2018),100,-0.5290581162324646,0.1167764323070467,1.0819917707907893,6747
Michael (2018),100,-0.5010020040080159,0.12068919152814564,1.0819917707907893,6747
Michael (2018),100,-0.47294589178356716,0.12473077401163417,1.0819917707907893,6747
Michael (2018),100,-0.44488977955911846,0.1288885361191584,1.0819917707907893,6747
Michael (2018),100,-0.41683366733466887,0.13314618494193042,1.0819917707907893,6747
Michael (2018),100,-0.38877755511022016,0.1374848425409947,1.0819917707907893,6747
Michael (2018),100,-0.36072144288577146,0.14188421876654653,1.0819917707907893,6747
Michael (2018),100,-0.33266533066132276,0.14632374762680583,1.0819917707907893,6747
Michael (2018),100,-0.30460921843687405,0.1507835408413877,1.0819917707907893,6747
Michael (2018),100,-0.27655310621242446,0.15524503682489174,1.0819917707907893,6747
Michael (2018),100,-0.24849699398797576,0.15969127433150318,1.0819917707907893,6747
Michael (2018),100,-0.22044088176352705,0.1641067914668374,1.0819917707907893,6747
Michael (2018),100,-0.19238476953907835,0.16847723054717414,1.0819917707907893,6747
Michael (2018),100,-0.16432865731462876,0.17278880068403016,1.0819917707907893,6747
Michael (2018),100,-0.13627254509018005,0.17702779531975957,1.0819917707907893,6747
Michael (2018),100,-0.10821643286573135,0.18118036700322263,1.0819917707907893,6747
Michael (2018),100,-0.08016032064128265,0.18523271996760943,1.0819917707907893,6747
Michael (2018),100,-0.05210420841683394,0.1891717966694364,1.0819917707907893,6747
Michael (2018),100,-0.02404809619238435,0.192986422566778,1.0819917707907893,6747
Michael (2018),100,0.004008016032064354,0.1966687578821201,1.0819917707907893,6747
Michael (2018),100,0.03206412825651306,0.2002158132659886,1.0819917707907893,6747
Michael (2018),100,0.06012024048096176,0.20363074235529055,1.0819917707907893,6747
Michael (2018),100,0.08817635270541047,0.20692364265356797,1.0819917707907893,6747
Michael (2018),100,0.11623246492986006,0.210111676956645,1.0819917707907893,6747
Michael (2018),100,0.14428857715430876,0.21321845502638864,1.0819917707907893,6747
Michael (2018),100,0.17234468937875747,0.21627276090501585,1.0819917707907893,6747
Michael (2018),100,0.20040080160320617,0.21930684052579383,1.0819917707907893,6747
Michael (2018),100,0.22845691382765576,0.22235454513326375,1.0819917707907893,6747
Michael (2018),100,0.25651302605210446,0.22544963785073166,1.0819917707907893,6747
Michael (2018),100,0.28456913827655317,0.22862451033099282,1.0819917707907893,6747
Michael (2018),100,0.3126252505010019,0.23190943957771407,1.0819917707907893,6747
Michael (2018),100,0.3406813627254506,0.2353323727513834,1.0819917707907893,6747
Michael (2018),100,0.36873747494990017,0.23891909811634127,1.0819917707907893,6747
Michael (2018),100,0.39679358717434887,0.2426935777470683,1.0819917707907893,6747
Michael (2018),100,0.4248496993987976,0.24667820324886505,1.0819917707907893,6747
Michael (2018),100,0.4529058116232463,0.25089379085882296,1.0819917707907893,6747
Michael (2018),100,0.48096192384769587,0.2553592377351732,1.0819917707907893,6747
Michael (2018),100,0.5090180360721446,0.2600908828179615,1.0819917707907893,6747
Michael (2018),100,0.5370741482965933,0.2651017141911257,1.0819917707907893,6747
Michael (2018),100,0.565130260521042,0.27040060823269885,1.0819917707907893,6747
Michael (2018),100,0.5931863727454907,0.27599175912150037,1.0819917707907893,6747
Michael (2018),100,0.6212424849699403,0.28187436825781353,1.0819917707907893,6747
Michael (2018),100,0.649298597194389,0.2880425409032091,1.0819917707907893,6747
Michael (2018),100,0.6773547094188377,0.2944852240545854,1.0819917707907893,6747
Michael (2018),100,0.7054108216432864,0.30118595788035674,1.0819917707907893,6747
Michael (2018),100,0.7334669338677351,0.3081222323709145,1.0819917707907893,6747
Michael (2018),100,0.7615230460921847,0.3152643468995357,1.0819917707907893,6747
Michael (2018),100,0.7895791583166334,0.32257384132623806,1.0819917707907893,6747
Michael (2018),100,0.8176352705410821,0.3300017581496228,1.0819917707907893,6747
Michael (2018),100,0.8456913827655308,0.3374871497764993,1.0819917707907893,6747
Michael (2018),100,0.8737474949899804,0.3449563118454109,1.0819917707907893,6747
Michael (2018),100,0.9018036072144291,0.35232317197671165,1.0819917707907893,6747
Michael (2018),100,0.9298597194388778,0.35949109392931106,1.0819917707907893,6747
Michael (2018),100,0.9579158316633265,0.3663561038872682,1.0819917707907893,6747
Michael (2018),100,0.9859719438877752,0.3728112681352808,1.0819917707907893,6747
Michael (2018),100,1.0140280561122248,0.37875171948984093,1.0819917707907893,6747
Michael (2018),100,1.0420841683366735,0.3840797042248889,1.0819917707907893,6747
Michael (2018),100,1.0701402805611222,0.38870903612306473,1.0819917707907893,6747
Michael (2018),100,1.098196392785571,0.39256849713882225,1.0819917707907893,6747
Michael (2018),100,1.1262525050100205,0.39560397538232467,1.0819917707907893,6747
Michael (2018),100,1.1543086172344692,0.3977794142643499,1.0819917707907893,6747
Michael (2018),100,1.182364729458918,0.39907688616648895,1.0819917707907893,6747
Michael (2018),100,1.2104208416833666,0.39949623579304705,1.0819917707907893,6747
Michael (2018),100,1.2384769539078153,0.39905472707888207,1.0819917707907893,6747
Michael (2018),100,1.266533066132265,0.3977869761876889,1.0819917707907893,6747
Michael (2018),100,1.2945891783567136,0.3957452024268979,1.0819917707907893,6747
Michael (2018),100,1.3226452905811623,0.39299954668577675,1.0819917707907893,6747
Michael (2018),100,1.350701402805611,0.38963797105297265,1.0819917707907893,6747
Michael (2018),100,1.3787575150300606,0.3857651319750513,1.0819917707907893,6747
Michael (2018),100,1.4068136272545093,0.38149965515586337,1.0819917707907893,6747
Michael (2018),100,1.434869739478958,0.3769694399954706,1.0819917707907893,6747
Michael (2018),100,1.4629258517034067,0.37230495398289143,1.0819917707907893,6747
Michael (2018),100,1.4909819639278554,0.3676308815837667,1.0819917707907893,6747
Michael (2018),100,1.519038076152305,0.3630568882863468,1.0819917707907893,6747
Michael (2018),100,1.5470941883767537,0.3586685669552992,1.0819917707907893,6747
Michael (2018),100,1.5751503006012024,0.3545197826185832,1.0819917707907893,6747
Michael (2018),100,1.6032064128256511,0.35062758221811846,1.0819917707907893,6747
Michael (2018),100,1.6312625250501007,0.34697058164678485,1.0819917707907893,6747
Michael (2018),100,1.6593186372745494,0.34349131466395305,1.0819917707907893,6747
Michael (2018),100,1.6873747494989981,0.34010249092945827,1.0819917707907893,6747
Michael (2018),100,1.7154308617234468,0.3366965498613476,1.0819917707907893,6747
Michael (2018),100,1.7434869739478955,0.33315740750979306,1.0819917707907893,6747
Michael (2018),100,1.7715430861723451,0.32937296017301515,1.0819917707907893,6747
Michael (2018),100,1.7995991983967938,0.32524679083623464,1.0819917707907893,6747
Michael (2018),100,1.8276553106212425,0.3207076452713858,1.0819917707907893,6747
Michael (2018),100,1.8557114228456912,0.3157155841012585,1.0819917707907893,6747
Michael (2018),100,1.88376753507014,0.3102642166060762,1.0819917707907893,6747
Michael (2018),100,1.9118236472945895,0.30437899507247734,1.0819917707907893,6747
Michael (2018),100,1.9398797595190382,0.29811209778422193,1.0819917707907893,6747
Michael (2018),100,1.967935871743487,0.2915348651650108,1.0819917707907893,6747
Michael (2018),100,1.9959919839679356,0.28472901266586687,1.0819917707907893,6747
Michael (2018),100,2.0240480961923843,0.27777789670858183,1.0819917707907893,6747
Michael (2018),100,2.052104208416834,0.27075896542262146,1.0819917707907893,6747
Michael (2018),100,2.0801603206412835,0.26373822595828733,1.0819917707907893,6747
Michael (2018),100,2.1082164328657313,0.2567671683390388,1.0819917707907893,6747
Michael (2018),100,2.136272545090181,0.24988217323612344,1.0819917707907893,6747
Michael (2018),100,2.1643286573146288,0.24310606306153462,1.0819917707907893,6747
Michael (2018),100,2.1923847695390783,0.236451182008077,1.0819917707907893,6747
Michael (2018),100,2.220440881763528,0.22992323977509846,1.0819917707907893,6747
Michael (2018),100,2.2484969939879758,0.22352513278502203,1.0819917707907893,6747
Michael (2018),100,2.2765531062124253,0.21726005408613155,1.0819917707907893,6747
Michael (2018),100,2.304609218436873,0.211133393234434,1.0819917707907893,6747
Michael (2018),100,2.3326653306613228,0.20515317582818646,1.0819917707907893,6747
Michael (2018),100,2.3607214428857723,0.1993290605928419,1.0819917707907893,6747
Michael (2018),100,2.38877755511022,0.1936701617256203,1.0819917707907893,6747
Michael (2018),100,2.4168336673346698,0.1881821613371583,1.0819917707907893,6747
Michael (2018),100,2.4448897795591176,0.1828642945939906,1.0819917707907893,6747
Michael (2018),100,2.472945891783567,0.17770681280886147,1.0819917707907893,6747
Michael (2018),100,2.5010020040080168,0.17268945496555874,1.0819917707907893,6747
Michael (2018),100,2.5290581162324646,0.16778129826724672,1.0819917707907893,6747
Michael (2018),100,2.557114228456914,0.1629421389641578,1.0819917707907893,6747
Michael (2018),100,2.585170340681362,0.1581253115156114,1.0819917707907893,6747
Michael (2018),100,2.6132264529058116,0.15328162680297,1.0819917707907893,6747
Michael (2018),100,2.641282565130261,0.14836393564423322,1.0819917707907893,6747
Michael (2018),100,2.669338677354709,0.1433317298708463,1.0819917707907893,6747
Michael (2018),100,2.6973947895791586,0.13815519287068595,1.0819917707907893,6747
Michael (2018),100,2.725450901803608,0.1328182012493696,1.0819917707907893,6747
Michael (2018),100,2.753507014028056,0.12731993999561167,1.0819917707907893,6747
Michael (2018),100,2.7815631262525056,0.12167499475800074,1.0819917707907893,6747
Michael (2018),100,2.8096192384769534,0.11591199106248523,1.0819917707907893,6747
Michael (2018),100,2.837675350701403,0.110071028157285,1.0819917707907893,6747
Michael (2018),100,2.8657314629258526,0.10420027965684785,1.0819917707907893,6747
Michael (2018),100,2.8937875751503004,0.09835219160072003,1.0819917707907893,6747
Michael (2018),100,2.92184368737475,0.09257970157053431,1.0819917707907893,6747
Michael (2018),100,2.949899799599198,0.08693284196417059,1.0819917707907893,6747
Michael (2018),100,2.9779559118236474,0.08145599517822985,1.0819917707907893,6747
Michael (2018),100,3.006012024048097,0.07618595879761808,1.0819917707907893,6747
Michael (2018),100,3.034068136272545,0.0711508725604476,1.0819917707907893,6747
Michael (2018),100,3.0621242484969944,0.0663699677584494,1.0819917707907893,6747
Michael (2018),100,3.090180360721442,0.06185402942968528,1.0819917707907893,6747
Michael (2018),100,3.118236472945892,0.05760641285843302,1.0819917707907893,6747
Michael (2018),100,3.1462925851703414,0.05362442672589426,1.0819917707907893,6747
Michael (2018),100,3.174348697394789,0.049900883912772837,1.0819917707907893,6747
Michael (2018),100,3.202404809619239,0.046425626878829465,1.0819917707907893,6747
Michael (2018),100,3.2304609218436866,0.04318685827691661,1.0819917707907893,6747
Michael (2018),100,3.258517034068136,0.04017214919387198,1.0819917707907893,6747
Michael (2018),100,3.286573146292586,0.037369055053556,1.0819917707907893,6747
Michael (2018),100,3.3146292585170336,0.034765336953076334,1.0819917707907893,6747
Michael (2018),100,3.342685370741483,0.03234885438199428,1.0819917707907893,6747
Michael (2018),100,3.370741482965933,0.030107251909296383,1.0819917707907893,6747
Michael (2018),100,3.3987975951903806,0.028027595961321598,1.0819917707907893,6747
Michael (2018),100,3.42685370741483,0.026096120328859794,1.0819917707907893,6747
Michael (2018),100,3.454909819639278,0.024298208787550367,1.0819917707907893,6747
Michael (2018),100,3.4829659318637276,0.02261868565939545,1.0819917707907893,6747
Michael (2018),100,3.511022044088177,0.02104241206148582,1.0819917707907893,6747
Michael (2018),100,3.539078156312625,0.01955511243224412,1.0819917707907893,6747
Michael (2018),100,3.5671342685370746,0.01814429818898682,1.0819917707907893,6747
Michael (2018),100,3.5951903807615224,0.016800124978232633,1.0819917707907893,6747
Michael (2018),100,3.623246492985972,0.015516022673954563,1.0819917707907893,6747
Michael (2018),100,3.6513026052104216,0.01428897163401457,1.0819917707907893,6747
Michael (2018),100,3.6793587174348694,0.013119356926774106,1.0819917707907893,6747
Michael (2018),100,3.707414829659319,0.01201040225788457,1.0819917707907893,6747
Michael (2018),100,3.735470941883767,0.01096725378704176,1.0819917707907893,6747
Michael (2018),100,3.7635270541082164,0.00999583899203074,1.0819917707907893,6747
Michael (2018),100,3.791583166332666,0.009101658783154241,1.0819917707907893,6747
Michael (2018),100,3.819639278557114,0.008288678288644697,1.0819917707907893,6747
Michael (2018),100,3.8476953907815634,0.007558463723898394,1.0819917707907893,6747
Michael (2018),100,3.8757515030060112,0.0069096738576157335,1.0819917707907893,6747
Michael (2018),100,3.903807615230461,0.006337961685085234,1.0819917707907893,6747
Michael (2018),100,3.9318637274549104,0.005836283212932202,1.0819917707907893,6747
Michael (2018),100,3.9599198396793582,0.005395554139080751,1.0819917707907893,6747
Michael (2018),100,3.987975951903808,0.00500554930284009,1.0819917707907893,6747
Michael (2018),100,4.016032064128257,0.0046559101385612615,1.0819917707907893,6747
Michael (2018),100,4.044088176352705,0.004337115784768153,1.0819917707907893,6747
Michael (2018),100,4.072144288577155,0.0040412849749372586,1.0819917707907893,6747
Michael (2018),100,4.100200400801603,0.0037627063085885768,1.0819917707907893,6747
Michael (2018),100,4.128256513026052,0.003498039024332192,1.0819917707907893,6747
Michael (2018),100,4.156312625250502,0.0032461778037974932,1.0819917707907893,6747
Michael (2018),100,4.18436873747495,0.003007825184910752,1.0819917707907893,6747
Michael (2018),100,4.212424849699399,0.0027848559643544025,1.0819917707907893,6747
Michael (2018),100,4.240480961923847,0.0025795833986061796,1.0819917707907893,6747
Michael (2018),100,4.268537074148297,0.0023940437942118697,1.0819917707907893,6747
Michael (2018),100,4.296593186372746,0.002229404278421066,1.0819917707907893,6747
Michael (2018),100,4.324649298597194,0.0020855713864813548,1.0819917707907893,6747
Michael (2018),100,4.352705410821644,0.001961041179510323,1.0819917707907893,6747
Michael (2018),100,4.3807615230460915,0.0018529916764783618,1.0819917707907893,6747
Michael (2018),100,4.408817635270541,0.0017575820765410412,1.0819917707907893,6747
Michael (2018),100,4.436873747494991,0.001670395930868631,1.0819917707907893,6747
Michael (2018),100,4.4649298597194385,0.0015869504273316921,1.0819917707907893,6747
Michael (2018),100,4.492985971943888,0.001503192255469807,1.0819917707907893,6747
Michael (2018),100,4.521042084168338,0.0014159108756015186,1.0819917707907893,6747
Michael (2018),100,4.5490981963927855,0.001323019430184207,1.0819917707907893,6747
Michael (2018),100,4.577154308617235,0.0012236779641890338,1.0819917707907893,6747
Michael (2018),100,4.605210420841683,0.0011182587454161843,1.0819917707907893,6747
Michael (2018),100,4.6332665330661325,0.0010081754182904518,1.0819917707907893,6747
Michael (2018),100,4.661322645290582,0.0008956136078252532,1.0819917707907893,6747
Michael (2018),100,4.68937875751503,0.0007832088644647591,1.0819917707907893,6747
Michael (2018),100,4.7174348697394795,0.0006737183578971371,1.0819917707907893,6747
Michael (2018),100,4.745490981963927,0.0005697265772438262,1.0819917707907893,6747
Michael (2018),100,4.773547094188377,0.00047341444885627205,1.0819917707907893,6747
Michael (2018),100,4.8016032064128265,0.00038640814201098184,1.0819917707907893,6747
Michael (2018),100,4.829659318637274,0.0003097107601775961,1.0819917707907893,6747
Michael (2018),100,4.857715430861724,0.00024370904751569238,1.0819917707907893,6747
Michael (2018),100,4.885771543086172,0.0001882394352575394,1.0819917707907893,6747
Michael (2018),100,4.913827655310621,0.00014269370446550286,1.0819917707907893,6747
Michael (2018),100,4.941883767535071,0.00010614404609623129,1.0819917707907893,6747
Michael (2018),100,4.969939879759519,7.746963363752019e-05,1.0819917707907893,6747
Michael (2018),100,4.997995991983968,5.54709826082505e-05,1.0819917707907893,6747
Michael (2018),100,5.026052104208416,3.89633025381598e-05,1.0819917707907893,6747
Michael (2018),100,5.054108216432866,2.6844840385338744e-05,1.0819917707907893,6747
Michael (2018),100,5.082164328657315,1.8140218977804947e-05,1.0819917707907893,6747
Michael (2018),100,5.110220440881763,1.2021639420051354e-05,1.0819917707907893,6747
Michael (2018),100,5.138276553106213,7.812467829231491e-06,1.0819917707907893,6747
Michael (2018),100,5.166332665330662,4.97829852550331e-06,1.0819917707907893,6747
Michael (2018),100,5.19438877755511,3.110336241668852e-06,1.0819917707907893,6747
Michael (2018),100,5.22244488977956,1.9051701802474433e-06,1.0819917707907893,6747
Michael (2018),100,5.2505010020040075,1.1440034263323636e-06,1.0819917707907893,6747
Michael (2018),100,5.278557114228457,6.733732851675385e-07,1.0819917707907893,6747
Michael (2018),100,5.306613226452907,3.8849747280972814e-07,1.0819917707907893,6747
Michael (2018),100,5.3346693386773545,2.1968172920927793e-07,1.0819917707907893,6747
Michael (2018),100,5.362725450901804,1.217429283268942e-07,1.0819917707907893,6747
Michael (2018),100,5.390781563126252,6.61164123492478e-08,1.0819917707907893,6747
Michael (2018),100,5.4188376753507015,3.5185463875242234e-08,1.0819917707907893,6747
Michael (2018),100,5.446893787575151,1.8347613721816178e-08,1.0819917707907893,6747
Michael (2018),100,5.474949899799599,9.374177470196577e-09,1.0819917707907893,6747
Michael (2018),100,5.5030060120240485,4.692455309362474e-09,1.0819917707907893,6747
Michael (2018),100,5.531062124248496,2.3012180669287097e-09,1.0819917707907893,6747
Michael (2018),100,5.559118236472946,1.1055654865353946e-09,1.0819917707907893,6747
Michael (2018),100,5.5871743486973955,5.203071371787508e-10,1.0819917707907893,6747
Michael (2018),100,5.615230460921843,2.3986361147507587e-10,1.0819917707907893,6747
Michael (2018),100,5.643286573146293,1.0831284868350503e-10,1.0819917707907893,6747
Michael (2018),100,5.6713426853707425,4.790594621949499e-11,1.0819917707907893,6747
Michael (2018),100,5.69939879759519,2.0752792125864373e-11,1.0819917707907893,6747
Michael (2018),100,5.72745490981964,8.80493468940278e-12,1.0819917707907893,6747
Michael (2018),100,5.755511022044088,3.658676398939087e-12,1.0819917707907893,6747
Michael (2018),100,5.783567134268537,1.4888700280619447e-12,1.0819917707907893,6747
Michael (2018),100,5.811623246492987,5.933514902843634e-13,1.0819917707907893,6747
Michael (2018),100,5.839679358717435,2.3156776317750693e-13,1.0819917707907893,6747
Michael (2018),100,5.867735470941884,8.85001696317117e-14,1.0819917707907893,6747
Michael (2018),100,5.895791583166332,3.3120730263463225e-14,1.0819917707907893,6747
Michael (2018),100,5.923847695390782,1.2137690292963545e-14,1.0819917707907893,6747
Michael (2018),100,5.951903807615231,4.355557445981262e-15,1.0819917707907893,6747
Michael (2018),100,5.979959919839679,1.5304346713339546e-15,1.0819917707907893,6747
Michael (2018),100,6.008016032064129,5.265523831286197e-16,1.0819917707907893,6747
Michael (2018),100,6.0360721442885765,1.7738505372212048e-16,1.0819917707907893,6747
Michael (2018),100,6.064128256513026,5.851059814079476e-17,1.0819917707907893,6747
Michael (2018),100,6.092184368737476,1.8896788886579718e-17,1.0819917707907893,6747
Michael (2018),100,6.1202404809619235,5.975465828989336e-18,1.0819917707907893,6747
Michael (2018),100,6.148296593186373,1.8500375198299155e-18,1.0819917707907893,6747
Michael (2018),100,6.176352705410821,5.608018373102261e-19,1.0819917707907893,6747
Michael (2018),100,6.2044088176352705,1.6643854260389766e-19,1.0819917707907893,6747
Michael (2018),100,6.23246492985972,4.8362612865919353e-20,1.0819917707907893,6747
Michael (2018),100,6.260521042084168,1.3758563078234058e-20,1.0819917707907893,6747
Michael (2018),100,6.2885771543086175,3.832130164933447e-21,1.0819917707907893,6747
Michael (2018),100,6.316633266533067,1.044979852352246e-21,1.0819917707907893,6747
Michael (2018),100,6.344689378757515,2.7897992954872476e-22,1.0819917707907893,6747
Michael (2018),100,6.3727454909819645,7.291762156563325e-23,1.0819917707907893,6747
Michael (2018),100,6.400801603206412,1.8658805703479872e-23,1.0819917707907893,6747
Michael (2018),100,6.428857715430862,4.674385456775268e-24,1.0819917707907893,6747
Michael (2018),100,6.4569138276553115,1.1464423800619288e-24,1.0819917707907893,6747
Michael (2018),100,6.484969939879759,2.752737747266146e-25,1.0819917707907893,6747
Michael (2018),100,6.513026052104209,6.470835534022012e-26,1.0819917707907893,6747
Michael (2018),100,6.541082164328657,1.4891449311191347e-26,1.0819917707907893,6747
Michael (2018),100,6.569138276553106,3.355003317627218e-27,1.0819917707907893,6747
Michael (2018),100,6.597194388777556,7.399915196192831e-28,1.0819917707907893,6747
Michael (2018),100,6.625250501002004,1.5978531747472445e-28,1.0819917707907893,6747
Michael (2018),100,6.653306613226453,3.377707029364063e-29,1.0819917707907893,6747
Michael (2018),100,6.681362725450901,6.99005843491963e-30,1.0819917707907893,6747
Michael (2018),100,6.709418837675351,1.4161595559102645e-30,1.0819917707907893,6747
Michael (2018),100,6.7374749498998,2.808762614373396e-31,1.0819917707907893,6747
Michael (2018),100,6.765531062124248,5.453663604068763e-32,1.0819917707907893,6747
Michael (2018),100,6.793587174348698,1.0366476887390912e-32,1.0819917707907893,6747
Michael (2018),100,6.821643286573146,1.929046436120725e-33,1.0819917707907893,6747
Michael (2018),100,6.849699398797595,3.5141640896201552e-34,1.0819917707907893,6747
Michael (2018),100,6.877755511022045,6.267127059931503e-35,1.0819917707907893,6747
Michael (2018),100,6.905811623246493,1.0941613708313816e-35,1.0819917707907893,6747
Michael (2018),100,6.933867735470942,1.8700793183025887e-36,1.0819917707907893,6747
Michael (2018),100,6.961923847695392,3.1289876506410377e-37,1.0819917707907893,6747
Michael (2018),100,6.98997995991984,5.125217350684988e-38,1.0819917707907893,6747
Michael (2018),100,7.018036072144289,8.218353669842411e-39,1.0819917707907893,6747
Michael (2018),100,7.046092184368737,1.2900929046552164e-39,1.0819917707907893,6747
Michael (2018),100,7.074148296593187,1.9825325273521642e-40,1.0819917707907893,6747
Michael (2018),100,7.102204408817636,2.9825134923553573e-41,1.0819917707907893,6747
Michael (2018),100,7.130260521042084,4.392450622952723e-42,1.0819917707907893,6747
Michael (2018),100,7.158316633266534,6.332765067772998e-43,1.0819917707907893,6747
Michael (2018),100,7.186372745490981,8.938024701186471e-44,1.0819917707907893,6747
Michael (2018),100,7.214428857715431,1.23495490550605e-44,1.0819917707907893,6747
Michael (2018),100,7.242484969939881,1.670404826802861e-45,1.0819917707907893,6747
Michael (2018),100,7.270541082164328,2.2118373779431742e-46,1.0819917707907893,6747
Michael (2018),100,7.298597194388778,2.867115712012379e-47,1.0819917707907893,6747
Michael (2018),100,7.326653306613226,3.638292305288913e-48,1.0819917707907893,6747
Michael (2018),100,7.354709418837675,4.5197048931014194e-49,1.0819917707907893,6747
Michael (2018),100,7.382765531062125,5.4964526869080035e-50,1.0819917707907893,6747
Michael (2018),100,7.410821643286573,6.54356838813747e-51,1.0819917707907893,6747
Michael (2018),100,7.438877755511022,7.626167866832568e-52,1.0819917707907893,6747
Michael (2018),100,7.46693386773547,8.700765772105784e-53,1.0819917707907893,6747
Michael (2018),100,7.49498997995992,9.717797509752322e-54,1.0819917707907893,6747
Michael (2018),100,7.523046092184369,1.0625205160346811e-54,1.0819917707907893,6747
Michael (2018),100,7.551102204408817,1.1372757645177384e-55,1.0819917707907893,6747
Michael (2018),100,7.579158316633267,1.1916620352162667e-56,1.0819917707907893,6747
Michael (2018),100,7.607214428857716,1.2223601098836549e-57,1.0819917707907893,6747
Michael (2018),100,7.635270541082164,1.2274501830266516e-58,1.0819917707907893,6747
Michael (2018),100,7.663326653306614,1.2066105655929296e-59,1.0819917707907893,6747
Michael (2018),100,7.691382765531062,1.1611513302328518e-60,1.0819917707907893,6747
Michael (2018),100,7.719438877755511,1.09387800620621e-61,1.0819917707907893,6747
Michael (2018),100,7.747494989979961,1.0088050405088967e-62,1.0819917707907893,6747
Michael (2018),100,7.775551102204409,9.107597087690308e-64,1.0819917707907893,6747
Michael (2018),100,7.803607214428858,8.04930751683028e-65,1.0819917707907893,6747
Michael (2018),100,7.831663326653306,6.964201194677409e-66,1.0819917707907893,6747
Michael (2018),100,7.859719438877756,5.8985072699234816e-67,1.0819917707907893,6747
Michael (2018),100,7.887775551102205,4.890698527478322e-68,1.0819917707907893,6747
Michael (2018),100,7.915831663326653,3.969699008556603e-69,1.0819917707907893,6747
Michael (2018),100,7.943887775551103,3.1542936994424295e-70,1.0819917707907893,6747
Michael (2018),100,7.97194388777555,2.4536041445181335e-71,1.0819917707907893,6747
Michael (2018),100,8.0,1.868377553082085e-72,1.0819917707907893,6747
Imelda (2019),10,-6.0,9.279479260526367e-16,3.3997464112569182,9399
Imelda (2019),10,-5.971943887775551,1.709224016141765e-15,3.3997464112569182,9399
Imelda (2019),10,-5.943887775551103,3.12924040154967e-15,3.3997464112569182,9399
Imelda (2019),10,-5.915831663326653,5.688837213379931e-15,3.3997464112569182,9399
Imelda (2019),10,-5.887775551102204,1.0266873193860668e-14,3.3997464112569182,9399
Imelda (2019),10,-5.859719438877756,1.83929696768946e-14,3.3997464112569182,9399
Imelda (2019),10,-5.831663326653307,3.270815546871405e-14,3.3997464112569182,9399
Imelda (2019),10,-5.803607214428857,5.77362491074599e-14,3.3997464112569182,9399
Imelda (2019),10,-5.775551102204409,1.0116466782560787e-13,3.3997464112569182,9399
Imelda (2019),10,-5.74749498997996,1.7595307892227052e-13,3.3997464112569182,9399
Imelda (2019),10,-5.719438877755511,3.0377544885296625e-13,3.3997464112569182,9399
Imelda (2019),10,-5.6913827655310625,5.205906699877499e-13,3.3997464112569182,9399
Imelda (2019),10,-5.663326653306613,8.855806949555854e-13,3.3997464112569182,9399
Imelda (2019),10,-5.635270541082164,1.4953681014501991e-12,3.3997464112569182,9399
Imelda (2019),10,-5.6072144288577155,2.5064351544987353e-12,3.3997464112569182,9399
Imelda (2019),10,-5.579158316633267,4.1701667451390484e-12,3.3997464112569182,9399
Imelda (2019),10,-5.551102204408817,6.88714414598332e-12,3.3997464112569182,9399
Imelda (2019),10,-5.5230460921843685,1.1290520677655145e-11,3.3997464112569182,9399
Imelda (2019),10,-5.49498997995992,1.8372915620140368e-11,3.3997464112569182,9399
Imelda (2019),10,-5.466933867735471,2.96778064142294e-11,3.3997464112569182,9399
Imelda (2019),10,-5.438877755511022,4.7585588852326024e-11,3.3997464112569182,9399
Imelda (2019),10,-5.410821643286573,7.573722554364654e-11,3.3997464112569182,9399
Imelda (2019),10,-5.382765531062124,1.1965587517695165e-10,3.3997464112569182,9399
Imelda (2019),10,-5.354709418837675,1.8765053034183283e-10,3.3997464112569182,9399
Imelda (2019),10,-5.326653306613227,2.9211723721464747e-10,3.3997464112569182,9399
Imelda (2019),10,-5.298597194388778,4.5139498648202725e-10,3.3997464112569182,9399
Imelda (2019),10,-5.270541082164328,6.923872013852976e-10,3.3997464112569182,9399
Imelda (2019),10,-5.24248496993988,1.0542284772010173e-09,3.3997464112569182,9399
Imelda (2019),10,-5.214428857715431,1.5933625091550588e-09,3.3997464112569182,9399
Imelda (2019),10,-5.186372745490982,2.3905035230584535e-09,3.3997464112569182,9399
Imelda (2019),10,-5.158316633266534,3.5600820983514127e-09,3.3997464112569182,9399
Imelda (2019),10,-5.130260521042084,5.262928278596506e-09,3.3997464112569182,9399
Imelda (2019),10,-5.102204408817635,7.723120093156256e-09,3.3997464112569182,9399
Imelda (2019),10,-5.074148296593187,1.1250121720119427e-08,3.3997464112569182,9399
Imelda (2019),10,-5.046092184368737,1.6267547199410583e-08,3.3997464112569182,9399
Imelda (2019),10,-5.018036072144288,2.335010368820714e-08,3.3997464112569182,9399
Imelda (2019),10,-4.98997995991984,3.327047878400109e-08,3.3997464112569182,9399
Imelda (2019),10,-4.961923847695391,4.705811983868163e-08,3.3997464112569182,9399
Imelda (2019),10,-4.933867735470942,6.607198359995517e-08,3.3997464112569182,9399
Imelda (2019),10,-4.905811623246493,9.208937957377187e-08,3.3997464112569182,9399
Imelda (2019),10,-4.877755511022044,1.274129516290642e-07,3.3997464112569182,9399
Imelda (2019),10,-4.849699398797595,1.7499759588383637e-07,3.3997464112569182,9399
Imelda (2019),10,-4.8216432865731464,2.3859865211197094e-07,3.3997464112569182,9399
Imelda (2019),10,-4.793587174348698,3.229419842803168e-07,3.3997464112569182,9399
Imelda (2019),10,-4.765531062124248,4.339155415005647e-07,3.3997464112569182,9399
Imelda (2019),10,-4.7374749498997994,5.787806320981788e-07,3.3997464112569182,9399
Imelda (2019),10,-4.709418837675351,7.663994360742864e-07,3.3997464112569182,9399
Imelda (2019),10,-4.681362725450902,1.0074732346632598e-06,3.3997464112569182,9399
Imelda (2019),10,-4.653306613226453,1.3147834913045973e-06,3.3997464112569182,9399
Imelda (2019),10,-4.625250501002004,1.7034253557177745e-06,3.3997464112569182,9399
Imelda (2019),10,-4.597194388777555,2.1910205045238404e-06,3.3997464112569182,9399
Imelda (2019),10,-4.569138276553106,2.797893645670839e-06,3.3997464112569182,9399
Imelda (2019),10,-4.541082164328657,3.547194710495709e-06,3.3997464112569182,9399
Imelda (2019),10,-4.513026052104209,4.464946983348967e-06,3.3997464112569182,9399
Imelda (2019),10,-4.484969939879759,5.580000444473256e-06,3.3997464112569182,9399
Imelda (2019),10,-4.456913827655311,6.923869702271494e-06,3.3997464112569182,9399
Imelda (2019),10,-4.428857715430862,8.530437322105202e-06,3.3997464112569182,9399
Imelda (2019),10,-4.400801603206412,1.0435506328793218e-05,3.3997464112569182,9399
Imelda (2019),10,-4.372745490981964,1.2676190299634466e-05,3.3997464112569182,9399
Imelda (2019),10,-4.344689378757515,1.5290135796854072e-05,3.3997464112569182,9399
Imelda (2019),10,-4.316633266533066,1.831457980201506e-05,3.3997464112569182,9399
Imelda (2019),10,-4.2885771543086175,2.1785254047636503e-05,3.3997464112569182,9399
Imelda (2019),10,-4.260521042084168,2.5735158272327675e-05,3.3997464112569182,9399
Imelda (2019),10,-4.232464929859719,3.0193234884667143e-05,3.3997464112569182,9399
Imelda (2019),10,-4.2044088176352705,3.518298761256212e-05,3.3997464112569182,9399
Imelda (2019),10,-4.176352705410822,4.0721095661392746e-05,3.3997464112569182,9399
Imelda (2019),10,-4.148296593186373,4.681608190448351e-05,3.3997464112569182,9399
Imelda (2019),10,-4.1202404809619235,5.34670979286386e-05,3.3997464112569182,9399
Imelda (2019),10,-4.092184368737475,6.0662889724681926e-05,3.3997464112569182,9399
Imelda (2019),10,-4.064128256513026,6.838100501689145e-05,3.3997464112569182,9399
Imelda (2019),10,-4.036072144288577,7.658729650038036e-05,3.3997464112569182,9399
Imelda (2019),10,-4.008016032064129,8.52357647496086e-05,3.3997464112569182,9399
Imelda (2019),10,-3.979959919839679,9.426877075586241e-05,3.3997464112569182,9399
Imelda (2019),10,-3.9519038076152304,0.00010361763175040972,3.3997464112569182,9399
Imelda (2019),10,-3.9238476953907817,0.00011320359625153712,3.3997464112569182,9399
Imelda (2019),10,-3.8957915831663326,0.00012293917640948028,3.3997464112569182,9399
Imelda (2019),10,-3.867735470941884,0.00013272979906802529,3.3997464112569182,9399
Imelda (2019),10,-3.8396793587174347,0.00014247572282323698,3.3997464112569182,9399
Imelda (2019),10,-3.811623246492986,0.00015207415786383516,3.3997464112569182,9399
Imelda (2019),10,-3.783567134268537,0.00016142151934008154,3.3997464112569182,9399
Imelda (2019),10,-3.755511022044088,0.0001704157438322044,3.3997464112569182,9399
Imelda (2019),10,-3.7274549098196395,0.00017895860210227784,3.3997464112569182,9399
Imelda (2019),10,-3.6993987975951903,0.00018695794914964895,3.3997464112569182,9399
Imelda (2019),10,-3.6713426853707416,0.0001943298636308287,3.3997464112569182,9399
Imelda (2019),10,-3.6432865731462925,0.00020100064157078452,3.3997464112569182,9399
Imelda (2019),10,-3.6152304609218437,0.00020690862238280816,3.3997464112569182,9399
Imelda (2019),10,-3.5871743486973946,0.0002120058368784553,3.3997464112569182,9399
Imelda (2019),10,-3.559118236472946,0.00021625947567563796,3.3997464112569182,9399
Imelda (2019),10,-3.531062124248497,0.00021965318101033117,3.3997464112569182,9399
Imelda (2019),10,-3.503006012024048,0.0002221881647093138,3.3997464112569182,9399
Imelda (2019),10,-3.4749498997995993,0.00022388414985629704,3.3997464112569182,9399
Imelda (2019),10,-3.44689378757515,0.00022478012398370178,3.3997464112569182,9399
Imelda (2019),10,-3.4188376753507015,0.00022493487856409575,3.3997464112569182,9399
Imelda (2019),10,-3.3907815631262523,0.00022442729480355266,3.3997464112569182,9399
Imelda (2019),10,-3.3627254509018036,0.00022335632127854036,3.3997464112569182,9399
Imelda (2019),10,-3.3346693386773545,0.00022184057701867324,3.3997464112569182,9399
Imelda (2019),10,-3.306613226452906,0.00022001750639432033,3.3997464112569182,9399
Imelda (2019),10,-3.278557114228457,0.0002180420115335471,3.3997464112569182,9399
Imelda (2019),10,-3.250501002004008,0.00021608449541045584,3.3997464112569182,9399
Imelda (2019),10,-3.2224448897795592,0.00021432826502107468,3.3997464112569182,9399
Imelda (2019),10,-3.19438877755511,0.00021296626924452572,3.3997464112569182,9399
Imelda (2019),10,-3.1663326653306614,0.00021219717932451952,3.3997464112569182,9399
Imelda (2019),10,-3.1382765531062122,0.00021222085986433582,3.3997464112569182,9399
Imelda (2019),10,-3.1102204408817635,0.0002132333225748694,3.3997464112569182,9399
Imelda (2019),10,-3.0821643286573144,0.00021542130096333638,3.3997464112569182,9399
Imelda (2019),10,-3.0541082164328657,0.00021895662854688663,3.3997464112569182,9399
Imelda (2019),10,-3.026052104208417,0.00022399064271855476,3.3997464112569182,9399
Imelda (2019),10,-2.997995991983968,0.00023064886786087894,3.3997464112569182,9399
Imelda (2019),10,-2.969939879759519,0.0002390262517791002,3.3997464112569182,9399
Imelda (2019),10,-2.94188376753507,0.0002491832366078611,3.3997464112569182,9399
Imelda (2019),10,-2.9138276553106213,0.0002611429373184796,3.3997464112569182,9399
Imelda (2019),10,-2.885771543086172,0.0002748896769288644,3.3997464112569182,9399
Imelda (2019),10,-2.8577154308617234,0.00029036908751970693,3.3997464112569182,9399
Imelda (2019),10,-2.8296593186372747,0.0003074899311655517,3.3997464112569182,9399
Imelda (2019),10,-2.8016032064128256,0.00032612772681195036,3.3997464112569182,9399
Imelda (2019),10,-2.773547094188377,0.00034613019075429484,3.3997464112569182,9399
Imelda (2019),10,-2.7454909819639277,0.0003673244132365707,3.3997464112569182,9399
Imelda (2019),10,-2.717434869739479,0.0003895256059134558,3.3997464112569182,9399
Imelda (2019),10,-2.68937875751503,0.0004125471690148422,3.3997464112569182,9399
Imelda (2019),10,-2.661322645290581,0.0004362117476728754,3.3997464112569182,9399
Imelda (2019),10,-2.6332665330661325,0.00046036287856220483,3.3997464112569182,9399
Imelda (2019),10,-2.6052104208416833,0.0004848767749318631,3.3997464112569182,9399
Imelda (2019),10,-2.5771543086172346,0.0005096737638034052,3.3997464112569182,9399
Imelda (2019),10,-2.5490981963927855,0.0005347288762330037,3.3997464112569182,9399
Imelda (2019),10,-2.5210420841683367,0.0005600811016735542,3.3997464112569182,9399
Imelda (2019),10,-2.4929859719438876,0.0005858408510029293,3.3997464112569182,9399
Imelda (2019),10,-2.464929859719439,0.0006121952287979525,3.3997464112569182,9399
Imelda (2019),10,-2.4368737474949898,0.0006394107917437333,3.3997464112569182,9399
Imelda (2019),10,-2.408817635270541,0.0006678335633004401,3.3997464112569182,9399
Imelda (2019),10,-2.3807615230460923,0.0006978861805170606,3.3997464112569182,9399
Imelda (2019),10,-2.352705410821643,0.0007300621620351576,3.3997464112569182,9399
Imelda (2019),10,-2.3246492985971945,0.0007649174012680191,3.3997464112569182,9399
Imelda (2019),10,-2.2965931863727453,0.0008030590997830608,3.3997464112569182,9399
Imelda (2019),10,-2.2685370741482966,0.0008451324576504764,3.3997464112569182,9399
Imelda (2019),10,-2.2404809619238475,0.0008918055251853549,3.3997464112569182,9399
Imelda (2019),10,-2.212424849699399,0.0009437526903033473,3.3997464112569182,9399
Imelda (2019),10,-2.1843687374749496,0.0010016373250456591,3.3997464112569182,9399
Imelda (2019),10,-2.156312625250501,0.0010660941424920146,3.3997464112569182,9399
Imelda (2019),10,-2.1282565130260522,0.001137711821469496,3.3997464112569182,9399
Imelda (2019),10,-2.100200400801603,0.0012170164427198853,3.3997464112569182,9399
Imelda (2019),10,-2.0721442885771544,0.0013044562491945793,3.3997464112569182,9399
Imelda (2019),10,-2.0440881763527052,0.0014003881984420133,3.3997464112569182,9399
Imelda (2019),10,-2.0160320641282565,0.0015050667206519502,3.3997464112569182,9399
Imelda (2019),10,-1.9879759519038078,0.0016186350358974445,3.3997464112569182,9399
Imelda (2019),10,-1.9599198396793582,0.0017411193221767312,3.3997464112569182,9399
Imelda (2019),10,-1.9318637274549095,0.0018724259649661123,3.3997464112569182,9399
Imelda (2019),10,-1.9038076152304608,0.0020123420610642906,3.3997464112569182,9399
Imelda (2019),10,-1.8757515030060121,0.0021605392952192136,3.3997464112569182,9399
Imelda (2019),10,-1.8476953907815634,0.0023165812567852353,3.3997464112569182,9399
Imelda (2019),10,-1.8196392785571138,0.0024799342137015548,3.3997464112569182,9399
Imelda (2019),10,-1.7915831663326651,0.0026499813097484804,3.3997464112569182,9399
Imelda (2019),10,-1.7635270541082164,0.0028260400951481864,3.3997464112569182,9399
Imelda (2019),10,-1.7354709418837677,0.0030073832369242517,3.3997464112569182,9399
Imelda (2019),10,-1.707414829659319,0.003193262181317205,3.3997464112569182,9399
Imelda (2019),10,-1.6793587174348694,0.003382933454301353,3.3997464112569182,9399
Imelda (2019),10,-1.6513026052104207,0.003575687187691671,3.3997464112569182,9399
Imelda (2019),10,-1.623246492985972,0.0037708773491455464,3.3997464112569182,9399
Imelda (2019),10,-1.5951903807615233,0.003967953038275531,3.3997464112569182,9399
Imelda (2019),10,-1.5671342685370737,0.004166490093852213,3.3997464112569182,9399
Imelda (2019),10,-1.539078156312625,0.0043662221462814005,3.3997464112569182,9399
Imelda (2019),10,-1.5110220440881763,0.004567070154185939,3.3997464112569182,9399
Imelda (2019),10,-1.4829659318637276,0.004769169393818314,3.3997464112569182,9399
Imelda (2019),10,-1.454909819639279,0.004972892835039569,3.3997464112569182,9399
Imelda (2019),10,-1.4268537074148293,0.005178869846794161,3.3997464112569182,9399
Imelda (2019),10,-1.3987975951903806,0.00538799923577992,3.3997464112569182,9399
Imelda (2019),10,-1.370741482965932,0.005601455739231375,3.3997464112569182,9399
Imelda (2019),10,-1.3426853707414832,0.005820689268016255,3.3997464112569182,9399
Imelda (2019),10,-1.3146292585170336,0.006047416427395958,3.3997464112569182,9399
Imelda (2019),10,-1.286573146292585,0.006283604123503098,3.3997464112569182,9399
Imelda (2019),10,-1.2585170340681362,0.006531445383385514,3.3997464112569182,9399
Imelda (2019),10,-1.2304609218436875,0.006793327861052646,3.3997464112569182,9399
Imelda (2019),10,-1.2024048096192388,0.0070717958538157755,3.3997464112569182,9399
Imelda (2019),10,-1.1743486973947892,0.0073695069925378085,3.3997464112569182,9399
Imelda (2019),10,-1.1462925851703405,0.007689185075305943,3.3997464112569182,9399
Imelda (2019),10,-1.1182364729458918,0.008033570765931648,3.3997464112569182,9399
Imelda (2019),10,-1.090180360721443,0.008405372057762458,3.3997464112569182,9399
Imelda (2019),10,-1.0621242484969944,0.008807216494018959,3.3997464112569182,9399
Imelda (2019),10,-1.0340681362725448,0.009241607127290854,3.3997464112569182,9399
Imelda (2019),10,-1.006012024048096,0.009710884087636745,3.3997464112569182,9399
Imelda (2019),10,-0.9779559118236474,0.010217193412008146,3.3997464112569182,9399
Imelda (2019),10,-0.9498997995991987,0.010762464475148417,3.3997464112569182,9399
Imelda (2019),10,-0.9218436873747491,0.011348396967805019,3.3997464112569182,9399
Imelda (2019),10,-0.8937875751503004,0.011976457911788146,3.3997464112569182,9399
Imelda (2019),10,-0.8657314629258517,0.01264788870736123,3.3997464112569182,9399
Imelda (2019),10,-0.837675350701403,0.013363721703809396,3.3997464112569182,9399
Imelda (2019),10,-0.8096192384769543,0.014124805297087456,3.3997464112569182,9399
Imelda (2019),10,-0.7815631262525047,0.014931836116683679,3.3997464112569182,9399
Imelda (2019),10,-0.753507014028056,0.015785396492118044,3.3997464112569182,9399
Imelda (2019),10,-0.7254509018036073,0.016685995108436557,3.3997464112569182,9399
Imelda (2019),10,-0.6973947895791586,0.01763410858476063,3.3997464112569182,9399
Imelda (2019),10,-0.669338677354709,0.01863022164916794,3.3997464112569182,9399
Imelda (2019),10,-0.6412825651302603,0.019674863639009454,3.3997464112569182,9399
Imelda (2019),10,-0.6132264529058116,0.02076863922383209,3.3997464112569182,9399
Imelda (2019),10,-0.5851703406813629,0.021912251518156678,3.3997464112569182,9399
Imelda (2019),10,-0.5571142284569142,0.023106516108390106,3.3997464112569182,9399
Imelda (2019),10,-0.5290581162324646,0.0243523649434497,3.3997464112569182,9399
Imelda (2019),10,-0.5010020040080159,0.025650839511331073,3.3997464112569182,9399
Imelda (2019),10,-0.47294589178356716,0.0270030732219881,3.3997464112569182,9399
Imelda (2019),10,-0.44488977955911846,0.02841026341894322,3.3997464112569182,9399
Imelda (2019),10,-0.41683366733466887,0.029873633927640832,3.3997464112569182,9399
Imelda (2019),10,-0.38877755511022016,0.03139438949927212,3.3997464112569182,9399
Imelda (2019),10,-0.36072144288577146,0.03297366390852679,3.3997464112569182,9399
Imelda (2019),10,-0.33266533066132276,0.034612463798844785,3.3997464112569182,9399
Imelda (2019),10,-0.30460921843687405,0.03631161062798715,3.3997464112569182,9399
Imelda (2019),10,-0.27655310621242446,0.038071683241100086,3.3997464112569182,9399
Imelda (2019),10,-0.24849699398797576,0.03989296368077326,3.3997464112569182,9399
Imelda (2019),10,-0.22044088176352705,0.04177538882853858,3.3997464112569182,9399
Imelda (2019),10,-0.19238476953907835,0.04371851035604054,3.3997464112569182,9399
Imelda (2019),10,-0.16432865731462876,0.04572146524472437,3.3997464112569182,9399
Imelda (2019),10,-0.13627254509018005,0.04778295881027476,3.3997464112569182,9399
Imelda (2019),10,-0.10821643286573135,0.04990126174466969,3.3997464112569182,9399
Imelda (2019),10,-0.08016032064128265,0.05207422217020025,3.3997464112569182,9399
Imelda (2019),10,-0.05210420841683394,0.0542992930957531,3.3997464112569182,9399
Imelda (2019),10,-0.02404809619238435,0.05657357499033808,3.3997464112569182,9399
Imelda (2019),10,0.004008016032064354,0.058893872462030664,3.3997464112569182,9399
Imelda (2019),10,0.03206412825651306,0.0612567632777599,3.3997464112569182,9399
Imelda (2019),10,0.06012024048096176,0.06365867721213614,3.3997464112569182,9399
Imelda (2019),10,0.08817635270541047,0.06609598150860363,3.3997464112569182,9399
Imelda (2019),10,0.11623246492986006,0.06856506911462794,3.3997464112569182,9399
Imelda (2019),10,0.14428857715430876,0.07106244535782863,3.3997464112569182,9399
Imelda (2019),10,0.17234468937875747,0.07358480840523286,3.3997464112569182,9399
Imelda (2019),10,0.20040080160320617,0.07612911873333984,3.3997464112569182,9399
Imelda (2019),10,0.22845691382765576,0.07869265296594746,3.3997464112569182,9399
Imelda (2019),10,0.25651302605210446,0.08127303783294168,3.3997464112569182,9399
Imelda (2019),10,0.28456913827655317,0.08386826067611028,3.3997464112569182,9399
Imelda (2019),10,0.3126252505010019,0.08647665387052089,3.3997464112569182,9399
Imelda (2019),10,0.3406813627254506,0.08909685171665595,3.3997464112569182,9399
Imelda (2019),10,0.36873747494990017,0.09172771974463967,3.3997464112569182,9399
Imelda (2019),10,0.39679358717434887,0.09436825789437615,3.3997464112569182,9399
Imelda (2019),10,0.4248496993987976,0.09701748061514787,3.3997464112569182,9399
Imelda (2019),10,0.4529058116232463,0.09967427847400828,3.3997464112569182,9399
Imelda (2019),10,0.48096192384769587,0.10233726727643949,3.3997464112569182,9399
Imelda (2019),10,0.5090180360721446,0.10500463188750597,3.3997464112569182,9399
Imelda (2019),10,0.5370741482965933,0.10767397280642796,3.3997464112569182,9399
Imelda (2019),10,0.565130260521042,0.11034216401584357,3.3997464112569182,9399
Imelda (2019),10,0.5931863727454907,0.11300523064337512,3.3997464112569182,9399
Imelda (2019),10,0.6212424849699403,0.11565825450824344,3.3997464112569182,9399
Imelda (2019),10,0.649298597194389,0.11829531467998652,3.3997464112569182,9399
Imelda (2019),10,0.6773547094188377,0.12090946878166185,3.3997464112569182,9399
Imelda (2019),10,0.7054108216432864,0.12349277898851942,3.3997464112569182,9399
Imelda (2019),10,0.7334669338677351,0.12603638459454589,3.3997464112569182,9399
Imelda (2019),10,0.7615230460921847,0.12853062075493402,3.3997464112569182,9399
Imelda (2019),10,0.7895791583166334,0.13096518068882834,3.3997464112569182,9399
Imelda (2019),10,0.8176352705410821,0.13332931637645373,3.3997464112569182,9399
Imelda (2019),10,0.8456913827655308,0.13561207073872222,3.3997464112569182,9399
Imelda (2019),10,0.8737474949899804,0.1378025325654285,3.3997464112569182,9399
Imelda (2019),10,0.9018036072144291,0.13989010416138045,3.3997464112569182,9399
Imelda (2019),10,0.9298597194388778,0.1418647708842598,3.3997464112569182,9399
Imelda (2019),10,0.9579158316633265,0.143717361500037,3.3997464112569182,9399
Imelda (2019),10,0.9859719438877752,0.1454397885954904,3.3997464112569182,9399
Imelda (2019),10,1.0140280561122248,0.14702525914439676,3.3997464112569182,9399
Imelda (2019),10,1.0420841683366735,0.14846844667515807,3.3997464112569182,9399
Imelda (2019),10,1.0701402805611222,0.14976561825696952,3.3997464112569182,9399
Imelda (2019),10,1.098196392785571,0.15091471161098635,3.3997464112569182,9399
Imelda (2019),10,1.1262525050100205,0.15191535994892472,3.3997464112569182,9399
Imelda (2019),10,1.1543086172344692,0.15276886452156385,3.3997464112569182,9399
Imelda (2019),10,1.182364729458918,0.15347811719997848,3.3997464112569182,9399
Imelda (2019),10,1.2104208416833666,0.15404747759373202,3.3997464112569182,9399
Imelda (2019),10,1.2384769539078153,0.15448261112521616,3.3997464112569182,9399
Imelda (2019),10,1.266533066132265,0.15479029603644381,3.3997464112569182,9399
Imelda (2019),10,1.2945891783567136,0.15497820843349502,3.3997464112569182,9399
Imelda (2019),10,1.3226452905811623,0.15505469512781309,3.3997464112569182,9399
Imelda (2019),10,1.350701402805611,0.15502854419147324,3.3997464112569182,9399
Imelda (2019),10,1.3787575150300606,0.15490876281055646,3.3997464112569182,9399
Imelda (2019),10,1.4068136272545093,0.15470437122690958,3.3997464112569182,9399
Imelda (2019),10,1.434869739478958,0.1544242203577923,3.3997464112569182,9399
Imelda (2019),10,1.4629258517034067,0.15407683914873424,3.3997464112569182,9399
Imelda (2019),10,1.4909819639278554,0.15367031593761976,3.3997464112569182,9399
Imelda (2019),10,1.519038076152305,0.15321221618826866,3.3997464112569182,9399
Imelda (2019),10,1.5470941883767537,0.15270953699630418,3.3997464112569182,9399
Imelda (2019),10,1.5751503006012024,0.15216869688464707,3.3997464112569182,9399
Imelda (2019),10,1.6032064128256511,0.1515955576897998,3.3997464112569182,9399
Imelda (2019),10,1.6312625250501007,0.15099547388023968,3.3997464112569182,9399
Imelda (2019),10,1.6593186372745494,0.15037336351416986,3.3997464112569182,9399
Imelda (2019),10,1.6873747494989981,0.14973379428390127,3.3997464112569182,9399
Imelda (2019),10,1.7154308617234468,0.14908107773270576,3.3997464112569182,9399
Imelda (2019),10,1.7434869739478955,0.14841936476649525,3.3997464112569182,9399
Imelda (2019),10,1.7715430861723451,0.1477527359930322,3.3997464112569182,9399
Imelda (2019),10,1.7995991983967938,0.1470852811591946,3.3997464112569182,9399
Imelda (2019),10,1.8276553106212425,0.14642116295902372,3.3997464112569182,9399
Imelda (2019),10,1.8557114228456912,0.1457646616756845,3.3997464112569182,9399
Imelda (2019),10,1.88376753507014,0.14512019841707058,3.3997464112569182,9399
Imelda (2019),10,1.9118236472945895,0.1444923360250115,3.3997464112569182,9399
Imelda (2019),10,1.9398797595190382,0.14388575800519443,3.3997464112569182,9399
Imelda (2019),10,1.967935871743487,0.14330522697295914,3.3997464112569182,9399
Imelda (2019),10,1.9959919839679356,0.14275552508768705,3.3997464112569182,9399
Imelda (2019),10,2.0240480961923843,0.14224137972120748,3.3997464112569182,9399
Imelda (2019),10,2.052104208416834,0.14176737815657137,3.3997464112569182,9399
Imelda (2019),10,2.0801603206412835,0.1413378754425511,3.3997464112569182,9399
Imelda (2019),10,2.1082164328657313,0.14095689965040348,3.3997464112569182,9399
Imelda (2019),10,2.136272545090181,0.14062805871733033,3.3997464112569182,9399
Imelda (2019),10,2.1643286573146288,0.14035445284723105,3.3997464112569182,9399
Imelda (2019),10,2.1923847695390783,0.14013859610702695,3.3997464112569182,9399
Imelda (2019),10,2.220440881763528,0.13998235043793122,3.3997464112569182,9399
Imelda (2019),10,2.2484969939879758,0.139886874822178,3.3997464112569182,9399
Imelda (2019),10,2.2765531062124253,0.13985259182651114,3.3997464112569182,9399
Imelda (2019),10,2.304609218436873,0.13987917319578716,3.3997464112569182,9399
Imelda (2019),10,2.3326653306613228,0.13996554559757296,3.3997464112569182,9399
Imelda (2019),10,2.3607214428857723,0.14010991702028108,3.3997464112569182,9399
Imelda (2019),10,2.38877755511022,0.1403098236988456,3.3997464112569182,9399
Imelda (2019),10,2.4168336673346698,0.14056219677978263,3.3997464112569182,9399
Imelda (2019),10,2.4448897795591176,0.14086344724194458,3.3997464112569182,9399
Imelda (2019),10,2.472945891783567,0.14120956686852312,3.3997464112569182,9399
Imelda (2019),10,2.5010020040080168,0.14159624233743,3.3997464112569182,9399
Imelda (2019),10,2.5290581162324646,0.14201897878973008,3.3997464112569182,9399
Imelda (2019),10,2.557114228456914,0.1424732285887708,3.3997464112569182,9399
Imelda (2019),10,2.585170340681362,0.14295452044396262,3.3997464112569182,9399
Imelda (2019),10,2.6132264529058116,0.14345858369592893,3.3997464112569182,9399
Imelda (2019),10,2.641282565130261,0.14398146239745377,3.3997464112569182,9399
Imelda (2019),10,2.669338677354709,0.1445196139247528,3.3997464112569182,9399
Imelda (2019),10,2.6973947895791586,0.14506998725203976,3.3997464112569182,9399
Imelda (2019),10,2.725450901803608,0.14563007673702794,3.3997464112569182,9399
Imelda (2019),10,2.753507014028056,0.14619794829122185,3.3997464112569182,9399
Imelda (2019),10,2.7815631262525056,0.14677223611604184,3.3997464112569182,9399
Imelda (2019),10,2.8096192384769534,0.14735210971659332,3.3997464112569182,9399
Imelda (2019),10,2.837675350701403,0.14793721257669334,3.3997464112569182,9399
Imelda (2019),10,2.8657314629258526,0.1485275755882749,3.3997464112569182,9399
Imelda (2019),10,2.8937875751503004,0.14912350995820556,3.3997464112569182,9399
Imelda (2019),10,2.92184368737475,0.14972548574351524,3.3997464112569182,9399
Imelda (2019),10,2.949899799599198,0.15033400327513358,3.3997464112569182,9399
Imelda (2019),10,2.9779559118236474,0.15094946541877557,3.3997464112569182,9399
Imelda (2019),10,3.006012024048097,0.15157205881445607,3.3997464112569182,9399
Imelda (2019),10,3.034068136272545,0.1522016518911191,3.3997464112569182,9399
Imelda (2019),10,3.0621242484969944,0.15283771656832454,3.3997464112569182,9399
Imelda (2019),10,3.090180360721442,0.15347927917237955,3.3997464112569182,9399
Imelda (2019),10,3.118236472945892,0.15412490429015097,3.3997464112569182,9399
Imelda (2019),10,3.1462925851703414,0.15477271317584643,3.3997464112569182,9399
Imelda (2019),10,3.174348697394789,0.15542043605706848,3.3997464112569182,9399
Imelda (2019),10,3.202404809619239,0.15606549541537842,3.3997464112569182,9399
Imelda (2019),10,3.2304609218436866,0.1567051152058092,3.3997464112569182,9399
Imelda (2019),10,3.258517034068136,0.1573364491817632,3.3997464112569182,9399
Imelda (2019),10,3.286573146292586,0.15795672013713508,3.3997464112569182,9399
Imelda (2019),10,3.3146292585170336,0.15856336106424712,3.3997464112569182,9399
Imelda (2019),10,3.342685370741483,0.15915414901193797,3.3997464112569182,9399
Imelda (2019),10,3.370741482965933,0.15972732282615232,3.3997464112569182,9399
Imelda (2019),10,3.3987975951903806,0.1602816769339243,3.3997464112569182,9399
Imelda (2019),10,3.42685370741483,0.16081662481734937,3.3997464112569182,9399
Imelda (2019),10,3.454909819639278,0.16133222770862674,3.3997464112569182,9399
Imelda (2019),10,3.4829659318637276,0.1618291861862639,3.3997464112569182,9399
Imelda (2019),10,3.511022044088177,0.16230879461681466,3.3997464112569182,9399
Imelda (2019),10,3.539078156312625,0.16277286061372423,3.3997464112569182,9399
Imelda (2019),10,3.5671342685370746,0.16322359373037118,3.3997464112569182,9399
Imelda (2019),10,3.5951903807615224,0.16366346934227138,3.3997464112569182,9399
Imelda (2019),10,3.623246492985972,0.1640950750035201,3.3997464112569182,9399
Imelda (2019),10,3.6513026052104216,0.16452094741745762,3.3997464112569182,9399
Imelda (2019),10,3.6793587174348694,0.1649434085084328,3.3997464112569182,9399
Imelda (2019),10,3.707414829659319,0.16536440892299437,3.3997464112569182,9399
Imelda (2019),10,3.735470941883767,0.16578538666035852,3.3997464112569182,9399
Imelda (2019),10,3.7635270541082164,0.16620714749700513,3.3997464112569182,9399
Imelda (2019),10,3.791583166332666,0.16662977251438188,3.3997464112569182,9399
Imelda (2019),10,3.819639278557114,0.16705255646187064,3.3997464112569182,9399
Imelda (2019),10,3.8476953907815634,0.16747397899616281,3.3997464112569182,9399
Imelda (2019),10,3.8757515030060112,0.16789170913884713,3.3997464112569182,9399
Imelda (2019),10,3.903807615230461,0.16830264168425169,3.3997464112569182,9399
Imelda (2019),10,3.9318637274549104,0.16870296285382683,3.3997464112569182,9399
Imelda (2019),10,3.9599198396793582,0.1690882412978131,3.3997464112569182,9399
Imelda (2019),10,3.987975951903808,0.16945353963549564,3.3997464112569182,9399
Imelda (2019),10,4.016032064128257,0.1697935411260098,3.3997464112569182,9399
Imelda (2019),10,4.044088176352705,0.17010268577560936,3.3997464112569182,9399
Imelda (2019),10,4.072144288577155,0.17037531019873298,3.3997464112569182,9399
Imelda (2019),10,4.100200400801603,0.17060578582751718,3.3997464112569182,9399
Imelda (2019),10,4.128256513026052,0.1707886505643591,3.3997464112569182,9399
Imelda (2019),10,4.156312625250502,0.1709187296436697,3.3997464112569182,9399
Imelda (2019),10,4.18436873747495,0.17099124225829632,3.3997464112569182,9399
Imelda (2019),10,4.212424849699399,0.17100189135996113,3.3997464112569182,9399
Imelda (2019),10,4.240480961923847,0.17094693491260068,3.3997464112569182,9399
Imelda (2019),10,4.268537074148297,0.1708232377206455,3.3997464112569182,9399
Imelda (2019),10,4.296593186372746,0.17062830373741444,3.3997464112569182,9399
Imelda (2019),10,4.324649298597194,0.17036028945729062,3.3997464112569182,9399
Imelda (2019),10,4.352705410821644,0.1700179995938328,3.3997464112569182,9399
Imelda (2019),10,4.3807615230460915,0.16960086673661287,3.3997464112569182,9399
Imelda (2019),10,4.408817635270541,0.16910891706180406,3.3997464112569182,9399
Imelda (2019),10,4.436873747494991,0.16854272444905713,3.3997464112569182,9399
Imelda (2019),10,4.4649298597194385,0.16790335553738608,3.3997464112569182,9399
Imelda (2019),10,4.492985971943888,0.167192308344178,3.3997464112569182,9399
Imelda (2019),10,4.521042084168338,0.16641144708316027,3.3997464112569182,9399
Imelda (2019),10,4.5490981963927855,0.16556293575713416,3.3997464112569182,9399
Imelda (2019),10,4.577154308617235,0.16464917297702947,3.3997464112569182,9399
Imelda (2019),10,4.605210420841683,0.1636727302760009,3.3997464112569182,9399
Imelda (2019),10,4.6332665330661325,0.16263629595120485,3.3997464112569182,9399
Imelda (2019),10,4.661322645290582,0.16154262618168244,3.3997464112569182,9399
Imelda (2019),10,4.68937875751503,0.16039450484371634,3.3997464112569182,9399
Imelda (2019),10,4.7174348697394795,0.15919471308215624,3.3997464112569182,9399
Imelda (2019),10,4.745490981963927,0.1579460093057443,3.3997464112569182,9399
Imelda (2019),10,4.773547094188377,0.15665111986698024,3.3997464112569182,9399
Imelda (2019),10,4.8016032064128265,0.15531274027479428,3.3997464112569182,9399
Imelda (2019),10,4.829659318637274,0.15393354638497725,3.3997464112569182,9399
Imelda (2019),10,4.857715430861724,0.15251621463345472,3.3997464112569182,9399
Imelda (2019),10,4.885771543086172,0.15106345003520127,3.3997464112569182,9399
Imelda (2019),10,4.913827655310621,0.14957802037974469,3.3997464112569182,9399
Imelda (2019),10,4.941883767535071,0.14806279482313922,3.3997464112569182,9399
Imelda (2019),10,4.969939879759519,0.14652078491308845,3.3997464112569182,9399
Imelda (2019),10,4.997995991983968,0.14495518599159607,3.3997464112569182,9399
Imelda (2019),10,5.026052104208416,0.14336941689720634,3.3997464112569182,9399
Imelda (2019),10,5.054108216432866,0.14176715593147182,3.3997464112569182,9399
Imelda (2019),10,5.082164328657315,0.1401523711538088,3.3997464112569182,9399
Imelda (2019),10,5.110220440881763,0.13852934321505736,3.3997464112569182,9399
Imelda (2019),10,5.138276553106213,0.13690267912188306,3.3997464112569182,9399
Imelda (2019),10,5.166332665330662,0.1352773155314994,3.3997464112569182,9399
Imelda (2019),10,5.19438877755511,0.13365851040068547,3.3997464112569182,9399
Imelda (2019),10,5.22244488977956,0.13205182204978896,3.3997464112569182,9399
Imelda (2019),10,5.2505010020040075,0.130463074949913,3.3997464112569182,9399
Imelda (2019),10,5.278557114228457,0.1288983118022131,3.3997464112569182,9399
Imelda (2019),10,5.306613226452907,0.12736373175790064,3.3997464112569182,9399
Imelda (2019),10,5.3346693386773545,0.12586561493363466,3.3997464112569182,9399
Imelda (2019),10,5.362725450901804,0.12441023371764966,3.3997464112569182,9399
Imelda (2019),10,5.390781563126252,0.1230037517435497,3.3997464112569182,9399
Imelda (2019),10,5.4188376753507015,0.12165211183395559,3.3997464112569182,9399
Imelda (2019),10,5.446893787575151,0.12036091468270899,3.3997464112569182,9399
Imelda (2019),10,5.474949899799599,0.11913529054257599,3.3997464112569182,9399
Imelda (2019),10,5.5030060120240485,0.11797976669871107,3.3997464112569182,9399
Imelda (2019),10,5.531062124248496,0.1168981340124115,3.3997464112569182,9399
Imelda (2019),10,5.559118236472946,0.11589331628451101,3.3997464112569182,9399
Imelda (2019),10,5.5871743486973955,0.1149672465783577,3.3997464112569182,9399
Imelda (2019),10,5.615230460921843,0.11412075492183636,3.3997464112569182,9399
Imelda (2019),10,5.643286573146293,0.11335347194081273,3.3997464112569182,9399
Imelda (2019),10,5.6713426853707425,0.1126637529312482,3.3997464112569182,9399
Imelda (2019),10,5.69939879759519,0.11204862663034895,3.3997464112569182,9399
Imelda (2019),10,5.72745490981964,0.11150377248480708,3.3997464112569182,9399
Imelda (2019),10,5.755511022044088,0.1110235295351783,3.3997464112569182,9399
Imelda (2019),10,5.783567134268537,0.11060093915194656,3.3997464112569182,9399
Imelda (2019),10,5.811623246492987,0.11022782279685885,3.3997464112569182,9399
Imelda (2019),10,5.839679358717435,0.1098948947814491,3.3997464112569182,9399
Imelda (2019),10,5.867735470941884,0.10959190870346544,3.3997464112569182,9399
Imelda (2019),10,5.895791583166332,0.10930783491949525,3.3997464112569182,9399
Imelda (2019),10,5.923847695390782,0.10903106512216024,3.3997464112569182,9399
Imelda (2019),10,5.951903807615231,0.10874963889782241,3.3997464112569182,9399
Imelda (2019),10,5.979959919839679,0.10845148610835008,3.3997464112569182,9399
Imelda (2019),10,6.008016032064129,0.10812467812443956,3.3997464112569182,9399
Imelda (2019),10,6.0360721442885765,0.1077576803848816,3.3997464112569182,9399
Imelda (2019),10,6.064128256513026,0.10733959849997722,3.3997464112569182,9399
Imelda (2019),10,6.092184368737476,0.10686041017750063,3.3997464112569182,9399
Imelda (2019),10,6.1202404809619235,0.10631117562939897,3.3997464112569182,9399
Imelda (2019),10,6.148296593186373,0.10568421980406786,3.3997464112569182,9399
Imelda (2019),10,6.176352705410821,0.10497328075363264,3.3997464112569182,9399
Imelda (2019),10,6.2044088176352705,0.10417361964545714,3.3997464112569182,9399
Imelda (2019),10,6.23246492985972,0.10328208930698121,3.3997464112569182,9399
Imelda (2019),10,6.260521042084168,0.10229715968915784,3.3997464112569182,9399
Imelda (2019),10,6.2885771543086175,0.10121890017667069,3.3997464112569182,9399
Imelda (2019),10,6.316633266533067,0.10004892019188626,3.3997464112569182,9399
Imelda (2019),10,6.344689378757515,0.09879027096525644,3.3997464112569182,9399
Imelda (2019),10,6.3727454909819645,0.09744731261530515,3.3997464112569182,9399
Imelda (2019),10,6.400801603206412,0.0960255517435254,3.3997464112569182,9399
Imelda (2019),10,6.428857715430862,0.0945314555633695,3.3997464112569182,9399
Imelda (2019),10,6.4569138276553115,0.09297224912255046,3.3997464112569182,9399
Imelda (2019),10,6.484969939879759,0.09135570243451281,3.3997464112569182,9399
Imelda (2019),10,6.513026052104209,0.08968991431443955,3.3997464112569182,9399
Imelda (2019),10,6.541082164328657,0.087983099438672,3.3997464112569182,9399
Imelda (2019),10,6.569138276553106,0.08624338464771515,3.3997464112569182,9399
Imelda (2019),10,6.597194388777556,0.08447861983556622,3.3997464112569182,9399
Imelda (2019),10,6.625250501002004,0.08269620796135428,3.3997464112569182,9399
Imelda (2019),10,6.653306613226453,0.08090295783451415,3.3997464112569182,9399
Imelda (2019),10,6.681362725450901,0.07910496241111614,3.3997464112569182,9399
Imelda (2019),10,6.709418837675351,0.07730750443982169,3.3997464112569182,9399
Imelda (2019),10,6.7374749498998,0.07551499044579753,3.3997464112569182,9399
Imelda (2019),10,6.765531062124248,0.0737309132637427,3.3997464112569182,9399
Imelda (2019),10,6.793587174348698,0.07195784263944285,3.3997464112569182,9399
Imelda (2019),10,6.821643286573146,0.07019744281489661,3.3997464112569182,9399
Imelda (2019),10,6.849699398797595,0.06845051548797611,3.3997464112569182,9399
Imelda (2019),10,6.877755511022045,0.0667170660806294,3.3997464112569182,9399
Imelda (2019),10,6.905811623246493,0.06499639084401705,3.3997464112569182,9399
Imelda (2019),10,6.933867735470942,0.06328718195985945,3.3997464112569182,9399
Imelda (2019),10,6.961923847695392,0.06158764745419981,3.3997464112569182,9399
Imelda (2019),10,6.98997995991984,0.05989564241934186,3.3997464112569182,9399
Imelda (2019),10,7.018036072144289,0.05820880774711932,3.3997464112569182,9399
Imelda (2019),10,7.046092184368737,0.05652471232598126,3.3997464112569182,9399
Imelda (2019),10,7.074148296593187,0.05484099446750689,3.3997464112569182,9399
Imelda (2019),10,7.102204408817636,0.05315549823198765,3.3997464112569182,9399
Imelda (2019),10,7.130260521042084,0.05146640034655617,3.3997464112569182,9399
Imelda (2019),10,7.158316633266534,0.04977232357949406,3.3997464112569182,9399
Imelda (2019),10,7.186372745490981,0.04807243277077261,3.3997464112569182,9399
Imelda (2019),10,7.214428857715431,0.046366510231000295,3.3997464112569182,9399
Imelda (2019),10,7.242484969939881,0.044655007904994305,3.3997464112569182,9399
Imelda (2019),10,7.270541082164328,0.04293907453347611,3.3997464112569182,9399
Imelda (2019),10,7.298597194388778,0.041220557003559505,3.3997464112569182,9399
Imelda (2019),10,7.326653306613226,0.039501976109382074,3.3997464112569182,9399
Imelda (2019),10,7.354709418837675,0.03778647799245525,3.3997464112569182,9399
Imelda (2019),10,7.382765531062125,0.03607776353587395,3.3997464112569182,9399
Imelda (2019),10,7.410821643286573,0.034379998886430424,3.3997464112569182,9399
Imelda (2019),10,7.438877755511022,0.0326977110183239,3.3997464112569182,9399
Imelda (2019),10,7.46693386773547,0.03103567278654132,3.3997464112569182,9399
Imelda (2019),10,7.49498997995992,0.029398782216544593,3.3997464112569182,9399
Imelda (2019),10,7.523046092184369,0.0277919408262327,3.3997464112569182,9399
Imelda (2019),10,7.551102204408817,0.0262199355809107,3.3997464112569182,9399
Imelda (2019),10,7.579158316633267,0.02468732866414261,3.3997464112569182,9399
Imelda (2019),10,7.607214428857716,0.02319835864372684,3.3997464112569182,9399
Imelda (2019),10,7.635270541082164,0.02175685587061049,3.3997464112569182,9399
Imelda (2019),10,7.663326653306614,0.020366174123985552,3.3997464112569182,9399
Imelda (2019),10,7.691382765531062,0.019029139664333783,3.3997464112569182,9399
Imelda (2019),10,7.719438877755511,0.01774801803098283,3.3997464112569182,9399
Imelda (2019),10,7.747494989979961,0.01652449816774465,3.3997464112569182,9399
Imelda (2019),10,7.775551102204409,0.015359692815061166,3.3997464112569182,9399
Imelda (2019),10,7.803607214428858,0.014254153593305265,3.3997464112569182,9399
Imelda (2019),10,7.831663326653306,0.013207898830379034,3.3997464112569182,9399
Imelda (2019),10,7.859719438877756,0.012220451956628936,3.3997464112569182,9399
Imelda (2019),10,7.887775551102205,0.011290888190491634,3.3997464112569182,9399
Imelda (2019),10,7.915831663326653,0.010417887250895961,3.3997464112569182,9399
Imelda (2019),10,7.943887775551103,0.00959978993456214,3.3997464112569182,9399
Imelda (2019),10,7.97194388777555,0.008834656563651927,3.3997464112569182,9399
Imelda (2019),10,8.0,0.008120325518545461,3.3997464112569182,9399
Imelda (2019),50,-6.0,1.125904724587321e-22,1.8345339713102269,4648
Imelda (2019),50,-5.971943887775551,3.1081295055384496e-22,1.8345339713102269,4648
Imelda (2019),50,-5.943887775551103,8.475918201906152e-22,1.8345339713102269,4648
Imelda (2019),50,-5.915831663326653,2.2832308961217006e-21,1.8345339713102269,4648
Imelda (2019),50,-5.887775551102204,6.075564349958834e-21,1.8345339713102269,4648
Imelda (2019),50,-5.859719438877756,1.5969706612951235e-20,1.8345339713102269,4648
Imelda (2019),50,-5.831663326653307,4.1464912032296825e-20,1.8345339713102269,4648
Imelda (2019),50,-5.803607214428857,1.0635013763141823e-19,1.8345339713102269,4648
Imelda (2019),50,-5.775551102204409,2.694442144269243e-19,1.8345339713102269,4648
Imelda (2019),50,-5.74749498997996,6.743310691437424e-19,1.8345339713102269,4648
Imelda (2019),50,-5.719438877755511,1.6670590362286705e-18,1.8345339713102269,4648
Imelda (2019),50,-5.6913827655310625,4.07101118861875e-18,1.8345339713102269,4648
Imelda (2019),50,-5.663326653306613,9.820353502827694e-18,1.8345339713102269,4648
Imelda (2019),50,-5.635270541082164,2.3400517402103213e-17,1.8345339713102269,4648
Imelda (2019),50,-5.6072144288577155,5.5080429352802313e-17,1.8345339713102269,4648
Imelda (2019),50,-5.579158316633267,1.2806861048014954e-16,1.8345339713102269,4648
Imelda (2019),50,-5.551102204408817,2.9414509352288345e-16,1.8345339713102269,4648
Imelda (2019),50,-5.5230460921843685,6.673506039341205e-16,1.8345339713102269,4648
Imelda (2019),50,-5.49498997995992,1.4956158350566996e-15,1.8345339713102269,4648
Imelda (2019),50,-5.466933867735471,3.311003272806651e-15,1.8345339713102269,4648
Imelda (2019),50,-5.438877755511022,7.240569672840246e-15,1.8345339713102269,4648
Imelda (2019),50,-5.410821643286573,1.5640817572941832e-14,1.8345339713102269,4648
Imelda (2019),50,-5.382765531062124,3.337488434096816e-14,1.8345339713102269,4648
Imelda (2019),50,-5.354709418837675,7.03483174076513e-14,1.8345339713102269,4648
Imelda (2019),50,-5.326653306613227,1.4647425953283197e-13,1.8345339713102269,4648
Imelda (2019),50,-5.298597194388778,3.0126077541551883e-13,1.8345339713102269,4648
Imelda (2019),50,-5.270541082164328,6.120650552202676e-13,1.8345339713102269,4648
Imelda (2019),50,-5.24248496993988,1.2283619042007127e-12,1.8345339713102269,4648
Imelda (2019),50,-5.214428857715431,2.4351678485286614e-12,1.8345339713102269,4648
Imelda (2019),50,-5.186372745490982,4.768758503751465e-12,1.8345339713102269,4648
Imelda (2019),50,-5.158316633266534,9.224773121660751e-12,1.8345339713102269,4648
Imelda (2019),50,-5.130260521042084,1.7627067783834647e-11,1.8345339713102269,4648
Imelda (2019),50,-5.102204408817635,3.327197404473338e-11,1.8345339713102269,4648
Imelda (2019),50,-5.074148296593187,6.203707164821009e-11,1.8345339713102269,4648
Imelda (2019),50,-5.046092184368737,1.1426109240894173e-10,1.8345339713102269,4648
Imelda (2019),50,-5.018036072144288,2.0788347818576573e-10,1.8345339713102269,4648
Imelda (2019),50,-4.98997995991984,3.7360810174639073e-10,1.8345339713102269,4648
Imelda (2019),50,-4.961923847695391,6.632656807803664e-10,1.8345339713102269,4648
Imelda (2019),50,-4.933867735470942,1.1631452713049557e-09,1.8345339713102269,4648
Imelda (2019),50,-4.905811623246493,2.0149111250333974e-09,1.8345339713102269,4648
Imelda (2019),50,-4.877755511022044,3.447892355033217e-09,1.8345339713102269,4648
Imelda (2019),50,-4.849699398797595,5.828110847727966e-09,1.8345339713102269,4648
Imelda (2019),50,-4.8216432865731464,9.7314760997255e-09,1.8345339713102269,4648
Imelda (2019),50,-4.793587174348698,1.6051183288345673e-08,1.8345339713102269,4648
Imelda (2019),50,-4.765531062124248,2.61525184938607e-08,1.8345339713102269,4648
Imelda (2019),50,-4.7374749498997994,4.209194123760623e-08,1.8345339713102269,4648
Imelda (2019),50,-4.709418837675351,6.692129909254623e-08,1.8345339713102269,4648
Imelda (2019),50,-4.681362725450902,1.0510198483439897e-07,1.8345339713102269,4648
Imelda (2019),50,-4.653306613226453,1.630572111090183e-07,1.8345339713102269,4648
Imelda (2019),50,-4.625250501002004,2.498925347925155e-07,1.8345339713102269,4648
Imelda (2019),50,-4.597194388777555,3.783142277661668e-07,1.8345339713102269,4648
Imelda (2019),50,-4.569138276553106,5.657707331028188e-07,1.8345339713102269,4648
Imelda (2019),50,-4.541082164328657,8.358327760582374e-07,1.8345339713102269,4648
Imelda (2019),50,-4.513026052104209,1.219811228875288e-06,1.8345339713102269,4648
Imelda (2019),50,-4.484969939879759,1.7585873166241414e-06,1.8345339713102269,4648
Imelda (2019),50,-4.456913827655311,2.5045965380220335e-06,1.8345339713102269,4648
Imelda (2019),50,-4.428857715430862,3.523866076447257e-06,1.8345339713102269,4648
Imelda (2019),50,-4.400801603206412,4.897957197927052e-06,1.8345339713102269,4648
Imelda (2019),50,-4.372745490981964,6.725612630188426e-06,1.8345339713102269,4648
Imelda (2019),50,-4.344689378757515,9.123859607105715e-06,1.8345339713102269,4648
Imelda (2019),50,-4.316633266533066,1.2228279482037987e-05,1.8345339713102269,4648
Imelda (2019),50,-4.2885771543086175,1.6192133416647776e-05,1.8345339713102269,4648
Imelda (2019),50,-4.260521042084168,2.1184040184237874e-05,1.8345339713102269,4648
Imelda (2019),50,-4.232464929859719,2.7383945552710286e-05,1.8345339713102269,4648
Imelda (2019),50,-4.2044088176352705,3.49772097708528e-05,1.8345339713102269,4648
Imelda (2019),50,-4.176352705410822,4.41467730417357e-05,1.8345339713102269,4648
Imelda (2019),50,-4.148296593186373,5.506353535744778e-05,1.8345339713102269,4648
Imelda (2019),50,-4.1202404809619235,6.787529633912659e-05,1.8345339713102269,4648
Imelda (2019),50,-4.092184368737475,8.269482472294188e-05,1.8345339713102269,4648
Imelda (2019),50,-4.064128256513026,9.958784074943934e-05,1.8345339713102269,4648
Imelda (2019),50,-4.036072144288577,0.00011856186782858908,1.8345339713102269,4648
Imelda (2019),50,-4.008016032064129,0.00013955701077778934,1.8345339713102269,4648
Imelda (2019),50,-3.979959919839679,0.00016243971801200332,1.8345339713102269,4648
Imelda (2019),50,-3.9519038076152304,0.00018700046389363495,1.8345339713102269,4648
Imelda (2019),50,-3.9238476953907817,0.00021295603786632874,1.8345339713102269,4648
Imelda (2019),50,-3.8957915831663326,0.00023995675895421986,1.8345339713102269,4648
Imelda (2019),50,-3.867735470941884,0.0002675984765325307,1.8345339713102269,4648
Imelda (2019),50,-3.8396793587174347,0.0002954387175896325,1.8345339713102269,4648
Imelda (2019),50,-3.811623246492986,0.0003230158571616047,1.8345339713102269,4648
Imelda (2019),50,-3.783567134268537,0.00034986978866348645,1.8345339713102269,4648
Imelda (2019),50,-3.755511022044088,0.00037556231772955704,1.8345339713102269,4648
Imelda (2019),50,-3.7274549098196395,0.00039969544669083936,1.8345339713102269,4648
Imelda (2019),50,-3.6993987975951903,0.00042192588380384843,1.8345339713102269,4648
Imelda (2019),50,-3.6713426853707416,0.00044197449887505474,1.8345339713102269,4648
Imelda (2019),50,-3.6432865731462925,0.0004596300196338708,1.8345339713102269,4648
Imelda (2019),50,-3.6152304609218437,0.0004747469556974406,1.8345339713102269,4648
Imelda (2019),50,-3.5871743486973946,0.0004872384614027549,1.8345339713102269,4648
Imelda (2019),50,-3.559118236472946,0.0004970655067692086,1.8345339713102269,4648
Imelda (2019),50,-3.531062124248497,0.0005042242229516898,1.8345339713102269,4648
Imelda (2019),50,-3.503006012024048,0.0005087335489860652,1.8345339713102269,4648
Imelda (2019),50,-3.4749498997995993,0.0005106252857969377,1.8345339713102269,4648
Imelda (2019),50,-3.44689378757515,0.0005099383557876521,1.8345339713102269,4648
Imelda (2019),50,-3.4188376753507015,0.0005067185072521328,1.8345339713102269,4648
Imelda (2019),50,-3.3907815631262523,0.0005010239639522962,1.8345339713102269,4648
Imelda (2019),50,-3.3627254509018036,0.0004929366987600896,1.8345339713102269,4648
Imelda (2019),50,-3.3346693386773545,0.00048257821450352085,1.8345339713102269,4648
Imelda (2019),50,-3.306613226452906,0.0004701280480124577,1.8345339713102269,4648
Imelda (2019),50,-3.278557114228457,0.00045584275740880785,1.8345339713102269,4648
Imelda (2019),50,-3.250501002004008,0.0004400729588672263,1.8345339713102269,4648
Imelda (2019),50,-3.2224448897795592,0.00042327606099172853,1.8345339713102269,4648
Imelda (2019),50,-3.19438877755511,0.00040602267950171333,1.8345339713102269,4648
Imelda (2019),50,-3.1663326653306614,0.0003889952487621398,1.8345339713102269,4648
Imelda (2019),50,-3.1382765531062122,0.00037297800709414194,1.8345339713102269,4648
Imelda (2019),50,-3.1102204408817635,0.00035883824055335024,1.8345339713102269,4648
Imelda (2019),50,-3.0821643286573144,0.0003474993517686442,1.8345339713102269,4648
Imelda (2019),50,-3.0541082164328657,0.00033990691912476014,1.8345339713102269,4648
Imelda (2019),50,-3.026052104208417,0.00033698939105855,1.8345339713102269,4648
Imelda (2019),50,-2.997995991983968,0.0003396154066115361,1.8345339713102269,4648
Imelda (2019),50,-2.969939879759519,0.0003485499510946886,1.8345339713102269,4648
Imelda (2019),50,-2.94188376753507,0.00036441166077844485,1.8345339713102269,4648
Imelda (2019),50,-2.9138276553106213,0.0003876336024351205,1.8345339713102269,4648
Imelda (2019),50,-2.885771543086172,0.0004184297880802988,1.8345339713102269,4648
Imelda (2019),50,-2.8577154308617234,0.00045676954952755675,1.8345339713102269,4648
Imelda (2019),50,-2.8296593186372747,0.0005023616885216579,1.8345339713102269,4648
Imelda (2019),50,-2.8016032064128256,0.0005546500255549393,1.8345339713102269,4648
Imelda (2019),50,-2.773547094188377,0.000612821580538069,1.8345339713102269,4648
Imelda (2019),50,-2.7454909819639277,0.0006758281216485184,1.8345339713102269,4648
Imelda (2019),50,-2.717434869739479,0.0007424212155402851,1.8345339713102269,4648
Imelda (2019),50,-2.68937875751503,0.0008112002182498868,1.8345339713102269,4648
Imelda (2019),50,-2.661322645290581,0.0008806718939035896,1.8345339713102269,4648
Imelda (2019),50,-2.6332665330661325,0.0009493195851767801,1.8345339713102269,4648
Imelda (2019),50,-2.6052104208416833,0.0010156791432357174,1.8345339713102269,4648
Imelda (2019),50,-2.5771543086172346,0.0010784182169663729,1.8345339713102269,4648
Imelda (2019),50,-2.5490981963927855,0.0011364150588437283,1.8345339713102269,4648
Imelda (2019),50,-2.5210420841683367,0.0011888327737909796,1.8345339713102269,4648
Imelda (2019),50,-2.4929859719438876,0.001235184947433622,1.8345339713102269,4648
Imelda (2019),50,-2.464929859719439,0.0012753888519122885,1.8345339713102269,4648
Imelda (2019),50,-2.4368737474949898,0.0013098029325506412,1.8345339713102269,4648
Imelda (2019),50,-2.408817635270541,0.001339246001936434,1.8345339713102269,4648
Imelda (2019),50,-2.3807615230460923,0.0013649964704244549,1.8345339713102269,4648
Imelda (2019),50,-2.352705410821643,0.001388770974458865,1.8345339713102269,4648
Imelda (2019),50,-2.3246492985971945,0.0014126828696813378,1.8345339713102269,4648
Imelda (2019),50,-2.2965931863727453,0.0014391821722023375,1.8345339713102269,4648
Imelda (2019),50,-2.2685370741482966,0.0014709795920644024,1.8345339713102269,4648
Imelda (2019),50,-2.2404809619238475,0.0015109582383797178,1.8345339713102269,4648
Imelda (2019),50,-2.212424849699399,0.0015620773160756197,1.8345339713102269,4648
Imelda (2019),50,-2.1843687374749496,0.0016272726137752558,1.8345339713102269,4648
Imelda (2019),50,-2.156312625250501,0.0017093587456474405,1.8345339713102269,4648
Imelda (2019),50,-2.1282565130260522,0.0018109379203109061,1.8345339713102269,4648
Imelda (2019),50,-2.100200400801603,0.0019343194577652613,1.8345339713102269,4648
Imelda (2019),50,-2.0721442885771544,0.0020814533865383352,1.8345339713102269,4648
Imelda (2019),50,-2.0440881763527052,0.0022538802926824865,1.8345339713102269,4648
Imelda (2019),50,-2.0160320641282565,0.00245269826300652,1.8345339713102269,4648
Imelda (2019),50,-1.9879759519038078,0.002678546400921982,1.8345339713102269,4648
Imelda (2019),50,-1.9599198396793582,0.0029316031456016966,1.8345339713102269,4648
Imelda (2019),50,-1.9318637274549095,0.0032115966433579664,1.8345339713102269,4648
Imelda (2019),50,-1.9038076152304608,0.0035178238311384504,1.8345339713102269,4648
Imelda (2019),50,-1.8757515030060121,0.0038491747797891347,1.8345339713102269,4648
Imelda (2019),50,-1.8476953907815634,0.004204159234602244,1.8345339713102269,4648
Imelda (2019),50,-1.8196392785571138,0.004580933141311116,1.8345339713102269,4648
Imelda (2019),50,-1.7915831663326651,0.004977324150647365,1.8345339713102269,4648
Imelda (2019),50,-1.7635270541082164,0.005390856493840986,1.8345339713102269,4648
Imelda (2019),50,-1.7354709418837677,0.005818777021741666,1.8345339713102269,4648
Imelda (2019),50,-1.707414829659319,0.006258085400940287,1.8345339713102269,4648
Imelda (2019),50,-1.6793587174348694,0.006705572280954724,1.8345339713102269,4648
Imelda (2019),50,-1.6513026052104207,0.007157869551795559,1.8345339713102269,4648
Imelda (2019),50,-1.623246492985972,0.007611516528673718,1.8345339713102269,4648
Imelda (2019),50,-1.5951903807615233,0.008063045029489338,1.8345339713102269,4648
Imelda (2019),50,-1.5671342685370737,0.008509084919898805,1.8345339713102269,4648
Imelda (2019),50,-1.539078156312625,0.008946489916937373,1.8345339713102269,4648
Imelda (2019),50,-1.5110220440881763,0.009372481431126928,1.8345339713102269,4648
Imelda (2019),50,-1.4829659318637276,0.009784806171110511,1.8345339713102269,4648
Imelda (2019),50,-1.454909819639279,0.010181901311487173,1.8345339713102269,4648
Imelda (2019),50,-1.4268537074148293,0.010563059388743712,1.8345339713102269,4648
Imelda (2019),50,-1.3987975951903806,0.010928583864459674,1.8345339713102269,4648
Imelda (2019),50,-1.370741482965932,0.01127992556661058,1.8345339713102269,4648
Imelda (2019),50,-1.3426853707414832,0.01161979004510785,1.8345339713102269,4648
Imelda (2019),50,-1.3146292585170336,0.01195220629006174,1.8345339713102269,4648
Imelda (2019),50,-1.286573146292585,0.012282548279393344,1.8345339713102269,4648
Imelda (2019),50,-1.2585170340681362,0.012617502455164574,1.8345339713102269,4648
Imelda (2019),50,-1.2304609218436875,0.012964976472310971,1.8345339713102269,4648
Imelda (2019),50,-1.2024048096192388,0.01333394739486654,1.8345339713102269,4648
Imelda (2019),50,-1.1743486973947892,0.013734250871260935,1.8345339713102269,4648
Imelda (2019),50,-1.1462925851703405,0.01417631658348459,1.8345339713102269,4648
Imelda (2019),50,-1.1182364729458918,0.014670859244013026,1.8345339713102269,4648
Imelda (2019),50,-1.090180360721443,0.01522853833898292,1.8345339713102269,4648
Imelda (2019),50,-1.0621242484969944,0.015859603343890843,1.8345339713102269,4648
Imelda (2019),50,-1.0340681362725448,0.016573543880296006,1.8345339713102269,4648
Imelda (2019),50,-1.006012024048096,0.01737876584677163,1.8345339713102269,4648
Imelda (2019),50,-0.9779559118236474,0.018282314606236114,1.8345339713102269,4648
Imelda (2019),50,-0.9498997995991987,0.019289664621357623,1.8345339713102269,4648
Imelda (2019),50,-0.9218436873747491,0.020404591446804163,1.8345339713102269,4648
Imelda (2019),50,-0.8937875751503004,0.021629136866003332,1.8345339713102269,4648
Imelda (2019),50,-0.8657314629258517,0.022963671571423393,1.8345339713102269,4648
Imelda (2019),50,-0.837675350701403,0.02440705269267207,1.8345339713102269,4648
Imelda (2019),50,-0.8096192384769543,0.025956866368552777,1.8345339713102269,4648
Imelda (2019),50,-0.7815631262525047,0.027609739173982076,1.8345339713102269,4648
Imelda (2019),50,-0.753507014028056,0.02936169722861543,1.8345339713102269,4648
Imelda (2019),50,-0.7254509018036073,0.031208548751620064,1.8345339713102269,4648
Imelda (2019),50,-0.6973947895791586,0.03314626496973871,1.8345339713102269,4648
Imelda (2019),50,-0.669338677354709,0.035171335636334615,1.8345339713102269,4648
Imelda (2019),50,-0.6412825651302603,0.03728107870081401,1.8345339713102269,4648
Imelda (2019),50,-0.6132264529058116,0.03947388837199339,1.8345339713102269,4648
Imelda (2019),50,-0.5851703406813629,0.04174941129058353,1.8345339713102269,4648
Imelda (2019),50,-0.5571142284569142,0.04410864607225864,1.8345339713102269,4648
Imelda (2019),50,-0.5290581162324646,0.04655396648444644,1.8345339713102269,4648
Imelda (2019),50,-0.5010020040080159,0.04908907252413118,1.8345339713102269,4648
Imelda (2019),50,-0.47294589178356716,0.05171887644159305,1.8345339713102269,4648
Imelda (2019),50,-0.44488977955911846,0.05444933231313307,1.8345339713102269,4648
Imelda (2019),50,-0.41683366733466887,0.05728721831406901,1.8345339713102269,4648
Imelda (2019),50,-0.38877755511022016,0.060239880723775806,1.8345339713102269,4648
Imelda (2019),50,-0.36072144288577146,0.06331494829251652,1.8345339713102269,4648
Imelda (2019),50,-0.33266533066132276,0.06652002525430181,1.8345339713102269,4648
Imelda (2019),50,-0.30460921843687405,0.06986237120533868,1.8345339713102269,4648
Imelda (2019),50,-0.27655310621242446,0.07334857635823423,1.8345339713102269,4648
Imelda (2019),50,-0.24849699398797576,0.07698424125777975,1.8345339713102269,4648
Imelda (2019),50,-0.22044088176352705,0.08077367072969849,1.8345339713102269,4648
Imelda (2019),50,-0.19238476953907835,0.08471959241204242,1.8345339713102269,4648
Imelda (2019),50,-0.16432865731462876,0.0888229104977288,1.8345339713102269,4648
Imelda (2019),50,-0.13627254509018005,0.09308250518177379,1.8345339713102269,4648
Imelda (2019),50,-0.10821643286573135,0.09749508774607928,1.8345339713102269,4648
Imelda (2019),50,-0.08016032064128265,0.10205512030710458,1.8345339713102269,4648
Imelda (2019),50,-0.05210420841683394,0.10675480812392261,1.8345339713102269,4648
Imelda (2019),50,-0.02404809619238435,0.11158417112643507,1.8345339713102269,4648
Imelda (2019),50,0.004008016032064354,0.11653120000546843,1.8345339713102269,4648
Imelda (2019),50,0.03206412825651306,0.12158210071094905,1.8345339713102269,4648
Imelda (2019),50,0.06012024048096176,0.12672162929787517,1.8345339713102269,4648
Imelda (2019),50,0.08817635270541047,0.13193351640817583,1.8345339713102269,4648
Imelda (2019),50,0.11623246492986006,0.13720097692368097,1.8345339713102269,4648
Imelda (2019),50,0.14428857715430876,0.14250729520266778,1.8345339713102269,4648
Imelda (2019),50,0.17234468937875747,0.14783646975538434,1.8345339713102269,4648
Imelda (2019),50,0.20040080160320617,0.15317389346041982,1.8345339713102269,4648
Imelda (2019),50,0.22845691382765576,0.15850703706626912,1.8345339713102269,4648
Imelda (2019),50,0.25651302605210446,0.16382609569565956,1.8345339713102269,4648
Imelda (2019),50,0.28456913827655317,0.1691245515664925,1.8345339713102269,4648
Imelda (2019),50,0.3126252505010019,0.17439960246084044,1.8345339713102269,4648
Imelda (2019),50,0.3406813627254506,0.17965240581893444,1.8345339713102269,4648
Imelda (2019),50,0.36873747494990017,0.1848880936095244,1.8345339713102269,4648
Imelda (2019),50,0.39679358717434887,0.1901155237347869,1.8345339713102269,4648
Imelda (2019),50,0.4248496993987976,0.19534674943572625,1.8345339713102269,4648
Imelda (2019),50,0.4529058116232463,0.20059620805537454,1.8345339713102269,4648
Imelda (2019),50,0.48096192384769587,0.20587965303540764,1.8345339713102269,4648
Imelda (2019),50,0.5090180360721446,0.2112128761171985,1.8345339713102269,4648
Imelda (2019),50,0.5370741482965933,0.21661028807465638,1.8345339713102269,4648
Imelda (2019),50,0.565130260521042,0.22208344361738233,1.8345339713102269,4648
Imelda (2019),50,0.5931863727454907,0.2276396073608547,1.8345339713102269,4648
Imelda (2019),50,0.6212424849699403,0.23328046151103426,1.8345339713102269,4648
Imelda (2019),50,0.649298597194389,0.23900105144218586,1.8345339713102269,4648
Imelda (2019),50,0.6773547094188377,0.24478905278334814,1.8345339713102269,4648
Imelda (2019),50,0.7054108216432864,0.25062442392111217,1.8345339713102269,4648
Imelda (2019),50,0.7334669338677351,0.2564794826386251,1.8345339713102269,4648
Imelda (2019),50,0.7615230460921847,0.2623194171270238,1.8345339713102269,4648
Imelda (2019),50,0.7895791583166334,0.26810321228250067,1.8345339713102269,4648
Imelda (2019),50,0.8176352705410821,0.2737849445026879,1.8345339713102269,4648
Imelda (2019),50,0.8456913827655308,0.27931537433790626,1.8345339713102269,4648
Imelda (2019),50,0.8737474949899804,0.28464374810193627,1.8345339713102269,4648
Imelda (2019),50,0.9018036072144291,0.2897197080741143,1.8345339713102269,4648
Imelda (2019),50,0.9298597194388778,0.29449520673772234,1.8345339713102269,4648
Imelda (2019),50,0.9579158316633265,0.29892632344901493,1.8345339713102269,4648
Imelda (2019),50,0.9859719438877752,0.30297489128388827,1.8345339713102269,4648
Imelda (2019),50,1.0140280561122248,0.30660985637191635,1.8345339713102269,4648
Imelda (2019),50,1.0420841683366735,0.3098083103083284,1.8345339713102269,4648
Imelda (2019),50,1.0701402805611222,0.31255615661479824,1.8345339713102269,4648
Imelda (2019),50,1.098196392785571,0.3148483931248811,1.8345339713102269,4648
Imelda (2019),50,1.1262525050100205,0.3166890122149283,1.8345339713102269,4648
Imelda (2019),50,1.1543086172344692,0.31809053890016664,1.8345339713102269,4648
Imelda (2019),50,1.182364729458918,0.3190732422426444,1.8345339713102269,4648
Imelda (2019),50,1.2104208416833666,0.3196640679120756,1.8345339713102269,4648
Imelda (2019),50,1.2384769539078153,0.319895349062521,1.8345339713102269,4648
Imelda (2019),50,1.266533066132265,0.31980335912777014,1.8345339713102269,4648
Imelda (2019),50,1.2945891783567136,0.31942677400285024,1.8345339713102269,4648
Imelda (2019),50,1.3226452905811623,0.31880511266865413,1.8345339713102269,4648
Imelda (2019),50,1.350701402805611,0.3179772248260609,1.8345339713102269,4648
Imelda (2019),50,1.3787575150300606,0.3169798915617912,1.8345339713102269,4648
Imelda (2019),50,1.4068136272545093,0.3158466003264819,1.8345339713102269,4648
Imelda (2019),50,1.434869739478958,0.31460654830554313,1.8345339713102269,4648
Imelda (2019),50,1.4629258517034067,0.31328391833630503,1.8345339713102269,4648
Imelda (2019),50,1.4909819639278554,0.3118974587315357,1.8345339713102269,4648
Imelda (2019),50,1.519038076152305,0.3104603828399502,1.8345339713102269,4648
Imelda (2019),50,1.5470941883767537,0.308980586418037,1.8345339713102269,4648
Imelda (2019),50,1.5751503006012024,0.3074611618407771,1.8345339713102269,4648
Imelda (2019),50,1.6032064128256511,0.3059011691740997,1.8345339713102269,4648
Imelda (2019),50,1.6312625250501007,0.30429660678296494,1.8345339713102269,4648
Imelda (2019),50,1.6593186372745494,0.30264151016293117,1.8345339713102269,4648
Imelda (2019),50,1.6873747494989981,0.30092909862899364,1.8345339713102269,4648
Imelda (2019),50,1.7154308617234468,0.2991528865653776,1.8345339713102269,4648
Imelda (2019),50,1.7434869739478955,0.2973076797450349,1.8345339713102269,4648
Imelda (2019),50,1.7715430861723451,0.29539038766729325,1.8345339713102269,4648
Imelda (2019),50,1.7995991983967938,0.2934005990913501,1.8345339713102269,4648
Imelda (2019),50,1.8276553106212425,0.2913408884483701,1.8345339713102269,4648
Imelda (2019),50,1.8557114228456912,0.289216843588264,1.8345339713102269,4648
Imelda (2019),50,1.88376753507014,0.2870368281063118,1.8345339713102269,4648
Imelda (2019),50,1.9118236472945895,0.2848115120847311,1.8345339713102269,4648
Imelda (2019),50,1.9398797595190382,0.2825532215735326,1.8345339713102269,4648
Imelda (2019),50,1.967935871743487,0.2802751681575938,1.8345339713102269,4648
Imelda (2019),50,1.9959919839679356,0.2779906248252057,1.8345339713102269,4648
Imelda (2019),50,2.0240480961923843,0.2757121130970657,1.8345339713102269,4648
Imelda (2019),50,2.052104208416834,0.2734506596824467,1.8345339713102269,4648
Imelda (2019),50,2.0801603206412835,0.2712151700030377,1.8345339713102269,4648
Imelda (2019),50,2.1082164328657313,0.26901195228072255,1.8345339713102269,4648
Imelda (2019),50,2.136272545090181,0.266844411133176,1.8345339713102269,4648
Imelda (2019),50,2.1643286573146288,0.2647129152592994,1.8345339713102269,4648
Imelda (2019),50,2.1923847695390783,0.2626148310535375,1.8345339713102269,4648
Imelda (2019),50,2.220440881763528,0.26054470372470157,1.8345339713102269,4648
Imelda (2019),50,2.2484969939879758,0.2584945601755742,1.8345339713102269,4648
Imelda (2019),50,2.2765531062124253,0.25645430362337107,1.8345339713102269,4648
Imelda (2019),50,2.304609218436873,0.25441216851589055,1.8345339713102269,4648
Imelda (2019),50,2.3326653306613228,0.2523552053342122,1.8345339713102269,4648
Imelda (2019),50,2.3607214428857723,0.2502697678748098,1.8345339713102269,4648
Imelda (2019),50,2.38877755511022,0.2481419800444848,1.8345339713102269,4648
Imelda (2019),50,2.4168336673346698,0.245958164566101,1.8345339713102269,4648
Imelda (2019),50,2.4448897795591176,0.2437052217976075,1.8345339713102269,4648
Imelda (2019),50,2.472945891783567,0.2413709526561164,1.8345339713102269,4648
Imelda (2019),50,2.5010020040080168,0.23894432497733906,1.8345339713102269,4648
Imelda (2019),50,2.5290581162324646,0.23641568711094316,1.8345339713102269,4648
Imelda (2019),50,2.557114228456914,0.2337769357694748,1.8345339713102269,4648
Imelda (2019),50,2.585170340681362,0.23102164679594495,1.8345339713102269,4648
Imelda (2019),50,2.6132264529058116,0.2281451773979168,1.8345339713102269,4648
Imelda (2019),50,2.641282565130261,0.22514474649871533,1.8345339713102269,4648
Imelda (2019),50,2.669338677354709,0.22201949639363167,1.8345339713102269,4648
Imelda (2019),50,2.6973947895791586,0.21877053433696153,1.8345339713102269,4648
Imelda (2019),50,2.725450901803608,0.21540094772553606,1.8345339713102269,4648
Imelda (2019),50,2.753507014028056,0.21191578205721717,1.8345339713102269,4648
Imelda (2019),50,2.7815631262525056,0.20832196776053036,1.8345339713102269,4648
Imelda (2019),50,2.8096192384769534,0.2046281811648924,1.8345339713102269,4648
Imelda (2019),50,2.837675350701403,0.2008446269262599,1.8345339713102269,4648
Imelda (2019),50,2.8657314629258526,0.19698273438449404,1.8345339713102269,4648
Imelda (2019),50,2.8937875751503004,0.1930547683821509,1.8345339713102269,4648
Imelda (2019),50,2.92184368737475,0.18907336529679933,1.8345339713102269,4648
Imelda (2019),50,2.949899799599198,0.1850510162565959,1.8345339713102269,4648
Imelda (2019),50,2.9779559118236474,0.18099953022484613,1.8345339713102269,4648
Imelda (2019),50,3.006012024048097,0.1769295182277451,1.8345339713102269,4648
Imelda (2019),50,3.034068136272545,0.1728499449398615,1.8345339713102269,4648
Imelda (2019),50,3.0621242484969944,0.16876779395871563,1.8345339713102269,4648
Imelda (2019),50,3.090180360721442,0.16468788776835086,1.8345339713102269,4648
Imelda (2019),50,3.118236472945892,0.1606128926754723,1.8345339713102269,4648
Imelda (2019),50,3.1462925851703414,0.15654352369330005,1.8345339713102269,4648
Imelda (2019),50,3.174348697394789,0.15247894590544053,1.8345339713102269,4648
Imelda (2019),50,3.202404809619239,0.1484173492221942,1.8345339713102269,4648
Imelda (2019),50,3.2304609218436866,0.14435665485856827,1.8345339713102269,4648
Imelda (2019),50,3.258517034068136,0.1402952965013714,1.8345339713102269,4648
Imelda (2019),50,3.286573146292586,0.13623300886196527,1.8345339713102269,4648
Imelda (2019),50,3.3146292585170336,0.1321715524426162,1.8345339713102269,4648
Imelda (2019),50,3.342685370741483,0.12811530646420138,1.8345339713102269,4648
Imelda (2019),50,3.370741482965933,0.12407167180365658,1.8345339713102269,4648
Imelda (2019),50,3.3987975951903806,0.12005124150568557,1.8345339713102269,4648
Imelda (2019),50,3.42685370741483,0.11606771637105338,1.8345339713102269,4648
Imelda (2019),50,3.454909819639278,0.11213756526095112,1.8345339713102269,4648
Imelda (2019),50,3.4829659318637276,0.10827945188249734,1.8345339713102269,4648
Imelda (2019),50,3.511022044088177,0.10451346978070049,1.8345339713102269,4648
Imelda (2019),50,3.539078156312625,0.10086024318331217,1.8345339713102269,4648
Imelda (2019),50,3.5671342685370746,0.09733996180975826,1.8345339713102269,4648
Imelda (2019),50,3.5951903807615224,0.09397142192049485,1.8345339713102269,4648
Imelda (2019),50,3.623246492985972,0.09077114353291818,1.8345339713102269,4648
Imelda (2019),50,3.6513026052104216,0.0877526252688263,1.8345339713102269,4648
Imelda (2019),50,3.6793587174348694,0.08492578468991785,1.8345339713102269,4648
Imelda (2019),50,3.707414829659319,0.08229661464010832,1.8345339713102269,4648
Imelda (2019),50,3.735470941883767,0.07986706678050956,1.8345339713102269,4648
Imelda (2019),50,3.7635270541082164,0.077635154062995,1.8345339713102269,4648
Imelda (2019),50,3.791583166332666,0.07559524620857719,1.8345339713102269,4648
Imelda (2019),50,3.819639278557114,0.07373851800732761,1.8345339713102269,4648
Imelda (2019),50,3.8476953907815634,0.07205350074555333,1.8345339713102269,4648
Imelda (2019),50,3.8757515030060112,0.07052668310310392,1.8345339713102269,4648
Imelda (2019),50,3.903807615230461,0.06914310966616696,1.8345339713102269,4648
Imelda (2019),50,3.9318637274549104,0.06788693235776314,1.8345339713102269,4648
Imelda (2019),50,3.9599198396793582,0.0667418815918169,1.8345339713102269,4648
Imelda (2019),50,3.987975951903808,0.06569163830630805,1.8345339713102269,4648
Imelda (2019),50,4.016032064128257,0.06472010339950825,1.8345339713102269,4648
Imelda (2019),50,4.044088176352705,0.06381157554343442,1.8345339713102269,4648
Imelda (2019),50,4.072144288577155,0.06295086007222271,1.8345339713102269,4648
Imelda (2019),50,4.100200400801603,0.06212333919318122,1.8345339713102269,4648
Imelda (2019),50,4.128256513026052,0.06131503625174498,1.8345339713102269,4648
Imelda (2019),50,4.156312625250502,0.06051270398375566,1.8345339713102269,4648
Imelda (2019),50,4.18436873747495,0.05970395910911911,1.8345339713102269,4648
Imelda (2019),50,4.212424849699399,0.05887747441286785,1.8345339713102269,4648
Imelda (2019),50,4.240480961923847,0.058023226276544174,1.8345339713102269,4648
Imelda (2019),50,4.268537074148297,0.05713278239387799,1.8345339713102269,4648
Imelda (2019),50,4.296593186372746,0.05619960306818037,1.8345339713102269,4648
Imelda (2019),50,4.324649298597194,0.05521932172087756,1.8345339713102269,4648
Imelda (2019),50,4.352705410821644,0.05418996721905131,1.8345339713102269,4648
Imelda (2019),50,4.3807615230460915,0.05311209286749686,1.8345339713102269,4648
Imelda (2019),50,4.408817635270541,0.05198878418275493,1.8345339713102269,4648
Imelda (2019),50,4.436873747494991,0.05082552894339223,1.8345339713102269,4648
Imelda (2019),50,4.4649298597194385,0.049629946992607074,1.8345339713102269,4648
Imelda (2019),50,4.492985971943888,0.04841139200174924,1.8345339713102269,4648
Imelda (2019),50,4.521042084168338,0.0471804509433761,1.8345339713102269,4648
Imelda (2019),50,4.5490981963927855,0.04594837761420557,1.8345339713102269,4648
Imelda (2019),50,4.577154308617235,0.044726502868894985,1.8345339713102269,4648
Imelda (2019),50,4.605210420841683,0.043525665564035136,1.8345339713102269,4648
Imelda (2019),50,4.6332665330661325,0.042355704555701756,1.8345339713102269,4648
Imelda (2019),50,4.661322645290582,0.0412250441120094,1.8345339713102269,4648
Imelda (2019),50,4.68937875751503,0.040140394027122786,1.8345339713102269,4648
Imelda (2019),50,4.7174348697394795,0.03910657315502868,1.8345339713102269,4648
Imelda (2019),50,4.745490981963927,0.0381264527417658,1.8345339713102269,4648
Imelda (2019),50,4.773547094188377,0.0372010054117971,1.8345339713102269,4648
Imelda (2019),50,4.8016032064128265,0.036329438185578954,1.8345339713102269,4648
Imelda (2019),50,4.829659318637274,0.03550938417488617,1.8345339713102269,4648
Imelda (2019),50,4.857715430861724,0.0347371277217954,1.8345339713102269,4648
Imelda (2019),50,4.885771543086172,0.03400784123334857,1.8345339713102269,4648
Imelda (2019),50,4.913827655310621,0.033315817855705566,1.8345339713102269,4648
Imelda (2019),50,4.941883767535071,0.03265469116670925,1.8345339713102269,4648
Imelda (2019),50,4.969939879759519,0.03201763989751108,1.8345339713102269,4648
Imelda (2019),50,4.997995991983968,0.03139758111285831,1.8345339713102269,4648
Imelda (2019),50,5.026052104208416,0.03078735840493805,1.8345339713102269,4648
Imelda (2019),50,5.054108216432866,0.030179932066245897,1.8345339713102269,4648
Imelda (2019),50,5.082164328657315,0.029568575993565202,1.8345339713102269,4648
Imelda (2019),50,5.110220440881763,0.02894708180706929,1.8345339713102269,4648
Imelda (2019),50,5.138276553106213,0.02830996528222875,1.8345339713102269,4648
Imelda (2019),50,5.166332665330662,0.027652664821993536,1.8345339713102269,4648
Imelda (2019),50,5.19438877755511,0.026971717476368312,1.8345339713102269,4648
Imelda (2019),50,5.22244488977956,0.02626489588441195,1.8345339713102269,4648
Imelda (2019),50,5.2505010020040075,0.02553129005349871,1.8345339713102269,4648
Imelda (2019),50,5.278557114228457,0.02477132123273405,1.8345339713102269,4648
Imelda (2019),50,5.306613226452907,0.023986680935983495,1.8345339713102269,4648
Imelda (2019),50,5.3346693386773545,0.02318019565866216,1.8345339713102269,4648
Imelda (2019),50,5.362725450901804,0.022355625947499996,1.8345339713102269,4648
Imelda (2019),50,5.390781563126252,0.0215174160327894,1.8345339713102269,4648
Imelda (2019),50,5.4188376753507015,0.02067041608807943,1.8345339713102269,4648
Imelda (2019),50,5.446893787575151,0.01981960245036038,1.8345339713102269,4648
Imelda (2019),50,5.474949899799599,0.018969821296083166,1.8345339713102269,4648
Imelda (2019),50,5.5030060120240485,0.01812557825695988,1.8345339713102269,4648
Imelda (2019),50,5.531062124248496,0.01729089066257047,1.8345339713102269,4648
Imelda (2019),50,5.559118236472946,0.016469211294980492,1.8345339713102269,4648
Imelda (2019),50,5.5871743486973955,0.015663423786030382,1.8345339713102269,4648
Imelda (2019),50,5.615230460921843,0.014875901246855328,1.8345339713102269,4648
Imelda (2019),50,5.643286573146293,0.014108612502851822,1.8345339713102269,4648
Imelda (2019),50,5.6713426853707425,0.013363255317652045,1.8345339713102269,4648
Imelda (2019),50,5.69939879759519,0.012641393801402587,1.8345339713102269,4648
Imelda (2019),50,5.72745490981964,0.01194457799329086,1.8345339713102269,4648
Imelda (2019),50,5.755511022044088,0.011274427166877373,1.8345339713102269,4648
Imelda (2019),50,5.783567134268537,0.010632664158819565,1.8345339713102269,4648
Imelda (2019),50,5.811623246492987,0.010021095139425716,1.8345339713102269,4648
Imelda (2019),50,5.839679358717435,0.009441536766332873,1.8345339713102269,4648
Imelda (2019),50,5.867735470941884,0.008895699630334864,1.8345339713102269,4648
Imelda (2019),50,5.895791583166332,0.00838504248018878,1.8345339713102269,4648
Imelda (2019),50,5.923847695390782,0.007910615290832304,1.8345339713102269,4648
Imelda (2019),50,5.951903807615231,0.0074729104934291544,1.8345339713102269,4648
Imelda (2019),50,5.979959919839679,0.007071740599557621,1.8345339713102269,4648
Imelda (2019),50,6.008016032064129,0.006706157295053194,1.8345339713102269,4648
Imelda (2019),50,6.0360721442885765,0.006374422350722024,1.8345339713102269,4648
Imelda (2019),50,6.064128256513026,0.0060740350460120164,1.8345339713102269,4648
Imelda (2019),50,6.092184368737476,0.00580181493376196,1.8345339713102269,4648
Imelda (2019),50,6.1202404809619235,0.005554033361868432,1.8345339713102269,4648
Imelda (2019),50,6.148296593186373,0.005326582772227362,1.8345339713102269,4648
Imelda (2019),50,6.176352705410821,0.005115169811869431,1.8345339713102269,4648
Imelda (2019),50,6.2044088176352705,0.004915516911332098,1.8345339713102269,4648
Imelda (2019),50,6.23246492985972,0.004723557206420869,1.8345339713102269,4648
Imelda (2019),50,6.260521042084168,0.004535609319456172,1.8345339713102269,4648
Imelda (2019),50,6.2885771543086175,0.004348521256854793,1.8345339713102269,4648
Imelda (2019),50,6.316633266533067,0.0041597761208913816,1.8345339713102269,4648
Imelda (2019),50,6.344689378757515,0.003967556048376774,1.8345339713102269,4648
Imelda (2019),50,6.3727454909819645,0.0037707643780660765,1.8345339713102269,4648
Imelda (2019),50,6.400801603206412,0.0035690091807310167,1.8345339713102269,4648
Imelda (2019),50,6.428857715430862,0.003362553725863136,1.8345339713102269,4648
Imelda (2019),50,6.4569138276553115,0.003152241079273685,1.8345339713102269,4648
Imelda (2019),50,6.484969939879759,0.0029394008027509295,1.8345339713102269,4648
Imelda (2019),50,6.513026052104209,0.0027257457251452745,1.8345339713102269,4648
Imelda (2019),50,6.541082164328657,0.0025132661034095224,1.8345339713102269,4648
Imelda (2019),50,6.569138276553106,0.0023041273600833885,1.8345339713102269,4648
Imelda (2019),50,6.597194388777556,0.002100576150960543,1.8345339713102269,4648
Imelda (2019),50,6.625250501002004,0.0019048579551740412,1.8345339713102269,4648
Imelda (2019),50,6.653306613226453,0.0017191478384355216,1.8345339713102269,4648
Imelda (2019),50,6.681362725450901,0.0015454946364951688,1.8345339713102269,4648
Imelda (2019),50,6.709418837675351,0.0013857776254417053,1.8345339713102269,4648
Imelda (2019),50,6.7374749498998,0.001241673844118083,1.8345339713102269,4648
Imelda (2019),50,6.765531062124248,0.001114633643239332,1.8345339713102269,4648
Imelda (2019),50,6.793587174348698,0.0010058617682708322,1.8345339713102269,4648
Imelda (2019),50,6.821643286573146,0.0009163013359224395,1.8345339713102269,4648
Imelda (2019),50,6.849699398797595,0.000846618420341439,1.8345339713102269,4648
Imelda (2019),50,6.877755511022045,0.0007971855926851634,1.8345339713102269,4648
Imelda (2019),50,6.905811623246493,0.0007680636068969626,1.8345339713102269,4648
Imelda (2019),50,6.933867735470942,0.000758981425038768,1.8345339713102269,4648
Imelda (2019),50,6.961923847695392,0.0007693158361540378,1.8345339713102269,4648
Imelda (2019),50,6.98997995991984,0.0007980729334882485,1.8345339713102269,4648
Imelda (2019),50,7.018036072144289,0.0008438745545171235,1.8345339713102269,4648
Imelda (2019),50,7.046092184368737,0.0009049533350393117,1.8345339713102269,4648
Imelda (2019),50,7.074148296593187,0.0009791601759624629,1.8345339713102269,4648
Imelda (2019),50,7.102204408817636,0.001063987594465644,1.8345339713102269,4648
Imelda (2019),50,7.130260521042084,0.001156611602544887,1.8345339713102269,4648
Imelda (2019),50,7.158316633266534,0.001253953457258919,1.8345339713102269,4648
Imelda (2019),50,7.186372745490981,0.0013527609538813816,1.8345339713102269,4648
Imelda (2019),50,7.214428857715431,0.0014497070409128462,1.8345339713102269,4648
Imelda (2019),50,7.242484969939881,0.001541501625651381,1.8345339713102269,4648
Imelda (2019),50,7.270541082164328,0.0016250107352536252,1.8345339713102269,4648
Imelda (2019),50,7.298597194388778,0.0016973759201839801,1.8345339713102269,4648
Imelda (2019),50,7.326653306613226,0.0017561261179874059,1.8345339713102269,4648
Imelda (2019),50,7.354709418837675,0.0017992742549073888,1.8345339713102269,4648
Imelda (2019),50,7.382765531062125,0.001825391686118918,1.8345339713102269,4648
Imelda (2019),50,7.410821643286573,0.0018336551037985468,1.8345339713102269,4648
Imelda (2019),50,7.438877755511022,0.001823862628093024,1.8345339713102269,4648
Imelda (2019),50,7.46693386773547,0.0017964182196824694,1.8345339713102269,4648
Imelda (2019),50,7.49498997995992,0.001752286051283316,1.8345339713102269,4648
Imelda (2019),50,7.523046092184369,0.0016929187784098557,1.8345339713102269,4648
Imelda (2019),50,7.551102204408817,0.0016201655148276731,1.8345339713102269,4648
Imelda (2019),50,7.579158316633267,0.0015361665634902597,1.8345339713102269,4648
Imelda (2019),50,7.607214428857716,0.0014432424799127068,1.8345339713102269,4648
Imelda (2019),50,7.635270541082164,0.0013437848442413116,1.8345339713102269,4648
Imelda (2019),50,7.663326653306614,0.0012401552703292578,1.8345339713102269,4648
Imelda (2019),50,7.691382765531062,0.0011345978348650026,1.8345339713102269,4648
Imelda (2019),50,7.719438877755511,0.0010291684613950357,1.8345339713102269,4648
Imelda (2019),50,7.747494989979961,0.0009256830516218888,1.8345339713102269,4648
Imelda (2019),50,7.775551102204409,0.0008256845134045054,1.8345339713102269,4648
Imelda (2019),50,7.803607214428858,0.0007304274464729618,1.8345339713102269,4648
Imelda (2019),50,7.831663326653306,0.0006408782140558971,1.8345339713102269,4648
Imelda (2019),50,7.859719438877756,0.0005577274932258082,1.8345339713102269,4648
Imelda (2019),50,7.887775551102205,0.0004814121455515762,1.8345339713102269,4648
Imelda (2019),50,7.915831663326653,0.0004121433259152795,1.8345339713102269,4648
Imelda (2019),50,7.943887775551103,0.00034993806698622955,1.8345339713102269,4648
Imelda (2019),50,7.97194388777555,0.000294652045439589,1.8345339713102269,4648
Imelda (2019),50,8.0,0.0002460117641327371,1.8345339713102269,4648
Imelda (2019),100,-6.0,3.7680362135968747e-29,1.4007406935066504,3608
Imelda (2019),100,-5.971943887775551,1.4993187789118578e-28,1.4007406935066504,3608
Imelda (2019),100,-5.943887775551103,5.867179925448342e-28,1.4007406935066504,3608
Imelda (2019),100,-5.915831663326653,2.257983878833039e-27,1.4007406935066504,3608
Imelda (2019),100,-5.887775551102204,8.546105387303233e-27,1.4007406935066504,3608
Imelda (2019),100,-5.859719438877756,3.1810582865192664e-26,1.4007406935066504,3608
Imelda (2019),100,-5.831663326653307,1.164477187305035e-25,1.4007406935066504,3608
Imelda (2019),100,-5.803607214428857,4.192241748004355e-25,1.4007406935066504,3608
Imelda (2019),100,-5.775551102204409,1.4842861248585596e-24,1.4007406935066504,3608
Imelda (2019),100,-5.74749498997996,5.168266649207384e-24,1.4007406935066504,3608
Imelda (2019),100,-5.719438877755511,1.7698162266334438e-23,1.4007406935066504,3608
Imelda (2019),100,-5.6913827655310625,5.960290240834063e-23,1.4007406935066504,3608
Imelda (2019),100,-5.663326653306613,1.974070325544062e-22,1.4007406935066504,3608
Imelda (2019),100,-5.635270541082164,6.43004196992316e-22,1.4007406935066504,3608
Imelda (2019),100,-5.6072144288577155,2.0597806359549815e-21,1.4007406935066504,3608
Imelda (2019),100,-5.579158316633267,6.489094674268044e-21,1.4007406935066504,3608
Imelda (2019),100,-5.551102204408817,2.0104960590065626e-20,1.4007406935066504,3608
Imelda (2019),100,-5.5230460921843685,6.126018701356348e-20,1.4007406935066504,3608
Imelda (2019),100,-5.49498997995992,1.835732459365406e-19,1.4007406935066504,3608
Imelda (2019),100,-5.466933867735471,5.409989636386451e-19,1.4007406935066504,3608
Imelda (2019),100,-5.438877755511022,1.5679761651677965e-18,1.4007406935066504,3608
Imelda (2019),100,-5.410821643286573,4.469289202926783e-18,1.4007406935066504,3608
Imelda (2019),100,-5.382765531062124,1.2528337338767643e-17,1.4007406935066504,3608
Imelda (2019),100,-5.354709418837675,3.453857367957187e-17,1.4007406935066504,3608
Imelda (2019),100,-5.326653306613227,9.364214206105482e-17,1.4007406935066504,3608
Imelda (2019),100,-5.298597194388778,2.4968604059759945e-16,1.4007406935066504,3608
Imelda (2019),100,-5.270541082164328,6.547464756428434e-16,1.4007406935066504,3608
Imelda (2019),100,-5.24248496993988,1.6885272049824545e-15,1.4007406935066504,3608
Imelda (2019),100,-5.214428857715431,4.282515503033377e-15,1.4007406935066504,3608
Imelda (2019),100,-5.186372745490982,1.0681833827428539e-14,1.4007406935066504,3608
Imelda (2019),100,-5.158316633266534,2.620285947395027e-14,1.4007406935066504,3608
Imelda (2019),100,-5.130260521042084,6.321316853524233e-14,1.4007406935066504,3608
Imelda (2019),100,-5.102204408817635,1.4997623270900782e-13,1.4007406935066504,3608
Imelda (2019),100,-5.074148296593187,3.499397988105169e-13,1.4007406935066504,3608
Imelda (2019),100,-5.046092184368737,8.030087229772937e-13,1.4007406935066504,3608
Imelda (2019),100,-5.018036072144288,1.8121879119279818e-12,1.4007406935066504,3608
Imelda (2019),100,-4.98997995991984,4.022001729489059e-12,1.4007406935066504,3608
Imelda (2019),100,-4.961923847695391,8.778844482950502e-12,1.4007406935066504,3608
Imelda (2019),100,-4.933867735470942,1.88446711511394e-11,1.4007406935066504,3608
Imelda (2019),100,-4.905811623246493,3.978285152682528e-11,1.4007406935066504,3608
Imelda (2019),100,-4.877755511022044,8.259607964075581e-11,1.4007406935066504,3608
Imelda (2019),100,-4.849699398797595,1.686472218956796e-10,1.4007406935066504,3608
Imelda (2019),100,-4.8216432865731464,3.386532484196175e-10,1.4007406935066504,3608
Imelda (2019),100,-4.793587174348698,6.687867792463654e-10,1.4007406935066504,3608
Imelda (2019),100,-4.765531062124248,1.2989026263469203e-09,1.4007406935066504,3608
Imelda (2019),100,-4.7374749498997994,2.4809734804059357e-09,1.4007406935066504,3608
Imelda (2019),100,-4.709418837675351,4.660413190762157e-09,1.4007406935066504,3608
Imelda (2019),100,-4.681362725450902,8.609614394795414e-09,1.4007406935066504,3608
Imelda (2019),100,-4.653306613226453,1.564228561832703e-08,1.4007406935066504,3608
Imelda (2019),100,-4.625250501002004,2.7949514974466512e-08,1.4007406935066504,3608
Imelda (2019),100,-4.597194388777555,4.9114111926883416e-08,1.4007406935066504,3608
Imelda (2019),100,-4.569138276553106,8.487832025776308e-08,1.4007406935066504,3608
Imelda (2019),100,-4.541082164328657,1.442601407036007e-07,1.4007406935066504,3608
Imelda (2019),100,-4.513026052104209,2.4113253747047384e-07,1.4007406935066504,3608
Imelda (2019),100,-4.484969939879759,3.963931754502004e-07,1.4007406935066504,3608
Imelda (2019),100,-4.456913827655311,6.40853353192091e-07,1.4007406935066504,3608
Imelda (2019),100,-4.428857715430862,1.018954670293096e-06,1.4007406935066504,3608
Imelda (2019),100,-4.400801603206412,1.5933704161800647e-06,1.4007406935066504,3608
Imelda (2019),100,-4.372745490981964,2.450455328059423e-06,1.4007406935066504,3608
Imelda (2019),100,-4.344689378757515,3.706364155487225e-06,1.4007406935066504,3608
Imelda (2019),100,-4.316633266533066,5.513463864295574e-06,1.4007406935066504,3608
Imelda (2019),100,-4.2885771543086175,8.066423236055772e-06,1.4007406935066504,3608
Imelda (2019),100,-4.260521042084168,1.1607097241677815e-05,1.4007406935066504,3608
Imelda (2019),100,-4.232464929859719,1.6427067963547947e-05,1.4007406935066504,3608
Imelda (2019),100,-4.2044088176352705,2.2866511163434555e-05,1.4007406935066504,3608
Imelda (2019),100,-4.176352705410822,3.130799242774655e-05,1.4007406935066504,3608
Imelda (2019),100,-4.148296593186373,4.2163927750914696e-05,1.4007406935066504,3608
Imelda (2019),100,-4.1202404809619235,5.5856829711206575e-05,1.4007406935066504,3608
Imelda (2019),100,-4.092184368737475,7.279213501808568e-05,1.4007406935066504,3608
Imelda (2019),100,-4.064128256513026,9.332436091027442e-05,1.4007406935066504,3608
Imelda (2019),100,-4.036072144288577,0.00011771849648088077,1.4007406935066504,3608
Imelda (2019),100,-4.008016032064129,0.0001461097648700701,1.4007406935066504,3608
Imelda (2019),100,-3.979959919839679,0.00017846599859369547,1.4007406935066504,3608
Imelda (2019),100,-3.9519038076152304,0.00021455762109792427,1.4007406935066504,3608
Imelda (2019),100,-3.9238476953907817,0.0002539403913181556,1.4007406935066504,3608
Imelda (2019),100,-3.8957915831663326,0.0002959554619827433,1.4007406935066504,3608
Imelda (2019),100,-3.867735470941884,0.0003397498444575869,1.4007406935066504,3608
Imelda (2019),100,-3.8396793587174347,0.0003843181238017587,1.4007406935066504,3608
Imelda (2019),100,-3.811623246492986,0.0004285634522900989,1.4007406935066504,3608
Imelda (2019),100,-3.783567134268537,0.0004713728469969194,1.4007406935066504,3608
Imelda (2019),100,-3.755511022044088,0.0005116991144608111,1.4007406935066504,3608
Imelda (2019),100,-3.7274549098196395,0.0005486398402226618,1.4007406935066504,3608
Imelda (2019),100,-3.6993987975951903,0.000581503261337457,1.4007406935066504,3608
Imelda (2019),100,-3.6713426853707416,0.000609851764324322,1.4007406935066504,3608
Imelda (2019),100,-3.6432865731462925,0.0006335162485669176,1.4007406935066504,3608
Imelda (2019),100,-3.6152304609218437,0.0006525784076815449,1.4007406935066504,3608
Imelda (2019),100,-3.5871743486973946,0.000667322580880254,1.4007406935066504,3608
Imelda (2019),100,-3.559118236472946,0.0006781634909383374,1.4007406935066504,3608
Imelda (2019),100,-3.531062124248497,0.000685560122328224,1.4007406935066504,3608
Imelda (2019),100,-3.503006012024048,0.0006899284870482619,1.4007406935066504,3608
Imelda (2019),100,-3.4749498997995993,0.0006915665815706499,1.4007406935066504,3608
Imelda (2019),100,-3.44689378757515,0.0006906032880336224,1.4007406935066504,3608
Imelda (2019),100,-3.4188376753507015,0.000686979520822771,1.4007406935066504,3608
Imelda (2019),100,-3.3907815631262523,0.0006804651154565997,1.4007406935066504,3608
Imelda (2019),100,-3.3627254509018036,0.0006707095968359459,1.4007406935066504,3608
Imelda (2019),100,-3.3346693386773545,0.0006573199434379217,1.4007406935066504,3608
Imelda (2019),100,-3.306613226452906,0.0006399546069008387,1.4007406935066504,3608
Imelda (2019),100,-3.278557114228457,0.0006184209509041377,1.4007406935066504,3608
Imelda (2019),100,-3.250501002004008,0.0005927632040725963,1.4007406935066504,3608
Imelda (2019),100,-3.2224448897795592,0.0005633298711912857,1.4007406935066504,3608
Imelda (2019),100,-3.19438877755511,0.0005308128718575536,1.4007406935066504,3608
Imelda (2019),100,-3.1663326653306614,0.0004962547990207479,1.4007406935066504,3608
Imelda (2019),100,-3.1382765531062122,0.0004610248462959354,1.4007406935066504,3608
Imelda (2019),100,-3.1102204408817635,0.0004267674437649888,1.4007406935066504,3608
Imelda (2019),100,-3.0821643286573144,0.0003953299679465453,1.4007406935066504,3608
Imelda (2019),100,-3.0541082164328657,0.00036867683665887257,1.4007406935066504,3608
Imelda (2019),100,-3.026052104208417,0.0003487969503465375,1.4007406935066504,3608
Imelda (2019),100,-2.997995991983968,0.00033761014246581124,1.4007406935066504,3608
Imelda (2019),100,-2.969939879759519,0.00033687655788961033,1.4007406935066504,3608
Imelda (2019),100,-2.94188376753507,0.00034811123072346335,1.4007406935066504,3608
Imelda (2019),100,-2.9138276553106213,0.00037250503220461113,1.4007406935066504,3608
Imelda (2019),100,-2.885771543086172,0.00041085286742442956,1.4007406935066504,3608
Imelda (2019),100,-2.8577154308617234,0.0004634905373356643,1.4007406935066504,3608
Imelda (2019),100,-2.8296593186372747,0.0005302428336699963,1.4007406935066504,3608
Imelda (2019),100,-2.8016032064128256,0.0006103868033270371,1.4007406935066504,3608
Imelda (2019),100,-2.773547094188377,0.0007026352277394451,1.4007406935066504,3608
Imelda (2019),100,-2.7454909819639277,0.000805145766842407,1.4007406935066504,3608
Imelda (2019),100,-2.717434869739479,0.0009155606116982659,1.4007406935066504,3608
Imelda (2019),100,-2.68937875751503,0.0010310797847422636,1.4007406935066504,3608
Imelda (2019),100,-2.661322645290581,0.0011485685736227244,1.4007406935066504,3608
Imelda (2019),100,-2.6332665330661325,0.001264696348150587,1.4007406935066504,3608
Imelda (2019),100,-2.6052104208416833,0.0013761006901516447,1.4007406935066504,3608
Imelda (2019),100,-2.5771543086172346,0.0014795678911816083,1.4007406935066504,3608
Imelda (2019),100,-2.5490981963927855,0.0015722188860490286,1.4007406935066504,3608
Imelda (2019),100,-2.5210420841683367,0.0016516888571682135,1.4007406935066504,3608
Imelda (2019),100,-2.4929859719438876,0.0017162891079885703,1.4007406935066504,3608
Imelda (2019),100,-2.464929859719439,0.0017651411886620903,1.4007406935066504,3608
Imelda (2019),100,-2.4368737474949898,0.0017982753330621965,1.4007406935066504,3608
Imelda (2019),100,-2.408817635270541,0.0018166876428163225,1.4007406935066504,3608
Imelda (2019),100,-2.3807615230460923,0.0018223527870852205,1.4007406935066504,3608
Imelda (2019),100,-2.352705410821643,0.001818191065157414,1.4007406935066504,3608
Imelda (2019),100,-2.3246492985971945,0.0018079904663759543,1.4007406935066504,3608
Imelda (2019),100,-2.2965931863727453,0.0017962859829316934,1.4007406935066504,3608
Imelda (2019),100,-2.2685370741482966,0.001788200102635009,1.4007406935066504,3608
Imelda (2019),100,-2.2404809619238475,0.0017892503375580733,1.4007406935066504,3608
Imelda (2019),100,-2.212424849699399,0.0018051319187203448,1.4007406935066504,3608
Imelda (2019),100,-2.1843687374749496,0.001841486296517958,1.4007406935066504,3608
Imelda (2019),100,-2.156312625250501,0.0019036684972620534,1.4007406935066504,3608
Imelda (2019),100,-2.1282565130260522,0.0019965281831910426,1.4007406935066504,3608
Imelda (2019),100,-2.100200400801603,0.0021242198583884824,1.4007406935066504,3608
Imelda (2019),100,-2.0721442885771544,0.0022900565434088005,1.4007406935066504,3608
Imelda (2019),100,-2.0440881763527052,0.0024964181251763014,1.4007406935066504,3608
Imelda (2019),100,-2.0160320641282565,0.0027447205464601974,1.4007406935066504,3608
Imelda (2019),100,-1.9879759519038078,0.0030354455071371343,1.4007406935066504,3608
Imelda (2019),100,-1.9599198396793582,0.003368223253460393,1.4007406935066504,3608
Imelda (2019),100,-1.9318637274549095,0.003741954422150884,1.4007406935066504,3608
Imelda (2019),100,-1.9038076152304608,0.004154951924985908,1.4007406935066504,3608
Imelda (2019),100,-1.8757515030060121,0.004605081476406313,1.4007406935066504,3608
Imelda (2019),100,-1.8476953907815634,0.005089880173757212,1.4007406935066504,3608
Imelda (2019),100,-1.8196392785571138,0.0056066366097608,1.4007406935066504,3608
Imelda (2019),100,-1.7915831663326651,0.006152422837175801,1.4007406935066504,3608
Imelda (2019),100,-1.7635270541082164,0.006724077122855258,1.4007406935066504,3608
Imelda (2019),100,-1.7354709418837677,0.007318145491734362,1.4007406935066504,3608
Imelda (2019),100,-1.707414829659319,0.007930798133844043,1.4007406935066504,3608
Imelda (2019),100,-1.6793587174348694,0.0085577425398454,1.4007406935066504,3608
Imelda (2019),100,-1.6513026052104207,0.009194157826387345,1.4007406935066504,3608
Imelda (2019),100,-1.623246492985972,0.009834673722802173,1.4007406935066504,3608
Imelda (2019),100,-1.5951903807615233,0.0104734133091155,1.4007406935066504,3608
Imelda (2019),100,-1.5671342685370737,0.011104111547461472,1.4007406935066504,3608
Imelda (2019),100,-1.539078156312625,0.011720313046660902,1.4007406935066504,3608
Imelda (2019),100,-1.5110220440881763,0.012315643632347082,1.4007406935066504,3608
Imelda (2019),100,-1.4829659318637276,0.012884142396643258,1.4007406935066504,3608
Imelda (2019),100,-1.454909819639279,0.01342063493673852,1.4007406935066504,3608
Imelda (2019),100,-1.4268537074148293,0.013921124999440085,1.4007406935066504,3608
Imelda (2019),100,-1.3987975951903806,0.014383180770094598,1.4007406935066504,3608
Imelda (2019),100,-1.370741482965932,0.014806293150667475,1.4007406935066504,3608
Imelda (2019),100,-1.3426853707414832,0.015192185789507524,1.4007406935066504,3608
Imelda (2019),100,-1.3146292585170336,0.015545059436677616,1.4007406935066504,3608
Imelda (2019),100,-1.286573146292585,0.015871755584113266,1.4007406935066504,3608
Imelda (2019),100,-1.2585170340681362,0.016181825822357127,1.4007406935066504,3608
Imelda (2019),100,-1.2304609218436875,0.016487493923704206,1.4007406935066504,3608
Imelda (2019),100,-1.2024048096192388,0.016803497930341395,1.4007406935066504,3608
Imelda (2019),100,-1.1743486973947892,0.017146800553247885,1.4007406935066504,3608
Imelda (2019),100,-1.1462925851703405,0.017536159289853442,1.4007406935066504,3608
Imelda (2019),100,-1.1182364729458918,0.017991554058285952,1.4007406935066504,3608
Imelda (2019),100,-1.090180360721443,0.01853348052761241,1.4007406935066504,3608
Imelda (2019),100,-1.0621242484969944,0.01918213153111179,1.4007406935066504,3608
Imelda (2019),100,-1.0340681362725448,0.019956505731799298,1.4007406935066504,3608
Imelda (2019),100,-1.006012024048096,0.02087349974305187,1.4007406935066504,3608
Imelda (2019),100,-0.9779559118236474,0.021947054083987193,1.4007406935066504,3608
Imelda (2019),100,-0.9498997995991987,0.0231874313143631,1.4007406935066504,3608
Imelda (2019),100,-0.9218436873747491,0.02460070354961475,1.4007406935066504,3608
Imelda (2019),100,-0.8937875751503004,0.026188514589744038,1.4007406935066504,3608
Imelda (2019),100,-0.8657314629258517,0.02794815915676104,1.4007406935066504,3608
Imelda (2019),100,-0.837675350701403,0.029872990314219115,1.4007406935066504,3608
Imelda (2019),100,-0.8096192384769543,0.031953130032668906,1.4007406935066504,3608
Imelda (2019),100,-0.7815631262525047,0.034176422396275344,1.4007406935066504,3608
Imelda (2019),100,-0.753507014028056,0.03652953986286681,1.4007406935066504,3608
Imelda (2019),100,-0.7254509018036073,0.038999135346170895,1.4007406935066504,3608
Imelda (2019),100,-0.6973947895791586,0.04157292998756696,1.4007406935066504,3608
Imelda (2019),100,-0.669338677354709,0.044240639101120874,1.4007406935066504,3608
Imelda (2019),100,-0.6412825651302603,0.04699466486299792,1.4007406935066504,3608
Imelda (2019),100,-0.6132264529058116,0.04983051928940546,1.4007406935066504,3608
Imelda (2019),100,-0.5851703406813629,0.05274697862193907,1.4007406935066504,3608
Imelda (2019),100,-0.5571142284569142,0.055746003672579356,1.4007406935066504,3608
Imelda (2019),100,-0.5290581162324646,0.058832484154470795,1.4007406935066504,3608
Imelda (2019),100,-0.5010020040080159,0.06201387486897169,1.4007406935066504,3608
Imelda (2019),100,-0.47294589178356716,0.06529978709115247,1.4007406935066504,3608
Imelda (2019),100,-0.44488977955911846,0.06870158191928002,1.4007406935066504,3608
Imelda (2019),100,-0.41683366733466887,0.07223198857114699,1.4007406935066504,3608
Imelda (2019),100,-0.38877755511022016,0.07590474585175698,1.4007406935066504,3608
Imelda (2019),100,-0.36072144288577146,0.07973424544450974,1.4007406935066504,3608
Imelda (2019),100,-0.33266533066132276,0.08373514594163363,1.4007406935066504,3608
Imelda (2019),100,-0.30460921843687405,0.08792192868640117,1.4007406935066504,3608
Imelda (2019),100,-0.27655310621242446,0.09230837956255793,1.4007406935066504,3608
Imelda (2019),100,-0.24849699398797576,0.09690700110026919,1.4007406935066504,3608
Imelda (2019),100,-0.22044088176352705,0.10172838116687587,1.4007406935066504,3608
Imelda (2019),100,-0.19238476953907835,0.10678056221755622,1.4007406935066504,3608
Imelda (2019),100,-0.16432865731462876,0.11206846389397605,1.4007406935066504,3608
Imelda (2019),100,-0.13627254509018005,0.11759340934645808,1.4007406935066504,3608
Imelda (2019),100,-0.10821643286573135,0.12335279266610882,1.4007406935066504,3608
Imelda (2019),100,-0.08016032064128265,0.12933990472579723,1.4007406935066504,3608
Imelda (2019),100,-0.05210420841683394,0.1355439129674001,1.4007406935066504,3608
Imelda (2019),100,-0.02404809619238435,0.14194997321125868,1.4007406935066504,3608
Imelda (2019),100,0.004008016032064354,0.14853944335840788,1.4007406935066504,3608
Imelda (2019),100,0.03206412825651306,0.15529017249517013,1.4007406935066504,3608
Imelda (2019),100,0.06012024048096176,0.16217685381481597,1.4007406935066504,3608
Imelda (2019),100,0.08817635270541047,0.16917145215195298,1.4007406935066504,3608
Imelda (2019),100,0.11623246492986006,0.17624374051245267,1.4007406935066504,3608
Imelda (2019),100,0.14428857715430876,0.183361997382663,1.4007406935066504,3608
Imelda (2019),100,0.17234468937875747,0.19049392098774348,1.4007406935066504,3608
Imelda (2019),100,0.20040080160320617,0.1976078034264808,1.4007406935066504,3608
Imelda (2019),100,0.22845691382765576,0.20467397559786638,1.4007406935066504,3608
Imelda (2019),100,0.25651302605210446,0.21166648597449675,1.4007406935066504,3608
Imelda (2019),100,0.28456913827655317,0.21856491933339856,1.4007406935066504,3608
Imelda (2019),100,0.3126252505010019,0.22535620512329124,1.4007406935066504,3608
Imelda (2019),100,0.3406813627254506,0.2320362200327156,1.4007406935066504,3608
Imelda (2019),100,0.36873747494990017,0.23861096558529585,1.4007406935066504,3608
Imelda (2019),100,0.39679358717434887,0.24509710662304315,1.4007406935066504,3608
Imelda (2019),100,0.4248496993987976,0.25152169354992193,1.4007406935066504,3608
Imelda (2019),100,0.4529058116232463,0.2579209583627918,1.4007406935066504,3608
Imelda (2019),100,0.48096192384769587,0.26433816493865286,1.4007406935066504,3608
Imelda (2019),100,0.5090180360721446,0.2708205967924893,1.4007406935066504,3608
Imelda (2019),100,0.5370741482965933,0.2774158670984073,1.4007406935066504,3608
Imelda (2019),100,0.565130260521042,0.2841678223285374,1.4007406935066504,3608
Imelda (2019),100,0.5931863727454907,0.29111237038298254,1.4007406935066504,3608
Imelda (2019),100,0.6212424849699403,0.29827358826284517,1.4007406935066504,3608
Imelda (2019),100,0.649298597194389,0.3056604498735352,1.4007406935066504,3608
Imelda (2019),100,0.6773547094188377,0.31326446352732207,1.4007406935066504,3608
Imelda (2019),100,0.7054108216432864,0.32105842810908025,1.4007406935066504,3608
Imelda (2019),100,0.7334669338677351,0.3289964172111675,1.4007406935066504,3608
Imelda (2019),100,0.7615230460921847,0.33701499411414043,1.4007406935066504,3608
Imelda (2019),100,0.7895791583166334,0.34503555936467994,1.4007406935066504,3608
Imelda (2019),100,0.8176352705410821,0.352967647039307,1.4007406935066504,3608
Imelda (2019),100,0.8456913827655308,0.36071292266003496,1.4007406935066504,3608
Imelda (2019),100,0.8737474949899804,0.36816959867409305,1.4007406935066504,3608
Imelda (2019),100,0.9018036072144291,0.37523697260692845,1.4007406935066504,3608
Imelda (2019),100,0.9298597194388778,0.38181980597807147,1.4007406935066504,3608
Imelda (2019),100,0.9579158316633265,0.38783229463508617,1.4007406935066504,3608
Imelda (2019),100,0.9859719438877752,0.3932014282538478,1.4007406935066504,3608
Imelda (2019),100,1.0140280561122248,0.3978695930903315,1.4007406935066504,3608
Imelda (2019),100,1.0420841683366735,0.4017963324809591,1.4007406935066504,3608
Imelda (2019),100,1.0701402805611222,0.4049592391461607,1.4007406935066504,3608
Imelda (2019),100,1.098196392785571,0.4073540074410653,1.4007406935066504,3608
Imelda (2019),100,1.1262525050100205,0.4089937182125574,1.4007406935066504,3608
Imelda (2019),100,1.1543086172344692,0.4099074606664889,1.4007406935066504,3608
Imelda (2019),100,1.182364729458918,0.4101384128989848,1.4007406935066504,3608
Imelda (2019),100,1.2104208416833666,0.40974150580301677,1.4007406935066504,3608
Imelda (2019),100,1.2384769539078153,0.40878078654340216,1.4007406935066504,3608
Imelda (2019),100,1.266533066132265,0.40732658243667325,1.4007406935066504,3608
Imelda (2019),100,1.2945891783567136,0.4054525499387278,1.4007406935066504,3608
Imelda (2019),100,1.3226452905811623,0.40323268261486367,1.4007406935066504,3608
Imelda (2019),100,1.350701402805611,0.4007383509998541,1.4007406935066504,3608
Imelda (2019),100,1.3787575150300606,0.39803545779675,1.4007406935066504,3608
Imelda (2019),100,1.4068136272545093,0.3951818118434201,1.4007406935066504,3608
Imelda (2019),100,1.434869739478958,0.39222484798341706,1.4007406935066504,3608
Imelda (2019),100,1.4629258517034067,0.3891998390915077,1.4007406935066504,3608
Imelda (2019),100,1.4909819639278554,0.38612875191592494,1.4007406935066504,3608
Imelda (2019),100,1.519038076152305,0.3830198824299531,1.4007406935066504,3608
Imelda (2019),100,1.5470941883767537,0.37986836487332637,1.4007406935066504,3608
Imelda (2019),100,1.5751503006012024,0.37665758241722747,1.4007406935066504,3608
Imelda (2019),100,1.6032064128256511,0.37336142262795174,1.4007406935066504,3608
Imelda (2019),100,1.6312625250501007,0.36994722856089823,1.4007406935066504,3608
Imelda (2019),100,1.6593186372745494,0.36637921027342674,1.4007406935066504,3608
Imelda (2019),100,1.6873747494989981,0.3626220161921327,1.4007406935066504,3608
Imelda (2019),100,1.7154308617234468,0.3586441313272912,1.4007406935066504,3608
Imelda (2019),100,1.7434869739478955,0.354420777465486,1.4007406935066504,3608
Imelda (2019),100,1.7715430861723451,0.3499360406873711,1.4007406935066504,3608
Imelda (2019),100,1.7995991983967938,0.34518403861443503,1.4007406935066504,3608
Imelda (2019),100,1.8276553106212425,0.34016905234515177,1.4007406935066504,3608
Imelda (2019),100,1.8557114228456912,0.3349046703738574,1.4007406935066504,3608
Imelda (2019),100,1.88376753507014,0.3294121063267265,1.4007406935066504,3608
Imelda (2019),100,1.9118236472945895,0.32371794259856174,1.4007406935066504,3608
Imelda (2019),100,1.9398797595190382,0.3178516052821083,1.4007406935066504,3608
Imelda (2019),100,1.967935871743487,0.31184288548936945,1.4007406935066504,3608
Imelda (2019),100,1.9959919839679356,0.3057197886968715,1.4007406935066504,3608
Imelda (2019),100,2.0240480961923843,0.29950692443223753,1.4007406935066504,3608
Imelda (2019),100,2.052104208416834,0.29322455625102184,1.4007406935066504,3608
Imelda (2019),100,2.0801603206412835,0.28688833235585964,1.4007406935066504,3608
Imelda (2019),100,2.1082164328657313,0.2805096262936236,1.4007406935066504,3608
Imelda (2019),100,2.136272545090181,0.2740963480496891,1.4007406935066504,3608
Imelda (2019),100,2.1643286573146288,0.26765404665776454,1.4007406935066504,3608
Imelda (2019),100,2.1923847695390783,0.2611871181619485,1.4007406935066504,3608
Imelda (2019),100,2.220440881763528,0.25469995348229085,1.4007406935066504,3608
Imelda (2019),100,2.2484969939879758,0.24819790099238426,1.4007406935066504,3608
Imelda (2019),100,2.2765531062124253,0.24168796766284348,1.4007406935066504,3608
Imelda (2019),100,2.304609218436873,0.23517922992865425,1.4007406935066504,3608
Imelda (2019),100,2.3326653306613228,0.22868296292408277,1.4007406935066504,3608
Imelda (2019),100,2.3607214428857723,0.2222125202100257,1.4007406935066504,3608
Imelda (2019),100,2.38877755511022,0.2157830056708833,1.4007406935066504,3608
Imelda (2019),100,2.4168336673346698,0.20941077851966064,1.4007406935066504,3608
Imelda (2019),100,2.4448897795591176,0.20311282700889052,1.4007406935066504,3608
Imelda (2019),100,2.472945891783567,0.19690604235330061,1.4007406935066504,3608
Imelda (2019),100,2.5010020040080168,0.19080642578910056,1.4007406935066504,3608
Imelda (2019),100,2.5290581162324646,0.18482827010597655,1.4007406935066504,3608
Imelda (2019),100,2.557114228456914,0.17898337073785348,1.4007406935066504,3608
Imelda (2019),100,2.585170340681362,0.17328033631464942,1.4007406935066504,3608
Imelda (2019),100,2.6132264529058116,0.16772407878068027,1.4007406935066504,3608
Imelda (2019),100,2.641282565130261,0.16231556326281738,1.4007406935066504,3608
Imelda (2019),100,2.669338677354709,0.15705188400970824,1.4007406935066504,3608
Imelda (2019),100,2.6973947895791586,0.15192670394143312,1.4007406935066504,3608
Imelda (2019),100,2.725450901803608,0.14693105398180434,1.4007406935066504,3608
Imelda (2019),100,2.753507014028056,0.1420544397903837,1.4007406935066504,3608
Imelda (2019),100,2.7815631262525056,0.1372861553123821,1.4007406935066504,3608
Imelda (2019),100,2.8096192384769534,0.1326166630393722,1.4007406935066504,3608
Imelda (2019),100,2.837675350701403,0.12803887756139412,1.4007406935066504,3608
Imelda (2019),100,2.8657314629258526,0.12354918722035635,1.4007406935066504,3608
Imelda (2019),100,2.8937875751503004,0.11914807050858806,1.4007406935066504,3608
Imelda (2019),100,2.92184368737475,0.11484020759837811,1.4007406935066504,3608
Imelda (2019),100,2.949899799599198,0.11063404773091115,1.4007406935066504,3608
Imelda (2019),100,2.9779559118236474,0.10654086198573569,1.4007406935066504,3608
Imelda (2019),100,3.006012024048097,0.10257337846188029,1.4007406935066504,3608
Imelda (2019),100,3.034068136272545,0.0987441533573834,1.4007406935066504,3608
Imelda (2019),100,3.0621242484969944,0.09506386859397467,1.4007406935066504,3608
Imelda (2019),100,3.090180360721442,0.091539759109096,1.4007406935066504,3608
Imelda (2019),100,3.118236472945892,0.08817435903732838,1.4007406935066504,3608
Imelda (2019),100,3.1462925851703414,0.08496471795182112,1.4007406935066504,3608
Imelda (2019),100,3.174348697394789,0.08190218182749642,1.4007406935066504,3608
Imelda (2019),100,3.202404809619239,0.07897276656876374,1.4007406935066504,3608
Imelda (2019),100,3.2304609218436866,0.0761580840268574,1.4007406935066504,3608
Imelda (2019),100,3.258517034068136,0.07343672020221645,1.4007406935066504,3608
Imelda (2019),100,3.286573146292586,0.07078591983571263,1.4007406935066504,3608
Imelda (2019),100,3.3146292585170336,0.06818340525080671,1.4007406935066504,3608
Imelda (2019),100,3.342685370741483,0.0656091515298928,1.4007406935066504,3608
Imelda (2019),100,3.370741482965933,0.06304695349572734,1.4007406935066504,3608
Imelda (2019),100,3.3987975951903806,0.06048564894982481,1.4007406935066504,3608
Imelda (2019),100,3.42685370741483,0.05791990233015791,1.4007406935066504,3608
Imelda (2019),100,3.454909819639278,0.055350498154818385,1.4007406935066504,3608
Imelda (2019),100,3.4829659318637276,0.05278413946814806,1.4007406935066504,3608
Imelda (2019),100,3.511022044088177,0.050232789015838525,1.4007406935066504,3608
Imelda (2019),100,3.539078156312625,0.047712627087096685,1.4007406935066504,3608
Imelda (2019),100,3.5671342685370746,0.04524272785695306,1.4007406935066504,3608
Imelda (2019),100,3.5951903807615224,0.04284357434582791,1.4007406935066504,3608
Imelda (2019),100,3.623246492985972,0.040535540008813827,1.4007406935066504,3608
Imelda (2019),100,3.6513026052104216,0.0383374621219841,1.4007406935066504,3608
Imelda (2019),100,3.6793587174348694,0.03626541869226358,1.4007406935066504,3608
Imelda (2019),100,3.707414829659319,0.034331797422023067,1.4007406935066504,3608
Imelda (2019),100,3.735470941883767,0.03254471407649912,1.4007406935066504,3608
Imelda (2019),100,3.7635270541082164,0.03090780125547086,1.4007406935066504,3608
Imelda (2019),100,3.791583166332666,0.029420350857061833,1.4007406935066504,3608
Imelda (2019),100,3.819639278557114,0.028077758849578006,1.4007406935066504,3608
Imelda (2019),100,3.8476953907815634,0.026872193741668392,1.4007406935066504,3608
Imelda (2019),100,3.8757515030060112,0.0257933939998601,1.4007406935066504,3608
Imelda (2019),100,3.903807615230461,0.02482949673729096,1.4007406935066504,3608
Imelda (2019),100,3.9318637274549104,0.023967810385667483,1.4007406935066504,3608
Imelda (2019),100,3.9599198396793582,0.023195465667749892,1.4007406935066504,3608
Imelda (2019),100,3.987975951903808,0.02249990800509954,1.4007406935066504,3608
Imelda (2019),100,4.016032064128257,0.021869225312875988,1.4007406935066504,3608
Imelda (2019),100,4.044088176352705,0.021292332512860647,1.4007406935066504,3608
Imelda (2019),100,4.072144288577155,0.020759053431432507,1.4007406935066504,3608
Imelda (2019),100,4.100200400801603,0.0202601491605616,1.4007406935066504,3608
Imelda (2019),100,4.128256513026052,0.019787338824980256,1.4007406935066504,3608
Imelda (2019),100,4.156312625250502,0.01933334570595009,1.4007406935066504,3608
Imelda (2019),100,4.18436873747495,0.01889198238606691,1.4007406935066504,3608
Imelda (2019),100,4.212424849699399,0.018458267626915263,1.4007406935066504,3608
Imelda (2019),100,4.240480961923847,0.018028549757596588,1.4007406935066504,3608
Imelda (2019),100,4.268537074148297,0.01760060021704961,1.4007406935066504,3608
Imelda (2019),100,4.296593186372746,0.0171736387126656,1.4007406935066504,3608
Imelda (2019),100,4.324649298597194,0.01674825843237919,1.4007406935066504,3608
Imelda (2019),100,4.352705410821644,0.01632623422000688,1.4007406935066504,3608
Imelda (2019),100,4.3807615230460915,0.015910215550338377,1.4007406935066504,3608
Imelda (2019),100,4.408817635270541,0.015503325800097618,1.4007406935066504,3608
Imelda (2019),100,4.436873747494991,0.015108706077685686,1.4007406935066504,3608
Imelda (2019),100,4.4649298597194385,0.014729052887031286,1.4007406935066504,3608
Imelda (2019),100,4.492985971943888,0.01436620250166913,1.4007406935066504,3608
Imelda (2019),100,4.521042084168338,0.014020810816504156,1.4007406935066504,3608
Imelda (2019),100,4.5490981963927855,0.013692166572266956,1.4007406935066504,3608
Imelda (2019),100,4.577154308617235,0.013378160083665113,1.4007406935066504,3608
Imelda (2019),100,4.605210420841683,0.013075411327216275,1.4007406935066504,3608
Imelda (2019),100,4.6332665330661325,0.012779542928018348,1.4007406935066504,3608
Imelda (2019),100,4.661322645290582,0.012485567440392016,1.4007406935066504,3608
Imelda (2019),100,4.68937875751503,0.012188346076301636,1.4007406935066504,3608
Imelda (2019),100,4.7174348697394795,0.011883068836553,1.4007406935066504,3608
Imelda (2019),100,4.745490981963927,0.011565704375670297,1.4007406935066504,3608
Imelda (2019),100,4.773547094188377,0.011233371852239016,1.4007406935066504,3608
Imelda (2019),100,4.8016032064128265,0.010884595956445036,1.4007406935066504,3608
Imelda (2019),100,4.829659318637274,0.010519419311410582,1.4007406935066504,3608
Imelda (2019),100,4.857715430861724,0.01013936219779503,1.4007406935066504,3608
Imelda (2019),100,4.885771543086172,0.00974723644636848,1.4007406935066504,3608
Imelda (2019),100,4.913827655310621,0.009346836587891823,1.4007406935066504,3608
Imelda (2019),100,4.941883767535071,0.008942545107652862,1.4007406935066504,3608
Imelda (2019),100,4.969939879759519,0.008538898235555764,1.4007406935066504,3608
Imelda (2019),100,4.997995991983968,0.008140162795986361,1.4007406935066504,3608
Imelda (2019),100,5.026052104208416,0.007749972525327969,1.4007406935066504,3608
Imelda (2019),100,5.054108216432866,0.0073710639946363305,1.4007406935066504,3608
Imelda (2019),100,5.082164328657315,0.007005138765960763,1.4007406935066504,3608
Imelda (2019),100,5.110220440881763,0.006652861389815796,1.4007406935066504,3608
Imelda (2019),100,5.138276553106213,0.00631398465886263,1.4007406935066504,3608
Imelda (2019),100,5.166332665330662,0.005987576791581239,1.4007406935066504,3608
Imelda (2019),100,5.19438877755511,0.005672312416643408,1.4007406935066504,3608
Imelda (2019),100,5.22244488977956,0.005366782285829884,1.4007406935066504,3608
Imelda (2019),100,5.2505010020040075,0.005069776562541371,1.4007406935066504,3608
Imelda (2019),100,5.278557114228457,0.004780503193744148,1.4007406935066504,3608
Imelda (2019),100,5.306613226452907,0.0044987150346785,1.4007406935066504,3608
Imelda (2019),100,5.3346693386773545,0.004224734912383544,1.4007406935066504,3608
Imelda (2019),100,5.362725450901804,0.00395938402878003,1.4007406935066504,3608
Imelda (2019),100,5.390781563126252,0.0037038333397617896,1.4007406935066504,3608
Imelda (2019),100,5.4188376753507015,0.0034594075972505934,1.4007406935066504,3608
Imelda (2019),100,5.446893787575151,0.003227376257586026,1.4007406935066504,3608
Imelda (2019),100,5.474949899799599,0.003008764154559234,1.4007406935066504,3608
Imelda (2019),100,5.5030060120240485,0.0028042084673954295,1.4007406935066504,3608
Imelda (2019),100,5.531062124248496,0.002613878664781146,1.4007406935066504,3608
Imelda (2019),100,5.559118236472946,0.002437464808947286,1.4007406935066504,3608
Imelda (2019),100,5.5871743486973955,0.0022742289121288795,1.4007406935066504,3608
Imelda (2019),100,5.615230460921843,0.0021231056301645756,1.4007406935066504,3608
Imelda (2019),100,5.643286573146293,0.0019828334836895518,1.4007406935066504,3608
Imelda (2019),100,5.6713426853707425,0.0018520962885708236,1.4007406935066504,3608
Imelda (2019),100,5.69939879759519,0.0017296561354776525,1.4007406935066504,3608
Imelda (2019),100,5.72745490981964,0.00161446317856738,1.4007406935066504,3608
Imelda (2019),100,5.755511022044088,0.0015057325605348328,1.4007406935066504,3608
Imelda (2019),100,5.783567134268537,0.0014029839673282037,1.4007406935066504,3608
Imelda (2019),100,5.811623246492987,0.0013060437971131092,1.4007406935066504,3608
Imelda (2019),100,5.839679358717435,0.0012150133466001221,1.4007406935066504,3608
Imelda (2019),100,5.867735470941884,0.001130208726322393,1.4007406935066504,3608
Imelda (2019),100,5.895791583166332,0.0010520796308126394,1.4007406935066504,3608
Imelda (2019),100,5.923847695390782,0.0009811149241107054,1.4007406935066504,3608
Imelda (2019),100,5.951903807615231,0.0009177435174517912,1.4007406935066504,3608
Imelda (2019),100,5.979959919839679,0.0008622393215193494,1.4007406935066504,3608
Imelda (2019),100,6.008016032064129,0.0008146390741849616,1.4007406935066504,3608
Imelda (2019),100,6.0360721442885765,0.000774681362810545,1.4007406935066504,3608
Imelda (2019),100,6.064128256513026,0.0007417739271344293,1.4007406935066504,3608
Imelda (2019),100,6.092184368737476,0.0007149941749445521,1.4007406935066504,3608
Imelda (2019),100,6.1202404809619235,0.0006931247792204498,1.4007406935066504,3608
Imelda (2019),100,6.148296593186373,0.0006747224932291797,1.4007406935066504,3608
Imelda (2019),100,6.176352705410821,0.0006582143742232426,1.4007406935066504,3608
Imelda (2019),100,6.2044088176352705,0.0006420120378698462,1.4007406935066504,3608
Imelda (2019),100,6.23246492985972,0.0006246319807803936,1.4007406935066504,3608
Imelda (2019),100,6.260521042084168,0.0006048088969573688,1.4007406935066504,3608
Imelda (2019),100,6.2885771543086175,0.0005815895362858374,1.4007406935066504,3608
Imelda (2019),100,6.316633266533067,0.0005543969768797475,1.4007406935066504,3608
Imelda (2019),100,6.344689378757515,0.0005230588803266893,1.4007406935066504,3608
Imelda (2019),100,6.3727454909819645,0.000487797806118045,1.4007406935066504,3608
Imelda (2019),100,6.400801603206412,0.0004491862864619632,1.4007406935066504,3608
Imelda (2019),100,6.428857715430862,0.0004080734138205916,1.4007406935066504,3608
Imelda (2019),100,6.4569138276553115,0.0003654926045838625,1.4007406935066504,3608
Imelda (2019),100,6.484969939879759,0.0003225616254569169,1.4007406935066504,3608
Imelda (2019),100,6.513026052104209,0.00028038582055336274,1.4007406935066504,3608
Imelda (2019),100,6.541082164328657,0.00023997392927601794,1.4007406935066504,3608
Imelda (2019),100,6.569138276553106,0.00020217331191272567,1.4007406935066504,3608
Imelda (2019),100,6.597194388777556,0.00016762829129516064,1.4007406935066504,3608
Imelda (2019),100,6.625250501002004,0.00013676218357452786,1.4007406935066504,3608
Imelda (2019),100,6.653306613226453,0.00010978086920695923,1.4007406935066504,3608
Imelda (2019),100,6.681362725450901,8.669375533191055e-05,1.4007406935066504,3608
Imelda (2019),100,6.709418837675351,6.734685077424514e-05,1.4007406935066504,3608
Imelda (2019),100,6.7374749498998,5.14624059248993e-05,1.4007406935066504,3608
Imelda (2019),100,6.765531062124248,3.868002667644809e-05,1.4007406935066504,3608
Imelda (2019),100,6.793587174348698,2.8595140088060035e-05,1.4007406935066504,3608
Imelda (2019),100,6.821643286573146,2.0791926962524217e-05,1.4007406935066504,3608
Imelda (2019),100,6.849699398797595,1.4869117025523315e-05,1.4007406935066504,3608
Imelda (2019),100,6.877755511022045,1.0458188172838179e-05,1.4007406935066504,3608
Imelda (2019),100,6.905811623246493,7.234408736969719e-06,1.4007406935066504,3608
Imelda (2019),100,6.933867735470942,4.921762598221651e-06,1.4007406935066504,3608
Imelda (2019),100,6.961923847695392,3.293107991275255e-06,1.4007406935066504,3608
Imelda (2019),100,6.98997995991984,2.1669873681997614e-06,1.4007406935066504,3608
Imelda (2019),100,7.018036072144289,1.4023934097666417e-06,1.4007406935066504,3608
Imelda (2019),100,7.046092184368737,8.925752660977078e-07,1.4007406935066504,3608
Imelda (2019),100,7.074148296593187,5.587018552874811e-07,1.4007406935066504,3608
Imelda (2019),100,7.102204408817636,3.43933679586256e-07,1.4007406935066504,3608
Imelda (2019),100,7.130260521042084,2.0822260907884393e-07,1.4007406935066504,3608
Imelda (2019),100,7.158316633266534,1.2397641390799728e-07,1.4007406935066504,3608
Imelda (2019),100,7.186372745490981,7.259518467587108e-08,1.4007406935066504,3608
Imelda (2019),100,7.214428857715431,4.180553322234091e-08,1.4007406935066504,3608
Imelda (2019),100,7.242484969939881,2.3676453813286395e-08,1.4007406935066504,3608
Imelda (2019),100,7.270541082164328,1.3187311579239754e-08,1.4007406935066504,3608
Imelda (2019),100,7.298597194388778,7.223579175627129e-09,1.4007406935066504,3608
Imelda (2019),100,7.326653306613226,3.891392489850842e-09,1.4007406935066504,3608
Imelda (2019),100,7.354709418837675,2.0616453763360493e-09,1.4007406935066504,3608
Imelda (2019),100,7.382765531062125,1.0741851472466784e-09,1.4007406935066504,3608
Imelda (2019),100,7.410821643286573,5.504279918565109e-10,1.4007406935066504,3608
Imelda (2019),100,7.438877755511022,2.773818387883657e-10,1.4007406935066504,3608
Imelda (2019),100,7.46693386773547,1.374711733379008e-10,1.4007406935066504,3608
Imelda (2019),100,7.49498997995992,6.700409302137334e-11,1.4007406935066504,3608
Imelda (2019),100,7.523046092184369,3.211789549647735e-11,1.4007406935066504,3608
Imelda (2019),100,7.551102204408817,1.5140801486949064e-11,1.4007406935066504,3608
Imelda (2019),100,7.579158316633267,7.019508001533649e-12,1.4007406935066504,3608
Imelda (2019),100,7.607214428857716,3.20051962217438e-12,1.4007406935066504,3608
Imelda (2019),100,7.635270541082164,1.4351269477702798e-12,1.4007406935066504,3608
Imelda (2019),100,7.663326653306614,6.328723802136304e-13,1.4007406935066504,3608
Imelda (2019),100,7.691382765531062,2.74471944381705e-13,1.4007406935066504,3608
Imelda (2019),100,7.719438877755511,1.170673437359064e-13,1.4007406935066504,3608
Imelda (2019),100,7.747494989979961,4.9105434230757176e-14,1.4007406935066504,3608
Imelda (2019),100,7.775551102204409,2.02571960382967e-14,1.4007406935066504,3608
Imelda (2019),100,7.803607214428858,8.218358613366842e-15,1.4007406935066504,3608
Imelda (2019),100,7.831663326653306,3.279040838372895e-15,1.4007406935066504,3608
Imelda (2019),100,7.859719438877756,1.2866622002712497e-15,1.4007406935066504,3608
Imelda (2019),100,7.887775551102205,4.965217045553467e-16,1.4007406935066504,3608
Imelda (2019),100,7.915831663326653,1.8843775029439049e-16,1.4007406935066504,3608
Imelda (2019),100,7.943887775551103,7.033209611583371e-17,1.4007406935066504,3608
Imelda (2019),100,7.97194388777555,2.5816370670032775e-17,1.4007406935066504,3608
Imelda (2019),100,8.0,9.319503839608154e-18,1.4007406935066504,3608
